{"id": 0, "label": "chair", "box": [0.00138127151876688, -0.09415557980537415, 0.08038399368524551, 0.7919142246246338, 1.531062364578247, 0.8526485562324524, 0.9999604225158691, 0.0010993529576808214, -0.008826018311083317, -0.0013028699904680252, 0.9997326135635376, -0.023086225613951683], "children": [{"id": 1, "label": "chair_back", "box": [0.00992590468376875, 0.32613471150398254, -0.26125550270080566, 0.7533970475196838, 0.7150983214378357, 0.13040722906589508, 0.9999704957008362, 0.002038986189290881, 0.007407852448523045, -0.0010368262883275747, 0.9911359548568726, -0.13284780085086823], "children": [{"id": 2, "label": "back_surface", "box": [0.0055049932561814785, 0.3109264075756073, -0.25967955589294434, 0.7236149311065674, 0.7273252010345459, 0.13524457812309265, 0.9999948740005493, 0.0024100174196064472, -0.0021197344176471233, -0.002647350076586008, 0.992745578289032, -0.12020482867956161], "children": [{"id": 3, "label": "back_single_surface", "box": [-0.00033458881080150604, 0.3308316171169281, -0.2504686415195465, 0.7482978701591492, 0.7219944596290588, 0.13328872621059418, 0.9999929070472717, 0.003625774523243308, 0.001012558350339532, -0.0034947230014950037, 0.9941068291664124, -0.1083483025431633]}]}]}, {"id": 4, "label": "chair_seat", "box": [0.0010604519629850984, -0.0074481479823589325, 0.1340377777814865, 0.7993861436843872, 0.20386801660060883, 0.7399287819862366, 0.9999492168426514, -0.008547838777303696, 0.005345967598259449, 0.008415366522967815, 0.9996685981750488, 0.024329692125320435], "children": [{"id": 10, "label": "seat_surface", "box": [0.0005163736059330404, 0.007470841519534588, 0.12840797007083893, 0.7325633764266968, 0.10902053862810135, 0.7022840976715088, 0.9999809861183167, 0.006145530845969915, -0.000501965987496078, -0.006147108506411314, 0.9999759793281555, -0.003204727079719305], "children": [{"id": 11, "label": "seat_single_surface", "box": [0.004433625377714634, 0.001131647266447544, 0.13466046750545502, 0.6911823153495789, 0.09056733548641205, 0.6481300592422485, 0.9999859929084778, 0.0020126579329371452, -0.004895959049463272, -0.0020314210560172796, 0.9999906420707703, -0.0038303579203784466]}]}, {"id": 5, "label": "seat_frame", "box": [-0.00045100037823431194, 0.002494536340236664, 0.11715040355920792, 0.7844992876052856, 0.14478127658367157, 0.73796546459198, 0.9999836683273315, -0.00018267575069330633, -0.005714766681194305, 0.00024211224808823317, 0.999945878982544, 0.010401548817753792], "children": [{"id": 8, "label": "seat_frame_bar", "box": [0.3732718825340271, 0.016746263951063156, 0.12424679100513458, 0.1266496479511261, 0.12599347531795502, 0.5970881581306458, 0.9998896718025208, 0.0054755969904363155, -0.013807598501443863, -0.005495164077728987, 0.9999839663505554, -0.0013795896666124463]}, {"id": 6, "label": "seat_frame_bar", "box": [0.006109530571848154, -0.031794652342796326, -0.211262509226799, 0.7060022950172424, 0.08179556578397751, 0.11132378876209259, 0.9999816417694092, -0.002043461427092552, 0.005707894917577505, 0.0018854144727811217, 0.999618411064148, 0.027558626607060432]}, {"id": 7, "label": "seat_frame_bar", "box": [-0.012565461918711662, -0.02297239378094673, 0.5286157131195068, 0.6649590134620667, 0.10567785799503326, 0.12048924714326859, 0.9998769164085388, 0.0015529736410826445, -0.015613134950399399, -0.002283537294715643, 0.9988977909088135, -0.046883244067430496]}], "edges": [{"part_a": 1, "part_b": 2, "type": "ROT_SYM"}, {"part_a": 1, "part_b": 2, "type": "REF_SYM"}, {"part_a": 2, "part_b": 1, "type": "ROT_SYM"}, {"part_a": 2, "part_b": 1, "type": "TRANS_SYM"}, {"part_a": 2, "part_b": 1, "type": "REF_SYM"}]}], "edges": [{"part_a": 0, "part_b": 1, "type": "ADJ"}, {"part_a": 1, "part_b": 0, "type": "ADJ"}]}, {"id": 12, "label": "chair_base", "box": [-0.007570283953100443, -0.4453624486923218, 0.08830701559782028, 0.8062075972557068, 0.7489744424819946, 0.8433857560157776, 0.9999657273292542, -0.001837663585320115, 0.008071819320321083, 0.001858397969044745, 0.9999949932098389, -0.0025619808584451675], "children": [{"id": 13, "label": "regular_leg_base", "box": [0.0007362439064309001, -0.416493684053421, 0.10154034942388535, 0.8020106554031372, 0.7486379742622375, 0.8469753265380859, 0.9999195337295532, -0.0015574101125821471, 0.012591468170285225, 0.001633519888855517, 0.9999804496765137, -0.006036530248820782], "children": [{"id": 19, "label": "foot", "box": [0.3816087245941162, -0.804948091506958, 0.4486204981803894, 0.11632103472948074, 0.06374005973339081, 0.11627975106239319, 0.9941496253013611, 0.02798287943005562, -0.10432429611682892, -0.027995971962809563, 0.9996071457862854, 0.001339106005616486]}, {"id": 21, "label": "foot", "box": [-0.38724425435066223, -0.7925017476081848, -0.25234827399253845, 0.10998237133026123, 0.09036272019147873, 0.1016744077205658, 0.999841034412384, 0.01600681059062481, -0.007857662625610828, -0.015660500153899193, 0.9989815950393677, 0.04231499880552292]}, {"id": 17, "label": "leg", "box": [-0.3402434289455414, -0.4332073926925659, 0.4281254708766937, 0.10207804292440414, 0.6783562898635864, 0.1586862951517105, 0.9766631722450256, -0.056536778807640076, 0.2072020322084427, 0.07335678488016129, 0.9945260882377625, -0.0744083821773529]}, {"id": 18, "label": "foot", "box": [-0.3939964175224304, -0.7882847189903259, 0.4172694683074951, 0.13648003339767456, 0.07671540230512619, 0.1358393281698227, 0.9960490465164185, 0.003877162467688322, 0.08872032910585403, -0.0029915899503976107, 0.9999443888664246, -0.010112413205206394]}, {"id": 15, "label": "leg", "box": [0.3405858874320984, -0.4431842565536499, -0.24417266249656677, 0.08586650341749191, 0.703917920589447, 0.11214939504861832, 0.9946525692939758, 0.03089345246553421, 0.09854868799448013, -0.04855930805206299, 0.9820521473884583, 0.18225163221359253]}, {"id": 20, "label": "foot", "box": [0.3922916054725647, -0.7971546053886414, -0.2736193537712097, 0.12349710613489151, 0.09184538573026657, 0.1060900166630745, 0.9979957342147827, 0.014112040400505066, 0.061688099056482315, -0.015372630208730698, 0.9996816515922546, 0.020008260384202003]}, {"id": 14, "label": "leg", "box": [-0.35633039474487305, -0.4246399998664856, -0.2408793568611145, 0.10922301560640335, 0.7429928779602051, 0.1304675042629242, 0.9864165782928467, -0.036157865077257156, -0.1602340191602707, 0.06835882365703583, 0.9773514270782471, 0.2002779096364975]}, {"id": 16, "label": "leg", "box": [0.3549480438232422, -0.441514253616333, 0.438926637172699, 0.09720120579004288, 0.6934289336204529, 0.12000682950019836, 0.9860120415687561, 0.05412030965089798, -0.15764263272285461, -0.06782888621091843, 0.9942454695701599, -0.08291684836149216]}], "edges": [{"part_a": 0, "part_b": 1, "type": "TRANS_SYM"}, {"part_a": 0, "part_b": 3, "type": "TRANS_SYM"}, {"part_a": 0, "part_b": 3, "type": "REF_SYM"}, {"part_a": 0, "part_b": 5, "type": "TRANS_SYM"}, {"part_a": 0, "part_b": 5, "type": "REF_SYM"}, {"part_a": 0, "part_b": 7, "type": "ADJ"}, {"part_a": 1, "part_b": 0, "type": "TRANS_SYM"}, {"part_a": 1, "part_b": 3, "type": "TRANS_SYM"}, {"part_a": 1, "part_b": 3, "type": "REF_SYM"}, {"part_a": 1, "part_b": 5, "type": "ROT_SYM"}, {"part_a": 1, "part_b": 5, "type": "TRANS_SYM"}, {"part_a": 1, "part_b": 5, "type": "REF_SYM"}, {"part_a": 1, "part_b": 6, "type": "ADJ"}, {"part_a": 2, "part_b": 3, "type": "ADJ"}, {"part_a": 2, "part_b": 4, "type": "ROT_SYM"}, {"part_a": 2, "part_b": 4, "type": "REF_SYM"}, {"part_a": 2, "part_b": 6, "type": "ROT_SYM"}, {"part_a": 2, "part_b": 6, "type": "REF_SYM"}, {"part_a": 2, "part_b": 7, "type": "ROT_SYM"}, {"part_a": 2, "part_b": 7, "type": "TRANS_SYM"}, {"part_a": 2, "part_b": 7, "type": "REF_SYM"}, {"part_a": 3, "part_b": 0, "type": "TRANS_SYM"}, {"part_a": 3, "part_b": 0, "type": "REF_SYM"}, {"part_a": 3, "part_b": 1, "type": "TRANS_SYM"}, {"part_a": 3, "part_b": 1, "type": "REF_SYM"}, {"part_a": 3, "part_b": 2, "type": "ADJ"}, {"part_a": 3, "part_b": 5, "type": "TRANS_SYM"}, {"part_a": 3,