{"id": 0, "label": "chair", "box": [-0.0004192653577774763, 0.16688698530197144, 0.09506622701883316, 0.62236088514328, 0.7585999965667725, 1.6069179773330688, -1.0, 0.0, -5.591428998741321e-05, -5.591428998741321e-05, -6.123234262925839e-17, 1.0], "children": [{"id": 1, "label": "chair_back", "box": [-0.000654245144687593, 0.4984619915485382, -0.21765655279159546, 0.1331564038991928, 0.6218549609184265, 0.9437679648399353, 5.5949272791622207e-05, -6.123919168473033e-17, 1.0, -1.0, 1.2246468525851679e-16, 5.5949272791622207e-05], "children": [{"id": 2, "label": "back_surface", "box": [-0.000654245144687593, 0.4984619915485382, -0.21765655279159546, 0.1331564038991928, 0.6218549609184265, 0.9437679648399353, 5.5949272791622207e-05, -6.123919168473033e-17, 1.0, -1.0, 1.2246468525851679e-16, 5.5949272791622207e-05], "children": [{"id": 3, "label": "back_single_surface", "box": [-0.000654245144687593, 0.4984619915485382, -0.21765655279159546, 0.1331564038991928, 0.6218549609184265, 0.9437679648399353, 5.5949272791622207e-05, -6.123919168473033e-17, 1.0, -1.0, 1.2246468525851679e-16, 5.5949272791622207e-05]}]}]}, {"id": 4, "label": "chair_seat", "box": [-0.0005828680587001145, -0.1091967448592186, 0.09487730264663696, 0.34326788783073425, 0.6272357702255249, 0.7656551003456116, 0.016309740021824837, -0.9995728135108948, -0.024251924827694893, 0.9998669028282166, 0.016315598040819168, -4.37010130553972e-05], "children": [{"id": 5, "label": "seat_surface", "box": [-0.0005828680587001145, -0.1091967448592186, 0.09487730264663696, 0.34326788783073425, 0.6272357702255249, 0.7656551003456116, 0.016309740021824837, -0.9995728135108948, -0.024251924827694893, 0.9998669028282166, 0.016315598040819168, -4.37010130553972e-05], "children": [{"id": 6, "label": "seat_single_surface", "box": [-0.0005828680587001145, -0.1091967448592186, 0.09487730264663696, 0.34326788783073425, 0.6272357702255249, 0.7656551003456116, 0.016309740021824837, -0.9995728135108948, -0.024251924827694893, 0.9998669028282166, 0.016315598040819168, -4.37010130553972e-05]}]}]}, {"id": 7, "label": "chair_base", "box": [-0.0004445392405614257, -0.43713200092315674, 0.09505608677864075, 0.3988800048828125, 0.6223509907722473, 0.7586102485656738, -2.4492937051703357e-16, -1.0, -1.3917598149540256e-20, -1.0, 2.4492937051703357e-16, -0.00011364580859662965], "children": [{"id": 8, "label": "regular_leg_base", "box": [-0.0004445392405614257, -0.43713200092315674, 0.09505608677864075, 0.3988800048828125, 0.6223509907722473, 0.7586102485656738, -2.4492937051703357e-16, -1.0, -1.3917598149540256e-20, -1.0, 2.4492937051703357e-16, -0.00011364580859662965], "children": [{"id": 9, "label": "leg", "box": [-0.23091848194599152, -0.4439323842525482, 0.38221120834350586, 0.16651105880737305, 0.18387718498706818, 0.3867398500442505, -0.9999068379402161, 0.01364042516797781, -0.0004900126368738711, -0.0005014804773963988, -0.0008373165619559586, 0.9999995231628418]}, {"id": 10, "label": "leg", "box": [0.18801219761371613, -0.4459259808063507, 0.38222965598106384, 0.18361905217170715, 0.24521411955356598, 0.3812920153141022, 0.00022817002900410444, -2.7272710756420793e-09, 1.0, -1.0, 1.2246467202362698e-16, 0.00022817002900410444]}, {"id": 11, "label": "leg", "box": [0.20774225890636444, -0.43720743060112, -0.18774156272411346, 0.1929563581943512, 0.20634394884109497, 0.3990025222301483, 1.8806023263095994e-06, -3.7748873182863463e-06, -1.0, -0.9999982118606567, -0.001883961260318756, -1.8734872355707921e-06]}, {"id": 12, "label": "leg", "box": [-0.22602805495262146, -0.4447178840637207, -0.1875828057527542, 0.17111186683177948, 0.19329491257667542, 0.3837122321128845, -1.0, 1.4816676184242566e-16, 5.585401231655851e-05, 5.585401231655851e-05, 5.5866577895358205e-05, 1.0]}], "edges": [{"dist": 0.033752527382359135, "params": [-0.22993910312652588, -0.4653201699256897, 0.09848020225763321, -0.004615050740540028, 0.005603238474577665, 0.9999736547470093], "type": "REF_SYM", "part_a": 3, "part_b": 0}, {"dist": 0.034043365284951055, "params": [-0.0026403069496154785, 0.0032056570053100586, 0.5720928311347961], "type": "TRANS_SYM", "part_a": 3, "part_b": 0}, {"dist": 0.04527817420914265, "params": [-0.22727912664413452, -0.46455031633377075, 0.09849543124437332, 0.011643432080745697, -0.9999316930770874, -0.001001816475763917, 3.122931957244873], "type": "ROT_SYM", "part_a": 3, "part_b": 0}]}]}], "edges": [{"dist": 0.02164911785928993, "type": "ADJ", "part_a": 1, "part_b": 0}, {"dist": 0.012363904923665889, "type": "ADJ", "part_a": 2, "part_b": 1}]}