{"id": 0, "label": "chair", "box": [0.005669265985488892, 0.11860515922307968, 0.0985899418592453, 0.7092810869216919, 1.6832001209259033, 0.6258915662765503, 0.9999514222145081, -0.008288674056529999, -0.005335135851055384, 0.008304746821522713, 0.9999610185623169, 0.0029975930228829384], "children": [{"id": 1, "label": "chair_back", "box": [0.0032920402009040117, 0.43023309111595154, -0.14687110483646393, 0.6873617172241211, 1.1253985166549683, 0.19074015319347382, 0.999958872795105, 0.0016249987529590726, 0.008924431167542934, -0.0014721545157954097, 0.9998525977134705, -0.017106441780924797], "children": [{"id": 2, "label": "back_surface", "box": [-0.0009548717061989009, 0.4546675682067871, -0.1479429453611374, 0.6787776350975037, 1.0765495300292969, 0.159414604306221, 0.999980628490448, -0.005960620474070311, -0.0017896104836836457, 0.005904783960431814, 0.999540388584137, -0.029733669012784958], "children": [{"id": 3, "label": "back_single_surface", "box": [-0.01665245182812214, 0.44432884454727173, -0.16015711426734924, 0.708645224571228, 1.0425777435302734, 0.16777974367141724, 0.9999871850013733, 0.0010859293397516012, 0.004946125205606222, -0.0010115617187693715, 0.9998868107795715, -0.015013298019766808]}]}]}, {"id": 4, "label": "chair_seat", "box": [-0.011249484494328499, -0.15379513800144196, 0.10628826171159744, 0.6876090168952942, 0.26536837220191956, 0.6066679954528809, 0.999940812587738, 0.010875889100134373, -0.00034388629137538373, -0.010877489112317562, 0.9999280571937561, -0.005055456887930632], "children": [{"id": 5, "label": "seat_surface", "box": [-0.00419627083465457, -0.16910001635551453, 0.10231266915798187, 0.6709343791007996, 0.2809775471687317, 0.5898284316062927, 0.9998030662536621, 0.01607704907655716, -0.011632304638624191, -0.015916215255856514, 0.9997782707214355, 0.013789498247206211], "children": [{"id": 6, "label": "seat_single_surface", "box": [-0.00635116221383214, -0.15867634117603302, 0.10599253326654434, 0.6872386336326599, 0.23293344676494598, 0.6424351334571838, 0.999899685382843, -0.006086504552513361, -0.012788989581167698, 0.006373207550495863, 0.9997265934944153, 0.02249809540808201]}]}]}, {"id": 7, "label": "chair_base", "box": [0.002516526961699128, -0.4898141324520111, 0.0957520455121994, 0.6899608373641968, 0.57853764295578, 0.664206326007843, 0.9999854564666748, -0.000651336507871747, 0.005357055924832821, 0.0006020694854669273, 0.9999575614929199, 0.009193130768835545], "children": [{"id": 8, "label": "regular_leg_base", "box": [-0.002159255091100931, -0.4807230830192566, 0.09110131859779358, 0.7026371359825134, 0.5338517427444458, 0.6060264706611633, 0.9999386668205261, -0.009643347933888435, 0.005454357713460922, 0.00966885406523943, 0.9999423623085022, -0.004669700283557177], "children": [{"id": 12, "label": "leg", "box": [-0.25561437010765076, -0.5108157396316528, -0.08810332417488098, 0.164230614900589, 0.531679093837738, 0.1789935827255249, 0.9999533891677856, -0.009564931504428387, -0.0013336739502847195, 0.009643703699111938, 0.9963304996490479, 0.08504462242126465]}, {"id": 9, "label": "leg", "box": [-0.2507123351097107, -0.5056668519973755, 0.35182780027389526, 0.14417590200901031, 0.5475564002990723, 0.16276845335960388, 0.9996858835220337, -0.011689524166285992, 0.022170202806591988, 0.01135654654353857, 0.9998217225074768, 0.015086047351360321]}, {"id": 11, "label": "leg", "box": [0.23252902925014496, -0.48350077867507935, -0.09143713861703873, 0.15643079578876495, 0.5622390508651733, 0.16652153432369232, 0.9991663694381714, 0.013540095649659634, -0.038512926548719406, -0.009478711523115635, 0.9945585131645203, 0.10374719649553299]}, {"id": 10, "label": "leg", "box": [0.2421993762254715, -0.510792076587677, 0.36694395542144775, 0.16181135177612305, 0.5086408257484436, 0.14272700250148773, 0.9994968175888062, 0.02996259741485119, 0.010410251095890999, -0.030080309137701988, 0.9994831681251526, 0.011340944096446037]}], "edges": [{"part_a": 0, "part_b": 1, "type": "ROT_SYM"}, {"part_a": 0, "part_b": 1, "type": "TRANS_SYM"}, {"part_a": 0, "part_b": 2, "type": "ROT_SYM"}, {"part_a": 0, "part_b": 2, "type": "TRANS_SYM"}, {"part_a": 0, "part_b": 2, "type": "REF_SYM"}, {"part_a": 1, "part_b": 0, "type": "ROT_SYM"}, {"part_a": 1, "part_b": 0, "type": "TRANS_SYM"}, {"part_a": 1, "part_b": 0, "type": "REF_SYM"}, {"part_a": 1, "part_b": 2, "type": "ROT_SYM"}, {"part_a": 1, "part_b": 2, "type": "TRANS_SYM"}, {"part_a": 1, "part_b": 3, "type": "ROT_SYM"}, {"part_a": 1, "part_b": 3, "type": "TRANS_SYM"}, {"part_a": 1, "part_b": 3, "type": "REF_SYM"}, {"part_a": 2, "part_b": 0, "type": "ROT_SYM"}, {"part_a": 2, "part_b": 0, "type": "TRANS_SYM"}, {"part_a": 2, "part_b": 0, "type": "REF_SYM"}, {"part_a": 2, "part_b": 1, "type": "ROT_SYM"}, {"part_a": 2, "part_b": 3, "type": "ROT_SYM"}, {"part_a": 2, "part_b": 3, "type": "TRANS_SYM"}, {"part_a": 2, "part_b": 3, "type": "REF_SYM"}, {"part_a": 3, "part_b": 0, "type": "TRANS_SYM"}, {"part_a": 3, "part_b": 1, "type": "ROT_SYM"}, {"part_a": 3, "part_b": 1, "type": "TRANS_SYM"}, {"part_a": 3, "part_b": 1, "type": "REF_SYM"}, {"part_a": 3, "part_b": 2, "type": "ROT_SYM"}, {"part_a": 3, "part_b": 2, "type": "TRANS_SYM"}, {"part_a": 3, "part_b": 2, "type": "REF_SYM"}]}]}], "edges": [{"part_a": 0, "part_b": 1, "type": "ADJ"}, {"part_a": 1, "part_b": 0, "type": "ADJ"}, {"part_a": 1, "part_b": 2, "type": "ADJ"}, {"part_a": 2, "part_b": 1, "type": "ADJ"}]}