{"id": 0, "label": "chair", "box": [-0.00332113285548985, 0.2373451441526413, 0.07179475575685501, 0.7958019971847534, 0.7987104058265686, 1.2934924364089966, -0.9999999403953552, 0.00019274628721177578, -0.000325545493979007, 0.00031468772795051336, -0.05387868359684944, -0.9985474348068237], "children": [{"id": 1, "label": "chair_back", "box": [-0.0035553420893847942, 0.44650033116340637, -0.23910540342330933, 0.13953909277915955, 0.7951228618621826, 0.8526777029037476, 0.00042414700146764517, -0.12648524343967438, -0.9919683933258057, -0.9999997615814209, -0.0006167741375975311, -0.00034893659176304936], "children": [{"id": 2, "label": "back_surface", "box": [-0.0035553420893847942, 0.44650033116340637, -0.23910540342330933, 0.13953909277915955, 0.7951228618621826, 0.8526777029037476, 0.00042414700146764517, -0.12648524343967438, -0.9919683933258057, -0.9999997615814209, -0.0006167741375975311, -0.00034893659176304936], "children": [{"id": 3, "label": "back_single_surface", "box": [-0.0035553420893847942, 0.44650033116340637, -0.23910540342330933, 0.13953909277915955, 0.7951228618621826, 0.8526777029037476, 0.00042414700146764517, -0.12648524343967438, -0.9919683933258057, -0.9999997615814209, -0.0006167741375975311, -0.00034893659176304936]}]}]}, {"id": 4, "label": "chair_seat", "box": [-0.0034978610929101706, -0.008132836781442165, 0.12734469771385193, 0.08578957617282867, 0.7294268608093262, 0.7950700521469116, 0.0002746322425082326, -0.9920618534088135, -0.12575049698352814, 2.922155545093119e-05, 0.12575051188468933, -0.9920619130134583], "children": [{"id": 5, "label": "seat_surface", "box": [-0.0034978610929101706, -0.008132836781442165, 0.12734469771385193, 0.08578957617282867, 0.7294268608093262, 0.7950700521469116, 0.0002746322425082326, -0.9920618534088135, -0.12575049698352814, 2.922155545093119e-05, 0.12575051188468933, -0.9920619130134583], "children": [{"id": 6, "label": "seat_single_surface", "box": [-0.0034978610929101706, -0.008132836781442165, 0.12734469771385193, 0.08578957617282867, 0.7294268608093262, 0.7950700521469116, 0.0002746322425082326, -0.9920618534088135, -0.12575049698352814, 2.922155545093119e-05, 0.12575051188468933, -0.9920619130134583]}]}]}, {"id": 7, "label": "chair_base", "box": [-0.0032980015967041254, -0.22998113930225372, 0.09550629556179047, 0.32797884941101074, 0.790797770023346, 0.7958327531814575, -0.002669495064765215, 0.9999336004257202, -0.011210472323000431, 0.00013735625543631613, 0.011210879310965538, 0.999937117099762]}], "edges": [{"type": "ADJ", "part_a": 1, "dist": 0.015782780196218094, "part_b": 0}, {"type": "ADJ", "part_a": 2, "dist": 0.012542901720643082, "part_b": 1}]}