{"id": 0, "label": "chair", "box": [0.0026534434873610735, 0.17437982559204102, 0.09056779742240906, 0.7772879600524902, 1.5194445848464966, 0.8391869068145752, 0.999997079372406, 0.00025396811543032527, 0.002394786337390542, -0.00020378212502691895, 0.9997808337211609, -0.020933356136083603], "children": [{"id": 1, "label": "chair_back", "box": [-0.002542847767472267, 0.44393542408943176, -0.22445519268512726, 0.8149569630622864, 0.9363470673561096, 0.2234192192554474, 0.9999946355819702, 0.0031224973499774933, -0.0010244522709399462, -0.003154772100970149, 0.9994443655014038, -0.03318158537149429], "children": [{"id": 2, "label": "back_surface", "box": [-0.00988931953907013, 0.4351077377796173, -0.21504119038581848, 0.8207252621650696, 0.8866071701049805, 0.21873004734516144, 0.9999988079071045, 0.001509105321019888, -0.00030815746868029237, -0.0015166932716965675, 0.9996524453163147, -0.026319988071918488], "children": [{"id": 3, "label": "back_single_surface", "box": [-0.0010720822028815746, 0.43381819128990173, -0.21698589622974396, 0.8232021927833557, 0.9203858375549316, 0.2074158489704132, 0.9999906420707703, 0.003984270617365837, 0.0017115256050601602, -0.003941812086850405, 0.9997009634971619, -0.02413271740078926]}]}]}, {"id": 4, "label": "chair_seat", "box": [0.003533164272084832, -0.03434440493583679, 0.11438810080289841, 0.7178707122802734, 0.22499980032444, 0.7526393532752991, 0.9999753832817078, -0.006020152010023594, 0.0036136365961283445, 0.0058806580491364, 0.9992814064025879, 0.03744485229253769], "children": [{"id": 5, "label": "seat_surface", "box": [-0.00042239201138727367, -0.04150886833667755, 0.13214881718158722, 0.7406686544418335, 0.17711417376995087, 0.7471040487289429, 0.9999992251396179, 8.937154780142009e-05, -0.0012620469788089395, -5.487123053171672e-05, 0.9996270537376404, 0.027310417965054512], "children": [{"id": 6, "label": "seat_single_surface", "box": [-0.005716598592698574, -0.04698548465967178, 0.1236356571316719, 0.7590353488922119, 0.1653551608324051, 0.7479813694953918, 0.999987006187439, -0.00202615256421268, 0.004677114076912403, 0.00192865205463022, 0.9997826814651489, 0.020757503807544708]}]}]}, {"id": 7, "label": "chair_base", "box": [0.00422863382846117, -0.35200783610343933, 0.11418277025222778, 0.7289314270019531, 0.49203047156333923, 0.8035043478012085, 0.9980232119560242, 0.015426451340317726, 0.06092413142323494, -0.01222202181816101, 0.9985396265983582, -0.05262384191155434]}], "edges": [{"part_a": 0, "part_b": 1, "type": "ADJ"}, {"part_a": 1, "part_b": 0, "type": "ADJ"}, {"part_a": 1, "part_b": 2, "type": "ADJ"}, {"part_a": 2, "part_b": 1, "type": "ADJ"}]}