{"id": 0, "label": "chair", "box": [-0.0070945024490356445, -0.051764052361249924, 0.044430967420339584, 1.0753847360610962, 1.2144522666931152, 1.2788729667663574, -1.2246468525851679e-16, -1.0, 2.413574065940338e-06, 1.4778879918983216e-22, 2.413574065940338e-06, 1.0], "children": [{"id": 1, "label": "chair_back", "box": [-0.0031859285663813353, -0.05124782398343086, -0.4183396100997925, 0.28921785950660706, 1.0744121074676514, 1.2701300382614136, -8.12175471764931e-07, -0.00032275376725010574, -0.9999999403953552, 8.233520236314382e-17, -0.9999999403953552, 0.00032275376725010574], "children": [{"id": 2, "label": "back_surface", "box": [-0.0031859285663813353, -0.05124782398343086, -0.4183396100997925, 0.28921785950660706, 1.0744121074676514, 1.2701300382614136, -8.12175471764931e-07, -0.00032275376725010574, -0.9999999403953552, 8.233520236314382e-17, -0.9999999403953552, 0.00032275376725010574], "children": [{"id": 3, "label": "back_single_surface", "box": [-0.0031859285663813353, -0.05124782398343086, -0.4183396100997925, 0.28921785950660706, 1.0744121074676514, 1.2701300382614136, -8.12175471764931e-07, -0.00032275376725010574, -0.9999999403953552, 8.233520236314382e-17, -0.9999999403953552, 0.00032275376725010574]}]}]}, {"id": 4, "label": "chair_arm", "box": [0.1027589961886406, -0.051578816026449203, 0.045706599950790405, 1.0591660737991333, 1.0753700733184814, 1.2122066020965576, 1.0, 7.05889136747885e-14, 3.504119661101868e-08, 1.1381062758886173e-11, -0.9999999403953552, -0.000322776468237862], "children": [{"id": 5, "label": "arm_sofa_style", "box": [0.1027589961886406, -0.051578816026449203, 0.045706599950790405, 1.0591660737991333, 1.0753700733184814, 1.2122066020965576, 1.0, 7.05889136747885e-14, 3.504119661101868e-08, 1.1381062758886173e-11, -0.9999999403953552, -0.000322776468237862]}]}, {"id": 6, "label": "chair_arm", "box": [-0.5180150270462036, -0.05150449275970459, 0.047790974378585815, 0.25703197717666626, 1.0748629570007324, 1.2077300548553467, 1.0, -6.123234262925839e-17, 0.0, -6.123234262925839e-17, -1.0, 0.0], "children": [{"id": 7, "label": "arm_sofa_style", "box": [-0.5180150270462036, -0.05150449275970459, 0.047790974378585815, 0.25703197717666626, 1.0748629570007324, 1.2077300548553467, 1.0, -6.123234262925839e-17, 0.0, -6.123234262925839e-17, -1.0, 0.0]}]}, {"id": 8, "label": "chair_seat", "box": [-0.002057695295661688, -0.10490255802869797, 0.29870930314064026, 0.48663491010665894, 0.9980420470237732, 1.0926265716552734, -0.0017559757689014077, -0.8642160892486572, -0.5031176805496216, 0.9999984502792358, -0.0015155072323977947, -0.0008869640878401697], "children": [{"id": 9, "label": "seat_surface", "box": [-0.002057695295661688, -0.10490255802869797, 0.29870930314064026, 0.48663491010665894, 0.9980420470237732, 1.0926265716552734, -0.0017559757689014077, -0.8642160892486572, -0.5031176805496216, 0.9999984502792358, -0.0015155072323977947, -0.0008869640878401697], "children": [{"id": 10, "label": "seat_single_surface", "box": [-0.002057695295661688, -0.10490255802869797, 0.29870930314064026, 0.48663491010665894, 0.9980420470237732, 1.0926265716552734, -0.0017559757689014077, -0.8642160892486572, -0.5031176805496216, 0.9999984502792358, -0.0015155072323977947, -0.0008869640878401697]}]}]}], "edges": [{"dist": 0.0071420407170965814, "part_b": 0, "type": "ADJ", "part_a": 1}, {"dist": 0.008700112308124338, "part_b": 0, "type": "ADJ", "part_a": 2}, {"dist": 0.04650517251297581, "part_b": 1, "type": "ADJ", "part_a": 2}, {"dist": 0.022211219223852652, "part_b": 0, "type": "ADJ", "part_a": 3}, {"dist": 0.0074387155011853825, "part_b": 1, "type": "ADJ", "part_a": 3}, {"dist": 0.009317463588072833, "part_b": 2, "type": "ADJ", "part_a": 3}, {"params": [-0.004614442586898804, 0.04852244257926941, 0.12522529065608978, 0.9994811415672302, 0.004618473816663027, -0.031874675303697586], "dist": 0.02964268323561417, "part_b": 1, "type": "REF_SYM", "part_a": 2}, {"params": [-0.011088277213275433, 0.12868857383728027, 0.10465990006923676, -0.004793322179466486, 0.9995158314704895, -0.030744224786758423, 3.07832932472229], "dist": 0.04084201328721311, "part_b": 1, "type": "ROT_SYM", "part_a": 2}]}