{"id": 0, "label": "chair", "box": [0.006592120975255966, 0.049753591418266296, 0.14712828397750854, 1.0827434062957764, 1.0850032567977905, 1.5822035074234009, -1.3340553778107278e-05, 0.006097631994634867, -0.9999814033508301, 1.0, -3.3761139093257952e-06, -1.3361388482735492e-05], "children": [{"id": 1, "label": "chair_back", "box": [0.006558991968631744, 0.3461551368236542, -0.130926251411438, 0.4213475286960602, 0.9719095826148987, 1.0854405164718628, 0.00010952237789751962, 0.06838613748550415, -0.997658908367157, 0.0005910699255764484, 0.9976587295532227, 0.06838618963956833], "children": [{"id": 2, "label": "back_surface", "box": [0.006558991968631744, 0.3461551368236542, -0.130926251411438, 0.4213475286960602, 0.9719095826148987, 1.0854405164718628, 0.00010952237789751962, 0.06838613748550415, -0.997658908367157, 0.0005910699255764484, 0.9976587295532227, 0.06838618963956833], "children": [{"id": 3, "label": "back_single_surface", "box": [0.006558991968631744, 0.3461551368236542, -0.130926251411438, 0.4213475286960602, 0.9719095826148987, 1.0854405164718628, 0.00010952237789751962, 0.06838613748550415, -0.997658908367157, 0.0005910699255764484, 0.9976587295532227, 0.06838618963956833]}]}]}, {"id": 4, "label": "chair_seat", "box": [0.00624875957146287, -0.17362503707408905, 0.24606461822986603, 0.2038913518190384, 0.8851970434188843, 1.0755375623703003, 0.008783754892647266, -0.9997205138206482, -0.02194727025926113, -0.003136430401355028, 0.02192046493291855, -0.999754786491394], "children": [{"id": 5, "label": "seat_surface", "box": [0.00624875957146287, -0.17362503707408905, 0.24606461822986603, 0.2038913518190384, 0.8851970434188843, 1.0755375623703003, 0.008783754892647266, -0.9997205138206482, -0.02194727025926113, -0.003136430401355028, 0.02192046493291855, -0.999754786491394], "children": [{"id": 6, "label": "seat_single_surface", "box": [0.00624875957146287, -0.17362503707408905, 0.24606461822986603, 0.2038913518190384, 0.8851970434188843, 1.0755375623703003, 0.008783754892647266, -0.9997205138206482, -0.02194727025926113, -0.003136430401355028, 0.02192046493291855, -0.999754786491394]}]}]}, {"id": 7, "label": "chair_base", "box": [0.0057000364176929, -0.41511592268943787, 0.10078766196966171, 0.6506444215774536, 0.9949540495872498, 1.076836109161377, -5.209777009440586e-05, 0.99998939037323, 0.004607913549989462, -1.3226110695541138e-07, -0.004607913549989462, 0.99998939037323]}], "edges": [{"part_b": 0, "dist": 0.01675299174034198, "type": "ADJ", "part_a": 1}, {"part_b": 0, "dist": 0.017699982504628217, "type": "ADJ", "part_a": 2}, {"part_b": 1, "dist": 0.01089373417041484, "type": "ADJ", "part_a": 2}]}