{"id": 0, "label": "chair", "box": [-0.014004108496010303, 0.019675137475132942, 0.06961889564990997, 0.7506685853004456, 1.6129560470581055, 0.7392218112945557, 0.9999077916145325, 0.009238972328603268, 0.009952811524271965, -0.009153574705123901, 0.9999212026596069, -0.00859187263995409], "children": [{"id": 1, "label": "chair_back", "box": [-0.0009213981684297323, 0.3605077862739563, -0.26004424691200256, 0.6464271545410156, 0.7095800042152405, 0.08763865381479263, 0.9999914169311523, -0.003628968261182308, -0.002006820635870099, 0.00331781804561615, 0.9904546141624451, -0.1377994865179062], "children": [{"id": 2, "label": "back_surface", "box": [-0.0029304930940270424, 0.406968355178833, -0.23939745128154755, 0.5524815917015076, 0.5884714126586914, 0.10088193416595459, 0.9999018907546997, -0.013876858167350292, -0.001922566443681717, 0.013504598289728165, 0.9912598729133606, -0.13123059272766113], "children": [{"id": 3, "label": "back_single_surface", "box": [-0.009387182071805, 0.3831612169742584, -0.2212696075439453, 0.6020044684410095, 0.7194319367408752, 0.12311770021915436, 0.9999769330024719, 0.006619112100452185, -0.0015349524328485131, -0.006731143221259117, 0.9958468675613403, -0.09079484641551971]}]}, {"id": 0, "label": "back_surface", "box": [-0.00034860149025917053, 0.33218881487846375, -0.24075613915920258, 0.6886326670646667, 0.8101325035095215, 0.1437399983406067, 0.9999454021453857, 0.009458731859922409, -0.004439890384674072, -0.009926150552928448, 0.992617130279541, -0.12088334560394287]}], "edges": [{"part_a": 0, "part_b": 1, "type": "ADJ"}, {"part_a": 1, "part_b": 0, "type": "ADJ"}]}, {"id": 4, "label": "chair_seat", "box": [-0.011638134717941284, -0.04965430870652199, 0.13871680200099945, 0.7602983117103577, 0.16775387525558472, 0.7835577726364136, 0.9999975562095642, 0.0011880547972396016, 0.0018754013581201434, -0.0012051276862621307, 0.9999576210975647, 0.009128859266638756], "children": [{"id": 7, "label": "seat_frame", "box": [0.014987229369580746, -0.07092364132404327, 0.11165601015090942, 0.7593196630477905, 0.09894885122776031, 0.7407950758934021, 0.9999696016311646, -0.0074513074941933155, 0.00229091290384531, 0.00745836878195405, 0.9999674558639526, -0.003089171601459384], "children": [{"id": 8, "label": "seat_frame_bar", "box": [0.3101117014884949, -0.07162604480981827, 0.11141727864742279, 0.11956225335597992, 0.08539978414773941, 0.5642130374908447, 0.9987456798553467, 0.02086453139781952, -0.045517224818468094, -0.02123970538377762, 0.999744176864624, -0.007774465251713991]}, {"id": 11, "label": "seat_frame_bar", "box": [0.010499742813408375, -0.08286423236131668, -0.22987404465675354, 0.5560895204544067, 0.09591274708509445, 0.12557609379291534, 0.9999353289604187, 0.007674224674701691, -0.008397574536502361, -0.007531258277595043, 0.9998283982276917, 0.01692586950957775]}, {"id": 10, "label": "seat_frame_bar", "box": [0.00884636864066124, -0.06751717627048492, 0.4358264207839966, 0.606353223323822, 0.09535498172044754, 0.1258101463317871, 0.9999834299087524, -0.003968509379774332, -0.004172098822891712, 0.00387533544562757, 0.9997481107711792, -0.022108452394604683]}, {"id": 9, "label": "seat_frame_bar", "box": [-0.2982693910598755, -0.06665633618831635, 0.12241849303245544, 0.1351044923067093, 0.09992619603872299, 0.5622957944869995, 0.9988360404968262, -0.025738293305039406, 0.040793802589178085, 0.026189345866441727, 0.9996011853218079, -0.010561265982687473]}], "edges": [{"part_a": 0, "part_b": 1, "type": "ROT_SYM"}, {"part_a": 0, "part_b": 2, "type": "ADJ"}, {"part_a": 0, "part_b": 2, "type": "ROT_SYM"}, {"part_a": 0, "part_b": 2, "type": "REF_SYM"}, {"part_a": 0, "part_b": 3, "type": "ROT_SYM"}, {"part_a": 0, "part_b": 3, "type": "TRANS_SYM"}, {"part_a": 0, "part_b": 3, "type": "REF_SYM"}, {"part_a": 1, "part_b": 0, "type": "ADJ"}, {"part_a": 1, "part_b": 0, "type": "ROT_SYM"}, {"part_a": 1, "part_b": 2, "type": "ROT_SYM"}, {"part_a": 1, "part_b": 2, "type": "TRANS_SYM"}, {"part_a": 1, "part_b": 2, "type": "REF_SYM"}, {"part_a": 1, "part_b": 3, "type": "ADJ"}, {"part_a": 1, "part_b": 3, "type": "ROT_SYM"}, {"part_a": 1, "part_b": 3, "type": "REF_SYM"}, {"part_a": 2, "part_b": 0, "type": "ADJ"}, {"part_a": 2, "part_b": 0, "type": "ROT_SYM"}, {"part_a": 2, "part_b": 0, "type": "REF_SYM"}, {"part_a": 2, "part_b": 1, "type": "ROT_SYM"}, {"part_a": 2, "part_b": 1, "type": "TRANS_SYM"}, {"part_a": 2, "part_b": 1, "type": "REF_SYM"}, {"part_a": 2, "part_b": 3, "type": "ADJ"}, {"part_a": 2, "part_b": 3, "type": "ROT_SYM"}, {"part_a": 2, "part_b": 3, "type": "REF_SYM"}, {"part_a": 3, "part_b": 0, "type": "ROT_SYM"}, {"part_a": 3, "part_b": 0, "type": "TRANS_SYM"}, {"part_a": 3, "part_b": 0, "type": "REF_SYM"}, {"part_a": 3, "part_b": 1, "type": "ADJ"}, {"part_a": 3, "part_b": 1, "type": "ROT_SYM"}, {"part_a": 3, "part_b": 2, "type": "ADJ"}, {"part_a": 3, "part_b": 2, "type": "ROT_SYM"}, {"part_a": 3, "part_b": 2, "type": "REF_SYM"}]}, {"id": 5, "label": "seat_surface", "box": [0.003956682980060577, -0.009204481728374958, 0.1245185062289238, 0.7879601716995239, 0.08657370507717133, 0.7639537453651428, 0.9999834895133972, -0.0007772177923470736, 0.005695079918950796, 0.000879880681168288, 0.999836802482605, -0.018046313896775246], "children": [{"id": 6, "label": "seat_single_surface", "box": [-0.003411393379792571, -0.02874595671892166, 0.11195022612810135, 0.7431120872497559, 0.11427353322505951, 0.7100338339805603, 0.9999982118606567, 0.0007472003344446421, -0.0017472633626312017, -0.0007531836745329201, 0.9999938607215881, -0.0034262638073414564]}]}], "edges": [{"part_a": 0, "part_b": 1, "type": "ADJ"}, {"part_a": 1, "part_b": 0, "type": "ADJ"}]}, {"id": 12, "label": "chair_base", "box": [-0.0027443100698292255, -0.43333789706230164, 0.08813498169183731, 0.7649431228637695, 0.7650598883628845, 0.8010588884353638, 0.999994695186615, 0.0032584432046860456, 7.542598177678883e-05, -0.0032583242282271385, 0.9999935626983643, -0.001530736219137907], "children": [{"id": 13, "label": "regular_leg_base", "box": [0.002358102472499013, -0.4482521116733551, 0.08913861960172653, 0.7374648451805115, 0.7426513433456421, 0.7903664708137512, 0.9999868869781494, -0.00030696095200255513, 0.005109863355755806, 0.0003096192376688123, 0.9999998211860657, -0.0005194445257075131], "children": [{"id": 16, "label": "leg", "box": [-0.31283679604530334, -0.45124557614326477, -0.23584650456905365, 0.09622020274400711, 0.7576126456260681, 0.09888793528079987, 0.9988864064216614, -0.022969823330640793, -0.04121089726686478, 0.027215227484703064, 0.9940356016159058, 0.10560549050569534]}, {"id": 14, "label": "leg", "box": [-0.3266703188419342, -0.4483599066734314, 0.42768043279647827, 0.09801924973726273, 0.7445811629295349, 0.10258736461400986, 0.998823344707489, -0.01813015155494213, 0.0449807308614254, 0.019433729350566864, 0.9993987083435059, -0.028714753687381744]}, {"id": 15, "label": "leg", "box": [0.30678248405456543, -0.4456886649131775, -0.2460654079914093, 0.09251111000776291, 0.7415600419044495, 0.0916183665394783, 0.9968288540840149, 0.014387194998562336, 0.07826384156942368, -0.02308560162782669, 0.993507444858551, 0.11140022426843643]}, {"id": 17, "label": "leg", "box": [0.33475854992866516, -0.444537490606308, 0.4319944679737091, 0.08749208599328995, 0.7423449754714966, 0.09693089872598648, 0.9991010427474976, 0.015253491699695587, -0.039553336799144745, -0.01638171635568142, 0.9994635581970215, -0.028358684852719307]}], "edges": [{"part_a": 0, "part_b": 1, "type": "ROT_SYM"}, {"part_a": 0, "part_b": 1, "type": "TRANS_SYM"}, {"part_a": 0, "part_b": 1, "type": "REF_SYM"}, {"part_a": 0, "part_b": 2, "type": "ROT_SYM"}, {"part_a": 0, "part_b": 2, "type": "TRANS_SYM"}, {"part_a": 0, "part_b": 2, "type": "REF_SYM"}, {"part_a": 0, "part_b": 3, "type": "ROT_SYM"}, {"part_a": 0, "part_b": 3, "type": "REF_SYM"}, {"part_a": 1, "part_b": 0, "type": "ROT_SYM"}, {"part_a": 1, "part_b": 0, "type": "TRANS_SYM"}, {"part_a": 1, "part_b": 0,