{"id": 0, "label": "chair", "box": [0.005087581463158131, 0.09536963701248169, 0.048535220324993134, 0.9678013920783997, 1.5091160535812378, 1.0030732154846191, 0.9998748898506165, 0.003084881231188774, -0.015513602644205093, -0.003473397111520171, 0.999679446220398, -0.025079291313886642], "children": [{"id": 1, "label": "chair_back", "box": [0.006177371833473444, 0.42102551460266113, -0.26566627621650696, 0.749830424785614, 0.8732121586799622, 0.1962767392396927, 0.9997243285179138, 0.014351051300764084, 0.018583286553621292, -0.011887098662555218, 0.991894543170929, -0.12650659680366516], "children": [{"id": 2, "label": "back_surface", "box": [0.017582101747393608, 0.5005124807357788, -0.2840278446674347, 0.7761958241462708, 0.6567953824996948, 0.14690271019935608, 0.9999774694442749, 0.0002282600908074528, -0.006711293011903763, -0.0011078383540734649, 0.991335391998291, -0.13135039806365967], "children": [{"id": 0, "label": "back_single_surface", "box": [-0.0031299693509936333, 0.47228869795799255, -0.2731190323829651, 0.7822291254997253, 0.6101589202880859, 0.11750350147485733, 0.9999974966049194, -0.0017415164038538933, -0.001417437568306923, 0.0015664036618545651, 0.9933245182037354, -0.11534281075000763]}]}, {"id": 0, "label": "back_support", "box": [0.0012389005860313773, 0.29509204626083374, -0.30678844451904297, 0.6480241417884827, 0.6805415153503418, 0.13373951613903046, 0.9999595284461975, 0.0003849052300211042, -0.008987688459455967, -0.0023944524582475424, 0.9744312763214111, -0.2246731072664261]}], "edges": [{"part_a": 0, "part_b": 1, "type": "ADJ"}, {"part_a": 1, "part_b": 0, "type": "ADJ"}]}, {"id": 3, "label": "chair_seat", "box": [0.018122052773833275, 0.1645030677318573, 0.15326711535453796, 0.8631024956703186, 0.2296082228422165, 0.810392439365387, 0.9997642636299133, -0.01656150259077549, -0.01404232531785965, 0.017420576885342598, 0.9978336095809937, 0.06344015151262283], "children": [{"id": 4, "label": "seat_surface", "box": [0.02481442503631115, 0.1326497197151184, 0.13201001286506653, 0.9060936570167542, 0.21821323037147522, 0.7845086455345154, 0.9996073842048645, -0.02349737659096718, -0.015261354856193066, 0.023896129801869392, 0.9993633031845093, 0.026493869721889496], "children": [{"id": 5, "label": "seat_single_surface", "box": [-0.003564400365576148, 0.11453204602003098, 0.13942961394786835, 0.8756788969039917, 0.2728816866874695, 0.8285403251647949, 0.9999486207962036, 0.0025506969541311264, -0.009812320582568645, -0.0019333125092089176, 0.9980480074882507, 0.062422025948762894]}]}]}, {"id": 8, "label": "chair_base", "box": [-0.006220480427145958, -0.2891634702682495, 0.05637528374791145, 0.8293456435203552, 0.6795132160186768, 0.8799650073051453, 0.9986843466758728, -0.026601582765579224, 0.04383982717990875, 0.031237522140145302, 0.9935833215713501, -0.10870335251092911], "children": [{"id": 9, "label": "pedestal_base", "box": [0.007090827915817499, -0.26509809494018555, 0.027216093614697456, 0.8318356275558472, 0.6384269595146179, 0.8544847965240479, 0.9990854263305664, -0.007107321638613939, 0.042164552956819534, 0.010861031711101532, 0.9959297776222229, -0.08947575092315674], "children": [{"id": 10, "label": "pedestal", "box": [-0.007792160380631685, -0.5033446550369263, 0.050277069211006165, 0.8612799048423767, 0.22322861850261688, 0.8062578439712524, 0.9999503493309021, -0.001746965222992003, -0.009813937358558178, 0.001767992042005062, 0.9999961853027344, 0.002134297275915742]}, {"id": 0, "label": "central_support", "box": [-0.028016382828354836, -0.3164745569229126, 0.03568050265312195, 0.24927306175231934, 0.4537903666496277, 0.2700370252132416, 0.992457389831543, -0.001521766185760498, -0.1225811168551445, 0.004492873791605234, 0.9997027516365051, 0.023965124040842056]}], "edges": [{"part_a": 0, "part_b": 1, "type": "ADJ"}, {"part_a": 1, "part_b": 0, "type": "ADJ"}]}]}], "edges": [{"part_a": 0, "part_b": 1, "type": "ADJ"}, {"part_a": 1, "part_b": 0, "type": "ADJ"}, {"part_a": 1, "part_b": 2, "type": "ADJ"}, {"part_a": 2, "part_b": 1, "type": "ADJ"}]}