{"id": 0, "label": "chair", "box": [0.0026350473053753376, 0.1620609164237976, -0.05045304819941521, 0.8061264753341675, 0.8893194198608398, 1.522025227546692, 0.9999985694885254, -0.001671814126893878, -0.0002762447402346879, 0.0002751427236944437, -0.0006593554280698299, 0.9999997615814209], "children": [{"id": 1, "label": "chair_back", "box": [0.000889198447111994, 0.4747050702571869, -0.21681980788707733, 0.27901309728622437, 0.8039432764053345, 0.91170734167099, -0.00930792186409235, 0.04832746833562851, 0.9987881779670715, 0.9999366402626038, 0.0067753298208117485, 0.008990793488919735], "children": [{"id": 2, "label": "back_surface", "box": [0.000889198447111994, 0.4747050702571869, -0.21681980788707733, 0.27901309728622437, 0.8039432764053345, 0.91170734167099, -0.00930792186409235, 0.04832746833562851, 0.9987881779670715, 0.9999366402626038, 0.0067753298208117485, 0.008990793488919735], "children": [{"id": 3, "label": "back_single_surface", "box": [0.000889198447111994, 0.4747050702571869, -0.21681980788707733, 0.27901309728622437, 0.8039432764053345, 0.91170734167099, -0.00930792186409235, 0.04832746833562851, 0.9987881779670715, 0.9999366402626038, 0.0067753298208117485, 0.008990793488919735]}]}]}, {"id": 4, "label": "chair_seat", "box": [0.0018724288092926145, 0.05242114141583443, 0.04115321487188339, 0.28450828790664673, 0.651485025882721, 0.8055074214935303, 0.004087063018232584, 0.9998889565467834, -0.014330361038446426, 0.002015446312725544, 0.01432221569120884, 0.9998953938484192], "children": [{"id": 5, "label": "seat_surface", "box": [0.0018724288092926145, 0.05242114141583443, 0.04115321487188339, 0.28450828790664673, 0.651485025882721, 0.8055074214935303, 0.004087063018232584, 0.9998889565467834, -0.014330361038446426, 0.002015446312725544, 0.01432221569120884, 0.9998953938484192], "children": [{"id": 6, "label": "seat_single_surface", "box": [0.0018724288092926145, 0.05242114141583443, 0.04115321487188339, 0.28450828790664673, 0.651485025882721, 0.8055074214935303, 0.004087063018232584, 0.9998889565467834, -0.014330361038446426, 0.002015446312725544, 0.01432221569120884, 0.9998953938484192]}]}]}, {"id": 7, "label": "chair_base", "box": [0.0010509733110666275, -0.24054913222789764, -0.06234939768910408, 0.7476189732551575, 0.8028706312179565, 0.888499915599823, 2.8286205633776262e-05, 0.9993324279785156, -0.03653394803404808, -0.9999822378158569, 0.00024590923567302525, 0.00595225440338254]}], "edges": [{"part_b": 0, "part_a": 1, "type": "ADJ", "dist": 0.014432819141198414}, {"part_b": 1, "part_a": 2, "type": "ADJ", "dist": 0.007985792132930143}]}