{"id": 0, "label": "chair", "box": [-0.0013846801593899727, 0.18903076648712158, 0.06571254134178162, 0.7813603281974792, 1.5529193878173828, 0.8635676503181458, 0.9999876618385315, 0.00019648164743557572, -0.004961481783539057, -0.00026419133064337075, 0.9999067783355713, -0.013650104403495789], "children": [{"id": 1, "label": "chair_back", "box": [-0.014002145268023014, 0.5319210290908813, -0.28549158573150635, 0.8354926109313965, 0.8706062436103821, 0.15469326078891754, 0.9999929070472717, 0.0037322116550058126, -0.0005603122990578413, -0.003763133194297552, 0.9973309636116028, -0.07291651517152786], "children": [{"id": 2, "label": "back_surface", "box": [-0.01365214679390192, 0.500272274017334, -0.2683787941932678, 0.8612079620361328, 0.8774705529212952, 0.17836016416549683, 0.999970555305481, 0.0021521085873246193, 0.007367278449237347, -0.0017878751968964934, 0.9987925887107849, -0.04909377172589302], "children": [{"id": 3, "label": "back_single_surface", "box": [0.004728376865386963, 0.5003026723861694, -0.26463401317596436, 0.8703293204307556, 0.8349836468696594, 0.17367269098758698, 0.9999948740005493, 0.0030424923170357943, 0.000989117776043713, -0.0029911950696259737, 0.9988295435905457, -0.04827698692679405]}]}]}, {"id": 4, "label": "chair_seat", "box": [-0.002013196237385273, 0.10020598769187927, 0.11807740479707718, 0.7230773568153381, 0.0953032523393631, 0.7258672118186951, 0.9999319911003113, -0.009445294737815857, 0.006845780182629824, 0.009156426414847374, 0.9991145133972168, 0.04106570780277252], "children": [{"id": 5, "label": "seat_surface", "box": [-0.002694101072847843, 0.07940535992383957, 0.11190959811210632, 0.7430283427238464, 0.10577433556318283, 0.7516288757324219, 0.9999743103981018, -0.004452025052160025, 0.00562220299616456, 0.004263324197381735, 0.9994416236877441, 0.03314078971743584], "children": [{"id": 6, "label": "seat_single_surface", "box": [0.005393853411078453, 0.0636969730257988, 0.08804214000701904, 0.7582192420959473, 0.12860655784606934, 0.7100297212600708, 0.9999953508377075, 0.0013622116530314088, -0.0027282368391752243, -0.0012668318813666701, 0.9993982911109924, 0.034661948680877686]}]}]}, {"id": 7, "label": "chair_base", "box": [-0.012067827396094799, -0.28975459933280945, 0.09527049958705902, 0.8017078638076782, 0.6008192896842957, 0.8547642230987549, 0.9996231198310852, -0.017734520137310028, 0.020955786108970642, 0.020919790491461754, 0.9863794445991516, -0.16315016150474548]}], "edges": [{"part_a": 0, "part_b": 1, "type": "ADJ"}, {"part_a": 1, "part_b": 0, "type": "ADJ"}, {"part_a": 1, "part_b": 2, "type": "ADJ"}, {"part_a": 2, "part_b": 1, "type": "ADJ"}]}