{"id": 0, "label": "chair", "box": [-0.015858033671975136, -0.09732656180858612, 0.11481953412294388, 0.8485459685325623, 0.8783292174339294, 1.572691559791565, -1.0, -1.7237540532732964e-06, -9.766004950506613e-06, -9.855762982624583e-06, 0.06350832432508469, 0.9979813098907471], "children": [{"id": 1, "label": "chair_back", "box": [-0.015983469784259796, 0.21212147176265717, -0.25601789355278015, 0.16282430291175842, 0.8494380116462708, 0.9101048707962036, -0.007312172558158636, -0.08689789474010468, -0.9961903691291809, 0.9999732375144958, -0.0006354294018819928, -0.0072845108807086945], "children": [{"id": 2, "label": "back_surface", "box": [-0.015983469784259796, 0.21212147176265717, -0.25601789355278015, 0.16282430291175842, 0.8494380116462708, 0.9101048707962036, -0.007312172558158636, -0.08689789474010468, -0.9961903691291809, 0.9999732375144958, -0.0006354294018819928, -0.0072845108807086945], "children": [{"id": 3, "label": "back_single_surface", "box": [-0.015983469784259796, 0.21212147176265717, -0.25601789355278015, 0.16282430291175842, 0.8494380116462708, 0.9101048707962036, -0.007312172558158636, -0.08689789474010468, -0.9961903691291809, 0.9999732375144958, -0.0006354294018819928, -0.0072845108807086945]}]}]}, {"id": 4, "label": "chair_arm", "box": [0.365155965089798, 0.01656550168991089, 0.16687771677970886, 0.12022799998521805, 0.5084069967269897, 0.754580557346344, -0.9989128112792969, 5.831127671875803e-17, 0.046617429703474045, 6.123234262925839e-17, 1.0, 6.123234262925839e-17], "children": [{"id": 5, "label": "arm_sofa_style", "box": [0.365155965089798, 0.01656550168991089, 0.16687771677970886, 0.12022799998521805, 0.5084069967269897, 0.754580557346344, -0.9989128112792969, 5.831127671875803e-17, 0.046617429703474045, 6.123234262925839e-17, 1.0, 6.123234262925839e-17]}]}, {"id": 6, "label": "chair_arm", "box": [-0.38685348629951477, 0.016467496752738953, 0.16965851187705994, 0.10654699802398682, 0.5082110166549683, 0.7539229989051819, 1.0, -6.123234262925839e-17, 0.0, -6.123234262925839e-17, -1.0, 0.0], "children": [{"id": 7, "label": "arm_sofa_style", "box": [-0.38685348629951477, 0.016467496752738953, 0.16965851187705994, 0.10654699802398682, 0.5082110166549683, 0.7539229989051819, 1.0, -6.123234262925839e-17, 0.0, -6.123234262925839e-17, -1.0, 0.0]}]}, {"id": 8, "label": "chair_seat", "box": [-0.012629641219973564, -0.2082248479127884, 0.17615821957588196, 0.07687313854694366, 0.6949650645256042, 0.7425832152366638, 0.014353235252201557, -0.9998279213905334, -0.011752844788134098, -0.9998966455459595, -0.014342371374368668, -0.001008132821880281], "children": [{"id": 9, "label": "seat_surface", "box": [-0.012629641219973564, -0.2082248479127884, 0.17615821957588196, 0.07687313854694366, 0.6949650645256042, 0.7425832152366638, 0.014353235252201557, -0.9998279213905334, -0.011752844788134098, -0.9998966455459595, -0.014342371374368668, -0.001008132821880281], "children": [{"id": 10, "label": "seat_single_surface", "box": [-0.012629641219973564, -0.2082248479127884, 0.17615821957588196, 0.07687313854694366, 0.6949650645256042, 0.7425832152366638, 0.014353235252201557, -0.9998279213905334, -0.011752844788134098, -0.9998966455459595, -0.014342371374368668, -0.001008132821880281]}]}]}, {"id": 11, "label": "chair_base", "box": [-0.015857994556427002, -0.5477005243301392, 0.11529800295829773, 0.6251749992370605, 0.7839500308036804, 0.8037959933280945, -1.2246468525851679e-16, -1.0, 0.0, 0.0, 0.0, 1.0], "children": [{"id": 12, "label": "regular_leg_base", "box": [-0.015857994556427002, -0.5477005243301392, 0.11529800295829773, 0.6251749992370605, 0.7839500308036804, 0.8037959933280945, -1.2246468525851679e-16, -1.0, 0.0, 0.0, 0.0, 1.0], "children": [{"id": 13, "label": "leg", "box": [0.3661935031414032, -0.5477005243301392, 0.4874260127544403, 0.03969299793243408, 0.039694011211395264, 0.6251749992370605, 1.0, -1.8369701465288538e-16, 0.0, 0.0, 0.0, 1.0]}, {"id": 14, "label": "leg", "box": [0.3661935031414032, -0.5477005243301392, -0.25683000683784485, 0.03969299793243408, 0.039694011211395264, 0.6251749992370605, -1.0, 0.0, -6.123234262925839e-17, -6.123234262925839e-17, 1.8369701465288538e-16, 1.0]}, {"id": 15, "label": "leg", "box": [-0.3979089856147766, -0.5477005243301392, 0.4874260127544403, 0.039693981409072876, 0.039694011211395264, 0.6251749992370605, 1.0, -1.8369701465288538e-16, 0.0, 0.0, 0.0, 1.0]}, {"id": 16, "label": "leg", "box": [-0.3979089856147766, -0.5477005243301392, -0.25683000683784485, 0.039693981409072876, 0.039694011211395264, 0.6251749992370605, 1.0, -1.8369701465288538e-16, 0.0, 0.0, 0.0, 1.0]}], "edges": [{"part_a": 1, "dist": 0.01440057663935626, "type": "REF_SYM", "part_b": 0, "params": [0.3659922480583191, -0.5477585196495056, 0.11508411169052124, -0.0005209456430748105, 0.007476084399968386, 0.999971866607666]}, {"part_a": 1, "dist": 0.013310336971836739, "type": "TRANS_SYM", "part_b": 0, "params": [-0.0003876984119415283, 0.005563855171203613, 0.7441995739936829]}, {"part_a": 1, "dist": 0.0189907229710719, "type": "ROT_SYM", "part_b": 0, "params": [0.2521713078022003, -0.5452216267585754, 0.11504184454679489, 0.00190153275616467, -0.9999503493309021, -0.009781195782124996, 2.547849655151367]}, {"part_a": 2, "dist": 0.014597390813812356, "type": "REF_SYM", "part_b": 0, "params": [-0.016192197799682617, -0.5479702949523926, 0.48731935024261475, 0.9999691843986511, 0.00783679261803627, -0.00035454402677714825]}, {"part_a": 2, "dist": 0.013144993157684111, "type": "TRANS_SYM", "part_b": 0, "params": [0.7639811635017395, 0.005987346172332764, -0.0002708733081817627]}, {"part_a": 2, "dist": 0.014064789983058778, "type": "ROT_SYM", "part_b": 0, "params": [-0.015990260988473892, -0.5391216278076172, 0.8851385712623596, -0.0048159039579331875, -0.9999549388885498, 0.008182023651897907, 1.5300079584121704]}, {"part_a": 2, "dist": 0.012802996783235852, "type": "REF_SYM", "part_b": 1, "params": [-0.015998348593711853, -0.5507521629333496, 0.11521954834461212, 0.7163696885108948, 0.00039689752156846225, -0.6977208256721497]}, {"part_a": 2, "dist": 0.012738401256802227, "type": "TRANS_SYM", "part_b": 1, "params": [0.7643688917160034, 0.0004234910011291504, -0.744470477104187]}, {"part_a": 2, "dist": 0.01775000238905999, "type": "ROT_SYM", "part_b": 1, "params": [-0.6885933876037598, 0.4465698003768921, -0.5705476999282837, -0.0022341012954711914, 0.9999960660934448, -0.0017084459541365504, 1.0164371728897095]}, {"part_a": 3, "dist": 0.012893656647151091, "type": "REF_SYM", "part_b": 0, "params": [-0.016046151518821716, -0.5453510284423828, 0.11536893248558044, 0.7164531946182251, 0.0007024974329397082, 0.697634756565094]}, {"part_a": 3, "dist": 0.01293083899933723, "type": "TRANS_SYM", "part_b": 0, "params": [0.7636890411376953, 0.0007488131523132324, 0.7436299324035645]}, {"part_a": 3, "dist": 0.016204445151731858, "type": "ROT_SYM", "part_b": 0, "params": [-0.08778207004070282, -0.5450380444526672, 0.1890396624803543, 0.00025605541304685175, -0.9999999403953552, 0.0003488769580144435, 2.7604079246520996]}, {"part_a": 3, "dist": 0.014050203075940335, "type": "REF_SYM", "part_b": 1, "params": [-0.015852302312850952, -0.5481328964233398, -0.256730854511261, 0.9999798536300659, -0.006301650777459145, -0.0007455142331309617]}, {"part_a": 3, "dist": 0.01323599263048974, "type": "TRANS_SYM", "part_b": 1, "params": [0.7640767693519592, -0.004815042018890381, -0.0005696415901184082]}, {"part_a": 3, "dist": 0.014475543670680113, "type": "ROT_SYM", "part_b": 1, "params": [-0.012919383123517036, -0.49680057168006897, 3.3247807025909424, -0.004988426808267832, -0.9999109506607056, 0.012377578765153885, 0.2125178575515747]}, {"part_a": 3, "dist": 0.014314131747538488, "type": "REF_SYM", "part_b": 2, "params": [-0.3980367183685303, -0.5483446717262268, 0.11550436913967133, -0.00039264015504159033, -0.00704180309548974, 0.9999751448631287]}, {"part_a": 3, "dist": 0.013025142101254309, "type": "TRANS_SYM", "part_b": 2,