{"id": 0, "label": "chair", "box": [0.005263317376375198, 0.007005671039223671, 0.07860832661390305, 1.6774159669876099, 1.5282117128372192, 1.3961842060089111, 0.9986084699630737, 0.01439664326608181, -0.0507330447435379, -0.013961304910480976, 0.9998627305030823, 0.008924930356442928], "children": [{"id": 1, "label": "chair_back", "box": [-0.04739807918667793, 0.3430527150630951, -0.3556368350982666, 1.511815071105957, 0.9420010447502136, 0.5571809411048889, 0.9997088313102722, -0.01644139550626278, 0.01766197942197323, 0.019852519035339355, 0.9764775633811951, -0.2147032618522644], "children": [{"id": 2, "label": "back_surface", "box": [-0.009849688038229942, 0.3865244686603546, -0.4349723756313324, 1.5504558086395264, 0.9303057789802551, 0.5699771642684937, 0.9998437762260437, -0.009578382596373558, 0.014857846312224865, 0.0120456013828516, 0.9843086004257202, -0.17604413628578186], "children": [{"id": 3, "label": "back_single_surface", "box": [0.0014176694676280022, 0.3122791349887848, -0.40079012513160706, 1.4700627326965332, 0.8569363355636597, 0.4582943022251129, 0.9997117519378662, 0.019679011777043343, 0.013753351755440235, -0.017719097435474396, 0.991299569606781, -0.13042691349983215]}]}]}, {"id": 4, "label": "chair_seat", "box": [0.01363379042595625, 0.0651991218328476, 0.1964138299226761, 1.5954868793487549, 0.47916585206985474, 1.2148158550262451, 0.999691903591156, -0.008087487891316414, -0.02346711792051792, 0.008441290818154812, 0.999851644039154, 0.01501680538058281], "children": [{"id": 5, "label": "seat_surface", "box": [-0.00827906932681799, 0.07762452214956284, 0.24606011807918549, 1.390952467918396, 0.33990511298179626, 1.0784227848052979, 0.9997379779815674, -0.007982207462191582, -0.02145499736070633, 0.009053497575223446, 0.9986927509307861, 0.050307754427194595], "children": [{"id": 6, "label": "seat_single_surface", "box": [0.01342654787003994, 0.003556177020072937, 0.20710520446300507, 1.3710696697235107, 0.3760526180267334, 1.1327861547470093, 0.9999697208404541, -0.004002852831035852, -0.006673593074083328, 0.004490633960813284, 0.997191846370697, 0.07475512474775314]}]}]}, {"id": 7, "label": "chair_base", "box": [-0.014261709526181221, -0.6466151475906372, 0.07113990932703018, 0.9059668779373169, 0.7609220147132874, 1.0172045230865479, 0.9943126440048218, -0.09059937298297882, -0.05598372966051102, 0.09528355300426483, 0.9915879368782043, 0.0876038521528244], "children": [{"id": 8, "label": "pedestal_base", "box": [-0.012749949470162392, -0.6273382902145386, 0.10998020321130753, 0.9407808780670166, 0.5988754034042358, 0.9415774941444397, 0.9940338134765625, -0.10862570255994797, 0.009861721657216549, 0.1046082004904747, 0.9750464558601379, 0.19580987095832825], "children": [{"id": 10, "label": "pedestal", "box": [0.033287543803453445, -0.7628422379493713, 0.1153678223490715, 1.0022722482681274, 0.09292497485876083, 0.9807620644569397, 0.996195912361145, 0.004375557880848646, 0.08703204244375229, -0.005493150558322668, 0.9999054670333862, 0.012605814263224602]}, {"id": 9, "label": "central_support", "box": [-0.0032863945234566927, -0.4488193094730377, 0.08853328973054886, 0.14929352700710297, 0.5518433451652527, 0.211050346493721, 0.998314380645752, 0.0026630335487425327, -0.05797679349780083, -0.004104305990040302, 0.9996851086616516, -0.024754608049988747]}], "edges": [{"part_a": 0, "part_b": 1, "type": "ADJ"}, {"part_a": 1, "part_b": 0, "type": "ADJ"}]}]}], "edges": [{"part_a": 0, "part_b": 1, "type": "ADJ"}, {"part_a": 1, "part_b": 0, "type": "ADJ"}, {"part_a": 1, "part_b": 2, "type": "ADJ"}, {"part_a": 2, "part_b": 1, "type": "ADJ"}]}