{"id": 0, "label": "chair", "box": [-0.005327271297574043, -0.024701574817299843, 0.06566435843706131, 0.9124886989593506, 0.9889594912528992, 1.5190322399139404, 1.0, -8.153770068020094e-07, -1.0523158380237874e-05, 1.0548706086410675e-05, 0.04361170902848244, 0.9990485310554504], "children": [{"id": 1, "label": "chair_back", "box": [-0.006000866182148457, 0.32244011759757996, -0.17073789238929749, 0.07324843108654022, 0.8970316052436829, 0.9513840079307556, -6.39745792341273e-07, -0.5710615515708923, -0.8209072351455688, -1.0, -8.079205872491002e-05, 5.698206223314628e-05], "children": [{"id": 2, "label": "back_surface", "box": [-0.006980233825743198, 0.5232173800468445, -0.28162896633148193, 0.026328783482313156, 0.3631499111652374, 0.7775747776031494, 0.003040945390239358, -0.5691297054290771, -0.8222421407699585, 0.0002473258937243372, -0.8222454786300659, 0.5691329836845398], "children": [{"id": 3, "label": "back_single_surface", "box": [-0.006980233825743198, 0.5232173800468445, -0.28162896633148193, 0.026328783482313156, 0.3631499111652374, 0.7775747776031494, 0.003040945390239358, -0.5691297054290771, -0.8222421407699585, 0.0002473258937243372, -0.8222454786300659, 0.5691329836845398]}]}, {"id": 4, "label": "back_frame", "box": [-0.005911762360483408, 0.3186338245868683, -0.1760111004114151, 0.060451146215200424, 0.8970400094985962, 0.9516621828079224, -0.0005381350638344884, -0.570799708366394, -0.8210891485214233, -0.9999995827674866, -0.0003099716268479824, 0.00087087566498667], "children": [{"id": 5, "label": "back_holistic_frame", "box": [-0.005911762360483408, 0.3186338245868683, -0.1760111004114151, 0.060451146215200424, 0.8970400094985962, 0.9516621828079224, -0.0005381350638344884, -0.570799708366394, -0.8210891485214233, -0.9999995827674866, -0.0003099716268479824, 0.00087087566498667]}]}], "edges": [{"type": "ADJ", "part_b": 0, "dist": 0.012473412871345358, "part_a": 1}]}, {"id": 6, "label": "chair_seat", "box": [-0.001783996820449829, -0.02728000096976757, 0.1339550018310547, 0.1166519969701767, 0.8352140188217163, 0.8352140188217163, 1.2246468525851679e-16, 1.0, 0.0, 1.0, -1.2246468525851679e-16, 0.0], "children": [{"id": 7, "label": "seat_surface", "box": [-0.001783996820449829, 0.017125500366091728, 0.1339550018310547, 0.027840999886393547, 0.7238519787788391, 0.7238519787788391, 1.2246468525851679e-16, 1.0, 0.0, 1.0, -1.2246468525851679e-16, 0.0], "children": [{"id": 8, "label": "seat_single_surface", "box": [-0.001783996820449829, 0.017125500366091728, 0.1339550018310547, 0.027840999886393547, 0.7238519787788391, 0.7238519787788391, 1.2246468525851679e-16, 1.0, 0.0, 1.0, -1.2246468525851679e-16, 0.0]}]}, {"id": 9, "label": "seat_support", "box": [-0.001783996820449829, -0.03683299943804741, 0.1339550018310547, 0.09754600375890732, 0.8352140188217163, 0.8352140188217163, 1.2246468525851679e-16, 1.0, 0.0, 1.0, -1.2246468525851679e-16, 0.0]}], "edges": [{"type": "ADJ", "part_b": 0, "dist": 0.010977283204611379, "part_a": 1}]}, {"id": 10, "label": "chair_base", "box": [-0.005327507853507996, -0.4093940258026123, 0.18251340091228485, 0.912479043006897, 0.9523653984069824, 0.9552943706512451, -1.0, 1.53235433468575e-16, 5.750983796686766e-17, 1.6290169405330226e-16, 0.9658769965171814, 0.2590012848377228], "children": [{"id": 11, "label": "regular_leg_base", "box": [-0.005327507853507996, -0.4093940258026123, 0.18251340091228485, 0.912479043006897, 0.9523653984069824, 0.9552943706512451, -1.0, 1.53235433468575e-16, 5.750983796686766e-17, 1.6290169405330226e-16, 0.9658769965171814, 0.2590012848377228], "children": [{"id": 12, "label": "leg", "box": [0.4107728600502014, -0.39357462525367737, 0.3249981105327606, 0.07287739217281342, 0.0738673284649849, 0.8639875054359436, 0.963701605796814, -0.1452563852071762, -0.22400854527950287, -0.26690173149108887, -0.5447001457214355, -0.7950252890586853]}, {"id": 13, "label": "leg", "box": [-0.4266754686832428, -0.40126410126686096, 0.3202086389064789, 0.07280786335468292, 0.07363250851631165, 0.8559953570365906, -0.9710325002670288, -0.14243972301483154, -0.19185087084770203, -0.23889842629432678, 0.562481164932251, 0.7915443778038025]}, {"id": 14, "label": "leg", "box": [0.41524678468704224, -0.2940899431705475, -0.24842914938926697, 0.07285258919000626, 0.07287067919969559, 0.9521961808204651, -0.8386680483818054, -0.13355129957199097, 0.52801513671875, -0.5446389317512512, 0.2093728631734848, -0.8121154308319092]}, {"id": 15, "label": "leg", "box": [-0.4233555197715759, -0.2852439284324646, -0.24516388773918152, 0.07285314798355103, 0.07287034392356873, 0.933448851108551, -0.9510374069213867, -0.07482360303401947, 0.29988202452659607, -0.3090686500072479, 0.23680031299591064, -0.9210875034332275]}, {"id": 16, "label": "bar_stretcher", "box": [-0.0038474947214126587, -0.22919699549674988, -0.22762100398540497, 0.03265691548585892, 0.03265691548585892, 0.8540569543838501, -1.0168173928089746e-17, 0.16605888307094574, -0.9861158132553101, 1.2331484163976409e-16, 0.9861158132553101, 0.16605888307094574]}, {"id": 17, "label": "bar_stretcher", "box": [-0.00793050229549408, -0.42150449752807617, -0.2779634892940521, 0.03265637531876564, 0.03265640512108803, 0.8540569543838501, 5.811091041334054e-18, 0.9954866170883179, -0.09490232169628143, 6.095597166043708e-17, -0.09490232169628143, -0.9954866170883179]}, {"id": 18, "label": "bar_stretcher", "box": [-0.00793050229549408, -0.42150449752807617, 0.33664149045944214, 0.03265637531876564, 0.03265640512108803, 0.8540569543838501, -5.811091041334054e-18, -0.9954866170883179, 0.09490232169628143, -6.095597166043708e-17, 0.09490232169628143, 0.9954866170883179]}], "edges": [{"type": "ADJ", "part_b": 2, "dist": 0.005213792800395341, "part_a": 4}, {"type": "ADJ", "part_b": 3, "dist": 0.0066494603354645895, "part_a": 4}, {"type": "ADJ", "part_b": 2, "dist": 0.0026596801484386028, "part_a": 5}, {"type": "ADJ", "part_b": 3, "dist": 0.009400194547764758, "part_a": 5}, {"type": "ADJ", "part_b": 0, "dist": 0.005077167959629546, "part_a": 6}, {"type": "ADJ", "part_b": 1, "dist": 0.00808811980166272, "part_a": 6}, {"type": "REF_SYM", "part_b": 4, "dist": 0.02157595117931703, "params": [-0.008926782757043839, -0.32535284757614136, -0.2528151273727417, 0.030451778322458267, 0.9663020968437195, 0.25560295581817627], "part_a": 5}, {"type": "TRANS_SYM", "part_b": 4, "dist": 0.009054002909244113, "params": [0.006070554722100496, 0.19263209402561188, 0.050954386591911316], "part_a": 5}, {"type": "ROT_SYM", "part_b": 4, "dist": 0.010005271041234507, "params": [-0.00895177386701107, -0.3289589583873749, -0.23917551338672638, 0.9999875426292419, 0.0038561050314456224, 0.0031748139299452305, 2.8602046966552734], "part_a": 5}, {"type": "REF_SYM", "part_b": 4, "dist": 0.009393803658050055, "params": [-0.006647818256169558, -0.3253431022167206, 0.05455204099416733, 0.0025389150250703096, 0.3232967257499695, -0.9462941884994507], "part_a": 6}, {"type": "TRANS_SYM", "part_b": 4, "dist": 0.009022198104284503, "params": [0.0015126261860132217, 0.1926126331090927, -0.5637799501419067], "part_a": 6}, {"type": "ROT_SYM", "part_b": 4, "dist": 0.009483864396660178, "params": [-0.015726007521152496, 3.3351023197174072, 1.313586950302124, 0.999991238117218, 0.002321274485439062, 0.0034791382495313883, 0.15360690653324127], "part_a": 6}, {"type": "REF_SYM", "part_b": 5, "dist": 0.01086390506812091, "params": [-0.00968309585005045, -0.4216591715812683, 0.02907484769821167, -0.007414264604449272, -3.16565710818395e-05, -0.9999724626541138], "part_a": 6}, {"type": "TRANS_SYM", "part_b": 5, "dist": 0.008957190787047372, "params": [-0.0045579285360872746, -1.946091651916504e-05, -0.6147343516349792], "part_a": 6}, {"type": "ROT_SYM", "part_b": 5, "dist": 0.010843108046054458, "params": [-0.015264410525560379, 0.9829352498054504, 0.02160750702023506, 0.9999712705612183, -0.0015366486040875316, -0.007414237596094608, 0.43087103962898254], "part_a": 6}, {"type": "REF_SYM", "part_b": 0,