{"id": 0, "label": "chair", "box": [-0.008707324042916298, -0.0760563388466835, 0.06905528157949448, 0.8227803707122803, 1.5105873346328735, 0.885228157043457, 0.9999588131904602, -0.0020503366831690073, 0.008838649839162827, 0.002311863237991929, 0.9995567202568054, -0.029681045562028885], "children": [{"id": 1, "label": "chair_back", "box": [-0.0058801257982850075, 0.3156963288784027, -0.24594075977802277, 0.712464451789856, 0.7626351714134216, 0.13833734393119812, 0.9999996423721313, -0.0008629564545117319, -0.0001688399352133274, 0.0008150225039571524, 0.9817060232162476, -0.19040128588676453], "children": [{"id": 2, "label": "back_surface", "box": [-8.005276322364807e-05, 0.376644492149353, -0.2605617046356201, 0.7708510160446167, 0.6240988373756409, 0.16223415732383728, 0.9999763369560242, -0.0012145384680479765, 0.006774344481527805, 0.002511049620807171, 0.980837345123291, -0.19481226801872253], "children": [{"id": 3, "label": "back_single_surface", "box": [-0.0008212288958020508, 0.38306641578674316, -0.26402074098587036, 0.8036888241767883, 0.6210577487945557, 0.1533011496067047, 0.9999783635139465, 0.0011963744182139635, -0.006471272092312574, -0.00225872197188437, 0.9859974980354309, -0.16674476861953735]}]}, {"id": 0, "label": "back_surface", "box": [-0.01985722780227661, 0.3284531533718109, -0.28991010785102844, 0.691689133644104, 0.7291830778121948, 0.12264879047870636, 0.9999703764915466, 0.0036820177920162678, 0.006758471950888634, -0.0021686034742742777, 0.9773538708686829, -0.2116003781557083], "children": [{"id": 0, "label": "back_single_surface", "box": [0.0063020591624081135, 0.3150283694267273, -0.28747832775115967, 0.7218471169471741, 0.7225010991096497, 0.11783148348331451, 0.9998571276664734, 0.006899828091263771, 0.015429661609232426, -0.0036818338558077812, 0.9798721075057983, -0.19959227740764618]}]}], "edges": [{"part_a": 0, "part_b": 1, "type": "ADJ"}, {"part_a": 1, "part_b": 0, "type": "ADJ"}]}, {"id": 6, "label": "chair_seat", "box": [0.0014466670108959079, -0.010326903313398361, 0.11794939637184143, 0.801384449005127, 0.14853355288505554, 0.745992124080658, 0.9999919533729553, 0.003942472394555807, 0.0007529138820245862, -0.003947389777749777, 0.9999701380729675, 0.006645136512815952], "children": [{"id": 9, "label": "seat_support", "box": [-0.0018977015279233456, -0.04746513441205025, 0.11817865818738937, 0.7629578113555908, 0.11744251847267151, 0.748662531375885, 0.9999681115150452, 0.00781936477869749, 0.0016365227056667209, -0.007817918434739113, 0.9999690651893616, -0.0008883332484401762]}, {"id": 7, "label": "seat_surface", "box": [0.008476883172988892, 0.02626977488398552, 0.12321342527866364, 0.7638059258460999, 0.10874442011117935, 0.7453417778015137, 0.9999852180480957, 0.00035258111893199384, 0.005424576345831156, -0.00031181794474832714, 0.9999717473983765, -0.007513545919209719], "children": [{"id": 8, "label": "seat_single_surface", "box": [0.004559207707643509, 0.015381223522126675, 0.12383483350276947, 0.7545444965362549, 0.0976455882191658, 0.7541263103485107, 0.9999821186065674, -0.002638855017721653, -0.005373247433453798, 0.0027123468462377787, 0.9999022483825684, 0.013716338202357292]}]}], "edges": [{"part_a": 0, "part_b": 1, "type": "ADJ"}, {"part_a": 1, "part_b": 0, "type": "ADJ"}]}, {"id": 10, "label": "chair_base", "box": [-0.005942120216786861, -0.3934585154056549, 0.06949753314256668, 0.753620445728302, 0.8391539454460144, 0.8005767464637756, 0.999958336353302, 0.0027156020514667034, -0.00871718768030405, -0.0026652186643332243, 0.9999797344207764, 0.005786199122667313], "children": [{"id": 11, "label": "regular_leg_base", "box": [-0.0009954177075996995, -0.39998647570610046, 0.06379401683807373, 0.7715153098106384, 0.8239015340805054, 0.7830331325531006, 0.9999836087226868, -0.0008165437029674649, -0.005668495316058397, 0.0008245552307926118, 0.9999986886978149, 0.0014111505588516593], "children": [{"id": 18, "label": "bar_stretcher", "box": [0.0020779247861355543, -0.359324187040329, 0.43827852606773376, 0.604787290096283, 0.12458587437868118, 0.08759146928787231, 0.999975323677063, 0.007022317033261061, 0.00019798430730588734, -0.007020291872322559, 0.9999362826347351, -0.008842267096042633]}, {"id": 0, "label": "bar_stretcher", "box": [0.31870415806770325, -0.4577530026435852, 0.07528194040060043, 0.09740877896547318, 0.12043829262256622, 0.6245181560516357, 0.9998281002044678, -0.006270506419241428, -0.017451871186494827, 0.00647642370313406, 0.9999098181724548, 0.011767753399908543]}, {"id": 15, "label": "leg", "box": [-0.3308332860469818, -0.4189717173576355, -0.2428128719329834, 0.08175498992204666, 0.7828272581100464, 0.10444177687168121, 0.9994770884513855, -0.019780663773417473, -0.02557837963104248, 0.021744465455412865, 0.9966432452201843, 0.0789271742105484]}, {"id": 13, "label": "leg", "box": [-0.3340216875076294, -0.39765310287475586, 0.41162142157554626, 0.09451789408922195, 0.7714909911155701, 0.10658691823482513, 0.9997401833534241, -0.017630714923143387, 0.01444790605455637, 0.017943939194083214, 0.999600350856781, -0.02184452675282955]}, {"id": 17, "label": "bar_stretcher", "box": [-0.31824687123298645, -0.4949803054332733, 0.0741710364818573, 0.10826710611581802, 0.12794466316699982, 0.625611424446106, 0.9997668862342834, 0.018409935757517815, 0.011279028840363026, -0.018510548397898674, 0.9997892379760742, 0.008881798014044762]}, {"id": 14, "label": "leg", "box": [0.3180481791496277, -0.4181918501853943, -0.245023712515831, 0.09019633382558823, 0.7646154165267944, 0.0980401262640953, 0.9983389377593994, 0.020328789949417114, 0.05390862375497818, -0.024643583223223686, 0.996440052986145, 0.0806221067905426]}, {"id": 16, "label": "bar_stretcher", "box": [0.0038218051195144653, -0.38088732957839966, -0.23415184020996094, 0.5863124132156372, 0.11904816329479218, 0.11136811226606369, 0.9999997019767761, 0.00016893717111088336, -0.0007987305871210992, -0.00013506242248695344, 0.9991082549095154, 0.04222215339541435]}, {"id": 12, "label": "leg", "box": [0.33602678775787354, -0.41239339113235474, 0.4125733971595764, 0.08820214867591858, 0.769755482673645, 0.09107337146997452, 0.9997202157974243, 0.018293282017111778, 0.014994973316788673, -0.017781078815460205, 0.9992769360542297, -0.03360806405544281]}], "edges": [{"part_a": 0, "part_b": 3, "type": "ADJ"}, {"part_a": 0, "part_b": 6, "type": "ROT_SYM"}, {"part_a": 0, "part_b": 6, "type": "TRANS_SYM"}, {"part_a": 0, "part_b": 6, "type": "REF_SYM"}, {"part_a": 0, "part_b": 7, "type": "ADJ"}, {"part_a": 1, "part_b": 4, "type": "ROT_SYM"}, {"part_a": 1, "part_b": 4, "type": "TRANS_SYM"}, {"part_a": 1, "part_b": 4, "type": "REF_SYM"}, {"part_a": 1, "part_b": 5, "type": "ADJ"}, {"part_a": 1, "part_b": 7, "type": "ADJ"}, {"part_a": 2, "part_b": 3, "type": "ROT_SYM"}, {"part_a": 2, "part_b": 3, "type": "TRANS_SYM"}, {"part_a": 2, "part_b": 3, "type": "REF_SYM"}, {"part_a": 2, "part_b": 4, "type": "ADJ"}, {"part_a": 2, "part_b": 5, "type": "ROT_SYM"}, {"part_a": 2, "part_b": 5, "type": "TRANS_SYM"}, {"part_a": 2, "part_b": 5, "type": "REF_SYM"}, {"part_a": 2, "part_b": 6, "type": "ADJ"}, {"part_a": 2, "part_b": 7, "type": "ROT_SYM"}, {"part_a": 2, "part_b": 7, "type": "TRANS_SYM"}, {"part_a": 2, "part_b": 7, "type": "REF_SYM"}, {"part_a": 3, "part_b": 0, "type": "ADJ"}, {"part_a": 3, "part_b": 2, "type": "ROT_SYM"}, {"part_a": 3, "part_b": 2, "type": "TRANS_SYM"}, {"part_a": 3, "part_b": 2, "type": "REF_SYM"}, {"part_a": 3, "part_b": 4, "type": "ADJ"}, {"part_a": 3, "part_b": 5, "type": "ROT_SYM"}, {"part_a": 3, "part_b": 5, "type": "TRANS_SYM"}, {"part_a": 3, "part_b": 5, "type": "REF_SYM"}, {"part_a": 3, "part_b": 7, "type": "ROT_SYM"}, {"part_a": 3, "part_b": 7, "type": "TRANS_SYM"}, {"part_a": 3, "part_b": 7, "type": "REF_SYM"}, {"part_a": 4, "part_b": 1, "type": "ROT_SYM"}, {"part_a": 4, "part_b": 1, "type": "TRANS_SYM"}, {"part_a": 4, "part_b": 1, "type": "REF_SYM"}, {"part_a": 4, "part_b": 2, "type": "ADJ"}, {"part_a": 4,