{"id": 0, "label": "chair", "box": [-0.006683569401502609, 0.022523866966366768, -0.1637839376926422, 0.8616147041320801, 1.014039158821106, 1.546537160873413, 0.9981598854064941, 0.000300219573546201, -0.060636091977357864, 0.03417009487748146, 0.8233070969581604, 0.5665667057037354], "children": [{"id": 1, "label": "chair_back", "box": [-0.015642832964658737, 0.47629687190055847, -0.43569448590278625, 0.1896834820508957, 0.64369136095047, 0.7964988350868225, -0.0061892252415418625, -0.3789791166782379, -0.925384521484375, 0.9998316764831543, 0.013637067750096321, -0.012272031046450138], "children": [{"id": 2, "label": "back_surface", "box": [-0.015642832964658737, 0.47629687190055847, -0.43569448590278625, 0.1896834820508957, 0.64369136095047, 0.7964988350868225, -0.0061892252415418625, -0.3789791166782379, -0.925384521484375, 0.9998316764831543, 0.013637067750096321, -0.012272031046450138], "children": [{"id": 3, "label": "back_single_surface", "box": [-0.015642832964658737, 0.47629687190055847, -0.43569448590278625, 0.1896834820508957, 0.64369136095047, 0.7964988350868225, -0.0061892252415418625, -0.3789791166782379, -0.925384521484375, 0.9998316764831543, 0.013637067750096321, -0.012272031046450138]}]}]}, {"id": 4, "label": "chair_seat", "box": [0.02118588238954544, 0.12017855048179626, 0.22563786804676056, 0.31896668672561646, 0.8609961867332458, 0.9780035614967346, 0.02103268913924694, 0.9369683861732483, 0.3487806022167206, -0.9986163377761841, 0.0028706276789307594, 0.052508365362882614], "children": [{"id": 5, "label": "seat_surface", "box": [0.02118588238954544, 0.12017855048179626, 0.22563786804676056, 0.31896668672561646, 0.8609961867332458, 0.9780035614967346, 0.02103268913924694, 0.9369683861732483, 0.3487806022167206, -0.9986163377761841, 0.0028706276789307594, 0.052508365362882614], "children": [{"id": 6, "label": "seat_single_surface", "box": [0.02118588238954544, 0.12017855048179626, 0.22563786804676056, 0.31896668672561646, 0.8609961867332458, 0.9780035614967346, 0.02103268913924694, 0.9369683861732483, 0.3487806022167206, -0.9986163377761841, 0.0028706276789307594, 0.052508365362882614]}]}]}, {"id": 7, "label": "chair_base", "box": [0.009640461765229702, -0.18911750614643097, -0.04325835406780243, 0.5345565676689148, 0.864658772945404, 1.2941961288452148, 0.01091139204800129, -0.9632865786552429, -0.26825350522994995, -0.9986035227775574, -0.024365287274122238, 0.04687580466270447]}], "edges": [{"part_a": 1, "dist": 0.011814970258678042, "type": "ADJ", "part_b": 0}, {"part_a": 2, "dist": 0.015911970127447946, "type": "ADJ", "part_b": 0}, {"part_a": 2, "dist": 0.012286886512738081, "type": "ADJ", "part_b": 1}]}