{"id": 0, "label": "chair", "box": [0.0003489740192890167, -0.002952019916847348, 0.046000368893146515, 0.8118215203285217, 1.5636965036392212, 0.8454009294509888, 0.9999669194221497, 0.0027065302710980177, 0.007671486586332321, -0.0025926430243998766, 0.9998868703842163, -0.01481679454445839], "children": [{"id": 1, "label": "chair_back", "box": [0.001340382848866284, 0.37987133860588074, -0.26904842257499695, 0.6676271557807922, 0.8340762853622437, 0.11442705243825912, 0.9999881386756897, -0.00018334724882151932, 0.004868279676884413, 0.0005814936594106257, 0.9966396689414978, -0.0819089487195015], "children": [{"id": 0, "label": "back_surface", "box": [0.006842887494713068, 0.45228487253189087, -0.26344889402389526, 0.5035913586616516, 0.4481523931026459, 0.07274313271045685, 0.9999826550483704, -0.005733527708798647, 0.0013768223579972982, 0.0058356295339763165, 0.9957694411277771, -0.09170150756835938], "children": [{"id": 0, "label": "back_surface_horizontal_bar", "box": [0.00025601498782634735, 0.3486572504043579, -0.2628816068172455, 0.46288228034973145, 0.20266839861869812, 0.05198991671204567, 0.9999942183494568, -0.0009394779335707426, -0.0032751697581261396, 0.0007389697129838169, 0.9981561899185181, -0.060693129897117615]}, {"id": 0, "label": "back_surface_horizontal_bar", "box": [0.0038234423846006393, 0.4284619092941284, -0.2298152595758438, 0.5454773306846619, 0.13758961856365204, 0.10920218378305435, 0.9999367594718933, -0.007028997875750065, -0.008777223527431488, 0.00689771817997098, 0.9998652338981628, -0.014898567460477352]}]}, {"id": 2, "label": "back_frame", "box": [-0.002459923503920436, 0.41921713948249817, -0.26555371284484863, 0.7348434329032898, 0.8500784635543823, 0.1202874481678009, 0.9999983906745911, 0.0004902724176645279, 0.001738054445013404, -0.0003170623385813087, 0.9951575994491577, -0.09829181432723999], "children": [{"id": 3, "label": "back_frame_vertical_bar", "box": [0.28384578227996826, 0.40668532252311707, -0.2638538181781769, 0.1296742856502533, 0.8554758429527283, 0.1003943681716919, 0.9992908835411072, 0.0026417281478643417, 0.037561364471912384, 0.00010459677287144586, 0.9973373413085938, -0.07292644679546356]}, {"id": 4, "label": "back_frame_vertical_bar", "box": [-0.279905766248703, 0.41941139101982117, -0.266185462474823, 0.10525237768888474, 0.8441507816314697, 0.0936165452003479, 0.9990771412849426, -0.007088165730237961, -0.04236380383372307, 0.00446447916328907, 0.9980841875076294, -0.06170898303389549]}, {"id": 6, "label": "back_frame_horizontal_bar", "box": [0.005583285819739103, 0.7868486046791077, -0.2743488550186157, 0.5532833933830261, 0.15870152413845062, 0.09224755316972733, 0.9999401569366455, 0.004038987681269646, -0.010167709551751614, -0.004432163666933775, 0.9992313981056213, -0.03894830867648125]}], "edges": [{"part_a": 0, "part_b": 1, "type": "ROT_SYM"}, {"part_a": 0, "part_b": 1, "type": "TRANS_SYM"}, {"part_a": 0, "part_b": 1, "type": "REF_SYM"}, {"part_a": 0, "part_b": 2, "type": "ADJ"}, {"part_a": 1, "part_b": 0, "type": "ROT_SYM"}, {"part_a": 1, "part_b": 0, "type": "TRANS_SYM"}, {"part_a": 1, "part_b": 0, "type": "REF_SYM"}, {"part_a": 1, "part_b": 2, "type": "ADJ"}, {"part_a": 2, "part_b": 0, "type": "ADJ"}, {"part_a": 2, "part_b": 1, "type": "ADJ"}]}], "edges": [{"part_a": 0, "part_b": 1, "type": "ADJ"}, {"part_a": 1, "part_b": 0, "type": "ADJ"}]}, {"id": 7, "label": "chair_seat", "box": [-0.004421028308570385, -0.029953204095363617, 0.09763698279857635, 0.7231545448303223, 0.14346355199813843, 0.760600209236145, 0.9999182820320129, 0.0017339062178507447, -0.012666928581893444, -0.0014811827568337321, 0.9998002052307129, 0.019933652132749557], "children": [{"id": 10, "label": "seat_frame", "box": [0.004818549379706383, -0.043582454323768616, 0.08812218904495239, 0.7370474338531494, 0.11867518723011017, 0.7369680404663086, 0.9999914765357971, 0.0032015356700867414, -0.00261330115608871, -0.0032054700423032045, 0.9999937415122986, -0.0015027109766378999], "children": [{"id": 12, "label": "seat_frame_bar", "box": [0.319532185792923, -0.054382581263780594, 0.0930391326546669, 0.10667242854833603, 0.1064780056476593, 0.5899729132652283, 0.9990746974945068, 0.0227542482316494, -0.036497194319963455, -0.022639980539679527, 0.9997374415397644, 0.0035411748103797436]}, {"id": 0, "label": "seat_frame_bar", "box": [0.004868608433753252, -0.049857959151268005, -0.23571932315826416, 0.552186906337738, 0.10291033238172531, 0.11821281164884567, 0.9999481439590454, 0.01017474289983511, 0.0004392800619825721, -0.010184159502387047, 0.998862087726593, 0.04659179970622063]}, {"id": 11, "label": "seat_frame_bar", "box": [-0.0008164307218976319, -0.04778822883963585, 0.4066658914089203, 0.5658115744590759, 0.10940265655517578, 0.10643512010574341, 0.9999119639396667, -0.003022046759724617, -0.012922847643494606, 0.0028392954263836145, 0.9998960494995117, -0.01413674745708704]}, {"id": 13, "label": "seat_frame_bar", "box": [-0.3163696527481079, -0.033382292836904526, 0.09136977046728134, 0.10654326528310776, 0.10528717190027237, 0.568457305431366, 0.9989280104637146, -0.03349165990948677, 0.03195562586188316, 0.03305552154779434, 0.999354362487793, 0.01408056914806366]}], "edges": [{"part_a": 0, "part_b": 1, "type": "ADJ"}, {"part_a": 0, "part_b": 1, "type": "ROT_SYM"}, {"part_a": 0, "part_b": 1, "type": "REF_SYM"}, {"part_a": 0, "part_b": 2, "type": "ADJ"}, {"part_a": 0, "part_b": 2, "type": "ROT_SYM"}, {"part_a": 0, "part_b": 2, "type": "REF_SYM"}, {"part_a": 0, "part_b": 3, "type": "ROT_SYM"}, {"part_a": 0, "part_b": 3, "type": "TRANS_SYM"}, {"part_a": 0, "part_b": 3, "type": "REF_SYM"}, {"part_a": 1, "part_b": 0, "type": "ADJ"}, {"part_a": 1, "part_b": 0, "type": "ROT_SYM"}, {"part_a": 1, "part_b": 2, "type": "ROT_SYM"}, {"part_a": 1, "part_b": 2, "type": "TRANS_SYM"}, {"part_a": 1, "part_b": 2, "type": "REF_SYM"}, {"part_a": 1, "part_b": 3, "type": "ADJ"}, {"part_a": 1, "part_b": 3, "type": "ROT_SYM"}, {"part_a": 1, "part_b": 3, "type": "REF_SYM"}, {"part_a": 2, "part_b": 0, "type": "ADJ"}, {"part_a": 2, "part_b": 0, "type": "ROT_SYM"}, {"part_a": 2, "part_b": 0, "type": "REF_SYM"}, {"part_a": 2, "part_b": 1, "type": "ROT_SYM"}, {"part_a": 2, "part_b": 1, "type": "TRANS_SYM"}, {"part_a": 2, "part_b": 1, "type": "REF_SYM"}, {"part_a": 2, "part_b": 3, "type": "ADJ"}, {"part_a": 2, "part_b": 3, "type": "ROT_SYM"}, {"part_a": 2, "part_b": 3, "type": "REF_SYM"}, {"part_a": 3, "part_b": 0, "type": "ROT_SYM"}, {"part_a": 3, "part_b": 0, "type": "TRANS_SYM"}, {"part_a": 3, "part_b": 0, "type": "REF_SYM"}, {"part_a": 3, "part_b": 1, "type": "ADJ"}, {"part_a": 3, "part_b": 1, "type": "ROT_SYM"}, {"part_a": 3, "part_b": 2, "type": "ADJ"}, {"part_a": 3, "part_b": 2, "type": "ROT_SYM"}, {"part_a": 3, "part_b": 2, "type": "REF_SYM"}]}, {"id": 8, "label": "seat_surface", "box": [0.006536039523780346, 0.0040805586613714695, 0.10715123265981674, 0.7120225429534912, 0.06051793694496155, 0.7014263868331909, 0.9999573826789856, -0.002324157627299428, 0.008934098295867443, 0.002312467433512211, 0.9999964833259583, 0.0013185982825234532], "children": [{"id": 9, "label": "seat_single_surface", "box": [-0.004242720548063517, -0.0021464754827320576, 0.10506504029035568, 0.7149511575698853, 0.07974576205015182, 0.6986265778541565, 0.9999984502792358, -0.0008644626359455287, 0.0015457771951332688, 0.0008655229466967285, 0.9999994039535522, -0.0006853954982943833]}]}], "edges": [{"part_a": 0, "part_b": 1, "type": "ADJ"}, {"part_a": 1, "part_b": 0, "type": "ADJ"}]}, {"id": 14, "label": "chair_base", "box": [0.0016880130860954523, -0.41331321001052856, 0.06990954279899597, 0.7805085778236389, 0.773118793964386, 0.8368478417396545, 0.9999964237213135, 0.0020946767181158066, 0.0016867362428456545, -0.002084578387439251, 0.9999800324440002, -0.005966452416032553], "children": [{"id": 15, "label": "regular_leg_base",