{"id": 0, "label": "chair", "box": [-0.0051122731529176235, -0.0550471730530262, 0.13021434843540192, 0.8347903490066528, 0.8843736052513123, 1.514478087425232, -0.9999997615814209, -2.7887461328646168e-05, -0.0007193178171291947, -0.0007196143269538879, 0.06473445147275925, 0.9979022741317749], "children": [{"id": 1, "label": "chair_back", "box": [-0.005041102878749371, 0.33335283398628235, -0.303737610578537, 0.06017329543828964, 0.6831365823745728, 0.8343072533607483, -0.00032346273656003177, -0.0773230493068695, -0.9970060586929321, 6.511811989184935e-06, -0.9970061182975769, 0.0773230493068695], "children": [{"id": 2, "label": "back_surface", "box": [-0.005041102878749371, 0.33335283398628235, -0.303737610578537, 0.06017329543828964, 0.6831365823745728, 0.8343072533607483, -0.00032346273656003177, -0.0773230493068695, -0.9970060586929321, 6.511811989184935e-06, -0.9970061182975769, 0.0773230493068695], "children": [{"id": 3, "label": "back_single_surface", "box": [-0.005041102878749371, 0.33335283398628235, -0.303737610578537, 0.06017329543828964, 0.6831365823745728, 0.8343072533607483, -0.00032346273656003177, -0.0773230493068695, -0.9970060586929321, 6.511811989184935e-06, -0.9970061182975769, 0.0773230493068695]}]}]}, {"id": 4, "label": "chair_seat", "box": [-0.005169746000319719, -0.06902933865785599, 0.1363641619682312, 0.1285434514284134, 0.8344185948371887, 0.8827320337295532, -0.003673845436424017, -0.9989420771598816, -0.045838966965675354, -0.9999932646751404, 0.0036754170432686806, 4.999710654374212e-05], "children": [{"id": 5, "label": "seat_surface", "box": [-0.005134113132953644, -0.06812965124845505, 0.13641592860221863, 0.1257033497095108, 0.8361719250679016, 0.8847597241401672, -2.4660537292220397e-06, -0.998841404914856, -0.04812363535165787, -0.9999968409538269, 0.00012320672976784408, -0.0025060023181140423], "children": [{"id": 6, "label": "seat_single_surface", "box": [-0.005134113132953644, -0.06812965124845505, 0.13641592860221863, 0.1257033497095108, 0.8361719250679016, 0.8847597241401672, -2.4660537292220397e-06, -0.998841404914856, -0.04812363535165787, -0.9999968409538269, 0.00012320672976784408, -0.0025060023181140423]}]}, {"id": 7, "label": "seat_support", "box": [-0.005072996020317078, -0.049740687012672424, 0.5068152546882629, 0.032086484134197235, 0.032087262719869614, 0.7806340456008911, -4.8507479159220346e-17, -0.6102780699729919, 0.7921872735023499, -3.736875436608743e-17, 0.7921872735023499, 0.6102780699729919]}, {"id": 8, "label": "seat_support", "box": [-0.3933808207511902, -0.051390908658504486, 0.1488623172044754, 0.040567100048065186, 0.042264219373464584, 0.7917515635490417, -0.6054390668869019, -0.795820951461792, -0.010607905685901642, 0.7958166599273682, -0.6055112481117249, 0.0056573436595499516]}, {"id": 9, "label": "seat_support", "box": [-0.0006561041809618473, -0.049976758658885956, -0.2414817214012146, 0.0340760238468647, 0.04906803369522095, 0.7862691879272461, -0.00047339536831714213, 0.9999576210975647, -0.009192338213324547, 0.0003295507631264627, 0.009192494675517082, 0.9999576807022095]}, {"id": 10, "label": "seat_support", "box": [0.3848007023334503, -0.051493797451257706, 0.15077440440654755, 0.03703363984823227, 0.04408421739935875, 0.7840343713760376, 0.16154780983924866, 0.9868648648262024, -1.1306688975309953e-05, -0.9867188930511475, 0.16152411699295044, 0.017197135835886]}], "edges": [{"dist": 0.0056327473222717835, "part_a": 1, "type": "ADJ", "part_b": 0}, {"dist": 0.00465495101945291, "part_a": 2, "type": "ADJ", "part_b": 0}, {"dist": 0.00661462124092449, "part_a": 2, "type": "ADJ", "part_b": 1}, {"dist": 0.0032566303147801103, "part_a": 3, "type": "ADJ", "part_b": 0}, {"dist": 0.004059611997666711, "part_a": 3, "type": "ADJ", "part_b": 2}, {"dist": 0.005856741607754864, "part_a": 4, "type": "ADJ", "part_b": 0}, {"dist": 0.002653533943145165, "part_a": 4, "type": "ADJ", "part_b": 1}, {"dist": 0.003628848012479587, "part_a": 4, "type": "ADJ", "part_b": 3}, {"dist": 0.026875260665239466, "part_a": 2, "type": "REF_SYM", "part_b": 1, "params": [-0.1997126191854477, -0.04979271441698074, 0.3264788091182709, 0.735090434551239, 0.0002466452424414456, 0.6779690384864807]}, {"dist": 0.010557747826527493, "part_a": 2, "type": "ROT_SYM", "part_b": 1, "params": [-0.48659181594848633, -0.98891681432724, 0.6275853514671326, -0.10655178874731064, -0.9878045320510864, 0.11353000998497009, 1.5761479139328003]}, {"dist": 0.010297958878800863, "part_a": 3, "type": "REF_SYM", "part_b": 1, "params": [-0.0042053647339344025, -0.04969228059053421, 0.12891799211502075, 0.00011750924750231206, -9.213251178152859e-05, 1.0]}, {"dist": 0.01017589406110957, "part_a": 3, "type": "TRANS_SYM", "part_b": 1, "params": [8.881743997335434e-05, -6.963685154914856e-05, 0.755833625793457]}, {"dist": 0.010245247685803056, "part_a": 3, "type": "ROT_SYM", "part_b": 1, "params": [-0.0033025210723280907, -0.36401739716529846, 0.12888972461223602, 0.9999995827674866, 0.00012754375347867608, 0.00089783821022138, 1.7540080547332764]}, {"dist": 0.010766831460315877, "part_a": 3, "type": "REF_SYM", "part_b": 2, "params": [-0.19975702464580536, -0.04975789785385132, -0.05143801122903824, -0.7034028768539429, -0.0003613376757130027, 0.710791289806366]}, {"dist": 0.011084862867741683, "part_a": 3, "type": "ROT_SYM", "part_b": 2, "params": [0.1511995494365692, -0.4542293846607208, 0.29949188232421875, 0.6282885670661926, -0.46205294132232666, 0.625907838344574, 2.2702250480651855]}, {"dist": 0.027062909834642185, "part_a": 4, "type": "REF_SYM", "part_b": 1, "params": [0.19044999778270721, -0.04981566593050957, 0.3274478018283844, -0.7352812886238098, 0.00033461744897067547, 0.677761971950531]}, {"dist": 0.009965779241594789, "part_a": 4, "type": "ROT_SYM", "part_b": 1, "params": [0.3199709951877594, -1.0406060218811035, 0.4735419750213623, 0.046492286026477814, 0.99763023853302, 0.05071812868118286, 1.5773708820343018]}, {"dist": 0.009529956710143643, "part_a": 4, "type": "REF_SYM", "part_b": 2, "params": [-0.005101650953292847, -0.04988127946853638, 0.1470917910337448, -0.9999969601631165, 5.882532786927186e-05, -0.002483553485944867]}, {"dist": 0.009588771272886638, "part_a": 4, "type": "TRANS_SYM", "part_b": 2, "params": [-0.7803252339363098, 4.5903027057647705e-05, -0.0019379854202270508]}, {"dist": 0.009940372275265858, "part_a": 4, "type": "ROT_SYM", "part_b": 2, "params": [-0.005558588542044163, -3.7174246311187744, 0.18168440461158752, -0.006956906523555517, 0.012442076578736305, 0.999898374080658, 0.21195845305919647]}, {"dist": 0.01242370821961526, "part_a": 4, "type": "REF_SYM", "part_b": 3, "params": [0.19040559232234955, -0.049780845642089844, -0.05046901851892471, -0.7001049518585205, 0.0004437657189555466, -0.7140398621559143]}, {"dist": 0.011024191693316263, "part_a": 4, "type": "ROT_SYM", "part_b": 3, "params": [0.594441294670105, -0.4607800841331482, -0.4574572443962097, 0.4159559905529022, -0.8088366985321045, -0.4156487286090851, 1.793221116065979]}]}, {"id": 11, "label": "chair_base", "box": [-0.00508207269012928, -0.6104141473770142, 0.31628283858299255, 0.549899160861969, 0.8131429553031921, 1.0930266380310059, 1.2040361525578192e-06, 0.7428691983222961, -0.6694365739822388, -1.0, 9.694595792097971e-05, 0.00010578169167274609], "children": [{"id": 12, "label": "regular_leg_base", "box": [-0.00508207269012928, -0.6104141473770142, 0.31628283858299255, 0.549899160861969, 0.8131429553031921, 1.0930266380310059, 1.2040361525578192e-06, 0.7428691983222961, -0.6694365739822388, -1.0, 9.694595792097971e-05, 0.00010578169167274609], "children": [{"id": 13, "label": "leg", "box": [-0.395156592130661, -0.4020344316959381, 0.54506516456604, 0.032408010214567184, 0.04143711179494858, 0.7184830904006958, 0.9999729990959167, -0.0005671437247656286, -0.00732257217168808, 0.007324981037527323, 0.004368777386844158, 0.999963641166687]}, {"id": 14, "label": "leg",