{"id": 0, "label": "chair", "box": [0.024359017610549927, 0.06873196363449097, 0.060152601450681686, 1.2046520709991455, 1.2244476079940796, 1.4582865238189697, -1.0, 6.165590542499985e-17, -1.2246394410468794e-16, 1.2267646996510996e-16, 0.0034586992114782333, -0.9999940395355225], "children": [{"id": 1, "label": "chair_back", "box": [0.02435949444770813, 0.1751556247472763, -0.36247143149375916, 0.27576974034309387, 0.907709002494812, 1.2775017023086548, -6.068447774850737e-17, 0.1334705650806427, 0.9910528063774109, 1.0, 0.0, 6.123234262925839e-17], "children": [{"id": 2, "label": "back_surface", "box": [0.02435949444770813, 0.1751556247472763, -0.36247143149375916, 0.27576974034309387, 0.907709002494812, 1.2775017023086548, -6.068447774850737e-17, 0.1334705650806427, 0.9910528063774109, 1.0, 0.0, 6.123234262925839e-17], "children": [{"id": 3, "label": "back_single_surface", "box": [0.02435949444770813, 0.1751556247472763, -0.36247143149375916, 0.27576974034309387, 0.907709002494812, 1.2775017023086548, -6.068447774850737e-17, 0.1334705650806427, 0.9910528063774109, 1.0, 0.0, 6.123234262925839e-17]}]}]}, {"id": 4, "label": "chair_arm", "box": [0.5508112907409668, -0.05366984009742737, 0.0873413011431694, 0.1517041027545929, 0.9568585753440857, 1.1717597246170044, 1.0, -4.6968569222372025e-05, 3.074739538533322e-07, 4.695099050877616e-05, 0.999767005443573, 0.02158534713089466], "children": [{"id": 5, "label": "arm_sofa_style", "box": [0.5508112907409668, -0.05366984009742737, 0.0873413011431694, 0.1517041027545929, 0.9568585753440857, 1.1717597246170044, 1.0, -4.6968569222372025e-05, 3.074739538533322e-07, 4.695099050877616e-05, 0.999767005443573, 0.02158534713089466]}]}, {"id": 6, "label": "chair_arm", "box": [-0.502092719078064, -0.05366984009742737, 0.0873413011431694, 0.1517050862312317, 0.9568585753440857, 1.1717597246170044, 1.0, 4.696860196418129e-05, -3.074741528052982e-07, -4.6951019612606615e-05, 0.999767005443573, 0.02158534713089466], "children": [{"id": 7, "label": "arm_sofa_style", "box": [-0.502092719078064, -0.05366984009742737, 0.0873413011431694, 0.1517050862312317, 0.9568585753440857, 1.1717597246170044, 1.0, 4.696860196418129e-05, -3.074741528052982e-07, -4.6951019612606615e-05, 0.999767005443573, 0.02158534713089466]}]}, {"id": 8, "label": "chair_seat", "box": [0.023538991808891296, -0.2078312337398529, 0.22243653237819672, 0.6204105615615845, 0.8867301940917969, 0.9071999788284302, 2.881268183278902e-18, -0.9988923072814941, -0.047054681926965714, -6.116451381902904e-17, -0.047054681926965714, 0.9988923072814941], "children": [{"id": 9, "label": "seat_surface", "box": [0.023538991808891296, -0.2078312337398529, 0.22243653237819672, 0.6204105615615845, 0.8867301940917969, 0.9071999788284302, 2.881268183278902e-18, -0.9988923072814941, -0.047054681926965714, -6.116451381902904e-17, -0.047054681926965714, 0.9988923072814941], "children": [{"id": 10, "label": "seat_single_surface", "box": [0.023538991808891296, -0.2078312337398529, 0.22243653237819672, 0.6204105615615845, 0.8867301940917969, 0.9071999788284302, 2.881268183278902e-18, -0.9988923072814941, -0.047054681926965714, -6.116451381902904e-17, -0.047054681926965714, 0.9988923072814941]}]}]}, {"id": 11, "label": "chair_base", "box": [0.024359017610549927, -0.5772650241851807, 0.06934770196676254, 0.1663638800382614, 1.040682077407837, 1.1417548656463623, 2.1178424130408222e-19, -0.9999940395355225, -0.0034586992114782333, 1.0, 0.0, 6.123234262925839e-17], "children": [{"id": 12, "label": "foot_base", "box": [0.024359017610549927, -0.5772650241851807, 0.06934770196676254, 0.1663638800382614, 1.040682077407837, 1.1417548656463623, 2.1178424130408222e-19, -0.9999940395355225, -0.0034586992114782333, 1.0, 0.0, 6.123234262925839e-17], "children": [{"id": 13, "label": "foot", "box": [-0.46312299370765686, -0.5793797373771667, 0.5993260145187378, 0.05691003054380417, 0.06571799516677856, 0.1758996844291687, 6.061682099184543e-17, -0.1414329707622528, -0.9899478554725647, 1.0, 0.0, 6.123234262925839e-17]}, {"id": 14, "label": "foot", "box": [0.5118415355682373, -0.5793797373771667, 0.5993260145187378, 0.05691003054380417, 0.06571701169013977, 0.1758996844291687, 6.061682099184543e-17, -0.1414329707622528, -0.9899478554725647, 1.0, 0.0, 6.123234262925839e-17]}, {"id": 15, "label": "foot", "box": [0.5118415355682373, -0.575430154800415, -0.46120795607566833, 0.05690797418355942, 0.06571701169013977, 0.17590020596981049, -6.061683422673523e-17, -0.14143195748329163, 0.9899479746818542, 1.0, 0.0, 6.123234262925839e-17]}, {"id": 16, "label": "foot", "box": [-0.46312299370765686, -0.575430154800415, -0.46120795607566833, 0.05690797418355942, 0.06571799516677856, 0.17590020596981049, -6.061683422673523e-17, -0.14143195748329163, 0.9899479746818542, 1.0, 0.0, 6.123234262925839e-17]}], "edges": [{"type": "REF_SYM", "dist": 0.026608784675711077, "params": [0.024384871125221252, -0.5792628526687622, 0.599380612373352, -0.999998152256012, -0.001778472331352532, 0.0007044252706691623], "part_b": 0, "part_a": 1}, {"type": "TRANS_SYM", "dist": 0.027681760284880442, "params": [-0.9757734537124634, -0.001735389232635498, 0.0006873607635498047], "part_b": 0, "part_a": 1}, {"type": "REF_SYM", "dist": 0.02690650042241444, "params": [0.5122146010398865, -0.5774295330047607, 0.06891518831253052, 0.0001074884130503051, -0.0018214001320302486, 0.9999983310699463], "part_b": 1, "part_a": 2}, {"type": "REF_SYM", "dist": 0.026743586612197664, "params": [-0.46309447288513184, -0.5777957439422607, 0.06929731369018555, -0.000767964287661016, -0.004401586949825287, 0.9999899864196777], "part_b": 0, "part_a": 3}, {"type": "ROT_SYM", "dist": 0.028091938720912014, "params": [-0.47594955563545227, -0.5673386454582214, 0.06927136331796646, 0.0029279617592692375, -0.9999882578849792, -0.003871549852192402, 3.093248128890991], "part_b": 0, "part_a": 3}, {"type": "ROT_SYM", "dist": 0.02933511001135169, "params": [0.020826082676649094, -0.5625008344650269, 0.07173226773738861, 0.003218536265194416, -0.9999939799308777, 0.0012676529586315155, 3.128314256668091], "part_b": 1, "part_a": 3}, {"type": "REF_SYM", "dist": 0.02776235329553621, "params": [0.024735242128372192, -0.5759625434875488, -0.461168110370636, 0.999999463558197, -0.0010288477642461658, -7.887404353823513e-05], "part_b": 2, "part_a": 3}, {"type": "TRANS_SYM", "dist": 0.026769401815234458, "params": [0.974844753742218, -0.001002967357635498, -7.68899917602539e-05], "part_b": 2, "part_a": 3}, {"type": "ROT_SYM", "dist": 0.03206460515170731, "params": [0.025114113464951515, 0.8897646069526672, -9.666302680969238, 0.001987765310332179, 0.9875245094299316, 0.1574532389640808, 0.10449007898569107], "part_b": 2, "part_a": 3}]}]}], "edges": [{"type": "ADJ", "dist": 0.006303319337561612, "part_b": 0, "part_a": 1}, {"type": "ADJ", "dist": 0.004707672845264577, "part_b": 0, "part_a": 2}, {"type": "ADJ", "dist": 0.00553032027324199, "part_b": 0, "part_a": 3}, {"type": "ADJ", "dist": 0.0031814481228005687, "part_b": 1, "part_a": 3}, {"type": "ADJ", "dist": 0.005201204694087886, "part_b": 2, "part_a": 3}, {"type": "ADJ", "dist": 0.006424275492195711, "part_b": 1, "part_a": 4}, {"type": "ADJ", "dist": 0.011110642127646056, "part_b": 2, "part_a": 4}, {"type": "ADJ", "dist": 0.0077150726710520845, "part_b": 3, "part_a": 4}, {"type": "REF_SYM", "dist": 0.025018555153853716, "params": [0.024544864892959595, -0.011357609182596207, 0.09252076596021652, 0.9999978542327881, 0.0010340572334825993, 0.001806657062843442], "part_b": 1, "part_a": 2}, {"type": "TRANS_SYM", "dist": 0.03507658948087321, "params": [1.01059889793396, 0.0010450193658471107, 0.0018258094787597656], "part_b": 1, "part_a": 2}, {"type": "ROT_SYM", "dist": 0.026383360623801873, "params": [0.024508511647582054, -0.05317679047584534, 0.09041861444711685, -0.00024078013666439801, -0.9996417164802551, -0.026766639202833176, 3.1376712322235107], "part_b": 1, "part_a": 2}]}