{"id": 0, "label": "chair", "box": [0.0034031234681606293, 0.10085584968328476, 0.03339368477463722, 1.2115269899368286, 1.1389585733413696, 1.1138509511947632, 0.9999499320983887, -0.009777449071407318, -0.002133026486262679, 0.00980420596897602, 0.9998685121536255, 0.012916703708469868], "children": [{"id": 1, "label": "chair_back", "box": [-0.008566328324377537, 0.12371565401554108, -0.3537750244140625, 1.0882309675216675, 1.1823673248291016, 0.30808958411216736, 0.9998513460159302, 0.008255495689809322, 0.015139499679207802, -0.007472245953977108, 0.998666524887085, -0.051081690937280655], "children": [{"id": 2, "label": "back_surface", "box": [-0.004038103390485048, 0.13584181666374207, -0.33875253796577454, 1.116155982017517, 1.1193759441375732, 0.3382514715194702, 0.9999843835830688, 0.0008408568683080375, 0.005525317043066025, -0.0005081164417788386, 0.9982013702392578, -0.05994877219200134], "children": [{"id": 3, "label": "back_single_surface", "box": [0.0018452906515449286, 0.12370827049016953, -0.3454168140888214, 1.1243849992752075, 1.1545122861862183, 0.34713712334632874, 0.9999784231185913, -0.00267344294115901, 0.006004343740642071, 0.002990472363308072, 0.9985672831535339, -0.05342720448970795]}]}]}, {"id": 6, "label": "chair_arm", "box": [-0.49048084020614624, -0.023059692233800888, 0.109207883477211, 0.32039588689804077, 0.968220055103302, 0.965914249420166, 0.9995096921920776, 0.021681897342205048, 0.02259085327386856, -0.021525366231799126, 0.9997427463531494, -0.007149123586714268], "children": [{"id": 7, "label": "arm_sofa_style", "box": [-0.5047311782836914, -0.014141709543764591, 0.11084578186273575, 0.29227587580680847, 0.9607368111610413, 0.9939145445823669, 0.9994603395462036, 0.020942699164152145, 0.025308363139629364, -0.021536031737923622, 0.9994941353797913, 0.023403555154800415]}]}, {"id": 4, "label": "chair_arm", "box": [0.49605822563171387, -0.0072036730125546455, 0.11382485181093216, 0.2792530059814453, 0.99534672498703, 0.9747819304466248, 0.9993675947189331, -0.029409458860754967, -0.019988130778074265, 0.02921614982187748, 0.9995241165161133, -0.009895450435578823], "children": [{"id": 5, "label": "arm_sofa_style", "box": [0.49019694328308105, -0.007203162182122469, 0.1140478327870369, 0.2991252541542053, 0.960176408290863, 1.0010606050491333, 0.9990445375442505, -0.028437335044145584, -0.03318701311945915, 0.028375785797834396, 0.9995946288108826, -0.002324237721040845]}]}, {"id": 8, "label": "chair_seat", "box": [0.005857551470398903, -0.15654195845127106, 0.1226067766547203, 0.9344462156295776, 0.5821143984794617, 0.964139461517334, 0.9999980926513672, 0.00018187657406087965, -0.0019379714503884315, -0.0001038980990415439, 0.9991931915283203, 0.04016155004501343], "children": [{"id": 11, "label": "seat_support", "box": [0.00559040205553174, -0.30596551299095154, 0.10577835887670517, 1.0270459651947021, 0.4756283760070801, 1.032059907913208, 0.9999539256095886, 0.009524388238787651, -0.0012172901770099998, -0.009601131081581116, 0.9933752417564392, -0.11451419442892075]}, {"id": 9, "label": "seat_surface", "box": [-0.005806459113955498, 0.03345998376607895, 0.18498170375823975, 0.9006059169769287, 0.23982581496238708, 0.8680192828178406, 0.9999879598617554, 0.00246533565223217, 0.004241096321493387, -0.0028575442265719175, 0.995462954044342, 0.09510735422372818], "children": [{"id": 10, "label": "seat_single_surface", "box": [-0.0040612295269966125, 0.03723768889904022, 0.18659794330596924, 0.9121236801147461, 0.207955464720726, 0.8843647241592407, 0.9999933838844299, 0.0035400078631937504, -0.0008277481538243592, -0.003454990917816758, 0.9962344169616699, 0.08663192391395569]}]}], "edges": [{"part_a": 0, "part_b": 1, "type": "ADJ"}, {"part_a": 1, "part_b": 0, "type": "ADJ"}]}], "edges": [{"part_a": 0, "part_b": 1, "type": "ADJ"}, {"part_a": 0, "part_b": 2, "type": "ADJ"}, {"part_a": 0, "part_b": 3, "type": "ADJ"}, {"part_a": 1, "part_b": 0, "type": "ADJ"}, {"part_a": 1, "part_b": 2, "type": "REF_SYM"}, {"part_a": 1, "part_b": 3, "type": "ADJ"}, {"part_a": 2, "part_b": 0, "type": "ADJ"}, {"part_a": 2, "part_b": 1, "type": "REF_SYM"}, {"part_a": 2, "part_b": 3, "type": "ADJ"}, {"part_a": 3, "part_b": 0, "type": "ADJ"}, {"part_a": 3, "part_b": 1, "type": "ADJ"}, {"part_a": 3, "part_b": 2, "type": "ADJ"}]}