{"id": 0, "label": "chair", "box": [0.009611179120838642, -0.048077087849378586, 0.1152636706829071, 0.9829771518707275, 1.1546285152435303, 1.1652727127075195, 1.0, -9.270127338822931e-05, -3.629696220741607e-05, -3.630065475590527e-05, -3.980956898885779e-05, -1.0], "children": [{"id": 1, "label": "chair_back", "box": [-0.001801111502572894, 0.16236524283885956, -0.3395611643791199, 0.19293539226055145, 0.7551900148391724, 0.8472984433174133, -0.0036598581355065107, -0.0869603231549263, -0.9962050318717957, -0.010244292207062244, 0.9961627125740051, -0.08691899478435516], "children": [{"id": 2, "label": "back_surface", "box": [-0.001801111502572894, 0.16236524283885956, -0.3395611643791199, 0.19293539226055145, 0.7551900148391724, 0.8472984433174133, -0.0036598581355065107, -0.0869603231549263, -0.9962050318717957, -0.010244292207062244, 0.9961627125740051, -0.08691899478435516], "children": [{"id": 3, "label": "back_single_surface", "box": [-0.001801111502572894, 0.16236524283885956, -0.3395611643791199, 0.19293539226055145, 0.7551900148391724, 0.8472984433174133, -0.0036598581355065107, -0.0869603231549263, -0.9962050318717957, -0.010244292207062244, 0.9961627125740051, -0.08691899478435516]}]}]}, {"id": 4, "label": "chair_arm", "box": [0.4192734360694885, -0.011530830524861813, 0.1266101449728012, 0.1272219717502594, 0.5351174473762512, 1.129865288734436, 0.9930680394172668, -0.11687156558036804, 0.01252674963325262, 0.11682713031768799, 0.9931432604789734, 0.004224387463182211], "children": [{"id": 5, "label": "arm_sofa_style", "box": [0.4192734360694885, -0.011530830524861813, 0.1266101449728012, 0.1272219717502594, 0.5351174473762512, 1.129865288734436, 0.9930680394172668, -0.11687156558036804, 0.01252674963325262, 0.11682713031768799, 0.9931432604789734, 0.004224387463182211]}]}, {"id": 6, "label": "chair_arm", "box": [-0.40884196758270264, 0.013459068723022938, 0.14164119958877563, 0.11364486813545227, 0.5201155543327332, 1.1278396844863892, 0.9934518933296204, 0.11357681453227997, -0.012396666221320629, -0.1141989603638649, 0.9904190897941589, -0.07764414697885513], "children": [{"id": 7, "label": "arm_sofa_style", "box": [-0.40884196758270264, 0.013459068723022938, 0.14164119958877563, 0.11364486813545227, 0.5201155543327332, 1.1278396844863892, 0.9934518933296204, 0.11357681453227997, -0.012396666221320629, -0.1141989603638649, 0.9904190897941589, -0.07764414697885513]}]}, {"id": 8, "label": "chair_seat", "box": [0.0039932578802108765, -0.12941907346248627, 0.1444632112979889, 0.2121058702468872, 0.8717887997627258, 1.10947585105896, 0.010040423832833767, 0.9939297437667847, -0.10955747961997986, -0.9999150037765503, 0.009068417362868786, -0.009366784244775772], "children": [{"id": 9, "label": "seat_surface", "box": [0.00042455067159608006, -0.10481517016887665, 0.1413796842098236, 0.20715153217315674, 0.8734631538391113, 1.1113851070404053, -0.03818859905004501, 0.991333544254303, -0.12569572031497955, -0.9992273449897766, -0.0390535369515419, -0.004423283506184816], "children": [{"id": 10, "label": "seat_single_surface", "box": [0.00042455067159608006, -0.10481517016887665, 0.1413796842098236, 0.20715153217315674, 0.8734631538391113, 1.1113851070404053, -0.03818859905004501, 0.991333544254303, -0.12569572031497955, -0.9992273449897766, -0.0390535369515419, -0.004423283506184816]}]}, {"id": 11, "label": "seat_support", "box": [0.009557412937283516, -0.2555698752403259, -0.2984768748283386, 0.05066399276256561, 0.05953851714730263, 0.8238568305969238, -0.00035927456337958574, 0.9995272159576416, -0.030744602903723717, -0.001060577924363315, 0.03074420616030693, 0.9995267391204834]}, {"id": 12, "label": "seat_support", "box": [0.010931693948805332, -0.14790070056915283, 0.582112729549408, 0.08250801265239716, 0.09985346347093582, 0.8360048532485962, -0.0002445479913149029, 0.9298458695411682, -0.36794915795326233, -1.2007705663563684e-05, 0.3679491877555847, 0.929845929145813]}], "edges": [{"part_a": 1, "type": "ADJ", "part_b": 0, "dist": 0.003895684306600871}, {"part_a": 2, "type": "ADJ", "part_b": 0, "dist": 0.008854205136044548}, {"part_a": 2, "type": "REF_SYM", "part_b": 1, "params": [0.0038399025797843933, -0.19330641627311707, 0.12885531783103943, -0.005577008705586195, -0.12670128047466278, -0.9919252395629883], "dist": 0.017484005711590474}, {"part_a": 2, "type": "TRANS_SYM", "part_b": 1, "params": [-0.0047982195392251015, -0.10900835692882538, -0.8534100651741028], "dist": 0.020766422000009808}, {"part_a": 2, "type": "ROT_SYM", "part_b": 1, "params": [0.030972667038440704, 2.0021862983703613, -0.15173910558223724, 0.9998763203620911, -0.015242605470120907, -0.003883037017658353, 0.3838992118835449], "dist": 0.015113092263195073}]}, {"id": 13, "label": "chair_base", "box": [0.009606512263417244, -0.37601542472839355, 0.12548431754112244, 0.5093954801559448, 0.8965020179748535, 1.0528233051300049, -1.3338878612767502e-10, -1.0, 0.00012464732571970671, 1.0, 0.0, 1.0701296560000628e-06], "children": [{"id": 14, "label": "regular_leg_base", "box": [0.009606512263417244, -0.37601542472839355, 0.12548431754112244, 0.5093954801559448, 0.8965020179748535, 1.0528233051300049, -1.3338878612767502e-10, -1.0, 0.00012464732571970671, 1.0, 0.0, 1.0701296560000628e-06], "children": [{"id": 15, "label": "leg", "box": [0.4377976953983307, -0.3759567439556122, 0.5879456996917725, 0.04011245444417, 0.12783633172512054, 0.5093759894371033, 0.9999999403953552, -2.000716449401807e-05, -0.00037852360401302576, 0.0003785233711823821, -1.1512304809002671e-05, 0.9999999403953552]}, {"id": 16, "label": "leg", "box": [0.4421291947364807, -0.45067134499549866, -0.35496604442596436, 0.03736972063779831, 0.10051590204238892, 0.36094924807548523, -0.999232828617096, -0.011121444404125214, -0.037550169974565506, 0.0372607484459877, 0.02517828531563282, -0.9989883303642273]}, {"id": 17, "label": "leg", "box": [-0.42088720202445984, -0.45197510719299316, -0.35099780559539795, 0.04321299493312836, 0.10018651187419891, 0.3574077785015106, 0.987028956413269, 0.0016825045458972454, -0.16053350269794464, 0.16053374111652374, -4.175306457909755e-06, 0.9870303273200989]}, {"id": 18, "label": "leg", "box": [-0.4225080907344818, -0.3906043767929077, 0.6067103147506714, 0.03927388787269592, 0.09963816404342651, 0.48047637939453125, -0.9911226630210876, -0.001011413405649364, -0.13294675946235657, -0.1329393833875656, 0.020530620589852333, 0.9909114837646484]}], "edges": [{"part_a": 1, "type": "TRANS_SYM", "part_b": 0, "params": [0.0004943609237670898, 0.07887023687362671, 0.9594604969024658], "dist": 0.04611616760504711}, {"part_a": 1, "type": "ROT_SYM", "part_b": 0, "params": [11.452248573303223, -41.80956268310547, 3.6232621669769287, 0.9606582522392273, 0.2766422927379608, -0.024590903893113136, 0.022408269345760345], "dist": 0.04674775276482241}, {"part_a": 2, "type": "TRANS_SYM", "part_b": 0, "params": [0.864502489566803, 0.07764354348182678, 0.9581505656242371], "dist": 0.04691772455469103}, {"part_a": 2, "type": "REF_SYM", "part_b": 1, "params": [0.009711861610412598, -0.45420360565185547, -0.3550884425640106, 0.9999978542327881, -0.001419767620973289, -0.0015161066548898816], "dist": 0.019903807109086596}, {"part_a": 2, "type": "TRANS_SYM", "part_b": 1, "params": [0.8640081286430359, -0.0012266933917999268, -0.0013099312782287598], "dist": 0.020041807015750472}, {"part_a": 2, "type": "ROT_SYM", "part_b": 1, "params": [0.009685826487839222, -0.4628874659538269, -0.3565951883792877, 0.003039482282474637, 0.9999783039093018, 0.005843014921993017, 3.134862184524536], "dist": 0.020592543655712534}, {"part_a": 3, "type": "REF_SYM", "part_b": 0, "params": [0.009584471583366394, -0.38599714636802673, 0.6046653985977173, 0.9997278451919556, 0.023224875330924988, -0.0021913896780461073], "dist": 0.028416594882296316}, {"part_a": 3, "type": "TRANS_SYM", "part_b": 0, "params": [0.8652516603469849, 0.020100831985473633, -0.0018966197967529297],