{"id": 0, "label": "chair", "box": [0.0018149985698983073, -0.07096758484840393, 0.03472204878926277, 1.075178623199463, 1.2506341934204102, 1.122280478477478, 0.9999732375144958, 0.007293233647942543, 0.0006156704039312899, -0.007314558606594801, 0.998787522315979, 0.04868192970752716], "children": [{"id": 1, "label": "chair_back", "box": [0.00046079789171926677, 0.17762203514575958, -0.31333452463150024, 0.9368841648101807, 0.8370883464813232, 0.2769893705844879, 0.999792754650116, 0.0027683402877300978, 0.020168393850326538, 0.0028617577627301216, 0.9617606997489929, -0.2738763391971588], "children": [{"id": 0, "label": "back_surface", "box": [-0.0020561283454298973, 0.2665320932865143, -0.3138865828514099, 0.8723423480987549, 0.5619803667068481, 0.17738385498523712, 0.9997162222862244, 0.0018151338445022702, 0.02375374361872673, 0.004465779755264521, 0.9651387929916382, -0.2617006003856659], "children": [{"id": 0, "label": "back_single_surface", "box": [0.0051257070153951645, 0.2616638243198395, -0.2940634787082672, 0.9525367021560669, 0.6530891060829163, 0.24580249190330505, 0.999975323677063, 0.0001972812315216288, -0.007021869067102671, -0.0019067141693085432, 0.9697006940841675, -0.24428872764110565]}]}, {"id": 2, "label": "back_surface", "box": [0.011985668912529945, 0.1796855628490448, -0.31045377254486084, 0.8244573473930359, 0.7137731909751892, 0.1685561090707779, 0.9997096061706543, 0.02267581969499588, -0.008156083524227142, -0.023981422185897827, 0.9029040932655334, -0.4291726052761078], "children": [{"id": 3, "label": "back_single_surface", "box": [-0.00032687000930309296, 0.20807836949825287, -0.30819788575172424, 0.8706532120704651, 0.75677889585495, 0.23593761026859283, 0.9999855160713196, -0.004785819910466671, 0.0024627498351037502, 0.005376293323934078, 0.9097911715507507, -0.41503146290779114]}]}]}, {"id": 7, "label": "chair_arm", "box": [-0.4560816287994385, 0.044808804988861084, 0.1250312477350235, 0.19178131222724915, 0.4891723394393921, 1.0051575899124146, 0.9989884495735168, 0.031719502061605453, 0.031874120235443115, -0.03235090151429176, 0.9992864727973938, 0.01949252374470234], "children": [{"id": 8, "label": "arm_sofa_style", "box": [-0.4673788547515869, 0.06723763793706894, 0.10051639378070831, 0.16374854743480682, 0.5007002353668213, 1.018412709236145, 0.9981943964958191, 0.05045618861913681, 0.0325898751616478, -0.05214468017220497, 0.9972201585769653, 0.05322515219449997]}]}, {"id": 5, "label": "chair_arm", "box": [0.4665873050689697, 0.07187605649232864, 0.1005123183131218, 0.17217150330543518, 0.4974822998046875, 1.0045431852340698, 0.9979778528213501, -0.06005439534783363, -0.020825684070587158, 0.06081327050924301, 0.9974273443222046, 0.03795328736305237], "children": [{"id": 6, "label": "arm_sofa_style", "box": [0.4437711834907532, 0.05481698736548424, 0.09927092492580414, 0.21061716973781586, 0.5235695242881775, 1.0497890710830688, 0.998852550983429, -0.04323524236679077, -0.02059829980134964, 0.04378484562039375, 0.9986754655838013, 0.027023114264011383]}]}, {"id": 9, "label": "chair_seat", "box": [0.009786276146769524, -0.07922391593456268, 0.1529613584280014, 0.8975061178207397, 0.2613982558250427, 0.9467809796333313, 0.9999849796295166, -0.001499381149187684, 0.005275160074234009, 0.0014040111564099789, 0.9998363852500916, 0.018036577850580215], "children": [{"id": 0, "label": "seat_surface", "box": [-0.0014577851397916675, -0.08591502904891968, 0.17519927024841309, 0.6105077862739563, 0.08193330466747284, 0.5672823190689087, 0.9999870657920837, 0.0034440436866134405, 0.003752422984689474, -0.003273514797911048, 0.99900221824646, -0.04454052448272705]}, {"id": 10, "label": "seat_surface", "box": [0.0111885080114007, -0.04344698414206505, 0.15303310751914978, 0.8691178560256958, 0.18439826369285583, 0.8102642893791199, 0.9999865293502808, 0.001773822121322155, -0.004876833874732256, -0.0017588984919711947, 0.9999938011169434, 0.0030627211090177298], "children": [{"id": 11, "label": "seat_single_surface", "box": [0.007687752600759268, -0.05788533389568329, 0.1764288693666458, 0.8466907143592834, 0.13498151302337646, 0.8201389908790588, 0.9999975562095642, -0.0003119673056062311, -0.002193592954427004, 0.0003162891953252256, 0.9999980330467224, 0.0019701553974300623]}]}], "edges": [{"part_a": 1, "part_b": 0, "type": "ADJ"}]}, {"id": 14, "label": "chair_base", "box": [0.008434771560132504, -0.36708417534828186, 0.07070080190896988, 1.01975679397583, 0.5660574436187744, 1.0182744264602661, 0.9999836683273315, 0.0012436183169484138, -0.005583264399319887, -0.0013512084260582924, 0.999812662601471, -0.019307883456349373], "children": [{"id": 15, "label": "regular_leg_base", "box": [-0.0047673629596829414, -0.4341232478618622, 0.025978146120905876, 1.0879993438720703, 0.5701460242271423, 1.029544472694397, 0.9997836947441101, -0.0027323621325194836, -0.020619448274374008, 0.0027029954362660646, 0.9999952912330627, -0.0014519471442326903], "children": [{"id": 21, "label": "foot", "box": [0.424248069524765, -0.7228022813796997, 0.4476974308490753, 0.14057670533657074, 0.08624286949634552, 0.20835931599140167, 0.9958248138427734, 0.036341190338134766, -0.083739273250103, -0.03416350856423378, 0.9990435242652893, 0.02729383483529091]}, {"id": 23, "label": "foot", "box": [-0.4308393597602844, -0.6985725164413452, -0.3783247470855713, 0.16829147934913635, 0.0880490392446518, 0.18115542829036713, 0.9990364909172058, 0.02463938668370247, -0.03631830960512161, -0.02414395846426487, 0.9996102452278137, 0.014017404057085514]}, {"id": 18, "label": "leg", "box": [-0.4775930643081665, -0.4399535059928894, 0.5459330081939697, 0.07806207239627838, 0.481640100479126, 0.1349446177482605, 0.9944263100624084, -0.027641035616397858, 0.1017463356256485, 0.031206443905830383, 0.9989474415779114, -0.033618584275245667]}, {"id": 22, "label": "foot", "box": [-0.42306122183799744, -0.6913307905197144, 0.4394347369670868, 0.20590345561504364, 0.0720292404294014, 0.19937749207019806, 0.9939613342285156, 0.0065703801810741425, 0.10953399538993835, -0.005333400331437588, 0.9999186992645264, -0.011582271195948124]}, {"id": 16, "label": "leg", "box": [0.43456265330314636, -0.44440996646881104, -0.39267995953559875, 0.09107281267642975, 0.4624558985233307, 0.12994852662086487, 0.997424840927124, 0.004510981496423483, 0.07157771289348602, -0.01813191920518875, 0.9814591407775879, 0.19081194698810577]}, {"id": 20, "label": "foot", "box": [0.41070160269737244, -0.6828824281692505, -0.34494519233703613, 0.21216212213039398, 0.10864852368831635, 0.19885361194610596, 0.9985136985778809, -0.009081579744815826, 0.053739383816719055, 0.009045413695275784, 0.9999586939811707, 0.0009161815978586674]}, {"id": 19, "label": "leg", "box": [-0.4377197325229645, -0.46647852659225464, -0.37228718400001526, 0.12029437720775604, 0.4747440218925476, 0.11795835196971893, 0.9949570894241333, -0.017095515504479408, -0.09883401542901993, 0.04141819104552269, 0.9674599170684814, 0.24961139261722565]}, {"id": 17, "label": "leg", "box": [0.4950215220451355, -0.4363124668598175, 0.5450344085693359, 0.08009017258882523, 0.3957090675830841, 0.15649674832820892, 0.9953751564025879, 0.03947796672582626, -0.08757723867893219, -0.039743438363075256, 0.9992091059684753, -0.001288999686948955]}], "edges": [{"part_a": 0, "part_b": 1, "type": "TRANS_SYM"}, {"part_a": 0, "part_b": 1, "type": "REF_SYM"}, {"part_a": 0, "part_b": 3, "type": "ROT_SYM"}, {"part_a": 0, "part_b": 3, "type": "TRANS_SYM"}, {"part_a": 0, "part_b": 3, "type": "REF_SYM"}, {"part_a": 0, "part_b": 5, "type": "TRANS_SYM"}, {"part_a": 0, "part_b": 5, "type": "REF_SYM"}, {"part_a": 0, "part_b": 7, "type": "ADJ"}, {"part_a": 1, "part_b": 0, "type": "TRANS_SYM"}, {"part_a": 1, "part_b": 0, "type": "REF_SYM"}, {"part_a": 1, "part_b": 3, "type": "TRANS_SYM"}, {"part_a": 1, "part_b": 3, "type": "REF_SYM"}, {"part_a": 1, "part_b": 5, "type": "TRANS_SYM"}, {"part_a": 1, "part_b": 5, "type": "REF_SYM"}, {"part_a": 1,