{"id": 0, "label": "chair", "box": [0.004301502835005522, 0.02736899070441723, 0.06391458213329315, 1.2051796913146973, 1.4334068298339844, 1.089133381843567, 0.9997557997703552, 0.007251078262925148, 0.020873529836535454, -0.005792778916656971, 0.9975932240486145, -0.06909526884555817], "children": [{"id": 1, "label": "chair_back", "box": [-0.002415263094007969, 0.2122945934534073, -0.29834556579589844, 1.0632364749908447, 0.8606563210487366, 0.355790913105011, 0.9996923804283142, -0.012889796867966652, 0.02118995226919651, 0.014567653648555279, 0.9966048002243042, -0.0810355395078659], "children": [{"id": 2, "label": "back_surface", "box": [-0.010681215673685074, 0.2522435486316681, -0.29680484533309937, 1.0571022033691406, 0.8530568480491638, 0.32786232233047485, 0.9999851584434509, 0.0030924559105187654, -0.004495375789701939, -0.003474818542599678, 0.9961408972740173, -0.08770016580820084], "children": [{"id": 3, "label": "back_single_surface", "box": [-1.6611069440841675e-05, 0.20143449306488037, -0.30568376183509827, 1.0413347482681274, 0.8601152896881104, 0.32530051469802856, 0.9999939203262329, -0.00043723336420953274, 0.0034597311168909073, 0.0007106129778549075, 0.9968413710594177, -0.07941551506519318]}]}]}, {"id": 6, "label": "chair_arm", "box": [-0.4492971897125244, 0.047547951340675354, 0.18528206646442413, 0.1989726424217224, 0.508731484413147, 0.6806430220603943, 0.9924028515815735, 0.11120950430631638, 0.0526224710047245, -0.1115512102842331, 0.9937521815299988, 0.003592657158151269], "children": [{"id": 7, "label": "arm_sofa_style", "box": [-0.45373523235321045, 0.039277102798223495, 0.17147473990917206, 0.16248565912246704, 0.4994901716709137, 0.7009467482566833, 0.9894679188728333, 0.13713200390338898, 0.04634767025709152, -0.14006131887435913, 0.9878517389297485, 0.06731896102428436]}]}, {"id": 4, "label": "chair_arm", "box": [0.4313911497592926, 0.05819973722100258, 0.16315607726573944, 0.20554715394973755, 0.5314079523086548, 0.7089955806732178, 0.991716742515564, -0.12598830461502075, -0.024998575448989868, 0.12557703256607056, 0.9919313788414001, -0.01739676482975483], "children": [{"id": 5, "label": "arm_sofa_style", "box": [0.42701172828674316, 0.012192239053547382, 0.15772558748722076, 0.16519126296043396, 0.46733638644218445, 0.7229393720626831, 0.9881799221038818, -0.14628483355045319, -0.04583919793367386, 0.1464066505432129, 0.9892242550849915, -0.0007066262187436223]}]}, {"id": 8, "label": "chair_seat", "box": [0.0055874125100672245, -0.20435327291488647, 0.11627279967069626, 0.9709421396255493, 0.46887364983558655, 0.9728148579597473, 0.9999579787254333, 0.004551371093839407, -0.007958403788506985, -0.004543814342468977, 0.9999892115592957, 0.0009673278545960784], "children": [{"id": 9, "label": "seat_surface", "box": [-0.0030871457420289516, -0.20394383370876312, 0.12318037450313568, 1.0350011587142944, 0.4822603464126587, 1.0511095523834229, 0.9999275803565979, 0.00762905552983284, 0.009308070875704288, -0.007483045570552349, 0.9998499751091003, -0.015621607191860676], "children": [{"id": 10, "label": "seat_single_surface", "box": [0.003916318062692881, -0.20501528680324554, 0.12064230442047119, 1.0216033458709717, 0.4513041079044342, 1.0552295446395874, 0.999984860420227, 0.0030471563804894686, -0.004583184607326984, -0.003006771206855774, 0.9999568462371826, 0.008792806416749954]}]}]}, {"id": 11, "label": "chair_base", "box": [0.009257198311388493, -0.5015442371368408, 0.09388417750597, 0.9650668501853943, 0.28638118505477905, 0.8709121346473694, 0.9998641610145569, -0.016109678894281387, 0.003499099751934409, 0.016093607991933823, 0.9998600482940674, 0.004573122598230839], "children": [{"id": 12, "label": "foot_base", "box": [0.00039727610419504344, -0.5156906843185425, 0.1133824810385704, 1.02006196975708, 0.2183791548013687, 0.8994708061218262, 0.999940037727356, 0.0011056886287406087, 0.010897930711507797, -0.0010127094574272633, 0.999963104724884, -0.008533654734492302], "children": [{"id": 15, "label": "foot", "box": [-0.3655630052089691, -0.5172728896141052, -0.2691333293914795, 0.13447333872318268, 0.1690303236246109, 0.15228797495365143, 0.9992659687995911, -0.01285373792052269, 0.03608711436390877, 0.00934662576764822, 0.9953640699386597, 0.095723457634449]}, {"id": 16, "label": "foot", "box": [-0.42389675974845886, -0.5193006992340088, 0.4393139183521271, 0.15044619143009186, 0.18556278944015503, 0.16111890971660614, 0.9992305636405945, -0.012867049314081669, -0.03705083578824997, 0.011038907803595066, 0.9987313747406006, -0.049130115658044815]}, {"id": 13, "label": "foot", "box": [0.3331105709075928, -0.5047528743743896, -0.26035213470458984, 0.15405932068824768, 0.19299361109733582, 0.16050778329372406, 0.9997562170028687, 0.02202686108648777, -0.0015190525446087122, -0.021907037124037743, 0.9981855750083923, 0.05608639493584633]}, {"id": 14, "label": "foot", "box": [0.4444517195224762, -0.5440922379493713, 0.4474037289619446, 0.14819744229316711, 0.179780051112175, 0.14572933316230774, 0.9993577599525452, 0.03466843068599701, -0.009064068086445332, -0.035087522119283676, 0.9980766177177429, -0.05110694468021393]}], "edges": [{"part_a": 1, "part_b": 3, "type": "TRANS_SYM"}, {"part_a": 1, "part_b": 3, "type": "REF_SYM"}, {"part_a": 3, "part_b": 1, "type": "TRANS_SYM"}, {"part_a": 3, "part_b": 1, "type": "REF_SYM"}]}]}], "edges": [{"part_a": 0, "part_b": 1, "type": "ADJ"}, {"part_a": 0, "part_b": 2, "type": "ADJ"}, {"part_a": 0, "part_b": 3, "type": "ADJ"}, {"part_a": 1, "part_b": 0, "type": "ADJ"}, {"part_a": 1, "part_b": 2, "type": "REF_SYM"}, {"part_a": 1, "part_b": 3, "type": "ADJ"}, {"part_a": 2, "part_b": 0, "type": "ADJ"}, {"part_a": 2, "part_b": 1, "type": "ROT_SYM"}, {"part_a": 2, "part_b": 1, "type": "REF_SYM"}, {"part_a": 2, "part_b": 3, "type": "ADJ"}, {"part_a": 2, "part_b": 4, "type": "ADJ"}, {"part_a": 3, "part_b": 0, "type": "ADJ"}, {"part_a": 3, "part_b": 1, "type": "ADJ"}, {"part_a": 3, "part_b": 2, "type": "ADJ"}, {"part_a": 3, "part_b": 4, "type": "ADJ"}, {"part_a": 4, "part_b": 2, "type": "ADJ"}, {"part_a": 4, "part_b": 3, "type": "ADJ"}]}