{"id": 0, "label": "chair", "box": [-0.002853137906640768, -0.12155386060476303, 0.040960632264614105, 0.8725935816764832, 0.978879451751709, 1.4016985893249512, -0.9999980926513672, -0.001963637303560972, -2.9936651117168367e-05, 9.334097317565017e-19, -0.015243737027049065, 0.9998838305473328], "children": [{"id": 1, "label": "chair_back", "box": [-0.0025978952180594206, 0.2466440498828888, -0.21071001887321472, 0.23451291024684906, 0.6734321117401123, 0.8726156949996948, 0.00999128632247448, -0.1337050348520279, -0.9909707903862, 0.0022497782483696938, -0.9910147786140442, 0.13373364508152008], "children": [{"id": 2, "label": "back_surface", "box": [-0.0025978952180594206, 0.2466440498828888, -0.21071001887321472, 0.23451291024684906, 0.6734321117401123, 0.8726156949996948, 0.00999128632247448, -0.1337050348520279, -0.9909707903862, 0.0022497782483696938, -0.9910147786140442, 0.13373364508152008], "children": [{"id": 3, "label": "back_single_surface", "box": [-0.0025978952180594206, 0.2466440498828888, -0.21071001887321472, 0.23451291024684906, 0.6734321117401123, 0.8726156949996948, 0.00999128632247448, -0.1337050348520279, -0.9909707903862, 0.0022497782483696938, -0.9910147786140442, 0.13373364508152008]}]}]}, {"id": 4, "label": "chair_seat", "box": [-0.003942582290619612, -0.08265791833400726, 0.14198777079582214, 0.13641346991062164, 0.7589099407196045, 0.7900196313858032, 1.25880087580299e-05, -0.9942869544029236, -0.10674024373292923, 0.9999999403953552, -2.8909129468956962e-05, 0.00038722020690329373], "children": [{"id": 5, "label": "seat_surface", "box": [-0.003942582290619612, -0.08265791833400726, 0.14198777079582214, 0.13641346991062164, 0.7589099407196045, 0.7900196313858032, 1.25880087580299e-05, -0.9942869544029236, -0.10674024373292923, 0.9999999403953552, -2.8909129468956962e-05, 0.00038722020690329373], "children": [{"id": 6, "label": "seat_single_surface", "box": [-0.003942582290619612, -0.08265791833400726, 0.14198777079582214, 0.13641346991062164, 0.7589099407196045, 0.7900196313858032, 1.25880087580299e-05, -0.9942869544029236, -0.10674024373292923, 0.9999999403953552, -2.8909129468956962e-05, 0.00038722020690329373]}]}]}, {"id": 7, "label": "chair_base", "box": [-0.004333666525781155, -0.4132266938686371, 0.033154889941215515, 0.7281724214553833, 0.8080762624740601, 0.9789456129074097, -0.999983549118042, -0.005732968915253878, -3.884267061948776e-05, -0.005733100231736898, 0.9999606013298035, 0.006775048561394215], "children": [{"id": 8, "label": "regular_leg_base", "box": [-0.004333666525781155, -0.4132266938686371, 0.033154889941215515, 0.7281724214553833, 0.8080762624740601, 0.9789456129074097, -0.999983549118042, -0.005732968915253878, -3.884267061948776e-05, -0.005733100231736898, 0.9999606013298035, 0.006775048561394215], "children": [{"id": 9, "label": "leg", "box": [-0.34626299142837524, -0.4890809953212738, 0.5018900036811829, 0.035740699619054794, 0.039391547441482544, 0.65870600938797, -0.1425517052412033, -5.187822030303923e-17, 0.9897873401641846, -0.9897873401641846, 6.933576786929738e-17, -0.1425517052412033]}, {"id": 10, "label": "leg", "box": [0.3386310040950775, -0.4890809953212738, 0.5018900036811829, 0.0357406921684742, 0.03939158469438553, 0.65870600938797, -0.14255034923553467, 6.933570169484837e-17, -0.9897875785827637, 0.9897875785827637, -5.187831625599029e-17, -0.14255034923553467]}, {"id": 11, "label": "leg", "box": [0.2940429151058197, -0.40921396017074585, -0.3542231619358063, 0.038117483258247375, 0.040191538631916046, 0.8210872411727905, 0.1512293815612793, 0.22132548689842224, -0.9634026885032654, 0.9843763113021851, 0.055196613073349, 0.1672021895647049]}, {"id": 12, "label": "leg", "box": [-0.29655709862709045, -0.41375505924224854, -0.3498113751411438, 0.04147811606526375, 0.047121379524469376, 0.8207506537437439, 0.990102231502533, -0.10343623161315918, 0.09486042708158493, -0.11411554366350174, -0.19985103607177734, 0.9731583595275879]}], "edges": [{"type": "REF_SYM", "part_a": 1, "params": [-0.003844320774078369, -0.4861643314361572, 0.5017277002334595, -0.9999942779541016, -0.003379055531695485, 3.271892273915e-05], "part_b": 0, "dist": 0.011351270313774831}, {"type": "TRANS_SYM", "part_a": 1, "params": [-0.6849619746208191, -0.002314537763595581, 2.2411346435546875e-05], "part_b": 0, "dist": 0.010801955835495633}, {"type": "ROT_SYM", "part_a": 1, "params": [-0.003246304579079151, -0.5559294819831848, 7.405566215515137, -0.005467791110277176, 0.9999421238899231, 0.009266279637813568, 0.09912799298763275], "part_b": 0, "dist": 0.010884067025353326}, {"type": "REF_SYM", "part_a": 2, "params": [-0.02613256871700287, -0.4468003213405609, 0.07392413914203644, -0.5974838137626648, -0.07561326026916504, 0.7983078956604004], "part_b": 0, "dist": 0.03949305375499833}, {"type": "ROT_SYM", "part_a": 2, "params": [-0.812877893447876, 4.0234222412109375, -0.26289743185043335, -0.7451253533363342, -0.3365481495857239, -0.5757809281349182, 0.23729801177978516], "part_b": 0, "dist": 0.031776921082521066}, {"type": "REF_SYM", "part_a": 2, "params": [0.31634843349456787, -0.4456430673599243, 0.07391293346881866, 0.05181041732430458, -0.09150412678718567, 0.9944559931755066], "part_b": 1, "dist": 0.04146590236773836}, {"type": "REF_SYM", "part_a": 3, "params": [-0.3208884000778198, -0.44286060333251953, 0.07510431110858917, -0.05919712036848068, -0.10347025096416473, 0.9928693175315857], "part_b": 0, "dist": 0.03868686021825593}, {"type": "ROT_SYM", "part_a": 3, "params": [-0.3158476650714874, -0.4050437808036804, 0.07960571348667145, 0.04047141596674919, 0.9932124614715576, 0.10904590785503387, 3.1252551078796387], "part_b": 0, "dist": 0.021352824371792856}, {"type": "REF_SYM", "part_a": 3, "params": [0.021592602133750916, -0.44170331954956055, 0.0750931054353714, 0.5945044159889221, -0.08120092749595642, 0.7999817728996277], "part_b": 1, "dist": 0.03698153682855298}, {"type": "ROT_SYM", "part_a": 3, "params": [0.04672073572874069, -0.39574071764945984, 0.06521934270858765, 0.01910143718123436, 0.9918707013130188, 0.1258079558610916, 3.033700466156006], "part_b": 1, "dist": 0.030207505931531584}, {"type": "REF_SYM", "part_a": 3, "params": [-0.000695645809173584, -0.40233927965164185, -0.35271045565605164, 0.9999026656150818, -0.013364789076149464, -0.00400350708514452], "part_b": 2, "dist": 0.01587655927853957}, {"type": "ROT_SYM", "part_a": 3, "params": [0.024198422208428383, 2.485384464263916, -1.017338514328003, 0.005335358902812004, 0.24447943270206451, 0.969639778137207, 0.19834332168102264], "part_b": 2, "dist": 0.009965579899247021}]}]}], "edges": [{"type": "ADJ", "part_a": 1, "part_b": 0, "dist": 0.018221356072659116}, {"type": "ADJ", "part_a": 2, "part_b": 0, "dist": 0.007248353792619099}, {"type": "ADJ", "part_a": 2, "part_b": 1, "dist": 0.006304055087334409}]}