{"id": 0, "label": "chair", "box": [-0.004167786333709955, -0.06684872508049011, 0.08769731223583221, 0.8105123043060303, 0.8200551271438599, 1.5973079204559326, -0.10167890042066574, 0.008649311028420925, -0.994779646396637, 0.9936478137969971, -0.047588709741830826, -0.10197697579860687], "children": [{"id": 1, "label": "chair_back", "box": [-0.009939661249518394, 0.3342228829860687, -0.21298760175704956, 0.09105357527732849, 0.7997651696205139, 0.8250731229782104, 9.351165499538183e-05, -0.021247588098049164, -0.9997742176055908, -0.02374677173793316, -0.999492347240448, 0.021239377558231354], "children": [{"id": 2, "label": "back_surface", "box": [-0.006171996705234051, 0.49303582310676575, -0.1962335854768753, 0.04447894170880318, 0.4834357500076294, 0.8228577375411987, 9.554536518407986e-05, -0.09934850037097931, -0.995052695274353, 0.07696955651044846, -0.9921000599861145, 0.09906109422445297], "children": [{"id": 3, "label": "back_single_surface", "box": [-0.006171996705234051, 0.49303582310676575, -0.1962335854768753, 0.04447894170880318, 0.4834357500076294, 0.8228577375411987, 9.554536518407986e-05, -0.09934850037097931, -0.995052695274353, 0.07696955651044846, -0.9921000599861145, 0.09906109422445297]}]}, {"id": 4, "label": "back_frame", "box": [-0.007773303892463446, 0.22124099731445312, -0.2109168916940689, 0.0859670415520668, 0.5826837420463562, 0.6792432069778442, -0.0012354095233604312, 0.028776761144399643, 0.9995850920677185, 0.0076555595733225346, 0.999556839466095, -0.028766486793756485], "children": [{"id": 5, "label": "back_frame_vertical_bar", "box": [0.2952345907688141, 0.2188800424337387, -0.21118055284023285, 0.060678064823150635, 0.0739351287484169, 0.5826970338821411, 0.9659484028816223, 1.1078672142406055e-16, 0.25873473286628723, -0.2586281895637512, 0.028691764920949936, 0.9655507206916809]}, {"id": 6, "label": "back_frame_vertical_bar", "box": [-0.29953733086586, 0.22603338956832886, -0.21138179302215576, 0.060931336134672165, 0.072147436439991, 0.5679025053977966, 0.8659679889678955, 0.0005117654800415039, -0.5000991821289062, 0.4998246133327484, 0.032263580709695816, 0.8655255436897278]}], "edges": [{"dist": 0.019701964421898737, "type": "REF_SYM", "part_a": 1, "params": [-0.002804383635520935, 0.2247115671634674, -0.21519997715950012, 0.999997615814209, 0.0020544584840536118, 0.0007025623344816267], "part_b": 0}, {"dist": 0.02739039000169832, "type": "TRANS_SYM", "part_a": 1, "params": [0.5979646444320679, 0.0012284964323043823, 0.00042010843753814697], "part_b": 0}, {"dist": 0.023224216171325605, "type": "ROT_SYM", "part_a": 1, "params": [-0.0027606463991105556, 0.22070446610450745, -0.25595933198928833, -0.0028303407598286867, 0.9986204504966736, -0.05243249237537384, 2.8695976734161377], "part_b": 0}]}], "edges": [{"dist": 0.002126632750087405, "type": "ADJ", "part_a": 1, "part_b": 0}]}, {"id": 7, "label": "chair_seat", "box": [-0.006036071106791496, -0.029648499563336372, 0.08842182159423828, 0.10667300224304199, 0.8076280951499939, 0.8076284527778625, 0.0, 1.0, 0.0, 0.3826800584793091, 0.0, 0.923880934715271], "children": [{"id": 8, "label": "seat_surface", "box": [-0.006036071106791496, 0.0042929998598992825, 0.08842182159423828, 0.03878999873995781, 0.8076280951499939, 0.8076284527778625, -1.131427832715178e-16, -1.0, 4.686479110691864e-17, 0.3826800584793091, 0.0, 0.923880934715271], "children": [{"id": 9, "label": "seat_single_surface", "box": [-0.006036071106791496, 0.0042929998598992825, 0.08842182159423828, 0.03878999873995781, 0.8076280951499939, 0.8076284527778625, -1.131427832715178e-16, -1.0, 4.686479110691864e-17, 0.3826800584793091, 0.0, 0.923880934715271]}]}, {"id": 10, "label": "seat_support", "box": [-0.0063619911670684814, -0.04904349893331528, 0.07046599686145782, 0.06788299977779388, 0.5599160194396973, 0.5935620069503784, -1.2246468525851679e-16, -1.0, 0.0, 0.0, 0.0, 1.0]}], "edges": [{"dist": 0.0008463096580275044, "type": "ADJ", "part_a": 1, "part_b": 0}]}, {"id": 11, "label": "chair_base", "box": [-0.005376018583774567, -0.43359988927841187, 0.08536698669195175, 0.6972974538803101, 0.7628921866416931, 0.8346242904663086, 0.003150606295093894, -0.005214693956077099, -0.9999814629554749, 0.9999950528144836, 1.6429528841399588e-05, 0.0031505634542554617], "children": [{"id": 12, "label": "regular_leg_base", "box": [-0.005376018583774567, -0.43359988927841187, 0.08536698669195175, 0.6972974538803101, 0.7628921866416931, 0.8346242904663086, 0.003150606295093894, -0.005214693956077099, -0.9999814629554749, 0.9999950528144836, 1.6429528841399588e-05, 0.0031505634542554617], "children": [{"id": 13, "label": "leg", "box": [0.29559963941574097, -0.4472086727619171, -0.21255001425743103, 0.06068238615989685, 0.06934335082769394, 0.807405948638916, -0.9659953713417053, -5.936725528954412e-07, -0.25855931639671326, 0.2584890127182007, 0.023317504674196243, -0.965732753276825]}, {"id": 14, "label": "leg", "box": [-0.30417385697364807, -0.44225725531578064, -0.21944312751293182, 0.060765597969293594, 0.06939299404621124, 0.8167740702629089, 0.8671237826347351, -8.880185305315536e-06, -0.4980927109718323, -0.497603178024292, 0.044310204684734344, -0.8662722706794739]}, {"id": 15, "label": "leg", "box": [0.3192550837993622, -0.4313235580921173, 0.3792615830898285, 0.04848986491560936, 0.06500232219696045, 0.8420841693878174, -0.7071067690849304, 1.0417273744731925e-16, 0.7071067690849304, 0.7040668725967407, 0.092626191675663, 0.7040668725967407]}, {"id": 16, "label": "leg", "box": [-0.3319813311100006, -0.4313235580921173, 0.3792618215084076, 0.04848986491560936, 0.06500236690044403, 0.8420841097831726, -0.7071067690849304, 0.0, -0.7071067690849304, 0.7040669322013855, -0.09262537211179733, -0.7040669322013855]}], "edges": [{"dist": 0.015665604551593392, "type": "REF_SYM", "part_a": 1, "params": [-0.002471938729286194, -0.4409617483615875, -0.21614131331443787, 0.9999995827674866, 7.447871030308306e-05, -0.0008756227325648069], "part_b": 0}, {"dist": 0.02039825654048417, "type": "TRANS_SYM", "part_a": 1, "params": [0.598617434501648, 4.458427429199219e-05, -0.0005241632461547852], "part_b": 0}, {"dist": 0.014902666896251054, "type": "ROT_SYM", "part_a": 1, "params": [-0.0023361463099718094, -0.43060120940208435, -0.09599018096923828, -0.0016929528210312128, -0.9996135830879211, -0.027744965627789497, 2.380037784576416], "part_b": 0}, {"dist": 0.026936247255837428, "type": "REF_SYM", "part_a": 2, "params": [0.30654177069664, -0.43085938692092896, 0.07958683371543884, -0.03275159001350403, -0.034017469733953476, -0.9988844394683838], "part_b": 0}, {"dist": 0.03593477150575803, "type": "TRANS_SYM", "part_a": 2, "params": [-0.01940995454788208, -0.020160168409347534, -0.5919804573059082], "part_b": 0}, {"dist": 0.02171922532191551, "type": "ROT_SYM", "part_a": 2, "params": [0.5097413659095764, -0.3826899826526642, 0.07273910939693451, 0.07502786070108414, -0.9971672296524048, 0.005324803292751312, 1.9247024059295654], "part_b": 0}, {"dist": 0.01887744026492883, "type": "REF_SYM", "part_a": 2, "params": [0.007233038544654846, -0.43088167905807495, 0.07984891533851624, -0.7222654819488525, -0.023612534627318382, -0.6912127137184143], "part_b": 1}, {"dist": 0.037550567823931354, "type": "TRANS_SYM", "part_a": 2, "params": [-0.6180274486541748, -0.020204752683639526, -0.5914562940597534], "part_b": 1}, {"dist": 0.02066921768977625, "type": "ROT_SYM", "part_a": 2, "params": [0.07414233684539795, -0.37247782945632935, 0.007670313119888306, 0.03189462795853615, -0.9994829893112183, 0.0040523698553442955, 2.6845545768737793], "part_b": 1}, {"dist": 0.021017556125087718, "type": "REF_SYM", "part_a": 3, "params": [-0.01573200523853302, -0.42982035875320435, 0.07955266535282135, 0.7258980870246887, -0.02582254260778427, -0.6873173713684082], "part_b": 0}, {"dist": 0.03715821960659727, "type": "TRANS_SYM", "part_a": 3, "params": [0.6251375675201416, -0.022238165140151978, -0.5919121503829956],