{"id": 0, "label": "chair", "box": [0.0006079362938180566, 0.10312496870756149, 0.14012786746025085, 0.9406369924545288, 1.0481740236282349, 1.4842242002487183, -1.0, 3.110522690114026e-12, 1.2471305126382504e-06, 1.2471305126382504e-06, 2.4941266474343138e-06, 1.0], "children": [{"id": 1, "label": "chair_back", "box": [0.0005796243785880506, 0.2905236780643463, -0.11602936685085297, 0.5358671545982361, 0.9406510591506958, 1.1094279289245605, -1.2471186892071273e-06, -9.976208275475074e-06, -1.0, 1.0, 6.621443753829226e-05, -1.24777920973429e-06], "children": [{"id": 2, "label": "back_surface", "box": [0.0005796243785880506, 0.2905236780643463, -0.11602936685085297, 0.5358671545982361, 0.9406510591506958, 1.1094279289245605, -1.2471186892071273e-06, -9.976208275475074e-06, -1.0, 1.0, 6.621443753829226e-05, -1.24777920973429e-06], "children": [{"id": 3, "label": "back_single_surface", "box": [0.0005796243785880506, 0.2905236780643463, -0.11602936685085297, 0.5358671545982361, 0.9406510591506958, 1.1094279289245605, -1.2471186892071273e-06, -9.976208275475074e-06, -1.0, 1.0, 6.621443753829226e-05, -1.24777920973429e-06]}]}]}, {"id": 4, "label": "chair_seat", "box": [0.0005249977111816406, -0.20004190504550934, 0.2483617216348648, 0.23043158650398254, 0.8325168490409851, 0.9404699802398682, 8.959662639559467e-19, -0.9998929500579834, -0.014632239937782288, -6.122578474136207e-17, -0.014632239937782288, 0.9998929500579834], "children": [{"id": 5, "label": "seat_surface", "box": [0.0005249977111816406, -0.20004190504550934, 0.2483617216348648, 0.23043158650398254, 0.8325168490409851, 0.9404699802398682, 8.959662639559467e-19, -0.9998929500579834, -0.014632239937782288, -6.122578474136207e-17, -0.014632239937782288, 0.9998929500579834], "children": [{"id": 6, "label": "seat_single_surface", "box": [0.0005249977111816406, -0.20004190504550934, 0.2483617216348648, 0.23043158650398254, 0.8325168490409851, 0.9404699802398682, 8.959662639559467e-19, -0.9998929500579834, -0.014632239937782288, -6.122578474136207e-17, -0.014632239937782288, 0.9998929500579834]}]}]}, {"id": 7, "label": "chair_base", "box": [0.00044126505963504314, -0.42997074127197266, 0.14002728462219238, 0.41811469197273254, 0.9403058886528015, 1.0479931831359863, -3.425377481658387e-10, 1.0, -9.246241097571328e-05, 1.0, 7.443750025016923e-17, -3.7046154375275364e-06], "children": [{"id": 8, "label": "regular_leg_base", "box": [0.00044126505963504314, -0.42997074127197266, 0.14002728462219238, 0.41811469197273254, 0.9403058886528015, 1.0479931831359863, -3.425377481658387e-10, 1.0, -9.246241097571328e-05, 1.0, 7.443750025016923e-17, -3.7046154375275364e-06], "children": [{"id": 9, "label": "leg", "box": [0.4024626612663269, -0.44430458545684814, -0.25979769229888916, 0.13629312813282013, 0.26696979999542236, 0.39818522334098816, -1.0, 0.0, -0.000216232321690768, -0.0002159655705327168, -0.04965678229928017, 0.998766303062439]}, {"id": 10, "label": "leg", "box": [0.36842450499534607, -0.43037834763526917, 0.5492054224014282, 0.20434096455574036, 0.23113323748111725, 0.41798463463783264, 0.9999890327453613, 0.0013292073272168636, 0.004492958076298237, -0.0044983020052313805, 0.004044832196086645, 0.999981701374054]}, {"id": 11, "label": "leg", "box": [-0.3513927161693573, -0.43576326966285706, 0.5550114512443542, 0.23274540901184082, 0.2367018610239029, 0.41253021359443665, -0.0008368257549591362, -0.04153561592102051, -0.9991366863250732, -0.9999996423721313, 1.2246463231895758e-16, 0.0008375485194846988]}, {"id": 12, "label": "leg", "box": [-0.4040735065937042, -0.44510605931282043, -0.2548959255218506, 0.15030726790428162, 0.2673851251602173, 0.3949557840824127, -0.9987504482269287, 0.04997483640909195, -0.000260681175859645, 0.0014745774678885937, 0.024254819378256798, -0.9997047185897827]}], "edges": [{"type": "REF_SYM", "params": [0.007511407136917114, -0.46909239888191223, 0.5575495362281799, 0.9999554753303528, 0.009299946948885918, -0.0015834979712963104], "dist": 0.04649775788963938, "part_b": 1, "part_a": 2}, {"type": "TRANS_SYM", "params": [0.7441319227218628, 0.0069206953048706055, -0.0011783838272094727], "dist": 0.04716329277934765, "part_b": 1, "part_a": 2}, {"type": "REF_SYM", "params": [-0.00041428208351135254, -0.4580138325691223, -0.2628253698348999, 0.9999842643737793, -0.005175397731363773, -0.002167430706322193], "dist": 0.03621220885943148, "part_b": 0, "part_a": 3}, {"type": "TRANS_SYM", "params": [0.8055901527404785, -0.0041693150997161865, -0.0017460882663726807], "dist": 0.035355784413062516, "part_b": 0, "part_a": 3}, {"type": "ROT_SYM", "params": [0.004082988016307354, 0.5415247678756714, -0.24409028887748718, 0.005226684268563986, 0.9998225569725037, 0.018097300082445145, 3.138409376144409], "dist": 0.03849331306855552, "part_b": 0, "part_a": 3}]}]}], "edges": [{"type": "ADJ", "dist": 0.02089743871801306, "part_b": 0, "part_a": 1}, {"type": "ADJ", "dist": 0.02104809504787177, "part_b": 0, "part_a": 2}, {"type": "ADJ", "dist": 0.010213587229680552, "part_b": 1, "part_a": 2}]}