{"id": 0, "label": "chair", "box": [0.005263984203338623, -0.16721148788928986, 0.05367650091648102, 0.961279034614563, 1.1128100156784058, 1.2505069971084595, 0.0, 0.0, -1.0, -1.0, 1.8369701465288538e-16, 0.0], "children": [{"id": 1, "label": "chair_back", "box": [0.005263984203338623, 0.12531675398349762, -0.2639058530330658, 0.2435300499200821, 0.697965681552887, 1.1128100156784058, -1.0620842728045103e-17, -0.1734515279531479, -0.9848424196243286, 9.28134800990251e-19, -0.9848424196243286, 0.1734515279531479], "children": [{"id": 2, "label": "back_surface", "box": [0.005263984203338623, 0.2093556672334671, -0.2578667402267456, 0.199598491191864, 0.5595473647117615, 1.1128100156784058, -2.5586595552951568e-17, -0.41786080598831177, -0.9085110425949097, 5.602081939286299e-18, -0.9085110425949097, 0.41786080598831177], "children": [{"id": 3, "label": "back_single_surface", "box": [0.005263984203338623, 0.2093556672334671, -0.2578667402267456, 0.199598491191864, 0.5595473647117615, 1.1128100156784058, -2.5586595552951568e-17, -0.41786080598831177, -0.9085110425949097, 5.602081939286299e-18, -0.9085110425949097, 0.41786080598831177]}]}, {"id": 4, "label": "back_support", "box": [0.010253903456032276, 0.0028055200818926096, -0.3245800733566284, 0.011528348550200462, 0.4844544529914856, 0.8907343149185181, 0.0002361374645261094, -0.008451109752058983, -0.9999642372131348, 0.0028393063694238663, -0.9999602437019348, 0.008451745845377445]}], "edges": [{"part_b": 0, "part_a": 1, "type": "ADJ", "dist": 0.006690885895283827}]}, {"id": 5, "label": "chair_arm", "box": [-0.4148710072040558, 0.01059740036725998, 0.0891919657588005, 0.12154184281826019, 0.5038638710975647, 0.8355213403701782, 0.997173011302948, 0.07513955980539322, -9.132871241490648e-07, 0.07513955980539322, -0.997173011302948, -3.049421593459556e-06], "children": [{"id": 6, "label": "arm_sofa_style", "box": [-0.4148710072040558, 0.01059740036725998, 0.0891919657588005, 0.12154184281826019, 0.5038638710975647, 0.8355213403701782, 0.997173011302948, 0.07513955980539322, -9.132871241490648e-07, 0.07513955980539322, -0.997173011302948, -3.049421593459556e-06]}]}, {"id": 7, "label": "chair_arm", "box": [0.4253905415534973, 0.010489488020539284, 0.0891924723982811, 0.12155327945947647, 0.5040774345397949, 0.8355200290679932, 0.9971727132797241, -0.07514369487762451, -1.5285462723113596e-05, -0.07514369487762451, -0.9971727132797241, 1.8534423418259394e-07], "children": [{"id": 8, "label": "arm_sofa_style", "box": [0.4253905415534973, 0.010489488020539284, 0.0891924723982811, 0.12155327945947647, 0.5040774345397949, 0.8355200290679932, 0.9971727132797241, -0.07514369487762451, -1.5285462723113596e-05, -0.07514369487762451, -0.9971727132797241, 1.8534423418259394e-07]}]}, {"id": 9, "label": "chair_seat", "box": [0.0051900953985750675, -0.18047037720680237, 0.10635749995708466, 0.2265886664390564, 0.8559169769287109, 0.8973559737205505, 0.001177723752334714, -0.9999992847442627, 0.0, 0.0, 0.0, 1.0], "children": [{"id": 10, "label": "seat_surface", "box": [0.005263999104499817, -0.08420111238956451, 0.1568261981010437, 0.1648504137992859, 0.7292460203170776, 0.7592335939407349, -1.2634437739834975e-17, 0.9784811735153198, 0.20633603632450104, 1.0, 0.0, 6.123234262925839e-17], "children": [{"id": 11, "label": "seat_single_surface", "box": [0.005263999104499817, -0.08420111238956451, 0.1568261981010437, 0.1648504137992859, 0.7292460203170776, 0.7592335939407349, -1.2634437739834975e-17, 0.9784811735153198, 0.20633603632450104, 1.0, 0.0, 6.123234262925839e-17]}]}, {"id": 12, "label": "seat_frame", "box": [0.005263492465019226, -0.26613301038742065, 0.08978350460529327, 0.05615398287773132, 0.822769045829773, 0.8973510265350342, -1.2246468525851679e-16, -1.0, 0.0, 0.0, 0.0, 1.0], "children": [{"id": 13, "label": "seat_frame_bar", "box": [-0.4372003376483917, -0.2689688205718994, 0.08763931691646576, 0.00789358839392662, 0.04593801498413086, 0.6860048770904541, 0.9998869895935059, 0.015031391754746437, -0.00020938801753800362, -0.015032383613288403, 0.9998686909675598, -0.006052446085959673]}, {"id": 14, "label": "seat_frame_bar", "box": [0.4503081440925598, -0.2707330882549286, 0.0989876389503479, 0.0037684408016502857, 0.045254871249198914, 0.6957789659500122, -0.9987795352935791, 0.04939109459519386, -8.039984822971746e-05, 0.04939109459519386, 0.9987795352935791, 6.123234262925839e-17]}, {"id": 15, "label": "seat_frame_bar", "box": [0.007686350028961897, -0.26903602480888367, -0.3178233206272125, 0.00434401398524642, 0.04504557326436043, 0.7609339952468872, -3.620973075157963e-05, 0.05183986946940422, 0.9986554384231567, 0.004289216827601194, -0.9986461997032166, 0.05183954909443855]}, {"id": 16, "label": "seat_frame_bar", "box": [0.008283916860818863, -0.2687729299068451, 0.49662289023399353, 0.003315265756100416, 0.0460372120141983, 0.7625070810317993, 0.002564528491348028, 0.010373559780418873, -0.9999428987503052, -0.006340534891933203, 0.9999262690544128, 0.010357125662267208]}, {"id": 17, "label": "seat_holistic_frame", "box": [0.005263492465019226, -0.24279150366783142, 0.08978350460529327, 0.009470999240875244, 0.822769045829773, 0.8973510265350342, -1.2246468525851679e-16, -1.0, 0.0, 0.0, 0.0, 1.0]}], "edges": [{"part_b": 0, "part_a": 4, "type": "ADJ", "dist": 0.0025687140376211824}, {"part_b": 1, "part_a": 4, "type": "ADJ", "dist": 0.0026203506707976184}, {"part_b": 2, "part_a": 4, "type": "ADJ", "dist": 0.0023143963897275057}, {"part_b": 3, "part_a": 4, "type": "ADJ", "dist": 0.0032136732143260597}, {"part_b": 0, "part_a": 1, "type": "REF_SYM", "params": [0.00503675639629364, -0.26935070753097534, 0.08963245153427124, -0.9999972581863403, 9.082230099011213e-05, 0.0023356026504188776], "dist": 0.007930197367604579}, {"part_b": 0, "part_a": 1, "type": "TRANS_SYM", "params": [-0.8902381658554077, 8.085370063781738e-05, 0.0020792484283447266], "dist": 0.007587173113417408}, {"part_b": 0, "part_a": 1, "type": "ROT_SYM", "params": [0.11468154937028885, 147.72300720214844, 52.165035247802734, -0.001713383011519909, 0.3339429497718811, -0.942591667175293, 0.005673322826623917], "dist": 0.007543355179487043}, {"part_b": 0, "part_a": 2, "type": "ROT_SYM", "params": [-0.41845887899398804, 0.7296220660209656, -0.34552425146102905, 0.0023291504476219416, -0.9999939799308777, 0.002574163954705, 1.56918466091156], "dist": 0.009662519302338747}, {"part_b": 1, "part_a": 2, "type": "REF_SYM", "params": [0.2336808294057846, -0.26934438943862915, -0.11486126482486725, 0.7286821007728577, -0.00015734935004729778, 0.6848520040512085], "dist": 0.032489427666136335}, {"part_b": 1, "part_a": 2, "type": "ROT_SYM", "params": [0.4349142014980316, 0.7314020395278931, -0.33083391189575195, -0.0016420962056145072, 0.9999966621398926, 0.00198558671399951, 1.5684800148010254], "dist": 0.00957769720968595}, {"part_b": 0, "part_a": 3, "type": "ROT_SYM", "params": [-0.4166131913661957, -0.2658234238624573, 0.5193760395050049, -0.006264721509069204, 0.9999755024909973, 0.0031257683876901865, 1.5725663900375366], "dist": 0.009414532199635457}, {"part_b": 1, "part_a": 3, "type": "REF_SYM", "params": [0.23114806413650513, -0.2687212824821472, 0.29261088371276855, 0.7317017316818237, -0.0022379651200026274, -0.6816213130950928], "dist": 0.03526490852296693}, {"part_b": 1, "part_a": 3, "type": "ROT_SYM", "params": [0.4341887831687927, -1.2689040899276733, 0.5099152326583862, -0.002158882562071085, -0.9999971985816956, 0.0009827237809076905, 1.5746413469314575], "dist": 0.00972646042930047}, {"part_b": 2, "part_a": 3, "type": "REF_SYM", "params": [0.01467304676771164, -0.2686745226383209, 0.08915679156780243, 0.0062156724743545055, -0.0015291700838133693, -0.9999794960021973], "dist": 0.008817380326820931}, {"part_b": 2, "part_a": 3, "type": "TRANS_SYM", "params": [0.00506553053855896, -0.0012462139129638672, -0.8149442672729492], "dist": 0.00662109285971956}, {"part_b": 2, "part_a": 3, "type": "ROT_SYM",