{"id": 0, "label": "chair", "box": [0.011250515468418598, 0.1491735428571701, 0.07813098281621933, 0.7349960207939148, 1.5347020626068115, 0.863101065158844, 0.9999180436134338, -0.0004613189958035946, 0.01279617939144373, 0.0009275623597204685, 0.9993348717689514, -0.03645417094230652], "children": [{"id": 1, "label": "chair_back", "box": [0.0018219425110146403, 0.49342355132102966, -0.2689240574836731, 0.676828145980835, 0.8234832286834717, 0.10518274456262589, 0.9999520182609558, 0.008885608054697514, 0.004125039558857679, -0.008513695560395718, 0.9965309500694275, -0.08278626203536987], "children": [{"id": 2, "label": "back_surface", "box": [-0.008222137577831745, 0.42682814598083496, -0.26695653796195984, 0.598906934261322, 0.664130687713623, 0.08227319270372391, 0.9999251961708069, -0.009802191518247128, -0.00731951417401433, 0.009280035272240639, 0.9976249933242798, -0.06825181841850281], "children": [{"id": 3, "label": "back_single_surface", "box": [-0.01427213754504919, 0.43579620122909546, -0.26817870140075684, 0.6764958500862122, 0.6743054389953613, 0.0879167839884758, 0.9999507069587708, 0.006290449295192957, -0.007683247793465853, -0.006944379769265652, 0.9960712194442749, -0.08828321099281311]}]}]}, {"id": 5, "label": "chair_seat", "box": [0.007740416564047337, 0.11167341470718384, 0.06564383953809738, 0.7898347973823547, 0.13296526670455933, 0.7209466695785522, 0.9999938607215881, 0.0006081690080463886, -0.0034567369148135185, -0.0005616392591036856, 0.9999094605445862, 0.013445680029690266], "children": [{"id": 0, "label": "seat_support", "box": [-0.0014351839199662209, 0.057338472455739975, 0.09663044661283493, 0.7073013186454773, 0.08306869119405746, 0.6619307994842529, 0.9998565316200256, 0.005560359917581081, 0.01600184291601181, -0.005650767590850592, 0.9999682903289795, 0.005610192194581032]}, {"id": 6, "label": "seat_surface", "box": [0.007557559292763472, 0.11485274136066437, 0.09901262819766998, 0.7094841599464417, 0.06438645720481873, 0.6843308210372925, 0.9999235272407532, 0.0021966740023344755, 0.012171702459454536, -0.0024270182475447655, 0.9998176097869873, 0.018942227587103844], "children": [{"id": 7, "label": "seat_single_surface", "box": [-0.00284563354216516, 0.13851937651634216, 0.10563556104898453, 0.6807148456573486, 0.0768485739827156, 0.7012325525283813, 0.9999194145202637, -0.005036625079810619, 0.011652621440589428, 0.004685495514422655, 0.9995399117469788, 0.02996666170656681]}]}], "edges": [{"part_a": 0, "part_b": 1, "type": "ADJ"}, {"part_a": 1, "part_b": 0, "type": "ADJ"}]}, {"id": 8, "label": "chair_base", "box": [-0.007591887842863798, -0.3293478786945343, 0.08709083497524261, 0.682565450668335, 0.7141266465187073, 0.824674665927887, 0.9992046356201172, -0.025442074984312057, 0.03070547990500927, 0.02490789256989956, 0.9995338320732117, 0.017655951902270317]}], "edges": [{"part_a": 0, "part_b": 1, "type": "ADJ"}, {"part_a": 1, "part_b": 0, "type": "ADJ"}, {"part_a": 1, "part_b": 2, "type": "ADJ"}, {"part_a": 2, "part_b": 1, "type": "ADJ"}]}