{"id": 0, "label": "chair", "box": [-0.011357206851243973, -0.029759934172034264, 0.04972051829099655, 0.8241233229637146, 1.48918879032135, 0.9127008318901062, 0.9999834299087524, -0.004125515930354595, -0.004020669497549534, 0.004024141933768988, 0.9996817708015442, -0.02490333467721939], "children": [{"id": 1, "label": "chair_back", "box": [-0.0027598426677286625, 0.3325779438018799, -0.27067697048187256, 0.8020403981208801, 0.7961124181747437, 0.16419899463653564, 0.9999933242797852, 0.0036405459977686405, -0.00034837410203181207, -0.003645409131422639, 0.9846076369285583, -0.17474150657653809], "children": [{"id": 2, "label": "back_surface", "box": [-0.0002948492765426636, 0.39101511240005493, -0.2601858973503113, 0.663650631904602, 0.562163233757019, 0.1041247695684433, 0.9999423623085022, -0.005003888159990311, 0.009502120316028595, 0.006701369769871235, 0.9821454286575317, -0.18800407648086548], "children": [{"id": 3, "label": "back_single_surface", "box": [-0.006162695586681366, 0.3907725512981415, -0.2727104127407074, 0.6043026447296143, 0.48709309101104736, 0.083255335688591, 0.999933123588562, -0.006857641972601414, -0.009311401285231113, 0.005102310795336962, 0.9842115044593811, -0.17692293226718903]}]}, {"id": 4, "label": "back_frame", "box": [-0.002153609413653612, 0.3794825077056885, -0.2850385904312134, 0.7608875036239624, 0.7839889526367188, 0.13235148787498474, 0.9999968409538269, 0.00019666110165417194, -0.0025012423284351826, -0.0006520061870105565, 0.9830418825149536, -0.18338008224964142], "children": [{"id": 5, "label": "back_frame_vertical_bar", "box": [0.30751895904541016, 0.3795177936553955, -0.2776959240436554, 0.12994858622550964, 0.7684169411659241, 0.1211915835738182, 0.9991874694824219, 0.005370759870857, 0.0399450920522213, 0.0012193919392302632, 0.9865999221801758, -0.1631537526845932]}, {"id": 6, "label": "back_frame_vertical_bar", "box": [-0.31014418601989746, 0.3890710473060608, -0.273488312959671, 0.11595471948385239, 0.7561944723129272, 0.11080222576856613, 0.9989643096923828, -0.005868759471923113, -0.04512068256735802, -0.0008021096582524478, 0.9892215132713318, -0.14642469584941864]}, {"id": 7, "label": "back_frame_horizontal_bar", "box": [0.0017984322039410472, 0.7212708592414856, -0.3288255035877228, 0.5931510925292969, 0.15813705325126648, 0.09549878537654877, 0.9999288320541382, -0.0010457417229190469, -0.011886305175721645, -0.00046748892054893076, 0.9919540286064148, -0.12659808993339539]}], "edges": [{"part_a": 0, "part_b": 1, "type": "ROT_SYM"}, {"part_a": 0, "part_b": 1, "type": "TRANS_SYM"}, {"part_a": 0, "part_b": 1, "type": "REF_SYM"}, {"part_a": 0, "part_b": 2, "type": "ADJ"}, {"part_a": 1, "part_b": 0, "type": "ROT_SYM"}, {"part_a": 1, "part_b": 0, "type": "TRANS_SYM"}, {"part_a": 1, "part_b": 0, "type": "REF_SYM"}, {"part_a": 1, "part_b": 2, "type": "ADJ"}, {"part_a": 2, "part_b": 0, "type": "ADJ"}, {"part_a": 2, "part_b": 1, "type": "ADJ"}]}], "edges": [{"part_a": 0, "part_b": 1, "type": "ADJ"}, {"part_a": 1, "part_b": 0, "type": "ADJ"}]}, {"id": 8, "label": "chair_seat", "box": [-0.0032876424957066774, -0.04054303094744682, 0.12249911576509476, 0.7903582453727722, 0.18118445575237274, 0.7687231302261353, 0.999989926815033, -0.0025671827606856823, 0.003686315845698118, 0.0025141702499240637, 0.999894380569458, 0.014314246363937855], "children": [{"id": 9, "label": "seat_surface", "box": [0.0015460556605830789, -0.024170689284801483, 0.11914542317390442, 0.7766255140304565, 0.11869238317012787, 0.7298351526260376, 0.9999902248382568, 0.003706986317411065, -0.002427390543743968, -0.0037200567312538624, 0.9999784827232361, -0.005402415990829468], "children": [{"id": 10, "label": "seat_single_surface", "box": [0.00188505242113024, -0.038483425974845886, 0.13697129487991333, 0.708275318145752, 0.10698980838060379, 0.654657781124115, 0.9999656677246094, 0.0072423554956912994, -0.004033531993627548, -0.0073112607933580875, 0.9998229146003723, -0.01733875274658203]}]}, {"id": 11, "label": "seat_frame", "box": [0.0026836609467864037, 0.030953312292695045, 0.1111290380358696, 0.7906864881515503, 0.17024657130241394, 0.7489463686943054, 0.9999736547470093, -0.004370593931525946, -0.005794127006083727, 0.004394962918013334, 0.9999815225601196, 0.004199798218905926], "children": [{"id": 13, "label": "seat_frame_bar", "box": [0.010266968049108982, 0.002566632814705372, 0.14030157029628754, 0.6625809669494629, 0.12137484550476074, 0.6323511004447937, 0.9998067021369934, 0.002248923759907484, -0.01953272894024849, -0.002324569271877408, 0.999989926815033, -0.003850899636745453]}]}], "edges": [{"part_a": 0, "part_b": 1, "type": "ADJ"}, {"part_a": 1, "part_b": 0, "type": "ADJ"}]}, {"id": 16, "label": "chair_base", "box": [-0.0072360956110060215, -0.36828815937042236, 0.0737500786781311, 0.8131315112113953, 0.7819697856903076, 0.8705800175666809, 0.999967634677887, 0.007979082874953747, -0.0010557400528341532, -0.007973353378474712, 0.9999540448188782, 0.005324161611497402], "children": [{"id": 17, "label": "regular_leg_base", "box": [-0.004283491522073746, -0.39551347494125366, 0.07130798697471619, 0.8136534690856934, 0.7843766808509827, 0.86419278383255, 0.9999998211860657, 6.577699969056994e-05, 0.0006146012456156313, -7.079745410010219e-05, 0.9999666213989258, 0.008172189816832542], "children": [{"id": 24, "label": "bar_stretcher", "box": [0.007112417370080948, -0.18775683641433716, 0.4417531192302704, 0.6624070405960083, 0.12799258530139923, 0.08878538012504578, 0.9999568462371826, -0.00056168477749452, -0.009275910444557667, 0.00018466103938408196, 0.9991756081581116, -0.040596406906843185]}, {"id": 22, "label": "bar_stretcher", "box": [0.3556196093559265, -0.251646488904953, 0.08318078517913818, 0.10270608961582184, 0.14126983284950256, 0.6062711477279663, 0.9997206926345825, -0.018806403502821922, -0.014312461018562317, 0.018539300188422203, 0.9996556639671326, -0.018571721389889717]}, {"id": 18, "label": "leg", "box": [-0.3569224774837494, -0.40303677320480347, -0.26268109679222107, 0.08258619159460068, 0.7370296716690063, 0.11662507057189941, 0.998029351234436, -0.03235965967178345, -0.05376172810792923, 0.041132666170597076, 0.9844008684158325, 0.1710645854473114]}, {"id": 19, "label": "leg", "box": [-0.36026644706726074, -0.40277165174484253, 0.4289436638355255, 0.09331368654966354, 0.7137511968612671, 0.10685712099075317, 0.9998067021369934, -0.01856844127178192, 0.006465624552220106, 0.018967589363455772, 0.9974767565727234, -0.06841307133436203]}, {"id": 21, "label": "leg", "box": [0.35133734345436096, -0.4216332733631134, -0.2683141529560089, 0.08702081441879272, 0.7167345285415649, 0.11168237775564194, 0.995786190032959, 0.020598484203219414, 0.08936212211847305, -0.034409333020448685, 0.9871760606765747, 0.15588267147541046]}, {"id": 0, "label": "bar_stretcher", "box": [-0.007703328970819712, -0.25730493664741516, -0.2524031400680542, 0.6606998443603516, 0.11326012760400772, 0.10958210378885269, 0.9999992847442627, 0.0011497706873342395, -0.00038267066702246666, -0.001131599536165595, 0.9990084171295166, 0.044507935643196106]}, {"id": 20, "label": "leg", "box": [0.36352500319480896, -0.3958198130130768, 0.4207557737827301, 0.08700251579284668, 0.7291961312294006, 0.10878479480743408, 0.9997751116752625, 0.021207086741924286, 6.514094275189564e-05, -0.021133918315172195, 0.99657142162323, -0.07999216020107269]}, {"id": 23, "label": "bar_stretcher", "box": [-0.3043596148490906, -0.2095598578453064, 0.11394309997558594, 0.14073342084884644, 0.10945585370063782, 0.5997492074966431, 0.9989132881164551, -0.01788226142525673, 0.04304045811295509, 0.01791749894618988, 0.9998394250869751, -0.0004330073716118932]}], "edges": [{"part_a": 0, "part_b": 3, "type": "ADJ"}, {"part_a": 0, "part_b": 6, "type": "ADJ"}, {"part_a": 1, "part_b": 4, "type": "ADJ"}, {"part_a": 1, "part_b": 6, "type": "ADJ"}, {"part_a": 1, "part_b": 7, "type": "ROT_SYM"}, {"part_a": 1, "part_b": 7, "type": "REF_SYM"}, {"part_a": 2,