{"id": 0, "label": "chair", "box": [-0.0014240993186831474, -0.009464802220463753, 0.03202732652425766, 0.7487503886222839, 1.5884904861450195, 0.8026539087295532, 0.9999783039093018, 0.0008644033223390579, -0.006533248350024223, -0.0010534289758652449, 0.9995793104171753, -0.028985043987631798], "children": [{"id": 1, "label": "chair_back", "box": [0.0018697917694225907, 0.44182148575782776, -0.27872711420059204, 0.7254455089569092, 0.7862035632133484, 0.11355430632829666, 0.9999980926513672, -0.0013396574649959803, 0.0014427591813728213, 0.0014301969204097986, 0.9979038238525391, -0.06469898670911789], "children": [{"id": 2, "label": "back_surface", "box": [0.011749781668186188, 0.4840521514415741, -0.24593381583690643, 0.4511585235595703, 0.44295230507850647, 0.06943722814321518, 0.9999352693557739, -0.006284609902650118, 0.00948486477136612, 0.0069673992693424225, 0.9972516298294067, -0.0737607404589653], "children": [{"id": 3, "label": "back_surface_horizontal_bar", "box": [-0.010636736638844013, 0.39434006810188293, -0.2632400095462799, 0.4602491557598114, 0.2663874626159668, 0.06147408485412598, 0.999991774559021, -0.0026749162934720516, -0.003051112173125148, 0.002514136955142021, 0.9986680746078491, -0.05153438076376915]}]}, {"id": 5, "label": "back_frame", "box": [0.011036807671189308, 0.4745328724384308, -0.26416099071502686, 0.7082127928733826, 0.7409960031509399, 0.13032051920890808, 0.9999973177909851, -0.0007073045126162469, 0.0022038337774574757, 0.0008742132340557873, 0.9970554113388062, -0.07667960971593857], "children": [{"id": 6, "label": "back_frame_vertical_bar", "box": [0.2643454968929291, 0.47101733088493347, -0.24559089541435242, 0.1366719752550125, 0.7188246846199036, 0.09676086157560349, 0.9996923208236694, 0.0016936648171395063, 0.024746859446167946, -0.0005484261200763285, 0.9989315271377563, -0.046211834996938705]}, {"id": 7, "label": "back_frame_vertical_bar", "box": [-0.2529054880142212, 0.48605480790138245, -0.2559284269809723, 0.09251267462968826, 0.7348690629005432, 0.07319911569356918, 0.9996569156646729, -0.008782675489783287, -0.02467626892030239, 0.007555194199085236, 0.9987503290176392, -0.049403656274080276]}, {"id": 0, "label": "back_frame_horizontal_bar", "box": [0.018721038475632668, 0.7948732972145081, -0.27064311504364014, 0.5282491445541382, 0.1536998152732849, 0.07845677435398102, 0.9999975562095642, 0.0009093668777495623, -0.0020121366251260042, -0.0009729677112773061, 0.9994926452636719, -0.03183670714497566]}], "edges": [{"part_a": 0, "part_b": 1, "type": "ROT_SYM"}, {"part_a": 0, "part_b": 1, "type": "TRANS_SYM"}, {"part_a": 0, "part_b": 1, "type": "REF_SYM"}, {"part_a": 0, "part_b": 2, "type": "ADJ"}, {"part_a": 1, "part_b": 0, "type": "ROT_SYM"}, {"part_a": 1, "part_b": 0, "type": "TRANS_SYM"}, {"part_a": 1, "part_b": 0, "type": "REF_SYM"}, {"part_a": 1, "part_b": 2, "type": "ADJ"}, {"part_a": 2, "part_b": 0, "type": "ADJ"}, {"part_a": 2, "part_b": 1, "type": "ADJ"}]}], "edges": [{"part_a": 0, "part_b": 1, "type": "ADJ"}, {"part_a": 1, "part_b": 0, "type": "ADJ"}]}, {"id": 8, "label": "chair_seat", "box": [-0.003919957671314478, 0.06549209356307983, 0.0818663090467453, 0.7164895534515381, 0.1445290893316269, 0.7548342943191528, 0.9999988675117493, -0.0015167820965871215, 4.019737389171496e-05, 0.0015162390191107988, 0.999936580657959, 0.011162917129695415], "children": [{"id": 9, "label": "seat_surface", "box": [0.00036911104689352214, 0.07193808257579803, 0.097167007625103, 0.712394118309021, 0.09463180601596832, 0.6656224727630615, 0.9999997019767761, 0.0007231522467918694, 0.0002578673302195966, -0.0007237294921651483, 0.9999972581863403, 0.002245269948616624], "children": [{"id": 10, "label": "seat_single_surface", "box": [-0.0040320404805243015, 0.04350842535495758, 0.102908194065094, 0.6668179035186768, 0.08384738862514496, 0.6504449248313904, 0.999971330165863, -0.004889596253633499, -0.005788127891719341, 0.004978063050657511, 0.9998695254325867, 0.01536976546049118]}]}, {"id": 11, "label": "seat_frame", "box": [0.00530971260741353, 0.08344777673482895, 0.07505697011947632, 0.727803111076355, 0.15701434016227722, 0.6967573165893555, 0.9999871253967285, -0.003935580607503653, -0.003211792791262269, 0.004021445754915476, 0.9996224641799927, 0.027180837467312813], "children": [{"id": 12, "label": "seat_frame_bar", "box": [0.3183051347732544, 0.07387036830186844, 0.08094166219234467, 0.13759320974349976, 0.11733067035675049, 0.5880460143089294, 0.9999141097068787, 0.008325526490807533, -0.010122435167431831, -0.00810268148779869, 0.9997282028198242, 0.021860187873244286]}, {"id": 13, "label": "seat_frame_bar", "box": [-0.30489686131477356, 0.055275384336709976, 0.07303572446107864, 0.1181802898645401, 0.0854468122124672, 0.5842763781547546, 0.9996609091758728, -0.02041083388030529, 0.016171203926205635, 0.020059525966644287, 0.9995655417442322, 0.021596672013401985]}, {"id": 14, "label": "seat_frame_bar", "box": [-0.0005609411164186895, 0.08067220449447632, -0.2234100103378296, 0.5864200592041016, 0.08210800588130951, 0.11113845556974411, 0.9999750852584839, -0.0062405699864029884, 0.003295941511169076, 0.006109513808041811, 0.9992445707321167, 0.03837863728404045]}, {"id": 15, "label": "seat_frame_bar", "box": [-0.022010063752532005, 0.05984855815768242, 0.3578987419605255, 0.5522669553756714, 0.07336204499006271, 0.10041970014572144, 0.9998254179954529, 0.009547592140734196, -0.016062885522842407, -0.009616054594516754, 0.9999449849128723, -0.004190344829112291]}], "edges": [{"part_a": 0, "part_b": 1, "type": "ROT_SYM"}, {"part_a": 0, "part_b": 1, "type": "TRANS_SYM"}, {"part_a": 0, "part_b": 1, "type": "REF_SYM"}, {"part_a": 1, "part_b": 0, "type": "ROT_SYM"}, {"part_a": 1, "part_b": 0, "type": "TRANS_SYM"}, {"part_a": 1, "part_b": 0, "type": "REF_SYM"}, {"part_a": 2, "part_b": 1, "type": "ADJ"}, {"part_a": 3, "part_b": 2, "type": "REF_SYM"}]}], "edges": [{"part_a": 0, "part_b": 1, "type": "ADJ"}, {"part_a": 1, "part_b": 0, "type": "ADJ"}]}, {"id": 17, "label": "chair_base", "box": [0.0018831692868843675, -0.35638508200645447, 0.05678154528141022, 0.7575663328170776, 0.887102484703064, 0.7878162860870361, 0.9999924302101135, 0.0029898707289248705, -0.0025031440891325474, -0.002981586614623666, 0.9999901056289673, 0.0033065536990761757], "children": [{"id": 18, "label": "regular_leg_base", "box": [0.0037742152344435453, -0.35455596446990967, 0.04651142284274101, 0.7501068115234375, 0.8741164803504944, 0.779589831829071, 0.9999946355819702, 0.0008088845061138272, -0.0031841611489653587, -0.0008157269330695271, 0.9999973773956299, -0.0021481902804225683], "children": [{"id": 26, "label": "bar_stretcher", "box": [0.006515710614621639, -0.23170433938503265, 0.417946994304657, 0.5992221832275391, 0.11102026700973511, 0.09261127561330795, 0.9999777674674988, 0.006548124365508556, -0.001284515717998147, -0.006566824857145548, 0.999863862991333, -0.015139052644371986]}, {"id": 25, "label": "bar_stretcher", "box": [0.317510724067688, -0.25843966007232666, 0.0619044303894043, 0.11973235756158829, 0.12951116263866425, 0.5775500535964966, 0.9996916055679321, -0.01593637652695179, -0.019045324996113777, 0.015595737844705582, 0.9997181296348572, -0.0179024338722229]}, {"id": 22, "label": "leg", "box": [-0.31047093868255615, -0.3724764883518219, -0.2558332085609436, 0.09466087073087692, 0.845249354839325, 0.1172342523932457, 0.9992028474807739, -0.01902845874428749, -0.035093601793050766, 0.021044781431555748, 0.9980941414833069, 0.05801088362932205]}, {"id": 21, "label": "leg", "box": [-0.31910619139671326, -0.37175607681274414, 0.37558016180992126, 0.1037149652838707, 0.839422345161438, 0.11320991069078445, 0.999623715877533, -0.01603180356323719, -0.022259879857301712, 0.01562974974513054, 0.999713659286499, -0.01811980828642845]}, {"id": 24, "label": "bar_stretcher",