{"id": 0, "label": "chair", "box": [0.0009968128288164735, 0.02805352210998535, 0.05824565887451172, 1.1957088708877563, 1.2676312923431396, 1.178120493888855, 0.9999873042106628, 0.00013496146129909903, 0.005041513126343489, -0.000152473701746203, 0.9999939799308777, 0.0034733847714960575], "children": [{"id": 1, "label": "chair_back", "box": [-0.011260000057518482, 0.16899411380290985, -0.38055869936943054, 0.9967148303985596, 0.9049527645111084, 0.2502308785915375, 0.9999746084213257, -0.0031181764788925648, 0.006408183369785547, 0.0034883548505604267, 0.9982759356498718, -0.058591581881046295], "children": [{"id": 2, "label": "back_surface", "box": [-0.003231612965464592, 0.18744473159313202, -0.40146100521087646, 0.9955861568450928, 0.8847678899765015, 0.2334369719028473, 0.9999539852142334, 0.007248375099152327, 0.006281938403844833, -0.006682191975414753, 0.9962823987007141, -0.0858880952000618], "children": [{"id": 3, "label": "back_single_surface", "box": [-0.0013488001422956586, 0.18196269869804382, -0.3819338083267212, 0.9988240599632263, 0.9461075663566589, 0.23307448625564575, 0.9999938607215881, 0.0034881429746747017, -0.0004450355190783739, -0.003511805320158601, 0.9971320033073425, -0.07560037076473236]}]}]}, {"id": 6, "label": "chair_arm", "box": [-0.5036646127700806, 0.05037502199411392, 0.07563543319702148, 0.24023765325546265, 0.7972831726074219, 1.1239184141159058, 0.9997379779815674, 0.016883214935660362, 0.015458988025784492, -0.017017152160406113, 0.9998184442520142, 0.00857382919639349], "children": [{"id": 7, "label": "arm_sofa_style", "box": [-0.5249935388565063, 0.02923649363219738, 0.08697687089443207, 0.21680252254009247, 0.7853381037712097, 1.0916054248809814, 0.999758780002594, 0.014702541753649712, 0.01631682552397251, -0.01472407951951027, 0.999890923500061, 0.0012005872558802366]}]}, {"id": 4, "label": "chair_arm", "box": [0.5333278179168701, 0.045408688485622406, 0.08291622251272202, 0.19583776593208313, 0.7789746522903442, 1.1399531364440918, 0.9996743202209473, -0.023310374468564987, -0.010388495400547981, 0.023375272750854492, 0.9997077584266663, 0.006169925909489393], "children": [{"id": 5, "label": "arm_sofa_style", "box": [0.5197868347167969, 0.03466580808162689, 0.07741422951221466, 0.2126663327217102, 0.7734053134918213, 1.1196043491363525, 0.9998178482055664, -0.01885019987821579, -0.002981124445796013, 0.01885618455708027, 0.9998202323913574, 0.001992385135963559]}]}, {"id": 8, "label": "chair_seat", "box": [0.0008968689944595098, -0.15409278869628906, 0.12374220043420792, 1.0413180589675903, 0.4374205470085144, 1.0810657739639282, 0.9999902844429016, 0.004223411902785301, 0.0012685763649642467, -0.004230986814945936, 0.9999728798866272, 0.006029009353369474], "children": [{"id": 11, "label": "seat_support", "box": [-0.0017489009769633412, -0.26102006435394287, 0.11697398126125336, 1.0323611497879028, 0.243986576795578, 1.0058479309082031, 0.9999784231185913, -0.001326221041381359, -0.006431884597986937, 0.0011067745508626103, 0.9994211196899414, -0.03400289639830589]}, {"id": 9, "label": "seat_surface", "box": [-0.0018409264739602804, -0.0420805998146534, 0.18011264503002167, 0.9274160265922546, 0.23021188378334045, 0.9066230654716492, 0.9999734163284302, 0.004835896659642458, -0.005463502369821072, -0.004655960947275162, 0.9994615316390991, 0.03248006850481033], "children": [{"id": 10, "label": "seat_single_surface", "box": [4.074908792972565e-05, -0.04764880612492561, 0.18652135133743286, 0.9392649531364441, 0.20841579139232635, 0.8811983466148376, 0.9999126195907593, 0.00299074430949986, -0.012877577915787697, -0.002862005028873682, 0.999945878982544, 0.010004009120166302]}]}], "edges": [{"part_a": 0, "part_b": 1, "type": "ADJ"}, {"part_a": 1, "part_b": 0, "type": "ADJ"}]}, {"id": 12, "label": "chair_base", "box": [0.0049456325359642506, -0.45614877343177795, 0.08166515827178955, 1.1472344398498535, 0.26462066173553467, 1.1167997121810913, 0.9999963641166687, -0.0021614639554172754, 0.0016203300328925252, 0.0021546243224292994, 0.999988853931427, 0.00421125115826726], "children": [{"id": 0, "label": "regular_leg_base", "box": [0.0020693696569651365, -0.4491277039051056, 0.08143781125545502, 1.0907034873962402, 0.2921975255012512, 1.0782650709152222, 0.9999738335609436, 0.00697833439335227, -0.0019181981915608048, -0.006967289373278618, 0.9999594688415527, 0.005705604795366526], "children": [{"id": 0, "label": "leg", "box": [-0.4931526780128479, -0.44653549790382385, -0.39036035537719727, 0.10713909566402435, 0.23945564031600952, 0.12346422672271729, 0.9999376535415649, -0.006887194234877825, -0.008793775923550129, 0.00762113556265831, 0.996235191822052, 0.08635598421096802]}, {"id": 0, "label": "leg", "box": [-0.4875839352607727, -0.4538249969482422, 0.5913536548614502, 0.10724566131830215, 0.29382461309432983, 0.11843742430210114, 0.999295711517334, -0.016493234783411026, 0.033706627786159515, 0.01808813400566578, 0.9987039566040039, -0.047573357820510864]}, {"id": 0, "label": "leg", "box": [0.47434526681900024, -0.45927125215530396, -0.41092997789382935, 0.11117662489414215, 0.2600320875644684, 0.1182275265455246, 0.9960998296737671, -0.0022662749979645014, 0.08820436149835587, -0.006398743484169245, 0.995182454586029, 0.09783126413822174]}, {"id": 0, "label": "leg", "box": [0.5035344362258911, -0.4395081400871277, 0.5819003582000732, 0.11010479927062988, 0.3038845658302307, 0.11469139903783798, 0.9994552731513977, 0.020232299342751503, -0.026074491441249847, -0.021078145131468773, 0.9992467164993286, -0.032583847641944885]}], "edges": [{"part_a": 0, "part_b": 2, "type": "REF_SYM"}, {"part_a": 1, "part_b": 3, "type": "ROT_SYM"}, {"part_a": 1, "part_b": 3, "type": "TRANS_SYM"}, {"part_a": 1, "part_b": 3, "type": "REF_SYM"}, {"part_a": 2, "part_b": 0, "type": "REF_SYM"}, {"part_a": 3, "part_b": 1, "type": "ROT_SYM"}, {"part_a": 3, "part_b": 1, "type": "TRANS_SYM"}, {"part_a": 3, "part_b": 1, "type": "REF_SYM"}]}]}], "edges": [{"part_a": 0, "part_b": 1, "type": "ADJ"}, {"part_a": 0, "part_b": 2, "type": "ADJ"}, {"part_a": 0, "part_b": 3, "type": "ADJ"}, {"part_a": 0, "part_b": 4, "type": "ADJ"}, {"part_a": 1, "part_b": 0, "type": "ADJ"}, {"part_a": 1, "part_b": 2, "type": "ROT_SYM"}, {"part_a": 1, "part_b": 2, "type": "TRANS_SYM"}, {"part_a": 1, "part_b": 2, "type": "REF_SYM"}, {"part_a": 1, "part_b": 3, "type": "ADJ"}, {"part_a": 1, "part_b": 4, "type": "ADJ"}, {"part_a": 2, "part_b": 0, "type": "ADJ"}, {"part_a": 2, "part_b": 1, "type": "ROT_SYM"}, {"part_a": 2, "part_b": 1, "type": "TRANS_SYM"}, {"part_a": 2, "part_b": 1, "type": "REF_SYM"}, {"part_a": 2, "part_b": 3, "type": "ADJ"}, {"part_a": 2, "part_b": 4, "type": "ADJ"}, {"part_a": 3, "part_b": 0, "type": "ADJ"}, {"part_a": 3, "part_b": 1, "type": "ADJ"}, {"part_a": 3, "part_b": 2, "type": "ADJ"}, {"part_a": 3, "part_b": 4, "type": "ADJ"}, {"part_a": 4, "part_b": 0, "type": "ADJ"}, {"part_a": 4, "part_b": 1, "type": "ADJ"}, {"part_a": 4, "part_b": 2, "type": "ADJ"}, {"part_a": 4, "part_b": 3, "type": "ADJ"}]}