{"id": 0, "label": "chair", "box": [-0.008248968049883842, 0.012182367965579033, 0.10338601469993591, 0.5585491061210632, 0.6258339881896973, 1.8086730241775513, -1.9823428942800092e-07, 5.94932089370559e-07, -1.0, -1.0, 1.0347207032163075e-12, 1.9823428942800092e-07], "children": [{"id": 1, "label": "chair_back", "box": [-0.008332505822181702, 0.41512948274612427, -0.12226849794387817, 0.1072390004992485, 0.6256669759750366, 1.0027790069580078, 0.0, 0.0, -1.0, -1.0, -6.123234262925839e-17, 0.0], "children": [{"id": 2, "label": "back_surface", "box": [-0.008332505822181702, 0.41512948274612427, -0.12226849794387817, 0.1072390004992485, 0.6256669759750366, 1.0027790069580078, 0.0, 0.0, -1.0, -1.0, -6.123234262925839e-17, 0.0], "children": [{"id": 3, "label": "back_single_surface", "box": [-0.008332505822181702, 0.41512948274612427, -0.12226849794387817, 0.1072390004992485, 0.6256669759750366, 1.0027790069580078, 0.0, 0.0, -1.0, -1.0, -6.123234262925839e-17, 0.0]}]}]}, {"id": 4, "label": "chair_seat", "box": [-0.008248516358435154, -0.12920443713665009, 0.1034940630197525, 0.13173139095306396, 0.5601046681404114, 0.6258335709571838, -8.508632163284346e-06, 0.9998641014099121, 0.016484420746564865, 8.813495355752821e-07, -0.016484420746564865, 0.9998641014099121], "children": [{"id": 5, "label": "seat_surface", "box": [-0.008248516358435154, -0.12920443713665009, 0.1034940630197525, 0.13173139095306396, 0.5601046681404114, 0.6258335709571838, -8.508632163284346e-06, 0.9998641014099121, 0.016484420746564865, 8.813495355752821e-07, -0.016484420746564865, 0.9998641014099121], "children": [{"id": 6, "label": "seat_single_surface", "box": [-0.008248516358435154, -0.12920443713665009, 0.1034940630197525, 0.13173139095306396, 0.5601046681404114, 0.6258335709571838, -8.508632163284346e-06, 0.9998641014099121, 0.016484420746564865, 8.813495355752821e-07, -0.016484420746564865, 0.9998641014099121]}]}]}, {"id": 7, "label": "chair_base", "box": [-0.00824899971485138, -0.5276724696159363, 0.10338550060987473, 0.5585489869117737, 0.6258319616317749, 0.7289629578590393, 6.123234262925839e-17, 6.123234262925839e-17, -1.0, 1.0, 0.0, 6.123234262925839e-17], "children": [{"id": 8, "label": "regular_leg_base", "box": [-0.00824899971485138, -0.5276724696159363, 0.10338550060987473, 0.5585489869117737, 0.6258319616317749, 0.7289629578590393, 6.123234262925839e-17, 6.123234262925839e-17, -1.0, 1.0, 0.0, 6.123234262925839e-17], "children": [{"id": 9, "label": "leg", "box": [0.246070995926857, -0.5288389921188354, -0.12508751451969147, 0.10160200297832489, 0.11719200015068054, 0.7266300320625305, 6.123234262925839e-17, 1.4815276472290861e-06, -1.0, 1.0, 0.0, 6.123234262925839e-17]}, {"id": 10, "label": "leg", "box": [0.24602510035037994, -0.5276010036468506, 0.3433690667152405, 0.07858201861381531, 0.11693212389945984, 0.7288203835487366, -1.8413973689435709e-22, -3.0072301342443097e-06, -1.0, 1.0, 6.014809969201451e-06, -1.8087918315923268e-11]}, {"id": 11, "label": "leg", "box": [-0.26157766580581665, -0.5376788377761841, 0.35123077034950256, 0.06285900622606277, 0.11887086927890778, 0.70866858959198, -2.2360006136467564e-22, -3.6516662476060446e-06, -1.0, 1.0, 7.068469130899757e-05, -2.581169167292785e-10]}, {"id": 12, "label": "leg", "box": [-0.2738278806209564, -0.535711944103241, -0.12508751451969147, 0.10145384818315506, 0.10160200297832489, 0.713080644607544, -0.9999531507492065, 0.00968128815293312, 1.434305207936859e-08, 9.071712976690555e-23, -1.481523213442415e-06, 1.0]}], "edges": [{"params": [0.25026917457580566, -0.5404706001281738, 0.11359360069036484, 0.0013359339209273458, -0.010156054981052876, -0.9999474883079529], "part_a": 1, "dist": 0.03901920123549968, "part_b": 0, "type": "REF_SYM"}, {"params": [0.0006462633609771729, -0.004913032054901123, -0.4837285876274109], "part_a": 1, "dist": 0.03932337314400885, "part_b": 0, "type": "TRANS_SYM"}, {"params": [7.799621105194092, -0.9958040714263916, 0.12449212372303009, -0.05329165980219841, -0.9985777735710144, 0.0015933089889585972, 0.06394031643867493], "part_a": 1, "dist": 0.0394944557206721, "part_b": 0, "type": "ROT_SYM"}, {"params": [-0.007620707154273987, -0.5398662686347961, 0.11360245198011398, 0.7297940850257874, -0.008651034906506538, -0.6836122274398804], "part_a": 2, "dist": 0.04784014322656515, "part_b": 0, "type": "REF_SYM"}, {"params": [0.5164260864257812, -0.0061217546463012695, -0.4837462902069092], "part_a": 2, "dist": 0.039612202181956005, "part_b": 0, "type": "TRANS_SYM"}, {"params": [-0.015309561975300312, -0.5400636196136475, 0.10540584474802017, -0.0011853651376441121, 0.9999955296516418, 0.002763081807643175, 3.078084707260132], "part_a": 2, "dist": 0.03980876530964823, "part_b": 0, "type": "ROT_SYM"}, {"params": [-0.007943838834762573, -0.537409782409668, 0.3554667532444, 0.9999971985816956, -0.002343479311093688, -3.432187804719433e-05], "part_a": 2, "dist": 0.016526253688816214, "part_b": 1, "type": "REF_SYM"}, {"params": [0.5157797932624817, -0.0012087225914001465, -1.7702579498291016e-05], "part_a": 2, "dist": 0.01660698806427744, "part_b": 1, "type": "TRANS_SYM"}, {"params": [-0.007945788092911243, -0.5394954085350037, 0.3555101454257965, 0.00045455535291694105, 0.9999992847442627, -0.001115338527597487, 3.1415927410125732], "part_a": 2, "dist": 0.01695660252295229, "part_b": 1, "type": "ROT_SYM"}, {"params": [-0.011990323662757874, -0.5462884902954102, -0.12887924909591675, 0.999915361404419, 0.012800006195902824, 0.002317382488399744], "part_a": 3, "dist": 0.02344369877482313, "part_b": 0, "type": "REF_SYM"}, {"params": [0.525165319442749, 0.006722688674926758, 0.0012171119451522827], "part_a": 3, "dist": 0.022487195209937135, "part_b": 0, "type": "TRANS_SYM"}, {"params": [-0.013542457483708858, 0.4402868151664734, 0.8480761051177979, 0.012705021537840366, -0.9998249411582947, -0.013737281784415245, 0.5322051048278809], "part_a": 3, "dist": 0.0278923250977954, "part_b": 0, "type": "ROT_SYM"}, {"params": [-0.01231345534324646, -0.5438319444656372, 0.1129850447177887, 0.7341655492782593, 0.016286436468362808, 0.6787750720977783], "part_a": 3, "dist": 0.03944332007052671, "part_b": 1, "type": "REF_SYM"}, {"params": [0.5245190262794495, 0.01163572072982788, 0.48494571447372437], "part_a": 3, "dist": 0.03698123055947371, "part_b": 1, "type": "TRANS_SYM"}, {"params": [-1.0472779273986816, -0.4814918637275696, 1.2322039604187012, -0.015834439545869827, -0.9996445775032043, 0.02144513837993145, 0.4599989652633667], "part_a": 3, "dist": 0.034727537543792215, "part_b": 1, "type": "ROT_SYM"}, {"params": [-0.2702033519744873, -0.5432276129722595, 0.11299389600753784, 0.01801115833222866, 0.026471806690096855, 0.9994873404502869], "part_a": 3, "dist": 0.03911317193622687, "part_b": 2, "type": "REF_SYM"}, {"params": [0.008739233016967773, 0.012844443321228027, 0.48496341705322266], "part_a": 3, "dist": 0.03799132136614101, "part_b": 2, "type": "TRANS_SYM"}, {"params": [-1.3041847944259644, -0.48879945278167725, 0.1310727894306183, -0.026169152930378914, -0.999599814414978, 0.010744642466306686, 0.4603399932384491], "part_a": 3, "dist": 0.03544367815556486, "part_b": 2, "type": "ROT_SYM"}]}]}], "edges": [{"part_a": 1, "dist": 0.009723461338737827, "part_b": 0, "type": "ADJ"}, {"part_a": 2, "dist": 0.00910000990435236, "part_b": 1, "type": "ADJ"}]}