{"id": 0, "label": "chair", "box": [-0.008114262484014034, -0.00983479991555214, 0.1107698529958725, 0.7692832946777344, 1.622636318206787, 0.7524065971374512, 0.9999973773956299, 0.0020542428828775883, 0.0010049790143966675, -0.001972006633877754, 0.9971112608909607, -0.07592926919460297], "children": [{"id": 1, "label": "chair_back", "box": [0.0002296753227710724, 0.26990339159965515, -0.204046830534935, 0.6938238739967346, 1.000864863395691, 0.15829753875732422, 0.9999387264251709, 0.0014354963786900043, -0.01098059955984354, -0.0024964867625385523, 0.9952588081359863, -0.0972299724817276], "children": [{"id": 2, "label": "back_surface", "box": [-0.004057174548506737, 0.276330828666687, -0.18913140892982483, 0.6670979857444763, 0.9550161957740784, 0.1647121161222458, 0.9999967813491821, 0.0010446814121678472, -0.002310964511707425, -0.0012361223343759775, 0.9964266419410706, -0.08445394039154053], "children": [{"id": 3, "label": "back_single_surface", "box": [-0.001019600429572165, 0.26672306656837463, -0.200895756483078, 0.668242871761322, 0.9365877509117126, 0.14242154359817505, 0.9999978542327881, -0.0018355755601078272, 0.0009972999105229974, 0.0019106362015008926, 0.9966824650764465, -0.08136585354804993]}]}]}, {"id": 4, "label": "chair_seat", "box": [0.004180248826742172, -0.17118442058563232, 0.14195433259010315, 0.7499272227287292, 0.23689143359661102, 0.6923139095306396, 0.9999532103538513, 0.009642102755606174, -0.0008346504182554781, -0.009631467051804066, 0.9998825192451477, 0.011925239115953445], "children": [{"id": 5, "label": "seat_surface", "box": [0.0009049044456332922, -0.14021994173526764, 0.15630874037742615, 0.6968459486961365, 0.17202067375183105, 0.664150059223175, 0.9999769926071167, -0.0042108288034796715, -0.005320112686604261, 0.004351186566054821, 0.9996353387832642, 0.026652274653315544], "children": [{"id": 6, "label": "seat_single_surface", "box": [0.004874077159911394, -0.15847206115722656, 0.155289888381958, 0.648968517780304, 0.16142985224723816, 0.6609632968902588, 0.9999920129776001, 0.003052639774978161, 0.0025859272573143244, -0.003073507221415639, 0.9999624490737915, 0.008104421198368073]}]}]}, {"id": 7, "label": "chair_base", "box": [0.0056387195363640785, -0.5119394063949585, 0.13218986988067627, 0.7227913737297058, 0.6130853891372681, 0.6993895173072815, 0.9999865293502808, -0.001391007681377232, 0.0049993484281003475, 0.0014038148801773787, 0.999995768070221, -0.002559161512181163], "children": [{"id": 8, "label": "regular_leg_base", "box": [-0.0018979585729539394, -0.5158942937850952, 0.1346752792596817, 0.7034377455711365, 0.5951427817344666, 0.7064628005027771, 0.9999634623527527, 0.0031787329353392124, 0.007936667650938034, -0.0031389256473630667, 0.999982476234436, -0.0050230370834469795], "children": [{"id": 12, "label": "leg", "box": [-0.29225727915763855, -0.5320706367492676, -0.16012440621852875, 0.11173155903816223, 0.5838844180107117, 0.10492173582315445, 0.9999083280563354, -0.01133927796036005, -0.007400222588330507, 0.011795071884989738, 0.9978305101394653, 0.0647701695561409]}, {"id": 10, "label": "leg", "box": [-0.315399169921875, -0.5201280117034912, 0.43582677841186523, 0.10064775496721268, 0.5833507180213928, 0.10245125740766525, 0.9994242191314697, -0.0071425666101276875, 0.03316875174641609, 0.0071493033319711685, 0.9999744296073914, -8.449610322713852e-05]}, {"id": 11, "label": "leg", "box": [0.28388360142707825, -0.5178610682487488, -0.161697119474411, 0.11093594878911972, 0.5956684350967407, 0.10915961116552353, 0.9996215105056763, 0.016823234036564827, 0.02176869846880436, -0.018206514418125153, 0.9977198243141174, 0.06499020755290985]}, {"id": 9, "label": "leg", "box": [0.321464866399765, -0.519950270652771, 0.4477636516094208, 0.10842877626419067, 0.5927397608757019, 0.0974113866686821, 0.9994338154792786, 0.017764445394277573, -0.028575439006090164, -0.018192799761891365, 0.9997249841690063, -0.014800796285271645]}], "edges": [{"part_a": 0, "part_b": 1, "type": "ROT_SYM"}, {"part_a": 0, "part_b": 1, "type": "TRANS_SYM"}, {"part_a": 0, "part_b": 1, "type": "REF_SYM"}, {"part_a": 0, "part_b": 2, "type": "ROT_SYM"}, {"part_a": 0, "part_b": 2, "type": "TRANS_SYM"}, {"part_a": 0, "part_b": 2, "type": "REF_SYM"}, {"part_a": 0, "part_b": 3, "type": "ROT_SYM"}, {"part_a": 0, "part_b": 3, "type": "TRANS_SYM"}, {"part_a": 0, "part_b": 3, "type": "REF_SYM"}, {"part_a": 1, "part_b": 0, "type": "ROT_SYM"}, {"part_a": 1, "part_b": 0, "type": "TRANS_SYM"}, {"part_a": 1, "part_b": 0, "type": "REF_SYM"}, {"part_a": 1, "part_b": 2, "type": "ROT_SYM"}, {"part_a": 1, "part_b": 2, "type": "TRANS_SYM"}, {"part_a": 1, "part_b": 2, "type": "REF_SYM"}, {"part_a": 1, "part_b": 3, "type": "ROT_SYM"}, {"part_a": 1, "part_b": 3, "type": "TRANS_SYM"}, {"part_a": 1, "part_b": 3, "type": "REF_SYM"}, {"part_a": 2, "part_b": 0, "type": "ROT_SYM"}, {"part_a": 2, "part_b": 0, "type": "TRANS_SYM"}, {"part_a": 2, "part_b": 0, "type": "REF_SYM"}, {"part_a": 2, "part_b": 1, "type": "ROT_SYM"}, {"part_a": 2, "part_b": 1, "type": "TRANS_SYM"}, {"part_a": 2, "part_b": 1, "type": "REF_SYM"}, {"part_a": 2, "part_b": 3, "type": "ROT_SYM"}, {"part_a": 2, "part_b": 3, "type": "TRANS_SYM"}, {"part_a": 2, "part_b": 3, "type": "REF_SYM"}, {"part_a": 3, "part_b": 0, "type": "ROT_SYM"}, {"part_a": 3, "part_b": 0, "type": "TRANS_SYM"}, {"part_a": 3, "part_b": 1, "type": "ROT_SYM"}, {"part_a": 3, "part_b": 1, "type": "TRANS_SYM"}, {"part_a": 3, "part_b": 1, "type": "REF_SYM"}, {"part_a": 3, "part_b": 2, "type": "ROT_SYM"}, {"part_a": 3, "part_b": 2, "type": "TRANS_SYM"}, {"part_a": 3, "part_b": 2, "type": "REF_SYM"}]}]}], "edges": [{"part_a": 0, "part_b": 1, "type": "ADJ"}, {"part_a": 0, "part_b": 2, "type": "ADJ"}, {"part_a": 1, "part_b": 0, "type": "ADJ"}, {"part_a": 1, "part_b": 2, "type": "ADJ"}, {"part_a": 2, "part_b": 0, "type": "ADJ"}, {"part_a": 2, "part_b": 1, "type": "ADJ"}]}