{"id": 0, "label": "chair", "box": [0.000632980780210346, 0.006382377818226814, 0.05541401728987694, 0.8969874978065491, 1.515756607055664, 0.9599784016609192, 0.9999954104423523, -0.0004966763663105667, -0.002991893095895648, 0.0005186296766623855, 0.999972939491272, 0.007341289892792702], "children": [{"id": 1, "label": "chair_back", "box": [0.00598873570561409, 0.32839512825012207, -0.3021945655345917, 0.8412460684776306, 0.8576062917709351, 0.12949468195438385, 0.9999423027038574, 0.003037412650883198, -0.01030749175697565, -0.004211813677102327, 0.9932518005371094, -0.11590161919593811], "children": [{"id": 2, "label": "back_surface", "box": [-0.0105596287176013, 0.38286882638931274, -0.2689532935619354, 0.6810644268989563, 0.6162645816802979, 0.09445349872112274, 0.999977707862854, -0.004324291832745075, -0.005088653415441513, 0.0037524390500038862, 0.9942016005516052, -0.10746702551841736], "children": [{"id": 0, "label": "back_single_surface", "box": [0.002433060435578227, 0.38243189454078674, -0.2688620388507843, 0.6543761491775513, 0.6263720989227295, 0.08539540320634842, 0.999993622303009, -0.0035375673323869705, 0.0005058804526925087, 0.003573406720533967, 0.9911731481552124, -0.1325255036354065]}]}, {"id": 3, "label": "back_frame", "box": [-0.006455584894865751, 0.34674879908561707, -0.2812421917915344, 0.8179540634155273, 0.9037602543830872, 0.1295977234840393, 0.9999618530273438, 0.006822499912232161, 0.005460463464260101, -0.006242125760763884, 0.994964063167572, -0.10003815591335297], "children": [{"id": 5, "label": "back_frame_vertical_bar", "box": [0.34038665890693665, 0.32846972346305847, -0.28331461548805237, 0.09256142377853394, 0.8962621688842773, 0.10675527900457382, 0.9989784955978394, 0.005218004807829857, 0.04488581791520119, -0.000462164607597515, 0.9944384694099426, -0.10531816631555557]}, {"id": 4, "label": "back_frame_vertical_bar", "box": [-0.3448575437068939, 0.32485803961753845, -0.27293676137924194, 0.10307688266038895, 0.8982481360435486, 0.12570469081401825, 0.9979145526885986, -0.010356096550822258, -0.06371323764324188, 0.00444462476298213, 0.9957275390625, -0.09223350137472153]}, {"id": 6, "label": "back_frame_horizontal_bar", "box": [-0.006120419129729271, 0.6959052085876465, -0.32274970412254333, 0.666421115398407, 0.14165663719177246, 0.11949799209833145, 0.9998360276222229, 0.003013053210452199, -0.017859145998954773, -0.0042265113443136215, 0.9976556897163391, -0.06830274313688278]}], "edges": [{"part_a": 0, "part_b": 1, "type": "ROT_SYM"}, {"part_a": 0, "part_b": 1, "type": "TRANS_SYM"}, {"part_a": 0, "part_b": 1, "type": "REF_SYM"}, {"part_a": 0, "part_b": 2, "type": "ADJ"}, {"part_a": 1, "part_b": 0, "type": "ROT_SYM"}, {"part_a": 1, "part_b": 0, "type": "TRANS_SYM"}, {"part_a": 1, "part_b": 0, "type": "REF_SYM"}, {"part_a": 1, "part_b": 2, "type": "ADJ"}, {"part_a": 2, "part_b": 0, "type": "ADJ"}, {"part_a": 2, "part_b": 1, "type": "ADJ"}]}], "edges": [{"part_a": 0, "part_b": 1, "type": "ADJ"}, {"part_a": 1, "part_b": 0, "type": "ADJ"}]}, {"id": 10, "label": "chair_arm", "box": [0.3858795762062073, 0.1396651417016983, 0.11422319710254669, 0.12240608036518097, 0.3750137686729431, 0.7004235982894897, 0.9990600943565369, -0.02798193320631981, -0.03310525417327881, 0.03329804167151451, 0.9843882322311401, 0.17283236980438232], "children": [{"id": 11, "label": "arm_near_vertical_bar", "box": [0.40983909368515015, 0.08221496641635895, 0.3503223955631256, 0.0809439867734909, 0.3523089289665222, 0.1733657419681549, 0.9987627863883972, -0.044015537947416306, -0.02314123697578907, 0.041337933391332626, 0.9935449361801147, -0.10563948005437851]}, {"id": 12, "label": "arm_horizontal_bar", "box": [0.4094794690608978, 0.27344638109207153, 0.06473174691200256, 0.11878570169210434, 0.12868963181972504, 0.6643444299697876, 0.9997134208679199, -0.0007775000995025039, -0.023927049711346626, 0.0011431853054091334, 0.999882698059082, 0.015273459255695343]}], "edges": [{"part_a": 0, "part_b": 1, "type": "ADJ"}, {"part_a": 1, "part_b": 0, "type": "ADJ"}]}, {"id": 7, "label": "chair_arm", "box": [-0.38116446137428284, 0.18442820012569427, 0.10845466703176498, 0.12011229246854782, 0.3730340301990509, 0.731187105178833, 0.9988803267478943, 0.030239220708608627, 0.03638261929154396, -0.036643870174884796, 0.9809572696685791, 0.19073551893234253], "children": [{"id": 8, "label": "arm_near_vertical_bar", "box": [-0.36652106046676636, 0.1329677551984787, 0.37681254744529724, 0.07553263753652573, 0.27834537625312805, 0.09869251400232315, 0.9997445940971375, 0.013834918849170208, 0.01787201501429081, -0.013203424401581287, 0.9993007779121399, -0.03498167544603348]}, {"id": 9, "label": "arm_horizontal_bar", "box": [-0.4071587920188904, 0.28817644715309143, 0.07859613746404648, 0.11226730048656464, 0.14159630239009857, 0.6757217049598694, 0.9991528987884521, 0.004665426444262266, 0.040887195616960526, -0.0066575463861227036, 0.9987901449203491, 0.048722460865974426]}], "edges": [{"part_a": 0, "part_b": 1, "type": "ADJ"}, {"part_a": 1, "part_b": 0, "type": "ADJ"}]}, {"id": 13, "label": "chair_seat", "box": [-0.003959745168685913, -0.051425665616989136, 0.10346165299415588, 0.8572010397911072, 0.1437043398618698, 0.7968117594718933, 0.9999655485153198, 0.005921428091824055, -0.005818828009068966, -0.005866494495421648, 0.9999384880065918, 0.00941283069550991], "children": [{"id": 16, "label": "seat_support", "box": [-0.008358900435268879, -0.1029602587223053, 0.10219279676675797, 0.8223639130592346, 0.1113734021782875, 0.7483271360397339, 0.9999618530273438, 0.007634289562702179, -0.004243474453687668, -0.007617398630827665, 0.9999630451202393, 0.003982421010732651]}, {"id": 14, "label": "seat_surface", "box": [-0.009019958786666393, -0.010549112223088741, 0.10778895020484924, 0.7882225513458252, 0.10963191837072372, 0.7667140960693359, 0.9999836087226868, -0.00020656709966715425, -0.005720023065805435, 0.00017036203644238412, 0.9999799728393555, -0.006329295691102743], "children": [{"id": 15, "label": "seat_single_surface", "box": [-0.00012304075062274933, -0.012616285122931004, 0.11470865458250046, 0.772121250629425, 0.11859051138162613, 0.7468112111091614, 0.9999997019767761, 0.0007571945898234844, 0.00029131188057363033, -0.000759585527703166, 0.9999653100967407, 0.008297048509120941]}]}], "edges": [{"part_a": 0, "part_b": 1, "type": "ADJ"}, {"part_a": 1, "part_b": 0, "type": "ADJ"}]}, {"id": 17, "label": "chair_base", "box": [-0.004322434775531292, -0.3830289840698242, 0.06453857570886612, 0.8320180177688599, 0.7081339955329895, 0.823019802570343, 0.9999693036079407, 0.003147723851725459, 0.007179625332355499, -0.0033010118640959263, 0.9997647404670715, 0.02143947407603264], "children": [{"id": 18, "label": "regular_leg_base", "box": [0.004308290313929319, -0.38822153210639954, 0.07550311088562012, 0.8430840373039246, 0.7027662992477417, 0.8607054948806763, 0.9999769926071167, 0.006361105013638735, -0.002360065933316946, -0.006346502806991339, 0.9999610185623169, 0.006144275888800621], "children": [{"id": 23, "label": "bar_stretcher", "box": [0.0001274198293685913, -0.49866989254951477, 0.3812786042690277, 0.6228680610656738, 0.16736361384391785, 0.1394595205783844, 0.9999961256980896, -0.0020556573290377855, -0.0018713849131017923, 0.0020185597240924835, 0.9998055696487427, -0.019614191725850105]}, {"id": 0, "label": "bar_stretcher", "box": [0.35234102606773376, -0.5806354880332947, 0.02799927443265915, 0.10326031595468521, 0.17881476879119873, 0.5980439782142639, 0.9994660019874573, 0.03089713118970394, -0.010637372732162476, -0.03107602708041668, 0.9993709921836853, -0.017084885388612747]}, {"id": 20, "label": "leg", "box": [-0.33594074845314026, -0.39521172642707825, -0.22954444587230682, 0.10670308023691177, 0.6792553067207336, 0.13796497881412506, 0.9998036026954651, -0.018681388348340988, 0.006613102741539478, 0.017616696655750275, 0.9906675815582275, 0.13515707850456238]}, {"id": 21, "label": "leg",