{"id": 0, "label": "chair", "box": [0.011877174489200115, 0.027162892743945122, 0.0837988629937172, 0.8316633105278015, 0.8687313199043274, 1.6207655668258667, 0.00015080254524946213, -0.00033895016531459987, -0.9999999403953552, 1.0, -3.7207453260634793e-06, 0.000150803811266087], "children": [{"id": 1, "label": "chair_back", "box": [0.013434034772217274, 0.4203132390975952, -0.2825184464454651, 0.09913638979196548, 0.8342257738113403, 0.8510898351669312, -3.1430501676366213e-18, -0.00023876286286395043, -1.0, -7.003312202868983e-05, -0.9999999403953552, 0.00023876286286395043], "children": [{"id": 2, "label": "back_surface", "box": [0.013434034772217274, 0.4203132390975952, -0.2825184464454651, 0.09913638979196548, 0.8342257738113403, 0.8510898351669312, -3.1430501676366213e-18, -0.00023876286286395043, -1.0, -7.003312202868983e-05, -0.9999999403953552, 0.00023876286286395043], "children": [{"id": 3, "label": "back_single_surface", "box": [0.013434034772217274, 0.4203132390975952, -0.2825184464454651, 0.09913638979196548, 0.8342257738113403, 0.8510898351669312, -3.1430501676366213e-18, -0.00023876286286395043, -1.0, -7.003312202868983e-05, -0.9999999403953552, 0.00023876286286395043]}]}]}, {"id": 4, "label": "chair_seat", "box": [0.011870902962982655, 0.00784233771264553, 0.1050800085067749, 0.12107378989458084, 0.7899273037910461, 0.8686272501945496, -1.4268318409449421e-05, 0.9998595714569092, 0.016758857294917107, 2.3915430347187794e-07, -0.016758857294917107, 0.9998595714569092], "children": [{"id": 5, "label": "seat_surface", "box": [0.011870902962982655, 0.00784233771264553, 0.1050800085067749, 0.12107378989458084, 0.7899273037910461, 0.8686272501945496, -1.4268318409449421e-05, 0.9998595714569092, 0.016758857294917107, 2.3915430347187794e-07, -0.016758857294917107, 0.9998595714569092], "children": [{"id": 6, "label": "seat_single_surface", "box": [0.011870902962982655, 0.00784233771264553, 0.1050800085067749, 0.12107378989458084, 0.7899273037910461, 0.8686272501945496, -1.4268318409449421e-05, 0.9998595714569092, 0.016758857294917107, 2.3915430347187794e-07, -0.016758857294917107, 0.9998595714569092]}]}]}, {"id": 7, "label": "chair_base", "box": [0.011876508593559265, -0.4010469913482666, 0.1228795051574707, 0.753371000289917, 0.764091968536377, 0.868636965751648, 0.0, 0.0, -1.0, 0.0, -1.0, 0.0], "children": [{"id": 8, "label": "regular_leg_base", "box": [0.011876508593559265, -0.4010469913482666, 0.1228795051574707, 0.753371000289917, 0.764091968536377, 0.868636965751648, 0.0, 0.0, -1.0, 0.0, -1.0, 0.0], "children": [{"id": 9, "label": "leg", "box": [0.38744768500328064, -0.40103957056999207, 0.42477813363075256, 0.11754024028778076, 0.14918723702430725, 0.7641570568084717, -0.9999964237213135, -0.0006194720044732094, -0.002591858385130763, -0.0025919938925653696, 0.00021791319886688143, 0.9999966025352478]}, {"id": 10, "label": "leg", "box": [0.3826605975627899, -0.3977271616458893, -0.19557569921016693, 0.119228795170784, 0.12729497253894806, 0.7188191413879395, -6.944375491002575e-05, 0.0039057990070432425, -0.9999923706054688, 0.9999997019767761, 0.0007840189500711858, -6.638201739406213e-05]}, {"id": 11, "label": "leg", "box": [-0.3661346137523651, -0.38666221499443054, -0.19772635400295258, 0.11278458684682846, 0.11674004048109055, 0.724507749080658, 0.9999963045120239, 1.3427440535451751e-05, -0.0027192954439669847, 0.0027193266432732344, -0.006127458531409502, 0.9999775290489197]}, {"id": 12, "label": "leg", "box": [-0.3682158589363098, -0.36537638306617737, 0.4401276409626007, 0.11941130459308624, 0.130482479929924, 0.6950174570083618, 0.0027671935968101025, -0.0020834477618336678, -0.9999939799308777, 0.9994114637374878, -0.03418665751814842, 0.0028368080966174603]}], "edges": [{"dist": 0.02866613445898156, "part_b": 0, "params": [0.3880085349082947, -0.4131309986114502, 0.12526357173919678, 0.015413214452564716, 0.0018803757848218083, 0.9998794794082642], "type": "REF_SYM", "part_a": 1}, {"dist": 0.028467023864535073, "part_b": 0, "params": [0.009880393743515015, 0.0012053847312927246, 0.640956699848175], "type": "TRANS_SYM", "part_a": 1}, {"dist": 0.03502994406366364, "part_b": 0, "params": [1.0451185703277588, 0.5930788516998291, 0.11539840698242188, -0.009501991793513298, 0.9999533295631409, -0.0017468752339482307, 0.8962692022323608], "type": "ROT_SYM", "part_a": 1}, {"dist": 0.025800026904592967, "part_b": 0, "params": [0.012920722365379333, -0.40917301177978516, 0.1243734285235405, 0.7635607719421387, -0.00674153259024024, 0.6457007527351379], "type": "REF_SYM", "part_a": 2}, {"dist": 0.02292994924256646, "part_b": 0, "params": [0.7600560188293457, -0.0067105889320373535, 0.6427369713783264], "type": "TRANS_SYM", "part_a": 2}, {"dist": 0.0295623687355324, "part_b": 0, "params": [-0.3164035379886627, 0.5887460708618164, 0.5112397074699402, -0.002688707783818245, -0.9999687075614929, -0.007442343980073929, 1.5578653812408447], "type": "ROT_SYM", "part_a": 2}, {"dist": 0.024662048467690434, "part_b": 1, "params": [0.007980525493621826, -0.4097757041454315, -0.19610491394996643, 0.9999415278434753, -0.010551543906331062, 0.002373020863160491], "type": "REF_SYM", "part_a": 2}, {"dist": 0.024062604572044267, "part_b": 1, "params": [0.7501755952835083, -0.007915973663330078, 0.001780286431312561], "type": "TRANS_SYM", "part_a": 2}, {"dist": 0.03522918432600785, "part_b": 1, "params": [0.011365791782736778, 0.5844133496284485, -1.2495194673538208, 0.01046828180551529, 0.9999303817749023, -0.0054496233351528645, 0.6874191761016846], "type": "ROT_SYM", "part_a": 2}, {"dist": 0.03511122435253027, "part_b": 0, "params": [0.012272775173187256, -0.39805611968040466, 0.4440457224845886, 0.9992681741714478, -0.03798925504088402, 0.0044524953700602055], "type": "REF_SYM", "part_a": 3}, {"dist": 0.025523402940901305, "part_b": 0, "params": [0.7613518834114075, -0.02894437313079834, 0.0033923983573913574], "type": "TRANS_SYM", "part_a": 3}, {"dist": 0.03507738464543483, "part_b": 0, "params": [0.007217260077595711, -0.39993178844451904, 1.5931226015090942, -0.022408364340662956, -0.999747633934021, -0.001611367566511035, 0.6401762366294861], "type": "ROT_SYM", "part_a": 3}, {"dist": 0.03378493309019998, "part_b": 1, "params": [0.0073325783014297485, -0.398658812046051, 0.1235673725605011, 0.762176513671875, -0.030579252168536186, -0.6466466188430786], "type": "REF_SYM", "part_a": 3}, {"dist": 0.02713184234701321, "part_b": 1, "params": [0.7514715194702148, -0.030149757862091064, -0.6375643014907837], "type": "TRANS_SYM", "part_a": 3}, {"dist": 0.030322246898771336, "part_b": 2, "params": [-0.3677552342414856, -0.394700825214386, 0.12267722934484482, 0.0020256820134818554, -0.03475482016801834, -0.9993938207626343], "type": "REF_SYM", "part_a": 3}, {"dist": 0.020854561456209328, "part_b": 2, "params": [0.0012958943843841553, -0.022233784198760986, -0.6393445730209351], "type": "TRANS_SYM", "part_a": 3}, {"dist": 0.03786486544009551, "part_b": 2, "params": [-0.20959646999835968, -0.4014330208301544, 0.12290257960557938, 0.009813494049012661, -0.9997239112854004, -0.02134798653423786, 2.2223079204559326], "type": "ROT_SYM", "part_a": 3}]}]}], "edges": [{"dist": 0.020182918483768606, "part_b": 0, "type": "ADJ", "part_a": 1}, {"dist": 0.010986104189628044, "part_b": 1, "type": "ADJ", "part_a": 2}]}