{"id": 0, "label": "chair", "box": [-0.004818052053451538, -0.005869140382856131, 0.10327645391225815, 0.8012224435806274, 1.6180710792541504, 0.8180311918258667, 0.9999458193778992, -0.003740155603736639, 0.009716629981994629, 0.003984436392784119, 0.9996733665466309, -0.025244010612368584], "children": [{"id": 11, "label": "chair_back", "box": [-0.003811652073636651, 0.3317645788192749, -0.2332516461610794, 0.7233951091766357, 0.9909441471099854, 0.17196418344974518, 0.9997522830963135, 0.012516748160123825, 0.018403751775622368, -0.011309994384646416, 0.9978682398796082, -0.06427344679832458], "children": [{"id": 12, "label": "back_surface", "box": [-0.0009414867381565273, 0.36239251494407654, -0.24899722635746002, 0.6301195025444031, 0.6202400326728821, 0.14118212461471558, 0.9999644756317139, -0.007519856560975313, -0.003815704956650734, 0.007241730112582445, 0.9976383447647095, -0.06830304116010666], "children": [{"id": 0, "label": "back_surface_horizontal_bar", "box": [0.0050196838565170765, 0.2589767277240753, -0.23967105150222778, 0.5053603649139404, 0.3139459192752838, 0.07587054371833801, 0.9999970197677612, -0.0019148518331348896, 0.0015244359383359551, 0.0020441270899027586, 0.9959500432014465, -0.08988521993160248]}, {"id": 0, "label": "back_surface_horizontal_bar", "box": [-0.014667926356196404, 0.67123943567276, -0.3189457058906555, 0.6119802594184875, 0.18289898335933685, 0.07547596096992493, 0.999982476234436, 0.005396174732595682, 0.0024424840230494738, -0.005118447821587324, 0.994755208492279, -0.10215618461370468]}, {"id": 0, "label": "back_surface_horizontal_bar", "box": [0.0007215755758807063, 0.39440083503723145, -0.21329928934574127, 0.6386386156082153, 0.17389485239982605, 0.13654738664627075, 0.9999401569366455, -0.0066396016627550125, -0.008694232441484928, 0.006394709460437298, 0.9995903372764587, -0.027898374944925308]}]}, {"id": 13, "label": "back_frame", "box": [-0.0013598903315141797, 0.34793493151664734, -0.23006516695022583, 0.8103532791137695, 0.919423520565033, 0.18126682937145233, 0.9999926686286926, 0.0024322818499058485, -0.0029593955259770155, -0.002650089794769883, 0.9971066117286682, -0.07597023248672485], "children": [{"id": 14, "label": "back_frame_vertical_bar", "box": [0.293389230966568, 0.33086931705474854, -0.23548191785812378, 0.1385646015405655, 0.8521762490272522, 0.14309096336364746, 0.9997212886810303, -0.011636264622211456, 0.020542586222290993, 0.013121094554662704, 0.997194766998291, -0.07369150966405869]}, {"id": 15, "label": "back_frame_vertical_bar", "box": [-0.29566070437431335, 0.3431800603866577, -0.24908556044101715, 0.12840986251831055, 0.8664727807044983, 0.13589000701904297, 0.9999850988388062, 0.004658617544919252, 0.0028515467420220375, -0.004478998947888613, 0.998185396194458, -0.060048822313547134]}, {"id": 17, "label": "back_frame_horizontal_bar", "box": [0.005453934893012047, 0.7239660024642944, -0.2618432343006134, 0.6844847202301025, 0.2073773592710495, 0.1355608105659485, 0.9999762773513794, 0.0012185110244899988, -0.006780114956200123, -0.0015902579762041569, 0.9984797835350037, -0.05509665980935097]}, {"id": 16, "label": "back_frame_horizontal_bar", "box": [0.012182215228676796, -0.03578900173306465, -0.17570896446704865, 0.7269321084022522, 0.2639405131340027, 0.17670896649360657, 0.9999205470085144, -0.009448768571019173, 0.008344318717718124, 0.009767807088792324, 0.9991891384124756, -0.03905947878956795]}], "edges": [{"part_a": 0, "part_b": 1, "type": "ROT_SYM"}, {"part_a": 0, "part_b": 1, "type": "TRANS_SYM"}, {"part_a": 0, "part_b": 1, "type": "REF_SYM"}, {"part_a": 0, "part_b": 2, "type": "ADJ"}, {"part_a": 1, "part_b": 0, "type": "ROT_SYM"}, {"part_a": 1, "part_b": 0, "type": "TRANS_SYM"}, {"part_a": 1, "part_b": 0, "type": "REF_SYM"}, {"part_a": 1, "part_b": 2, "type": "ADJ"}, {"part_a": 1, "part_b": 3, "type": "ADJ"}, {"part_a": 2, "part_b": 0, "type": "ADJ"}, {"part_a": 2, "part_b": 1, "type": "ADJ"}, {"part_a": 3, "part_b": 0, "type": "ADJ"}]}], "edges": [{"part_a": 0, "part_b": 1, "type": "ADJ"}, {"part_a": 1, "part_b": 0, "type": "ADJ"}]}, {"id": 1, "label": "chair_seat", "box": [0.003535025054588914, -0.10900843143463135, 0.13675560057163239, 0.7621781826019287, 0.17284762859344482, 0.7652404308319092, 0.9999772310256958, 0.00628760177642107, 0.0024516014382243156, -0.006301419343799353, 0.9999640583992004, 0.005669848993420601], "children": [{"id": 4, "label": "seat_support", "box": [-0.0023843098897486925, -0.13621236383914948, 0.12788967788219452, 0.7606950402259827, 0.12662063539028168, 0.7466614246368408, 0.9999690651893616, 0.006518603768199682, 0.004405513871461153, -0.006496652495115995, 0.9999665021896362, -0.004978765733540058]}, {"id": 2, "label": "seat_surface", "box": [-7.198378443717957e-05, -0.062476471066474915, 0.12559300661087036, 0.7779526114463806, 0.10180998593568802, 0.7601673603057861, 0.9999909996986389, 0.004206803161650896, 0.0006138645694591105, -0.004205934703350067, 0.9999901652336121, -0.0014085443690419197], "children": [{"id": 3, "label": "seat_single_surface", "box": [-0.001319092814810574, -0.06995879858732224, 0.1281312257051468, 0.7586716413497925, 0.10188864916563034, 0.7527963519096375, 0.9999987483024597, -0.0006864325259812176, -0.0014516136143356562, 0.0006891796365380287, 0.9999979734420776, 0.0018928187200799584]}]}], "edges": [{"part_a": 0, "part_b": 1, "type": "ADJ"}, {"part_a": 1, "part_b": 0, "type": "ADJ"}]}, {"id": 5, "label": "chair_base", "box": [0.0016752410447224975, -0.4756195843219757, 0.09828001260757446, 0.7596647143363953, 0.657730221748352, 0.7807639837265015, 0.9999940395355225, -0.0023023204412311316, 0.0025762233417481184, 0.0023107801098376513, 0.9999919533729553, -0.0032855195458978415], "children": [{"id": 6, "label": "regular_leg_base", "box": [-0.004594120662659407, -0.4687463939189911, 0.10385327786207199, 0.7504412531852722, 0.6599739193916321, 0.7851581573486328, 0.9999986290931702, -0.001580410054884851, 0.000520979636348784, 0.0015790930483490229, 0.9999955892562866, 0.002518722089007497], "children": [{"id": 7, "label": "leg", "box": [-0.32569658756256104, -0.4691016972064972, -0.22614476084709167, 0.0990452691912651, 0.6691455245018005, 0.09964308142662048, 0.9995162487030029, -0.016164308413863182, -0.02657102420926094, 0.018092576414346695, 0.9970934391021729, 0.07400912046432495]}, {"id": 10, "label": "leg", "box": [-0.3364298641681671, -0.46443673968315125, 0.45629656314849854, 0.09630677103996277, 0.6807236075401306, 0.09660602360963821, 0.9996126294136047, -0.012577645480632782, 0.024826718494296074, 0.012910113669931889, 0.9998285174369812, -0.013276992365717888]}, {"id": 8, "label": "leg", "box": [0.3149150609970093, -0.4719420373439789, -0.22395242750644684, 0.09903234243392944, 0.679893970489502, 0.09785141050815582, 0.9987792372703552, 0.010095019824802876, 0.048355087637901306, -0.013373279944062233, 0.9975984692573547, 0.06795931607484818]}, {"id": 9, "label": "leg", "box": [0.33961430191993713, -0.46446695923805237, 0.4564867913722992, 0.09480927884578705, 0.6804053783416748, 0.09886431694030762, 0.9995902180671692, 0.012448005378246307, -0.02577795833349228, -0.012917036190629005, 0.9997525811195374, -0.018109170719981194]}], "edges": [{"part_a": 0, "part_b": 1, "type": "ROT_SYM"}, {"part_a": 0, "part_b": 1, "type": "TRANS_SYM"}, {"part_a": 0, "part_b": 1, "type": "REF_SYM"}, {"part_a": 0, "part_b": 2, "type": "ROT_SYM"}, {"part_a": 0, "part_b": 2, "type": "TRANS_SYM"}, {"part_a": 0, "part_b": 2, "type": "REF_SYM"}, {"part_a": 0, "part_b": 3, "type": "ROT_SYM"}, {"part_a": 0, "part_b": 3, "type": "TRANS_SYM"}, {"part_a": 0, "part_b": 3, "type": "REF_SYM"}, {"part_a": 1, "part_b": 0, "type": "ROT_SYM"}, {"part_a": 1, "part_b": 0, "type": "TRANS_SYM"}, {"part_a": 1, "part_b": 0, "type": "REF_SYM"}, {"part_a": 1, "part_b": 2, "type": "ROT_SYM"}, {"part_a": 1, "part_b": 2, "type": "TRANS_SYM"}, {"part_a": 1, "part_b": 2, "type": "REF_SYM"}, {"part_a": 1, "part_b": 3,