{"id": 0, "label": "chair", "box": [-0.0028587370179593563, 0.027699224650859833, 0.05892633646726608, 0.7753732204437256, 0.8548774123191833, 1.6985141038894653, -0.9999604821205139, -0.008799186907708645, 0.001280087511986494, 0.0001141805259976536, 0.13124381005764008, 0.9913501143455505], "children": [{"id": 1, "label": "chair_back", "box": [-0.01008142065256834, 0.41363444924354553, -0.3409702181816101, 0.07141996175050735, 0.7760578989982605, 0.8367810845375061, 0.004137204494327307, -0.25602903962135315, -0.9666602611541748, 0.9999913573265076, 0.0006273689796216786, 0.004113693721592426], "children": [{"id": 2, "label": "back_surface", "box": [-0.015143655240535736, 0.7285477519035339, -0.4205228090286255, 0.05230922996997833, 0.18576067686080933, 0.665371835231781, -0.0035346471704542637, -0.2625715732574463, -0.9649060368537903, -0.03926046937704086, 0.9642045497894287, -0.2622368633747101], "children": [{"id": 3, "label": "back_single_surface", "box": [-0.015143655240535736, 0.7285477519035339, -0.4205228090286255, 0.05230922996997833, 0.18576067686080933, 0.665371835231781, -0.0035346471704542637, -0.2625715732574463, -0.9649060368537903, -0.03926046937704086, 0.9642045497894287, -0.2622368633747101]}]}, {"id": 4, "label": "back_frame", "box": [-0.01008142065256834, 0.41363444924354553, -0.3409702181816101, 0.07141996175050735, 0.7760578989982605, 0.8367810845375061, 0.004137204494327307, -0.25602903962135315, -0.9666602611541748, 0.9999913573265076, 0.0006273689796216786, 0.004113693721592426], "children": [{"id": 5, "label": "back_frame_vertical_bar", "box": [0.32961907982826233, 0.4155368208885193, -0.3411378562450409, 0.07102905958890915, 0.09671563655138016, 0.8327352404594421, -0.014989723451435566, -0.25895455479621887, -0.9657731652259827, -0.9998870491981506, 0.0028158354107290506, 0.01476418785750866]}, {"id": 6, "label": "back_frame_vertical_bar", "box": [-0.3383546471595764, 0.40826043486595154, -0.33851248025894165, 0.06715559959411621, 0.10560189932584763, 0.822597861289978, 0.03205099329352379, -0.25067687034606934, -0.9675400853157043, 0.9992744326591492, 0.027964962646365166, 0.025856880471110344]}], "edges": [{"part_b": 0, "type": "REF_SYM", "params": [-0.0066757649183273315, 0.41989684104919434, -0.3425549268722534, 0.999830961227417, 0.01792358048260212, -0.0040880236774683], "dist": 0.014973085371211893, "part_a": 1}, {"part_b": 0, "type": "TRANS_SYM", "params": [0.7023240327835083, 0.012590289115905762, -0.002871602773666382], "dist": 0.01605437210628458, "part_a": 1}, {"part_b": 0, "type": "ROT_SYM", "params": [0.015338800847530365, -0.20128637552261353, 1.5413999557495117, 0.0182940810918808, -0.978083074092865, 0.20740947127342224, 0.404203325510025], "dist": 0.015061637783672826, "part_a": 1}]}], "edges": [{"part_b": 0, "type": "ADJ", "dist": 0.008979043683936089, "part_a": 1}]}, {"id": 7, "label": "chair_seat", "box": [-0.0026885508559644222, -0.004604489542543888, 0.11096981912851334, 0.09683996438980103, 0.7650971412658691, 0.7655112743377686, -0.00949595496058464, -0.9998930096626282, 0.011128177866339684, 0.0016470974078401923, 0.011113024316728115, 0.9999368786811829], "children": [{"id": 8, "label": "seat_surface", "box": [-0.0026885508559644222, -0.004604489542543888, 0.11096981912851334, 0.09683996438980103, 0.7650971412658691, 0.7655112743377686, -0.00949595496058464, -0.9998930096626282, 0.011128177866339684, 0.0016470974078401923, 0.011113024316728115, 0.9999368786811829], "children": [{"id": 9, "label": "seat_single_surface", "box": [-0.0026885508559644222, -0.004604489542543888, 0.11096981912851334, 0.09683996438980103, 0.7650971412658691, 0.7655112743377686, -0.00949595496058464, -0.9998930096626282, 0.011128177866339684, 0.0016470974078401923, 0.011113024316728115, 0.9999368786811829]}]}]}, {"id": 10, "label": "chair_base", "box": [-0.0032641126308590174, -0.3950217664241791, 0.11090399324893951, 0.7514141201972961, 0.763537585735321, 0.7637215852737427, -0.000194832420675084, -1.0, -1.9411754692555405e-06, -0.0010182304540649056, 2.139558773706085e-06, -0.999999463558197], "children": [{"id": 11, "label": "regular_leg_base", "box": [-0.0032641126308590174, -0.3950217664241791, 0.11090399324893951, 0.7514141201972961, 0.763537585735321, 0.7637215852737427, -0.000194832420675084, -1.0, -1.9411754692555405e-06, -0.0010182304540649056, 2.139558773706085e-06, -0.999999463558197], "children": [{"id": 12, "label": "leg", "box": [-0.35338571667671204, -0.39588072896003723, -0.23356854915618896, 0.07818838953971863, 0.09317623823881149, 0.7499238848686218, -0.4325990080833435, 0.016218069940805435, -0.9014405608177185, -0.9010980129241943, 0.025128642097115517, 0.4328867197036743]}, {"id": 13, "label": "leg", "box": [0.33963263034820557, -0.39771008491516113, -0.23515349626541138, 0.07723923027515411, 0.08245506137609482, 0.7462136149406433, -0.9998196363449097, 0.00013995739573147148, 0.018991094082593918, 0.018983736634254456, -0.021424682810902596, 0.9995902180671692]}, {"id": 14, "label": "leg", "box": [0.3467628061771393, -0.396254301071167, 0.4542858600616455, 0.08248917758464813, 0.08989134430885315, 0.749289870262146, 0.412916362285614, 0.008073427714407444, -0.910733163356781, 0.9102016687393188, 0.031629715114831924, 0.41295579075813293]}, {"id": 15, "label": "leg", "box": [-0.34504902362823486, -0.39493414759635925, 0.44268015027046204, 0.07801101356744766, 0.09900088608264923, 0.7514297962188721, 0.9998953938484192, 0.0015567922964692116, -0.01437922939658165, 0.014382871799170971, -0.002354798838496208, 0.9998937845230103]}], "edges": [{"part_b": 0, "type": "REF_SYM", "params": [-0.0026360303163528442, -0.4053610563278198, -0.2354530394077301, -0.9999251961708069, 0.012057091109454632, -0.00203884020447731], "dist": 0.01655813093482899, "part_a": 1}, {"part_b": 0, "type": "TRANS_SYM", "params": [-0.6947444677352905, 0.008377224206924438, -0.0014165788888931274], "dist": 0.014229511184361327, "part_a": 1}, {"part_b": 0, "type": "ROT_SYM", "params": [0.020883044227957726, 0.6446014046669006, -8.789469718933105, -0.012061464600265026, -0.9999100565910339, -0.005868332926183939, 0.0811217725276947], "dist": 0.014211396711213239, "part_a": 1}, {"part_b": 0, "type": "REF_SYM", "params": [-0.003039449453353882, -0.3996007442474365, 0.11090890318155289, -0.7069998383522034, -0.0032025689724832773, -0.7072064876556396], "dist": 0.014244189073384164, "part_a": 2}, {"part_b": 0, "type": "TRANS_SYM", "params": [-0.6939376592636108, -0.003143399953842163, -0.6941404938697815], "dist": 0.014299419548299839, "part_a": 2}, {"part_b": 0, "type": "ROT_SYM", "params": [1.7199876308441162, 0.6003817915916443, -1.6078635454177856, 0.0022787724155932665, -0.9999948143959045, 0.0022869459353387356, 0.39796385169029236], "dist": 0.015496019809215882, "part_a": 2}, {"part_b": 1, "type": "REF_SYM", "params": [0.34433281421661377, -0.40378937125205994, 0.11161719262599945, 0.001164571032859385, -0.01662859320640564, -0.9998610615730286], "dist": 0.018993310981788924, "part_a": 2}, {"part_b": 1, "type": "TRANS_SYM", "params": [0.0008068382740020752, -0.011520624160766602, -0.6927238702774048], "dist": 0.014484749343868047, "part_a": 2}, {"part_b": 1, "type": "ROT_SYM", "params": [0.28818345069885254, -0.40641283988952637, 0.1115286573767662, 0.009457021951675415, 0.9998436570167542, 0.014937324449419975, 2.8202056884765625], "dist": 0.019408372151128127, "part_a": 2}, {"part_b": 0, "type": "REF_SYM", "params": [-0.34999558329582214, -0.4028591513633728, 0.11061310023069382, -3.661065420601517e-05, 0.004863888490945101, -0.9999881386756897], "dist": 0.014368331168768067, "part_a": 3}, {"part_b": 0, "type": "TRANS_SYM", "params": [-2.5391578674316406e-05, 0.003373384475708008, -0.693548858165741], "dist": 0.014106728567235428, "part_a": 3}, {"part_b": 0, "type": "ROT_SYM",