{"id": 0, "label": "chair", "box": [0.004955856595188379, -0.09138032793998718, 0.033688876777887344, 0.9271301627159119, 0.9631974101066589, 1.419116497039795, 0.0450834184885025, 0.005031687207520008, 0.9989705681800842, 0.9989831447601318, 0.00016909123223740608, -0.045084837824106216], "children": [{"id": 1, "label": "chair_back", "box": [-0.008902693167328835, 0.29327133297920227, -0.2649276852607727, 0.07602597773075104, 0.6536856889724731, 0.8196691870689392, -0.04468723013997078, -0.13227297365665436, -0.9902054667472839, -0.0059709311462938786, 0.991213321685791, -0.13213814795017242], "children": [{"id": 2, "label": "back_surface", "box": [-0.009655994363129139, 0.4183206260204315, -0.28159841895103455, 0.04534687101840973, 0.3690151572227478, 0.8196664452552795, -0.04403256997466087, -0.21464645862579346, -0.9756987690925598, -0.00967711117118597, 0.9766918420791626, -0.21442820131778717], "children": [{"id": 3, "label": "back_single_surface", "box": [-0.009655994363129139, 0.4183206260204315, -0.28159841895103455, 0.04534687101840973, 0.3690151572227478, 0.8196664452552795, -0.04403256997466087, -0.21464645862579346, -0.9756987690925598, -0.00967711117118597, 0.9766918420791626, -0.21442820131778717]}]}, {"id": 4, "label": "back_frame", "box": [-0.008996373973786831, 0.29302674531936646, -0.26664817333221436, 0.07042192667722702, 0.6537483930587769, 0.8141186833381653, -0.04464719071984291, -0.12873557209968567, -0.9906734228134155, -0.005909931380301714, 0.9916789531707764, -0.12859989702701569], "children": [{"id": 5, "label": "back_frame_vertical_bar", "box": [0.37777814269065857, 0.2944163680076599, -0.284530371427536, 0.040199123322963715, 0.07082701474428177, 0.6507949829101562, -0.9980648159980774, 0.002111264271661639, 0.06214657798409462, 0.06190953403711319, 0.1272689253091812, 0.9899342656135559]}, {"id": 6, "label": "back_frame_vertical_bar", "box": [-0.39568424224853516, 0.2929838299751282, -0.24919049441814423, 0.03998418524861336, 0.07038117945194244, 0.6537509560585022, 0.9990410208702087, 0.0002641850442159921, -0.04378380998969078, -0.04338640347123146, -0.12858471274375916, -0.9907490015029907]}], "edges": [{"part_a": 1, "dist": 0.013347937421982717, "params": [-0.009047478437423706, 0.3021049499511719, -0.26891082525253296, 0.9989070296287537, 0.00891001895070076, -0.04588433727622032], "part_b": 0, "type": "REF_SYM"}, {"part_a": 1, "dist": 0.011422294276306312, "params": [0.7738280892372131, 0.006902366876602173, -0.03554543852806091], "part_b": 0, "type": "TRANS_SYM"}, {"part_a": 1, "dist": 0.011756948223242504, "params": [1.72573721408844, -0.34045466780662537, 36.90623092651367, 0.011697996407747269, -0.9996902346611023, -0.021968454122543335, 0.02081112563610077], "part_b": 0, "type": "ROT_SYM"}]}], "edges": [{"part_a": 1, "dist": 0.0028285299633742885, "part_b": 0, "type": "ADJ"}]}, {"id": 7, "label": "chair_arm", "box": [-0.0013304337626323104, 0.22257058322429657, 0.042840052396059036, 0.25734105706214905, 0.9216567277908325, 0.9518775939941406, -0.010952063836157322, -0.9639504551887512, -0.26585623621940613, -0.03822313994169235, 0.26608142256736755, -0.9631924033164978], "children": [{"id": 8, "label": "arm_near_vertical_bar", "box": [0.47054481506347656, 0.10700687766075134, 0.41805344820022583, 0.03833593428134918, 0.05303185060620308, 0.24589619040489197, 0.9996337294578552, 0.0007549904985353351, 0.027052879333496094, -0.027039263397455215, 0.0700811892747879, 0.9971747398376465]}, {"id": 9, "label": "arm_horizontal_bar", "box": [0.44938698410987854, 0.23694570362567902, -0.0050191814079880714, 0.05011708289384842, 0.060688186436891556, 0.8592807650566101, -0.14362315833568573, 0.9895137548446655, 0.015328100882470608, -0.987106204032898, -0.14434534311294556, 0.06917943060398102]}, {"id": 10, "label": "arm_connector", "box": [-0.22823157906532288, 0.23547106981277466, -0.4006333351135254, 0.04021403566002846, 0.04555535316467285, 0.4492611289024353, -6.088669033488259e-05, -0.9999920725822449, -0.003984369337558746, -0.06016510725021362, 0.003980814479291439, -0.9981805086135864]}, {"id": 11, "label": "arm_horizontal_bar", "box": [-0.4377545416355133, 0.24187316000461578, 0.12875856459140778, 0.04726225510239601, 0.07018540054559708, 0.5032019019126892, 0.00035635431413538754, 0.9999861121177673, -0.005255880765616894, 0.9989831447601318, -0.0005929397302679718, -0.045080844312906265]}], "edges": [{"part_a": 1, "dist": 0.005038646498244508, "part_b": 0, "type": "ADJ"}]}, {"id": 12, "label": "chair_arm", "box": [0.013607759028673172, 0.2203844040632248, 0.04678155854344368, 0.2702881693840027, 0.9277958273887634, 0.9483616352081299, -0.014282922260463238, -0.9594181180000305, -0.2816253900527954, -0.04657800868153572, 0.2819867730140686, -0.9582870006561279], "children": [{"id": 13, "label": "arm_near_vertical_bar", "box": [-0.42123985290527344, 0.0977422297000885, 0.4592443108558655, 0.04000870883464813, 0.042593132704496384, 0.2579039931297302, 0.9738133549690247, 0.0025031971745193005, 0.2273351401090622, -0.22733263671398163, 0.02268955670297146, 0.9735528230667114]}, {"id": 14, "label": "arm_horizontal_bar", "box": [-0.4392542541027069, 0.23345866799354553, 0.03612971305847168, 0.054329920560121536, 0.06350098550319672, 0.8704829812049866, 0.937236487865448, 0.34789252281188965, -0.023633576929569244, 0.347093790769577, -0.9372756481170654, -0.03225216642022133]}, {"id": 15, "label": "arm_connector", "box": [0.19727879762649536, 0.23549319803714752, -0.4201062023639679, 0.040624648332595825, 0.04611615091562271, 0.4584908187389374, 0.0002142406883649528, 0.9996796250343323, -0.025310268625617027, 0.024296961724758148, 0.02529759518802166, 0.9993846416473389]}, {"id": 16, "label": "arm_horizontal_bar", "box": [0.45434996485710144, 0.24187316000461578, 0.0884980857372284, 0.04726225510239601, 0.07018441706895828, 0.5032019019126892, 0.00035635550739243627, 0.9999861121177673, -0.0052558802999556065, 0.9989831447601318, -0.0005929410690441728, -0.04508087411522865]}], "edges": [{"part_a": 1, "dist": 0.008273182882318016, "part_b": 0, "type": "ADJ"}]}, {"id": 17, "label": "chair_seat", "box": [0.008490734733641148, -0.040432848036289215, 0.1212758794426918, 0.0606868714094162, 0.7514367699623108, 0.8196845054626465, -0.0010161808459088206, -0.9997414350509644, -0.022716647014021873, -0.045073896646499634, 0.022739361971616745, -0.9987248182296753], "children": [{"id": 18, "label": "seat_surface", "box": [0.009740547277033329, -0.040967997163534164, 0.14896875619888306, 0.04536899924278259, 0.682532012462616, 0.8196834921836853, 9.030085493577644e-06, -1.0, -4.075250785717799e-07, 0.04508381336927414, -8.94915380949407e-15, 0.9989832043647766], "children": [{"id": 19, "label": "seat_single_surface", "box": [0.009740547277033329, -0.040967997163534164, 0.14896875619888306, 0.04536899924278259, 0.682532012462616, 0.8196834921836853, 9.030085493577644e-06, -1.0, -4.075250785717799e-07, 0.04508381336927414, -8.94915380949407e-15, 0.9989832043647766]}]}, {"id": 20, "label": "seat_frame", "box": [0.008504093624651432, -0.040374211966991425, 0.12126907706260681, 0.05791165679693222, 0.7514506578445435, 0.8144111633300781, -0.0009607956744730473, -0.9996390342712402, -0.02684919908642769, -0.04506932199001312, 0.026865214109420776, -0.9986225366592407], "children": [{"id": 21, "label": "seat_frame_bar", "box": [0.39526230096817017, -0.04043227434158325, 0.10382574051618576, 0.04014817252755165, 0.05372713878750801, 0.7514265179634094, 0.9988157749176025, 0.01766604743897915, -0.045331571251153946, -0.016707083210349083, 0.9996303915977478, 0.02144685573875904]}, {"id": 22, "label": "seat_frame_bar", "box": [-0.37825316190719604, -0.040408696979284286, 0.13900035619735718, 0.040105365216732025, 0.05775739252567291, 0.750897228717804, 0.9988939166069031, -0.014332943595945835, -0.04478319734334946, -0.015517747960984707, -0.9995356798171997, -0.026221776381134987]}], "edges": [{"part_a": 1,