{"id": 0, "label": "chair", "box": [-0.016883492469787598, 0.1422799974679947, 0.04529428482055664, 0.9157547354698181, 0.9183427095413208, 1.3716830015182495, 1.0, 8.744826043849407e-12, 2.0413158381415997e-06, -2.0413158381415997e-06, 6.534846761496738e-05, 1.0], "children": [{"id": 1, "label": "chair_back", "box": [-0.01688399910926819, 0.5979675054550171, -0.38423001766204834, 0.059205979108810425, 0.46025100350379944, 0.9157500267028809, 6.123234262925839e-17, -6.123234262925839e-17, -1.0, -3.7493993930529855e-33, -1.0, 6.123234262925839e-17], "children": [{"id": 2, "label": "back_surface", "box": [-0.014513959176838398, 0.6007646918296814, -0.3865039646625519, 0.054659660905599594, 0.11674956977367401, 0.34740471839904785, -3.0806472377301014e-22, -5.0310786718910094e-06, -1.0, 0.9997198581695557, -0.023669380694627762, 1.1908251451586693e-07], "children": [{"id": 3, "label": "back_surface_vertical_bar", "box": [-0.014513959176838398, 0.6007646918296814, -0.3865039646625519, 0.054659660905599594, 0.11674956977367401, 0.34740471839904785, -3.0806472377301014e-22, -5.0310786718910094e-06, -1.0, 0.9997198581695557, -0.023669380694627762, 1.1908251451586693e-07]}]}, {"id": 4, "label": "back_frame", "box": [-0.01688406988978386, 0.5979776978492737, -0.38433730602264404, 0.0592140257358551, 0.46023982763290405, 0.915751576423645, -1.399967452543537e-16, 0.00048381584929302335, 0.9999998807907104, 3.647753374025342e-06, -0.9999998807907104, 0.00048381584929302335], "children": [{"id": 5, "label": "back_holistic_frame", "box": [-0.01688406988978386, 0.5979776978492737, -0.38433730602264404, 0.0592140257358551, 0.46023982763290405, 0.915751576423645, -1.399967452543537e-16, 0.00048381584929302335, 0.9999998807907104, 3.647753374025342e-06, -0.9999998807907104, 0.00048381584929302335]}]}], "edges": [{"part_b": 0, "type": "ADJ", "dist": 0.010967788944455121, "part_a": 1}]}, {"id": 6, "label": "chair_seat", "box": [-0.01697925105690956, 0.3385237455368042, 0.04530531167984009, 0.10674320161342621, 0.9169303178787231, 0.9182959198951721, -0.016278594732284546, 0.9998674392700195, -0.0002653695992194116, 0.9998674988746643, 0.016278594732284546, -8.678277367835108e-07], "children": [{"id": 7, "label": "seat_surface", "box": [-0.01697925105690956, 0.3385237455368042, 0.04530531167984009, 0.10674320161342621, 0.9169303178787231, 0.9182959198951721, -0.016278594732284546, 0.9998674392700195, -0.0002653695992194116, 0.9998674988746643, 0.016278594732284546, -8.678277367835108e-07], "children": [{"id": 8, "label": "seat_single_surface", "box": [-0.01697925105690956, 0.3385237455368042, 0.04530531167984009, 0.10674320161342621, 0.9169303178787231, 0.9182959198951721, -0.016278594732284546, 0.9998674392700195, -0.0002653695992194116, 0.9998674988746643, 0.016278594732284546, -8.678277367835108e-07]}]}]}, {"id": 9, "label": "chair_base", "box": [-0.016883492469787598, -0.11040098965167999, 0.04531000554561615, 0.8662660121917725, 0.9157530069351196, 0.9182859659194946, -7.498798786105971e-33, -1.0, 1.2246468525851679e-16, 1.0, 0.0, 6.123234262925839e-17]}], "edges": [{"part_b": 0, "type": "ADJ", "dist": 0.006187275465159243, "part_a": 1}, {"part_b": 1, "type": "ADJ", "dist": 0.01174614325152465, "part_a": 2}]}