{"id": 0, "label": "chair", "box": [-0.0026184916496276855, -0.1463956981897354, -0.15765167772769928, 0.6913650035858154, 0.921972393989563, 1.7211717367172241, -1.0, 0.0, -6.123234262925839e-17, -2.7542794983578223e-17, 0.8931252956390381, 0.4498079717159271], "children": [{"id": 1, "label": "chair_back", "box": [-0.002608401468023658, 0.2602619230747223, -0.40992558002471924, 0.16513192653656006, 0.6913672685623169, 0.9655691981315613, -1.5912386515992694e-05, -0.717570960521698, -0.6964854001998901, 1.0, 5.528583642444573e-06, -2.854264857887756e-05], "children": [{"id": 2, "label": "back_surface", "box": [-0.0016726276371628046, 0.23932023346424103, -0.4217768609523773, 0.11106912791728973, 0.5690121054649353, 0.9508700370788574, 0.00031813973328098655, -0.6604960560798645, -0.7508294582366943, 0.9999999403953552, 0.00029051952878944576, 0.00016815097478684038], "children": [{"id": 3, "label": "back_single_surface", "box": [-0.0016726276371628046, 0.23932023346424103, -0.4217768609523773, 0.11106912791728973, 0.5690121054649353, 0.9508700370788574, 0.00031813973328098655, -0.6604960560798645, -0.7508294582366943, 0.9999999403953552, 0.00029051952878944576, 0.00016815097478684038]}]}, {"id": 4, "label": "back_frame", "box": [-0.002618935890495777, 0.2740993797779083, -0.4185064733028412, 0.15722614526748657, 0.6913662552833557, 0.9339948296546936, -1.5912386515992694e-05, -0.717570960521698, -0.6964854001998901, 1.0, -1.1276941222604364e-05, -1.1228347830183338e-05], "children": [{"id": 5, "label": "back_frame_vertical_bar", "box": [0.32170233130455017, 0.2741009593009949, -0.4185076951980591, 0.024125639349222183, 0.1572115570306778, 0.933992862701416, -0.99997878074646, -0.0047408537939190865, -0.004469346255064011, -0.006514730863273144, 0.7175362706184387, 0.6964907050132751]}, {"id": 6, "label": "back_frame_vertical_bar", "box": [-0.3269040882587433, 0.27463793754577637, -0.41904106736183167, 0.02411126345396042, 0.15720967948436737, 0.932448148727417, -0.9999792575836182, -0.004688413348048925, -0.00442081643268466, -0.006443300750106573, 0.7175328731536865, 0.6964948773384094]}, {"id": 7, "label": "back_frame_horizontal_bar", "box": [-0.0026184916496276855, 0.592804491519928, -0.6990295052528381, 0.07695183157920837, 0.07695183157920837, 0.6913650035858154, -1.5980361810916045e-17, -0.9653444290161133, 0.2609791159629822, 5.911030010325976e-17, -0.2609791159629822, -0.9653444290161133]}], "edges": [{"part_a": 2, "dist": 0.004525625701501351, "part_b": 0, "type": "ADJ"}, {"part_a": 2, "dist": 0.00425592347600086, "part_b": 1, "type": "ADJ"}, {"part_a": 1, "dist": 0.009738790234280977, "part_b": 0, "type": "REF_SYM", "params": [-0.0027322471141815186, 0.27574706077575684, -0.4445924162864685, 0.9999918937683105, -0.0032588914036750793, 0.0023588156327605247]}, {"part_a": 1, "dist": 0.008930458295495531, "part_b": 0, "type": "TRANS_SYM", "params": [0.648571252822876, -0.002113640308380127, 0.0015298724174499512]}, {"part_a": 1, "dist": 0.010575051130640513, "part_b": 0, "type": "ROT_SYM", "params": [-2.4792516231536865, -242.80697631835938, 613.4407348632812, -0.0013069409178569913, -0.9297589063644409, -0.3681666851043701, 0.0009765625]}]}], "edges": [{"part_a": 1, "dist": 0.0036634314598707907, "part_b": 0, "type": "ADJ"}]}, {"id": 8, "label": "chair_seat", "box": [-0.0026184916496276855, -0.08999152481555939, 0.3487800061702728, 0.19516673684120178, 0.6913650035858154, 0.9052807688713074, 3.059852755216344e-18, -0.9987506866455078, -0.049971189349889755, 1.0, 0.0, 6.123234262925839e-17], "children": [{"id": 9, "label": "seat_surface", "box": [-0.001687031937763095, -0.10694950073957443, 0.34790733456611633, 0.15857087075710297, 0.5691549181938171, 0.9049168825149536, 0.00015970104141160846, 0.999125599861145, 0.041809286922216415, -1.0, 0.00015566109505016357, 9.988336387323216e-05], "children": [{"id": 10, "label": "seat_single_surface", "box": [-0.001687031937763095, -0.10694950073957443, 0.34790733456611633, 0.15857087075710297, 0.5691549181938171, 0.9049168825149536, 0.00015970104141160846, 0.999125599861145, 0.041809286922216415, -1.0, 0.00015566109505016357, 9.988336387323216e-05]}]}, {"id": 11, "label": "seat_frame", "box": [-0.0017883629770949483, -0.03690030053257942, 0.3424796462059021, 0.1664339005947113, 0.6914804577827454, 0.802684485912323, -7.874571565480437e-06, -0.9699757695198059, -0.24320167303085327, 0.999995231628418, -0.0007571530295535922, 0.00298741995356977], "children": [{"id": 12, "label": "seat_frame_bar", "box": [0.3216780126094818, -0.060735780745744705, 0.3396235704421997, 0.024245616048574448, 0.1781102567911148, 0.7950894236564636, 0.9999710917472839, 0.007458871230483055, 0.0014608134515583515, -0.007596398703753948, 0.9871590733528137, 0.1595596969127655]}, {"id": 13, "label": "seat_frame_bar", "box": [-0.32678207755088806, -0.0341346450150013, 0.3389727771282196, 0.023748967796564102, 0.13607031106948853, 0.8047100305557251, 0.9999998211860657, -6.448719068430364e-05, -0.0006087512010708451, -0.00017500801186542958, -0.9830478429794312, -0.1833491176366806]}, {"id": 14, "label": "seat_frame_bar", "box": [-0.0026184916496276855, -0.08655200153589249, 0.6077690124511719, 0.038475580513477325, 0.03847561404109001, 0.6913650035858154, -1.5980270821048665e-17, -0.9653448462486267, 0.2609776258468628, -5.911032657303936e-17, 0.2609776258468628, 0.9653448462486267]}], "edges": [{"part_a": 2, "dist": 0.004809453628772109, "part_b": 0, "type": "ADJ"}, {"part_a": 2, "dist": 0.0016940193642747679, "part_b": 1, "type": "ADJ"}, {"part_a": 1, "dist": 0.01743562781919643, "part_b": 0, "type": "REF_SYM", "params": [-0.0026385635137557983, -0.05036535859107971, 0.36057865619659424, 0.999822735786438, -0.005882816854864359, 0.017884481698274612]}, {"part_a": 1, "dist": 0.012684157615212313, "part_b": 0, "type": "TRANS_SYM", "params": [0.6485546827316284, -0.00381600484251976, 0.011601120233535767]}, {"part_a": 1, "dist": 0.025318729441906863, "part_b": 0, "type": "ROT_SYM", "params": [-1.2228528261184692, 47.0974235534668, 5.259613513946533, -0.017924349755048752, -0.10343009978532791, 0.9944751858711243, 0.013671981170773506]}, {"part_a": 2, "dist": 0.03658230384389145, "part_b": 0, "type": "ROT_SYM", "params": [0.28169339895248413, -0.11854775995016098, 0.6480337381362915, 0.04893435165286064, -0.9979810118675232, -0.04048852622509003, 1.5747299194335938]}, {"part_a": 2, "dist": 0.04781037620718022, "part_b": 1, "type": "ROT_SYM", "params": [-0.33965641260147095, -1.0647579431533813, 0.6119518280029297, 0.06425104290246964, 0.9961106181144714, 0.06029381603002548, 1.5022131204605103]}]}], "edges": [{"part_a": 1, "dist": 0.005392998427221119, "part_b": 0, "type": "ADJ"}]}, {"id": 15, "label": "chair_base", "box": [-0.0026184916496276855, -0.29483139514923096, -0.027790460735559464, 0.24959249794483185, 0.6913650035858154, 1.5138111114501953, -1.3979846592562168e-18, -0.9997393488883972, 0.022830821573734283, 1.0, 0.0, 6.123234262925839e-17], "children": [{"id": 16, "label": "regular_leg_base", "box": [-0.0026184916496276855, -0.29483139514923096, -0.027790460735559464, 0.24959249794483185, 0.6913650035858154, 1.5138111114501953, -1.3979846592562168e-18, -0.9997393488883972, 0.022830821573734283, 1.0, 0.0, 6.123234262925839e-17], "children": [{"id": 17, "label": "bar_stretcher", "box": [-0.0026184916496276855, -0.19276899099349976, -0.1619115024805069, 0.03847530856728554, 0.03847653418779373, 0.6913650035858154, -1.2034264273251815e-16, -0.9653444290161133, 0.2609791159629822, 1.5980361810916045e-17, 0.2609791159629822, 0.9653444290161133]}, {"id": 18, "label": "runner", "box": [-0.32700851559638977, -0.29483145475387573, -0.027779430150985718, 0.02417665719985962, 0.24959227442741394, 1.513789176940918, 0.9999999403953552, 0.0003665710100904107, -0.00018099634326063097, 0.00037060785689391196, -0.9997392892837524, 0.022831393405795097]}, {"id": 19, "label": "runner",