{"id": 0, "label": "chair", "box": [0.00652813958004117, -0.002998059382662177, 0.05205293372273445, 0.9310070276260376, 1.3969494104385376, 1.0265542268753052, 0.9999598264694214, -0.006075086537748575, 0.006586745847016573, 0.006301218643784523, 0.9993718862533569, -0.03487231209874153], "children": [{"id": 1, "label": "chair_back", "box": [0.005098430905491114, 0.18586282432079315, -0.26986584067344666, 0.9385445713996887, 0.907455325126648, 0.24081456661224365, 0.9997567534446716, 0.018740547820925713, 0.011631245724856853, -0.009573657065629959, 0.8437746167182922, -0.5366122722625732], "children": [{"id": 2, "label": "back_surface", "box": [-0.006651023868471384, 0.22835984826087952, -0.28921106457710266, 0.8762641549110413, 0.7201061844825745, 0.14676842093467712, 0.999819278717041, -0.010192500427365303, 0.016045821830630302, 0.0171207208186388, 0.8496301174163818, -0.5271011590957642], "children": [{"id": 3, "label": "back_single_surface", "box": [0.002844560658559203, 0.23381923139095306, -0.30228930711746216, 0.8010321259498596, 0.7118170857429504, 0.15531443059444427, 0.999943733215332, -0.00979832373559475, -0.004066297318786383, 0.006321274675428867, 0.8581477403640747, -0.5133638978004456]}]}, {"id": 4, "label": "back_frame", "box": [-0.0059507773257792, 0.2354133129119873, -0.284354567527771, 0.9144064784049988, 0.8391704559326172, 0.15223436057567596, 0.9999808669090271, -0.006099537946283817, 0.001018341863527894, 0.005777426529675722, 0.8627656698226929, -0.5055710077285767], "children": [{"id": 5, "label": "back_frame_vertical_bar", "box": [0.3895661234855652, 0.26279041171073914, -0.2967716455459595, 0.13820266723632812, 0.777519941329956, 0.1484776884317398, 0.999610185623169, 0.027087083086371422, 0.006767171435058117, -0.018524764105677605, 0.8248105049133301, -0.5651057362556458]}, {"id": 6, "label": "back_frame_vertical_bar", "box": [-0.3937499523162842, 0.23458901047706604, -0.26508888602256775, 0.1326390504837036, 0.8371984362602234, 0.18695086240768433, 0.9996257424354553, -0.013746756128966808, 0.0236534234136343, 0.02449292503297329, 0.834872841835022, -0.5498977899551392]}, {"id": 7, "label": "back_frame_horizontal_bar", "box": [0.0066153197549283504, 0.5747437477111816, -0.4653640687465668, 0.7812203764915466, 0.1892758458852768, 0.09190266579389572, 0.9999431371688843, -0.008258272893726826, 0.006748580373823643, 0.009964467957615852, 0.9489836692810059, -0.31516778469085693]}], "edges": [{"part_a": 0, "part_b": 1, "type": "ROT_SYM"}, {"part_a": 0, "part_b": 1, "type": "TRANS_SYM"}, {"part_a": 0, "part_b": 1, "type": "REF_SYM"}, {"part_a": 0, "part_b": 2, "type": "ADJ"}, {"part_a": 1, "part_b": 0, "type": "ROT_SYM"}, {"part_a": 1, "part_b": 0, "type": "TRANS_SYM"}, {"part_a": 1, "part_b": 0, "type": "REF_SYM"}, {"part_a": 1, "part_b": 2, "type": "ADJ"}, {"part_a": 2, "part_b": 0, "type": "ADJ"}, {"part_a": 2, "part_b": 1, "type": "ADJ"}]}], "edges": [{"part_a": 0, "part_b": 1, "type": "ADJ"}, {"part_a": 1, "part_b": 0, "type": "ADJ"}]}, {"id": 8, "label": "chair_seat", "box": [-0.009421075694262981, -0.09410548210144043, 0.16559992730617523, 0.92591392993927, 0.22944192588329315, 0.8720428943634033, 0.9999933838844299, -0.0029183574952185154, -0.002180046634748578, 0.002895170357078314, 0.999940037727356, -0.010564749129116535], "children": [{"id": 9, "label": "seat_surface", "box": [0.009081869386136532, -0.08442555367946625, 0.1789451539516449, 0.883804202079773, 0.11960781365633011, 0.7302053570747375, 0.9999432563781738, -0.008230856619775295, -0.006769563537091017, 0.00796415377408266, 0.9992259740829468, -0.03852296248078346], "children": [{"id": 10, "label": "seat_single_surface", "box": [0.00601167231798172, -0.08250350505113602, 0.2015611082315445, 0.8405829668045044, 0.1085992231965065, 0.7117612957954407, 0.999962329864502, 0.007452257443219423, 0.004457553382962942, -0.00720316031947732, 0.9985415935516357, -0.05350475013256073]}]}, {"id": 11, "label": "seat_frame", "box": [-0.0024010101333260536, -0.06867000460624695, 0.1970781534910202, 0.9111661911010742, 0.19101577997207642, 0.8229559659957886, 0.9997895956039429, 0.0013445895165205002, -0.020467935130000114, -0.00221312721259892, 0.9990952610969543, -0.04247074946761131], "children": [{"id": 12, "label": "seat_frame_bar", "box": [0.44727998971939087, -0.058937590569257736, 0.1767493337392807, 0.12803663313388824, 0.16435392200946808, 0.8157235383987427, 0.9999191164970398, 0.005378037691116333, -0.011529579758644104, -0.006027733441442251, 0.9983515739440918, -0.05707699432969093]}, {"id": 13, "label": "seat_frame_bar", "box": [-0.4090043604373932, -0.05280507728457451, 0.20188766717910767, 0.14731986820697784, 0.1846124678850174, 0.7973260283470154, 0.9999821782112122, -0.00414640735834837, 0.004305090289562941, 0.004263617563992739, 0.999610424041748, -0.027583546936511993]}], "edges": [{"part_a": 0, "part_b": 1, "type": "ROT_SYM"}, {"part_a": 0, "part_b": 1, "type": "TRANS_SYM"}, {"part_a": 0, "part_b": 1, "type": "REF_SYM"}, {"part_a": 1, "part_b": 0, "type": "ROT_SYM"}, {"part_a": 1, "part_b": 0, "type": "TRANS_SYM"}, {"part_a": 1, "part_b": 0, "type": "REF_SYM"}]}], "edges": [{"part_a": 0, "part_b": 1, "type": "ADJ"}, {"part_a": 1, "part_b": 0, "type": "ADJ"}]}, {"id": 15, "label": "chair_base", "box": [-0.016048025339841843, -0.4155561625957489, 0.11033861339092255, 0.8786267638206482, 0.594750702381134, 0.9578887224197388, 0.999596357345581, 0.028000358492136, 0.00480214599519968, -0.02740144170820713, 0.9948868155479431, -0.09720772504806519], "children": [{"id": 16, "label": "regular_leg_base", "box": [0.010222249664366245, -0.4125298857688904, 0.08130597323179245, 0.9093874096870422, 0.6237182021141052, 0.9249613881111145, 0.999968409538269, -0.003456409787759185, 0.0071619050577282906, 0.003728750627487898, 0.9992567300796509, -0.0383685939013958], "children": [{"id": 19, "label": "runner", "box": [0.4130259156227112, -0.5359045267105103, 0.04928022250533104, 0.1334114372730255, 0.23460668325424194, 0.8214083313941956, 0.9992305636405945, 0.038524042814970016, -0.007364413235336542, -0.0386618971824646, 0.9990602135658264, -0.019595777615904808]}, {"id": 0, "label": "leg", "box": [-0.3444975018501282, -0.2921566069126129, 0.08534329384565353, 0.16970978677272797, 0.4339979290962219, 0.38829201459884644, 0.9987940788269043, -0.005103480536490679, 0.04882935434579849, 0.00532484007999301, 0.9999760985374451, -0.004404323175549507]}, {"id": 18, "label": "runner", "box": [-0.3997541069984436, -0.5604691505432129, 0.06271876394748688, 0.13628311455249786, 0.2169950306415558, 0.8099097609519958, 0.9990895390510559, 0.03763003647327423, 0.02010072022676468, -0.03770260885357857, 0.9992837309837341, 0.0032436808105558157]}], "edges": [{"part_a": 0, "part_b": 2, "type": "ROT_SYM"}, {"part_a": 0, "part_b": 2, "type": "TRANS_SYM"}, {"part_a": 0, "part_b": 2, "type": "REF_SYM"}, {"part_a": 2, "part_b": 0, "type": "ROT_SYM"}, {"part_a": 2, "part_b": 0, "type": "TRANS_SYM"}, {"part_a": 2, "part_b": 0, "type": "REF_SYM"}]}]}], "edges": [{"part_a": 0, "part_b": 1, "type": "ADJ"}, {"part_a": 0, "part_b": 2, "type": "ADJ"}, {"part_a": 1, "part_b": 0, "type": "ADJ"}, {"part_a": 1, "part_b": 2, "type": "ADJ"}, {"part_a": 2, "part_b": 0, "type": "ADJ"}, {"part_a": 2, "part_b": 1, "type": "ADJ"}]}