{"id": 0, "label": "chair", "box": [-0.009599116630852222, -0.05251852795481682, -0.04692807048559189, 0.7348667979240417, 1.1630489826202393, 1.3041160106658936, 1.0, 6.091937848395901e-06, 1.486799874328426e-06, 6.099621714383829e-06, -0.9999863505363464, -0.005223732441663742], "children": [{"id": 1, "label": "chair_back", "box": [-0.009354183450341225, 0.20121678709983826, -0.15356330573558807, 0.05588144436478615, 0.5883934497833252, 0.6855812072753906, 0.03660224750638008, -0.30924320220947266, -0.9502783417701721, -0.9993299245834351, -0.011318927630782127, -0.034808140248060226], "children": [{"id": 2, "label": "back_surface", "box": [-0.009354183450341225, 0.20121678709983826, -0.15356330573558807, 0.05588144436478615, 0.5883934497833252, 0.6855812072753906, 0.03660224750638008, -0.30924320220947266, -0.9502783417701721, -0.9993299245834351, -0.011318927630782127, -0.034808140248060226], "children": [{"id": 3, "label": "back_single_surface", "box": [-0.009354183450341225, 0.20121678709983826, -0.15356330573558807, 0.05588144436478615, 0.5883934497833252, 0.6855812072753906, 0.03660224750638008, -0.30924320220947266, -0.9502783417701721, -0.9993299245834351, -0.011318927630782127, -0.034808140248060226]}]}]}, {"id": 4, "label": "chair_arm", "box": [0.3190141022205353, 0.11539111286401749, 0.06054485961794853, 0.07830996066331863, 0.2273028939962387, 0.8520006537437439, -0.999987781047821, -0.0047594159841537476, -0.001353883184492588, -0.004946857690811157, 0.9551030397415161, 0.29623252153396606], "children": [{"id": 5, "label": "arm_horizontal_bar", "box": [0.31907129287719727, 0.16686825454235077, -0.049156755208969116, 0.061396267265081406, 0.07762410491704941, 0.652161717414856, 0.006599779706448317, -0.9997031092643738, 0.023454055190086365, -0.9999781847000122, -0.006592966616153717, 0.0003678032662719488]}, {"id": 6, "label": "arm_near_vertical_bar", "box": [0.3189946413040161, 0.03433289751410484, 0.3620213568210602, 0.06716408580541611, 0.07743000984191895, 0.32564884424209595, -3.347286272113823e-17, -0.5466533303260803, -0.8373590111732483, -1.0, -8.423176041105762e-05, 5.4989046475384384e-05]}], "edges": [{"dist": 0.008802255323784838, "part_b": 0, "type": "ADJ", "part_a": 1}]}, {"id": 7, "label": "chair_arm", "box": [-0.3382163941860199, 0.11768338084220886, 0.05150512978434563, 0.07753393054008484, 0.2218228131532669, 0.8663012981414795, -0.9999994039535522, -0.0011086922604590654, -0.00012552815314847976, -0.0011003464460372925, 0.9612652659416199, 0.2756226658821106], "children": [{"id": 8, "label": "arm_horizontal_bar", "box": [-0.3381563127040863, 0.15900686383247375, -0.04443893954157829, 0.07103001326322556, 0.0775991827249527, 0.6975668668746948, 0.0028063077479600906, 0.9999778270721436, 0.006038379389792681, -0.9999960660934448, 0.002806100994348526, 4.269889905117452e-05]}, {"id": 9, "label": "arm_near_vertical_bar", "box": [-0.3382037878036499, 0.026160405948758125, 0.37342703342437744, 0.05345862731337547, 0.07742895185947418, 0.2793956696987152, -0.0004914682358503342, -0.49404436349868774, -0.8694365620613098, -0.9999993443489075, -0.0006417889962904155, 0.0009299588273279369]}], "edges": [{"dist": 0.004999268584132924, "part_b": 0, "type": "ADJ", "part_a": 1}]}, {"id": 10, "label": "chair_seat", "box": [-0.009627108462154865, -0.11460112035274506, 0.27298372983932495, 0.059736546128988266, 0.5879952907562256, 0.6637751460075378, -0.011532381176948547, -0.999276340007782, -0.0362461693584919, -0.9999334216117859, 0.011539964005351067, -1.2227578367638928e-16], "children": [{"id": 11, "label": "seat_surface", "box": [-0.009627108462154865, -0.11460112035274506, 0.27298372983932495, 0.059736546128988266, 0.5879952907562256, 0.6637751460075378, -0.011532381176948547, -0.999276340007782, -0.0362461693584919, -0.9999334216117859, 0.011539964005351067, -1.2227578367638928e-16], "children": [{"id": 12, "label": "seat_single_surface", "box": [-0.009627108462154865, -0.11460112035274506, 0.27298372983932495, 0.059736546128988266, 0.5879952907562256, 0.6637751460075378, -0.011532381176948547, -0.999276340007782, -0.0362461693584919, -0.9999334216117859, 0.011539964005351067, -1.2227578367638928e-16]}]}]}, {"id": 13, "label": "chair_base", "box": [-0.00959797389805317, -0.23718924820423126, -0.04992417246103287, 0.7348667979240417, 0.7868860363960266, 1.3041411638259888, -1.0, -6.181687695061555e-06, -1.534716943751846e-06, 6.181594926601974e-06, -1.0, 6.019969077897258e-05], "children": [{"id": 14, "label": "regular_leg_base", "box": [-0.00959797389805317, -0.23718924820423126, -0.04992417246103287, 0.7348667979240417, 0.7868860363960266, 1.3041411638259888, -1.0, -6.181687695061555e-06, -1.534716943751846e-06, 6.181594926601974e-06, -1.0, 6.019969077897258e-05], "children": [{"id": 15, "label": "leg", "box": [-0.3382332921028137, -0.23792925477027893, -0.5480985641479492, 0.06068377196788788, 0.0775899887084961, 0.838310718536377, 0.0001781543978722766, 0.38378477096557617, -0.9234225749969482, 1.0, -5.998823689878918e-05, 0.00016799656441435218]}, {"id": 16, "label": "leg", "box": [0.31903237104415894, -0.2296651154756546, -0.5431220531463623, 0.0760093405842781, 0.07758630812168121, 0.8568336367607117, 0.00020659188157878816, 0.40422242879867554, -0.9146606922149658, 1.0, -9.998681343859062e-05, 0.0001816793519537896]}, {"id": 17, "label": "leg", "box": [0.31898900866508484, -0.36478015780448914, 0.5097657442092896, 0.026552250608801842, 0.07767095416784286, 0.5575025081634521, 0.01031854934990406, -0.29417335987091064, -0.9556964039802551, 0.9999461770057678, 0.0040933722630143166, 0.009536326862871647]}, {"id": 18, "label": "leg", "box": [-0.33832886815071106, -0.35824403166770935, 0.5077769160270691, 0.026319319382309914, 0.0781216248869896, 0.5713147521018982, -0.0030905520543456078, -0.2942236065864563, -0.9557316303253174, -0.999992847442627, -0.001163229695521295, 0.0035917821805924177]}], "edges": [{"dist": 0.015171325830267882, "part_b": 0, "type": "REF_SYM", "params": [-0.009668439626693726, -0.23249545693397522, -0.5462749600410461, -0.999855101108551, -0.015370411798357964, -0.007323177065700293], "part_a": 1}, {"dist": 0.01282264123995824, "part_b": 0, "type": "TRANS_SYM", "params": [-0.6580548882484436, -0.010116040706634521, -0.004819750785827637], "part_a": 1}, {"dist": 0.013268593120974654, "part_b": 0, "type": "ROT_SYM", "params": [-0.03793642297387123, -3.1293911933898926, 12.264440536499023, -0.00527277821674943, 0.9754489660263062, 0.2201625257730484, 0.0500975176692009], "part_a": 1}, {"dist": 0.04689674551426502, "part_b": 0, "type": "ROT_SYM", "params": [-0.39475247263908386, 1.2439314126968384, 0.16200409829616547, 0.9991707801818848, 0.04067004844546318, 0.0019446952501311898, 0.6596654653549194], "part_a": 3}, {"dist": 0.015433723292002882, "part_b": 2, "type": "REF_SYM", "params": [-0.009350493550300598, -0.36426228284835815, 0.5095690488815308, 0.9999755024909973, -0.006754192057996988, 0.001828626962378621], "part_a": 3}, {"dist": 0.014872902294069306, "part_b": 2, "type": "TRANS_SYM", "params": [0.6576592922210693, -0.004442065954208374, 0.0012026429176330566], "part_a": 3}, {"dist": 0.015226787978018814, "part_b": 2, "type": "ROT_SYM", "params": [-0.09958717972040176, 25.86361312866211, 132.27943420410156, -0.008878869004547596, -0.9807109236717224, 0.19526202976703644, 0.004882817156612873], "part_a": 3}]}]}], "edges": [{"dist": 0.010486568065799945, "part_b": 0, "type": "ADJ", "part_a": 1}, {"dist": 0.017763468815924114, "part_b": 0, "type": "ADJ", "part_a": 2}, {"dist": 0.011238582828314385, "part_b": 0, "type": "ADJ", "part_a": 3}, {"dist": 0.02999798508769252, "part_b": 1, "type": "ADJ", "part_a": 3}, {"dist": 0.040826084370875364, "part_b": 2, "type": "ADJ", "part_a": 3}, {"dist": 0.0020734564803224957, "part_b": 1, "type": "ADJ", "part_a": 4}, {"dist": 0.008132317544667887, "part_b": 2, "type": "ADJ", "part_a": 4}, {"dist": 0.016083190773412616, "part_b": 3, "type": "ADJ",