{"id": 0, "label": "chair", "box": [-0.0163080096244812, -0.11158103495836258, 0.06103925779461861, 0.8500339984893799, 0.9213106632232666, 1.358744740486145, -1.0, 0.0, -6.123234262925839e-17, 6.118643741398415e-17, -0.038714323192834854, -0.9992502927780151], "children": [{"id": 1, "label": "chair_back", "box": [-0.015936778858304024, 0.2339126318693161, -0.2799970805644989, 0.15311351418495178, 0.6744940280914307, 0.8059912919998169, 0.0025580439250916243, -0.24049238860607147, -0.9706476330757141, -0.0007941366056911647, -0.9706510305404663, 0.2404911369085312], "children": [{"id": 2, "label": "back_surface", "box": [-0.014813527464866638, 0.24667613208293915, -0.2796185612678528, 0.15420782566070557, 0.6485249400138855, 0.6995229125022888, 0.0025662691332399845, -0.22752560675144196, -0.9737687110900879, 1.0446799933561124e-05, -0.9737719297409058, 0.22752638161182404], "children": [{"id": 3, "label": "back_single_surface", "box": [-0.014813527464866638, 0.24667613208293915, -0.2796185612678528, 0.15420782566070557, 0.6485249400138855, 0.6995229125022888, 0.0025662691332399845, -0.22752560675144196, -0.9737687110900879, 1.0446799933561124e-05, -0.9737719297409058, 0.22752638161182404]}]}, {"id": 4, "label": "back_frame", "box": [-0.016104131937026978, 0.22986586391925812, -0.2487480640411377, 0.0949036255478859, 0.6509475708007812, 0.8059939742088318, 0.002115437062457204, -0.23077191412448883, -0.9730055928230286, -0.0005441931425593793, -0.97300785779953, 0.2307712882757187], "children": [{"id": 5, "label": "back_frame_vertical_bar", "box": [0.3562873303890228, 0.2305920273065567, -0.24454055726528168, 0.0543803945183754, 0.09541799128055573, 0.6505523920059204, 0.9992740154266357, -0.0010224641300737858, -0.038083527237176895, 0.037357185035943985, 0.22237546741962433, 0.9742451310157776]}, {"id": 6, "label": "back_frame_vertical_bar", "box": [-0.3888644874095917, 0.23050934076309204, -0.24553288519382477, 0.05486705154180527, 0.09559635072946548, 0.6501729488372803, 0.9997383952140808, -0.0029110752511769533, 0.02268669195473194, -0.021497610956430435, 0.21913541853427887, 0.9754576086997986]}], "edges": [{"params": [-0.01627589762210846, 0.2122790813446045, -0.25468361377716064, 0.9999780058860779, 0.0061362124979496, -0.0025331745855510235], "part_b": 0, "dist": 0.015287819128353163, "part_a": 1, "type": "REF_SYM"}, {"params": [0.7446491718292236, 0.00456942617893219, -0.0018863677978515625], "part_b": 0, "dist": 0.015924642103994417, "part_a": 1, "type": "TRANS_SYM"}, {"params": [-0.04009290412068367, -0.32280153036117554, -7.447079181671143, -0.006081582512706518, 0.997072696685791, -0.07621634751558304, 0.10315808653831482], "part_b": 0, "dist": 0.014711254649339906, "part_a": 1, "type": "ROT_SYM"}]}], "edges": [{"part_b": 0, "dist": 0.004875765198750933, "part_a": 1, "type": "ADJ"}]}, {"id": 7, "label": "chair_arm", "box": [-0.4022628664970398, 0.0870596319437027, 0.13859735429286957, 0.05437919870018959, 0.30621829628944397, 0.7315585613250732, -0.9993913769721985, 0.0, -0.034884341061115265, -0.00048283315845765173, 0.999904215335846, 0.013832546770572662], "children": [{"id": 8, "label": "arm_near_vertical_bar", "box": [-0.4138258695602417, 0.07037550210952759, 0.46784281730651855, 0.054392170161008835, 0.06874248385429382, 0.28154700994491577, 0.9996061325073242, -1.8364878671445109e-16, 0.028064174577593803, -0.028064174577593803, 3.4368703046845914e-18, 0.9996061325073242]}, {"id": 9, "label": "arm_horizontal_bar", "box": [-0.40224331617355347, 0.21594178676605225, 0.13858866691589355, 0.04846567288041115, 0.05433008074760437, 0.7279794216156006, 0.006265940144658089, -0.9998884797096252, -0.013557959347963333, 0.9993607997894287, 0.005784278269857168, 0.035278309136629105]}], "edges": [{"part_b": 0, "dist": 0.007456875687262163, "part_a": 1, "type": "ADJ"}]}, {"id": 10, "label": "chair_arm", "box": [0.37006574869155884, 0.08339360356330872, 0.13733480870723724, 0.05536914989352226, 0.3100414574146271, 0.7330074906349182, 0.9994350671768188, 0.00410511763766408, -0.03335675969719887, -0.00378968077711761, 0.9999475479125977, 0.009514186531305313], "children": [{"id": 11, "label": "arm_near_vertical_bar", "box": [0.3812806010246277, 0.06402859836816788, 0.4708271920681, 0.05435435101389885, 0.06973550468683243, 0.2763737440109253, 0.9992691278457642, -4.134046321269125e-05, -0.03822637349367142, 0.03821253031492233, -0.025851376354694366, 0.9989351630210876]}, {"id": 12, "label": "arm_horizontal_bar", "box": [0.3695972263813019, 0.20806077122688293, 0.13727319240570068, 0.054328832775354385, 0.060717809945344925, 0.7305771112442017, 0.9993857145309448, 0.004118687938898802, -0.0348026417195797, -0.00378968077711761, 0.9999475479125977, 0.009514186531305313]}], "edges": [{"part_b": 0, "dist": 0.01164242673207952, "part_a": 1, "type": "ADJ"}]}, {"id": 13, "label": "chair_seat", "box": [-0.015850743278861046, -0.09888860583305359, 0.14606651663780212, 0.13297609984874725, 0.7505130171775818, 0.8468332886695862, -0.012235789559781551, -0.9999251365661621, 0.0, 0.0, 0.0, 1.0], "children": [{"id": 14, "label": "seat_surface", "box": [-0.016306504607200623, -0.09297399967908859, 0.14606651663780212, 0.12116800248622894, 0.7458009719848633, 0.7505130171775818, 0.0, -1.0, 0.0, -1.0, 0.0, 0.0], "children": [{"id": 15, "label": "seat_single_surface", "box": [-0.016306504607200623, -0.09297399967908859, 0.14606651663780212, 0.12116800248622894, 0.7458009719848633, 0.7505130171775818, 0.0, -1.0, 0.0, -1.0, 0.0, 0.0]}]}, {"id": 16, "label": "seat_support", "box": [-0.016307994723320007, -0.1333954930305481, 0.15076600015163422, 0.04032500088214874, 0.6557979583740234, 0.7453199625015259, -1.2246468525851679e-16, -1.0, 0.0, 0.0, 0.0, 1.0]}, {"id": 17, "label": "seat_frame", "box": [-0.018139759078621864, -0.11865919828414917, 0.15006068348884583, 0.10137170553207397, 0.6060576438903809, 0.8463850617408752, -0.0014549463521689177, -0.9999986886978149, -0.0007122782990336418, 0.0074184550903737545, -0.0007230528863146901, 0.9999722242355347], "children": [{"id": 18, "label": "seat_frame_bar", "box": [0.3700045347213745, -0.12079235166311264, 0.1467677354812622, 0.054416969418525696, 0.10147268325090408, 0.6061632633209229, 0.9993825554847717, 0.004214562941342592, -0.034882258623838425, 0.004376811441034079, -0.9999799728393555, 0.004576271865516901]}, {"id": 19, "label": "seat_frame_bar", "box": [-0.40249955654144287, -0.11318181455135345, 0.14414677023887634, 0.05470111221075058, 0.09136040508747101, 0.5869508981704712, -0.9994152784347534, 0.0017364780651405454, -0.034147366881370544, 0.0015497046988457441, 0.9999837279319763, 0.005495332181453705]}], "edges": [{"params": [-0.01642468571662903, -0.11816510558128357, 0.14761748909950256, 0.9999479651451111, -0.0013087776023894548, 0.010116572491824627], "part_b": 0, "dist": 0.019050062626153465, "part_a": 1, "type": "REF_SYM"}, {"params": [0.7729365825653076, -0.0010116547346115112, 0.007819876074790955], "part_b": 0, "dist": 0.030487435711393583, "part_a": 1, "type": "TRANS_SYM"}, {"params": [0.20127888023853302, 4.183103561401367, -9.248921394348145, -0.006332880351692438, 0.9434182047843933, 0.33154481649398804, 0.07505184412002563], "part_b": 0, "dist": 0.01692827172123349, "part_a": 1, "type": "ROT_SYM"}]}], "edges": [{"part_b": 0, "dist": 0.010750233894602439, "part_a": 1, "type": "ADJ"}, {"part_b": 0, "dist": 0.0031118624117104105, "part_a": 2, "type": "ADJ"}, {"part_b": 1, "dist": 0.003431121779529587, "part_a": 2, "type": "ADJ"}]}, {"id": 20, "label": "chair_base", "box": [-0.016308551654219627, -0.4015365242958069, 0.06376948207616806, 0.7463229894638062, 0.8500339984893799, 0.8774679899215698, -6.123234262925839e-17, -1.0, -6.123234262925839e-17, -1.0, 6.123226321991959e-17, 1.3069727629044792e-06], "children": [{"id": 21, "label": "regular_leg_base",