{"id": 0, "label": "chair", "box": [0.0006187082617543638, 0.18385165929794312, 0.02157273143529892, 0.6944851279258728, 0.8427221179008484, 1.4944849014282227, 0.9998644590377808, -0.0023091633338481188, -0.01630023680627346, 0.0164532121270895, 0.10604678094387054, 0.994225025177002], "children": [{"id": 1, "label": "chair_back", "box": [0.0007800281164236367, 0.4991872012615204, -0.3908674716949463, 0.0784662514925003, 0.6929489970207214, 0.7887331247329712, 0.014377254992723465, 0.19250744581222534, 0.9811902046203613, -0.9997683167457581, 0.01849004626274109, 0.011021769605576992], "children": [{"id": 2, "label": "back_surface", "box": [0.0007800281164236367, 0.4991872012615204, -0.3908674716949463, 0.0784662514925003, 0.6929489970207214, 0.7887331247329712, 0.014377254992723465, 0.19250744581222534, 0.9811902046203613, -0.9997683167457581, 0.01849004626274109, 0.011021769605576992], "children": [{"id": 3, "label": "back_single_surface", "box": [0.0007800281164236367, 0.4991872012615204, -0.3908674716949463, 0.0784662514925003, 0.6929489970207214, 0.7887331247329712, 0.014377254992723465, 0.19250744581222534, 0.9811902046203613, -0.9997683167457581, 0.01849004626274109, 0.011021769605576992]}]}]}, {"id": 4, "label": "chair_seat", "box": [0.00078741175821051, 0.12133073061704636, 0.07503582537174225, 0.06617897748947144, 0.6871400475502014, 0.7526376247406006, -7.025798254289839e-08, 0.9991052150726318, 0.04229351133108139, 0.9999744892120361, -0.00030186260119080544, 0.007132601924240589], "children": [{"id": 5, "label": "seat_surface", "box": [0.00078741175821051, 0.12133073061704636, 0.07503582537174225, 0.06617897748947144, 0.6871400475502014, 0.7526376247406006, -7.025798254289839e-08, 0.9991052150726318, 0.04229351133108139, 0.9999744892120361, -0.00030186260119080544, 0.007132601924240589], "children": [{"id": 6, "label": "seat_single_surface", "box": [0.00078741175821051, 0.12133073061704636, 0.07503582537174225, 0.06617897748947144, 0.6871400475502014, 0.7526376247406006, -7.025798254289839e-08, 0.9991052150726318, 0.04229351133108139, 0.9999744892120361, -0.00030186260119080544, 0.007132601924240589]}]}]}, {"id": 7, "label": "chair_base", "box": [0.0007877948228269815, -0.35992491245269775, 0.18568256497383118, 0.43894267082214355, 0.6821339726448059, 0.9902337193489075, -4.3994175939587876e-05, -0.7567558884620667, 0.6536975502967834, 1.0, -1.303410954278661e-05, 5.2211507863830775e-05]}], "edges": [{"part_b": 0, "part_a": 1, "dist": 0.013883672654293463, "type": "ADJ"}, {"part_b": 1, "part_a": 2, "dist": 0.008648244252579604, "type": "ADJ"}]}