{"id": 0, "label": "chair", "box": [0.014586986042559147, 0.1763412207365036, 0.02624116651713848, 0.7515246272087097, 1.4704736471176147, 0.873045027256012, 0.999997079372406, -0.0017703559715300798, -0.001644598669372499, 0.0017298978054895997, 0.999703586101532, -0.024284647777676582], "children": [{"id": 1, "label": "chair_back", "box": [-0.00396457826718688, 0.49396681785583496, -0.29674383997917175, 0.7659697532653809, 0.7529640793800354, 0.11897801607847214, 0.9999926090240479, 0.0017437987262383103, 0.003427141113206744, -0.0011814575409516692, 0.9874834418296814, -0.1577184498310089], "children": [{"id": 2, "label": "back_surface", "box": [-0.01321202702820301, 0.4958599805831909, -0.3071615695953369, 0.7820000052452087, 0.8299117088317871, 0.1330106109380722, 0.9999604225158691, 0.0029937506187707186, 0.008376438170671463, -0.0019252807833254337, 0.9921835660934448, -0.12477205693721771], "children": [{"id": 3, "label": "back_single_surface", "box": [0.008615358732640743, 0.4948480725288391, -0.3016098737716675, 0.8069872260093689, 0.7985776662826538, 0.13284534215927124, 0.9999881982803345, 0.002149576088413596, 0.004360024817287922, -0.001678928267210722, 0.9944482445716858, -0.10521353781223297]}]}]}, {"id": 4, "label": "chair_seat", "box": [0.0013502734946087003, 0.14420735836029053, 0.08082010596990585, 0.779843270778656, 0.11734196543693542, 0.753861665725708, 0.999993622303009, -0.0033459642436355352, 0.0012393457582220435, 0.0033180166501551867, 0.9997545480728149, 0.021904511377215385], "children": [{"id": 5, "label": "seat_surface", "box": [-0.013282728381454945, 0.16674403846263885, 0.08612435311079025, 0.7713093757629395, 0.1177443116903305, 0.7488730549812317, 0.9999603629112244, -0.0010364563204348087, 0.00884260144084692, 0.0008012184989638627, 0.999646782875061, 0.02656497433781624], "children": [{"id": 6, "label": "seat_single_surface", "box": [-0.0018267034320160747, 0.13930320739746094, 0.10589633882045746, 0.7396996021270752, 0.14181651175022125, 0.6981284618377686, 0.9999666213989258, 0.003501294646412134, 0.007382814306765795, -0.0036746279802173376, 0.9997148513793945, 0.023596538230776787]}]}]}, {"id": 7, "label": "chair_base", "box": [-0.011914278380572796, -0.3507291078567505, 0.13601970672607422, 0.7911732196807861, 0.5264173746109009, 0.9662312269210815, 0.999868631362915, 0.014910315163433552, -0.0063625811599195, -0.015811653807759285, 0.810387909412384, -0.5856803059577942]}], "edges": [{"part_a": 0, "part_b": 1, "type": "ADJ"}, {"part_a": 1, "part_b": 0, "type": "ADJ"}, {"part_a": 1, "part_b": 2, "type": "ADJ"}, {"part_a": 2, "part_b": 1, "type": "ADJ"}]}