{"id": 0, "label": "chair", "box": [0.007698853500187397, -0.1405034214258194, 0.024794286116957664, 0.9895655512809753, 0.9943380951881409, 1.2816921472549438, 0.9999321699142456, 1.622550917090848e-05, -0.011646504513919353, 0.011646515689790249, -0.0013930697459727526, 0.9999312162399292], "children": [{"id": 1, "label": "chair_back", "box": [0.022810008376836777, 0.02904566563665867, -0.14019231498241425, 0.479626327753067, 0.8694839477539062, 1.0529074668884277, -0.023831643164157867, -0.8368377089500427, -0.5469321012496948, -0.9997156262397766, 0.020400622859597206, 0.012346792034804821], "children": [{"id": 2, "label": "back_surface", "box": [0.022810008376836777, 0.02904566563665867, -0.14019231498241425, 0.479626327753067, 0.8694839477539062, 1.0529074668884277, -0.023831643164157867, -0.8368377089500427, -0.5469321012496948, -0.9997156262397766, 0.020400622859597206, 0.012346792034804821], "children": [{"id": 3, "label": "back_single_surface", "box": [0.022810008376836777, 0.02904566563665867, -0.14019231498241425, 0.479626327753067, 0.8694839477539062, 1.0529074668884277, -0.023831643164157867, -0.8368377089500427, -0.5469321012496948, -0.9997156262397766, 0.020400622859597206, 0.012346792034804821]}]}]}, {"id": 4, "label": "chair_arm", "box": [0.4224948287010193, 0.06813599914312363, 0.0935097485780716, 0.1225612461566925, 0.42582520842552185, 0.7619160413742065, 0.9457290172576904, -0.2959446609020233, -0.13421384990215302, -0.3011415898799896, -0.9533746838569641, -0.019761033356189728], "children": [{"id": 5, "label": "arm_sofa_style", "box": [0.4224948287010193, 0.06813599914312363, 0.0935097485780716, 0.1225612461566925, 0.42582520842552185, 0.7619160413742065, 0.9457290172576904, -0.2959446609020233, -0.13421384990215302, -0.3011415898799896, -0.9533746838569641, -0.019761033356189728]}]}, {"id": 6, "label": "chair_arm", "box": [-0.3978191614151001, 0.059054918587207794, 0.07968615740537643, 0.11779046803712845, 0.44429120421409607, 0.7922499775886536, -0.9529705047607422, -0.26941853761672974, -0.1387834995985031, -0.2754373848438263, 0.9609729051589966, 0.02579411119222641], "children": [{"id": 7, "label": "arm_sofa_style", "box": [-0.3978191614151001, 0.059054918587207794, 0.07968615740537643, 0.11779046803712845, 0.44429120421409607, 0.7922499775886536, -0.9529705047607422, -0.26941853761672974, -0.1387834995985031, -0.2754373848438263, 0.9609729051589966, 0.02579411119222641]}]}, {"id": 8, "label": "chair_seat", "box": [0.02730422094464302, -0.09213832020759583, 0.1327606588602066, 0.15424486994743347, 0.7788001894950867, 0.7989622354507446, 0.004331181291490793, 0.9998128414154053, -0.018856728449463844, -0.028546253219246864, 0.018972838297486305, 0.9994124174118042], "children": [{"id": 9, "label": "seat_surface", "box": [0.005335025954991579, -0.06334346532821655, 0.15588310360908508, 0.07001329213380814, 0.7086095213890076, 0.7088039517402649, -0.005241674836724997, -0.9999862313270569, 7.171773177105933e-05, -0.9998926520347595, 0.005242165178060532, 0.013680748641490936], "children": [{"id": 10, "label": "seat_single_surface", "box": [0.005335025954991579, -0.06334346532821655, 0.15588310360908508, 0.07001329213380814, 0.7086095213890076, 0.7088039517402649, -0.005241674836724997, -0.9999862313270569, 7.171773177105933e-05, -0.9998926520347595, 0.005242165178060532, 0.013680748641490936]}]}, {"id": 11, "label": "seat_support", "box": [0.02341471053659916, -0.10313396155834198, 0.13327884674072266, 0.14624209702014923, 0.7777227163314819, 0.8003977537155151, 0.03742922097444534, 0.9992955923080444, -0.002715026494115591, 0.019025536254048347, -0.003429045435041189, -0.9998131394386292]}], "edges": [{"part_a": 1, "type": "ADJ", "part_b": 0, "dist": 0.003252406621856188}]}, {"id": 12, "label": "chair_base", "box": [0.011246994137763977, -0.41675838828086853, 0.062085505574941635, 0.7292866706848145, 0.872910737991333, 0.9034839868545532, -6.123228307225429e-17, -0.9999990463256836, -0.001393164275214076, 6.131764811146976e-17, 0.001393164275214076, -0.9999990463256836], "children": [{"id": 13, "label": "regular_leg_base", "box": [0.011246994137763977, -0.41675838828086853, 0.062085505574941635, 0.7292866706848145, 0.872910737991333, 0.9034839868545532, -6.123228307225429e-17, -0.9999990463256836, -0.001393164275214076, 6.131764811146976e-17, 0.001393164275214076, -0.9999990463256836], "children": [{"id": 14, "label": "leg", "box": [-0.3273038864135742, -0.41750195622444153, -0.2690478265285492, 0.08653175830841064, 0.12671908736228943, 0.7205377221107483, 0.9267960786819458, 0.0077750300988554955, -0.37548449635505676, 0.37132227420806885, -0.1688249707221985, 0.913026750087738]}, {"id": 15, "label": "leg", "box": [0.3778688609600067, -0.4410538077354431, -0.29117369651794434, 0.06855660676956177, 0.0709301233291626, 0.6646665930747986, -0.4064789116382599, 0.11839713156223297, -0.9059563875198364, -0.9099878668785095, -0.14127559959888458, 0.3898247480392456]}, {"id": 16, "label": "leg", "box": [0.4069204330444336, -0.4368615448474884, 0.43071407079696655, 0.07039548456668854, 0.08676771819591522, 0.6686495542526245, 0.9921248555183411, 0.0593646802008152, -0.11029121279716492, 0.10539385676383972, 0.08012348413467407, 0.9911974668502808]}, {"id": 17, "label": "leg", "box": [-0.3922789692878723, -0.4436408579349518, 0.4574478566646576, 0.07162851095199585, 0.09848538041114807, 0.6480126976966858, 0.964583694934845, -0.13158147037029266, -0.22861450910568237, 0.24417610466480255, 0.1175612360239029, 0.962578535079956]}, {"id": 18, "label": "foot", "box": [-0.37993282079696655, -0.7566741704940796, -0.351759135723114, 0.04325861111283302, 0.043278008699417114, 0.04832426831126213, -0.9842488765716553, 0.09292996674776077, -0.15039344131946564, -0.16271382570266724, -0.14355678856372833, 0.976173996925354]}, {"id": 19, "label": "foot", "box": [0.40239417552948, -0.7566754221916199, -0.3517591953277588, 0.04325750470161438, 0.043278876692056656, 0.048321325331926346, 0.984231173992157, 0.09269671887159348, -0.1506529003381729, 0.16293680667877197, -0.1435907781124115, 0.976131796836853]}, {"id": 20, "label": "foot", "box": [0.4395313858985901, -0.7578770518302917, 0.4752079248428345, 0.0432576946914196, 0.04327884316444397, 0.048321209847927094, 0.4788082242012024, -0.058763254433870316, -0.8759506344795227, -0.8751714825630188, -0.11083124577999115, -0.4709472060203552]}, {"id": 21, "label": "foot", "box": [-0.41707342863082886, -0.7578770518302917, 0.47520795464515686, 0.0432576946914196, 0.04327886179089546, 0.04832121357321739, -0.4788082242012024, -0.058763254433870316, -0.8759506344795227, 0.8751718997955322, -0.11082590371370316, -0.4709477722644806]}], "edges": [{"part_a": 4, "type": "ADJ", "part_b": 0, "dist": 0.002991341138641016}, {"part_a": 5, "type": "ADJ", "part_b": 1, "dist": 0.0026700941569690684}, {"part_a": 6, "type": "ADJ", "part_b": 2, "dist": 0.004855865279480772}, {"part_a": 7, "type": "ADJ", "part_b": 3, "dist": 0.0027234979790120893}, {"part_a": 6, "type": "REF_SYM", "params": [0.4208829402923584, -0.7569049596786499, 0.06166844069957733, -0.0448324978351593, 0.0011748360702767968, -0.9989938139915466], "part_b": 5, "dist": 0.04683478758464215}, {"part_a": 7, "type": "REF_SYM", "params": [0.01143375039100647, -0.7574552297592163, 0.47510701417922974, 1.0, 0.00014963775174692273, -9.243560634786263e-05], "part_b": 6, "dist": 0.04454344334938939}, {"part_a": 1, "type": "REF_SYM", "params": [0.013481184840202332, -0.42917749285697937, -0.29818448424339294, -0.9987744688987732, 0.048279065638780594, 0.010892258025705814], "part_b": 0, "dist": 0.034888524389891554}, {"part_a": 1, "type": "TRANS_SYM", "params": [-0.7327263355255127, 0.03541874885559082, 0.007990837097167969], "part_b": 0, "dist": 0.04925134044035013}, {"part_a": 1, "type": "ROT_SYM", "params": [0.007873455062508583, -0.3530833125114441, -0.540726900100708, 0.055777329951524734, -0.9655079245567322, -0.2543290853500366, 1.925279140472412],