{"id": 0, "label": "chair", "box": [-0.010942491702735424, -0.05685314163565636, 0.0784808099269867, 0.7998738288879395, 1.6208066940307617, 0.7527348399162292, 0.9999845027923584, -0.0052709272131323814, -0.0017968296306207776, 0.005189972929656506, 0.9990864396095276, -0.04241892322897911], "children": [{"id": 1, "label": "chair_back", "box": [0.007724422961473465, 0.28282541036605835, -0.25661399960517883, 0.6776548624038696, 0.9778925776481628, 0.10886794328689575, 0.9999675154685974, 0.001717055682092905, -0.007873951457440853, -0.0022299198899418116, 0.997843861579895, -0.06559526175260544], "children": [{"id": 0, "label": "back_surface", "box": [-0.007200032938271761, 0.3750111758708954, -0.2233247011899948, 0.7050345540046692, 0.7358224391937256, 0.12681569159030914, 0.9999668002128601, 0.003975044470280409, -0.0071116238832473755, -0.0043820603750646114, 0.9982974529266357, -0.05816366523504257], "children": [{"id": 0, "label": "back_single_surface", "box": [-0.0032125657889992, 0.39478355646133423, -0.23341330885887146, 0.6826675534248352, 0.73880934715271, 0.11729367077350616, 0.9999762773513794, 0.006399556528776884, -0.002545058261603117, -0.00654420955106616, 0.9980790615081787, -0.061606019735336304]}]}, {"id": 7, "label": "back_connector", "box": [-0.24019856750965118, -0.020745152607560158, -0.2480243593454361, 0.08680147677659988, 0.34321215748786926, 0.0750141590833664, 0.997650146484375, -0.06459783017635345, 0.02283191680908203, 0.06462030112743378, 0.9979099035263062, -0.00024707583361305296]}, {"id": 2, "label": "back_surface", "box": [-0.005190828815102577, 0.4069879353046417, -0.24774879217147827, 0.5865492224693298, 0.6954353451728821, 0.05913447216153145, 0.9999236464500427, 0.0030530146323144436, -0.011976959183812141, -0.0036907305475324392, 0.9985562562942505, -0.053589724004268646], "children": [{"id": 3, "label": "back_single_surface", "box": [-0.009120393544435501, 0.40400832891464233, -0.258351594209671, 0.575874924659729, 0.6983325481414795, 0.08132388442754745, 0.9999790787696838, 0.0019026194931939244, 0.00618015369400382, -0.001693814410828054, 0.9994333386421204, -0.033617667853832245]}]}, {"id": 6, "label": "back_connector", "box": [0.2680286765098572, -0.053089894354343414, -0.24409852921962738, 0.10903953015804291, 0.37241142988204956, 0.09757319837808609, 0.9962890148162842, 0.03312103822827339, 0.07944341748952866, -0.03682723641395569, 0.9982784390449524, 0.04564952477812767]}], "edges": [{"part_a": 0, "part_b": 1, "type": "ADJ"}, {"part_a": 0, "part_b": 2, "type": "ADJ"}, {"part_a": 0, "part_b": 3, "type": "ADJ"}, {"part_a": 1, "part_b": 0, "type": "ADJ"}, {"part_a": 1, "part_b": 3, "type": "ROT_SYM"}, {"part_a": 1, "part_b": 3, "type": "TRANS_SYM"}, {"part_a": 1, "part_b": 3, "type": "REF_SYM"}, {"part_a": 2, "part_b": 0, "type": "ADJ"}, {"part_a": 3, "part_b": 0, "type": "ADJ"}, {"part_a": 3, "part_b": 1, "type": "ROT_SYM"}, {"part_a": 3, "part_b": 1, "type": "TRANS_SYM"}, {"part_a": 3, "part_b": 1, "type": "REF_SYM"}]}, {"id": 8, "label": "chair_arm", "box": [0.36828377842903137, 0.07094793766736984, 0.1113765612244606, 0.08931772410869598, 0.3688172698020935, 0.6852360963821411, 0.9945635795593262, -0.07723928242921829, -0.06983798742294312, 0.08250916749238968, 0.9936867952346802, 0.07601818442344666], "children": [{"id": 11, "label": "arm_horizontal_bar", "box": [0.3710383176803589, 0.1945071667432785, 0.0665028989315033, 0.09585582464933395, 0.15069247782230377, 0.5482398867607117, 0.9984109401702881, -0.004541486967355013, -0.05616910755634308, 0.006689838133752346, 0.9992508292198181, 0.038119226694107056]}, {"id": 9, "label": "arm_horizontal_bar", "box": [0.3219943940639496, 0.2653399705886841, 0.0822061076760292, 0.07218923419713974, 0.08764862269163132, 0.34616145491600037, 0.9945085644721985, -0.0012281377566978335, -0.1046484038233757, 0.004145730286836624, 0.99960857629776, 0.027667002752423286]}]}, {"id": 12, "label": "chair_arm", "box": [-0.39202597737312317, 0.12136048823595047, 0.1273542046546936, 0.07991263270378113, 0.3556082248687744, 0.6060519218444824, 0.9973791241645813, 0.038041457533836365, 0.06154538691043854, -0.05213530361652374, 0.9676730632781982, 0.24676048755645752], "children": [{"id": 13, "label": "arm_near_vertical_bar", "box": [-0.37003588676452637, 0.04787282273173332, 0.2929188907146454, 0.11705783754587173, 0.3464989960193634, 0.16422274708747864, 0.9987136125564575, 0.0475500226020813, -0.01761191338300705, -0.05021493881940842, 0.9757140278816223, -0.21321502327919006]}, {"id": 15, "label": "arm_horizontal_bar", "box": [-0.3826119899749756, 0.26628822088241577, 0.0796266570687294, 0.10548874735832214, 0.13530783355236053, 0.5737935304641724, 0.9991376996040344, -0.004730656277388334, 0.04124908521771431, 0.004234595224261284, 0.9999178051948547, 0.012105093337595463]}], "edges": [{"part_a": 0, "part_b": 1, "type": "ADJ"}, {"part_a": 1, "part_b": 0, "type": "ADJ"}]}, {"id": 16, "label": "chair_seat", "box": [0.0003847833431791514, -0.12535466253757477, 0.09089047461748123, 0.779653012752533, 0.20558232069015503, 0.719256579875946, 0.9999831318855286, 0.004637407138943672, -0.003493932308629155, -0.004564114846289158, 0.9997752904891968, 0.020700830966234207], "children": [{"id": 19, "label": "seat_support", "box": [0.0019009648822247982, -0.18143512308597565, 0.09863022714853287, 0.777016818523407, 0.09649914503097534, 0.7321605682373047, 0.9999882578849792, 0.0033189968671649694, 0.003543374827131629, -0.003318037837743759, 0.9999944567680359, -0.00027641718043014407]}, {"id": 17, "label": "seat_surface", "box": [-0.003643561853095889, -0.08422911912202835, 0.0978742390871048, 0.7309218645095825, 0.07513955980539322, 0.744210422039032, 0.9999722838401794, 0.006756893824785948, 0.003130408236756921, -0.006784535013139248, 0.9999373555183411, 0.008904959075152874], "children": [{"id": 18, "label": "seat_single_surface", "box": [0.0013329490320757031, -0.10880718380212784, 0.10487313568592072, 0.6835530400276184, 0.08401575684547424, 0.6840038299560547, 0.9999975562095642, -0.0021629459224641323, -0.0005146750481799245, 0.0021621319465339184, 0.9999964237213135, -0.0015769029268994927]}]}], "edges": [{"part_a": 0, "part_b": 1, "type": "ADJ"}, {"part_a": 1, "part_b": 0, "type": "ADJ"}]}, {"id": 20, "label": "chair_base", "box": [-0.0017849430441856384, -0.5053112506866455, 0.09441714733839035, 0.7441216111183167, 0.6271965503692627, 0.7509973645210266, 0.9999808073043823, -0.005705419462174177, 0.0024233583826571703, 0.005700863432139158, 0.9999819993972778, 0.0018827696330845356], "children": [{"id": 21, "label": "regular_leg_base", "box": [-0.0004768762446474284, -0.4983038902282715, 0.10963239520788193, 0.7275685667991638, 0.6769492626190186, 0.740600049495697, 0.9999870657920837, -0.000775399967096746, 0.005031238310039043, 0.0007871512207202613, 0.9999969601631165, -0.0023340992629528046], "children": [{"id": 22, "label": "leg", "box": [-0.304178923368454, -0.5048004984855652, -0.21688710153102875, 0.08705859631299973, 0.6773762106895447, 0.07729993760585785, 0.9987798929214478, -0.011839669197797775, -0.04794371873140335, 0.01412134151905775, 0.9987697601318359, 0.04753507673740387]}, {"id": 25, "label": "leg", "box": [-0.32666608691215515, -0.5028908252716064, 0.42933884263038635, 0.09012041240930557, 0.6780288219451904, 0.09095821529626846, 0.9997564554214478, -0.007189463824033737, 0.020865369588136673, 0.007175837177783251, 0.9999740123748779, 0.0007278877310454845]}, {"id": 23, "label": "leg", "box": [0.2795037627220154, -0.5052204132080078, -0.20646041631698608, 0.0835178792476654, 0.6620065569877625, 0.08221784234046936, 0.9975168704986572, 0.006629547104239464, 0.07011527568101883, -0.009472046047449112, 0.9991433024406433, 0.04028591513633728]}, {"id": 24, "label": "leg",