{"id": 0, "label": "chair", "box": [-0.007976004853844643, 0.17477469146251678, 0.11277254670858383, 0.9779449105262756, 1.416422724723816, 1.042838454246521, 1.0, -0.00014449226728174835, -3.0963292374508455e-05, 0.00014486639702226967, 0.9999225735664368, 0.012444491498172283], "children": [{"id": 1, "label": "chair_back", "box": [-0.004757971968501806, 0.4366304576396942, -0.25307026505470276, 1.0038241147994995, 0.9222896695137024, 0.2649349570274353, 0.9999792575836182, -0.0009795555379241705, -0.006371100898832083, 0.0006745042046532035, 0.9988611340522766, -0.047707561403512955], "children": [{"id": 2, "label": "back_surface", "box": [-0.01584099419414997, 0.42543986439704895, -0.2445610910654068, 1.0037815570831299, 0.8932381272315979, 0.2722862958908081, 0.9999971389770508, 0.0019310313509777188, 0.0014037343207746744, -0.0019014783902093768, 0.9997827410697937, -0.02075800858438015], "children": [{"id": 3, "label": "back_single_surface", "box": [-0.0055315843783319, 0.4389232099056244, -0.2371603399515152, 0.9843443036079407, 0.8693268895149231, 0.25722265243530273, 0.9999960660934448, 0.0024427950847893953, -0.0013719637645408511, -0.0024861034471541643, 0.9994684457778931, -0.032506074756383896]}]}]}, {"id": 4, "label": "chair_seat", "box": [0.028156915679574013, -0.07099483907222748, 0.12083593755960464, 0.9281131625175476, 0.3636065721511841, 0.9544230103492737, 0.9999485015869141, -0.0022354426328092813, -0.009901322424411774, 0.002546621486544609, 0.9994996786117554, 0.03152770549058914], "children": [{"id": 5, "label": "seat_surface", "box": [-0.00494066346436739, -0.09318583458662033, 0.1262487769126892, 0.9846822023391724, 0.35295355319976807, 0.9450110793113708, 0.9999729990959167, 0.0034523748327046633, -0.006492878310382366, -0.003354918211698532, 0.9998824596405029, 0.01496120449155569], "children": [{"id": 6, "label": "seat_single_surface", "box": [-0.000849319389089942, -0.08984146267175674, 0.13317228853702545, 0.9255939722061157, 0.3763737678527832, 0.8955330848693848, 0.999721884727478, 0.0012457392876967788, -0.023552050814032555, -0.0010279573034495115, 0.9999566674232483, 0.009256687946617603]}]}]}, {"id": 7, "label": "chair_base", "box": [0.01144145056605339, -0.39272645115852356, 0.13057324290275574, 0.8414506316184998, 0.36721137166023254, 0.9557626247406006, 0.999882698059082, -0.0017309891991317272, -0.015217898413538933, 0.001092044054530561, 0.9991214275360107, -0.041894908994436264]}], "edges": [{"part_a": 0, "part_b": 1, "type": "ADJ"}, {"part_a": 1, "part_b": 0, "type": "ADJ"}, {"part_a": 1, "part_b": 2, "type": "ADJ"}, {"part_a": 2, "part_b": 1, "type": "ADJ"}]}