{"id": 0, "label": "chair", "box": [-0.005741506814956665, 0.011663511395454407, -0.08496250212192535, 0.9550570249557495, 1.005149006843567, 1.7698190212249756, -1.2246468525851679e-16, -1.0, 0.0, 0.0, 0.0, 1.0], "children": [{"id": 1, "label": "chair_back", "box": [0.04831376671791077, 0.2953220009803772, -0.08566389977931976, 0.3984827995300293, 1.0001059770584106, 1.5410391092300415, -0.003292499575763941, 0.9999458193778992, -0.009876428171992302, 0.0012718569487333298, -0.009872285649180412, -0.9999504685401917], "children": [{"id": 2, "label": "back_surface", "box": [0.04831376671791077, 0.2953220009803772, -0.08566389977931976, 0.3984827995300293, 1.0001059770584106, 1.5410391092300415, -0.003292499575763941, 0.9999458193778992, -0.009876428171992302, 0.0012718569487333298, -0.009872285649180412, -0.9999504685401917], "children": [{"id": 3, "label": "back_single_surface", "box": [0.04831376671791077, 0.2953220009803772, -0.08566389977931976, 0.3984827995300293, 1.0001059770584106, 1.5410391092300415, -0.003292499575763941, 0.9999458193778992, -0.009876428171992302, 0.0012718569487333298, -0.009872285649180412, -0.9999504685401917]}]}]}, {"id": 4, "label": "chair_arm", "box": [0.7077177166938782, 0.3047478199005127, 0.03600451722741127, 0.33305463194847107, 0.3776216506958008, 0.7527384757995605, 0.9979055523872375, -0.02945079654455185, -0.05759492889046669, 0.029471388086676598, 0.9995654821395874, -0.0004920365172438323], "children": [{"id": 5, "label": "arm_sofa_style", "box": [0.7077177166938782, 0.3047478199005127, 0.03600451722741127, 0.33305463194847107, 0.3776216506958008, 0.7527384757995605, 0.9979055523872375, -0.02945079654455185, -0.05759492889046669, 0.029471388086676598, 0.9995654821395874, -0.0004920365172438323]}]}, {"id": 6, "label": "chair_arm", "box": [-0.730703592300415, 0.2983938455581665, 0.05326922982931137, 0.29356417059898376, 0.41070887446403503, 0.7499228715896606, 0.994337260723114, 0.07365843653678894, -0.07660220563411713, -0.0768069252371788, 0.9962829947471619, -0.03899804875254631], "children": [{"id": 7, "label": "arm_sofa_style", "box": [-0.730703592300415, 0.2983938455581665, 0.05326922982931137, 0.29356417059898376, 0.41070887446403503, 0.7499228715896606, 0.994337260723114, 0.07365843653678894, -0.07660220563411713, -0.0768069252371788, 0.9962829947471619, -0.03899804875254631]}]}, {"id": 8, "label": "chair_seat", "box": [-0.0025752473156899214, 0.00865965150296688, -0.04405851289629936, 0.30484843254089355, 0.9243050813674927, 1.7041341066360474, -0.010198178701102734, 0.9999227523803711, -0.00710152555257082, -0.0006558109307661653, -0.007108581718057394, -0.9999744892120361], "children": [{"id": 9, "label": "seat_surface", "box": [-0.0025752473156899214, 0.00865965150296688, -0.04405851289629936, 0.30484843254089355, 0.9243050813674927, 1.7041341066360474, -0.010198178701102734, 0.9999227523803711, -0.00710152555257082, -0.0006558109307661653, -0.007108581718057394, -0.9999744892120361], "children": [{"id": 10, "label": "seat_single_surface", "box": [-0.0025752473156899214, 0.00865965150296688, -0.04405851289629936, 0.30484843254089355, 0.9243050813674927, 1.7041341066360474, -0.010198178701102734, 0.9999227523803711, -0.00710152555257082, -0.0006558109307661653, -0.007108581718057394, -0.9999744892120361]}]}]}, {"id": 11, "label": "chair_base", "box": [-0.0057395100593566895, -0.29809999465942383, 0.08319750428199768, 0.33552998304367065, 0.6678590178489685, 1.331799030303955, 0.0, 1.0, 0.0, 0.0, 0.0, 1.0]}], "edges": [{"part_a": 1, "part_b": 0, "type": "ADJ", "dist": 0.009456880084088978}, {"part_a": 2, "part_b": 0, "type": "ADJ", "dist": 0.009522057228807489}, {"part_a": 3, "part_b": 0, "type": "ADJ", "dist": 0.007969989722533016}, {"part_a": 3, "part_b": 1, "type": "ADJ", "dist": 0.015823949967789606}, {"part_a": 3, "part_b": 2, "type": "ADJ", "dist": 0.008347214157328593}, {"part_a": 4, "part_b": 3, "type": "ADJ", "dist": 0.006760086333951057}, {"part_a": 2, "params": [-0.010130763053894043, 0.339547336101532, 0.08337414264678955, 0.999974250793457, 0.0069519286043941975, -0.0017720432952046394], "part_b": 1, "type": "REF_SYM", "dist": 0.03326386536081152}]}