{"id": 0, "label": "chair", "box": [-0.004743409808725119, -0.07242297381162643, 0.11013460159301758, 0.6959158778190613, 0.7371622323989868, 1.5889297723770142, 0.9999998211860657, -0.000604506116360426, -1.0187166665787117e-09, -4.465268830244895e-06, -0.007388323545455933, 0.9999727010726929], "children": [{"id": 1, "label": "chair_back", "box": [-0.004506313242018223, 0.3622654378414154, -0.21602006256580353, 0.05555138736963272, 0.6954728960990906, 0.7242711186408997, 0.00014440242375712842, -0.002410376211628318, -0.999997079372406, 1.0, -1.2442615116015077e-05, 0.00014443282270804048], "children": [{"id": 2, "label": "back_surface", "box": [-0.004506313242018223, 0.3622654378414154, -0.21602006256580353, 0.05555138736963272, 0.6954728960990906, 0.7242711186408997, 0.00014440242375712842, -0.002410376211628318, -0.999997079372406, 1.0, -1.2442615116015077e-05, 0.00014443282270804048], "children": [{"id": 3, "label": "back_single_surface", "box": [-0.004506313242018223, 0.3622654378414154, -0.21602006256580353, 0.05555138736963272, 0.6954728960990906, 0.7242711186408997, 0.00014440242375712842, -0.002410376211628318, -0.999997079372406, 1.0, -1.2442615116015077e-05, 0.00014443282270804048]}]}]}, {"id": 4, "label": "chair_seat", "box": [-0.004466429818421602, -0.014701423235237598, 0.12492769211530685, 0.08344626426696777, 0.6963870525360107, 0.6989603042602539, 0.010207082144916058, -0.9999166131019592, -0.007914193905889988, -0.9999474883079529, -0.01021414902061224, 0.0008530919440090656], "children": [{"id": 5, "label": "seat_surface", "box": [-0.004695022478699684, 0.011731015518307686, 0.12526649236679077, 0.03395184129476547, 0.6959159970283508, 0.6987190246582031, 5.940262781223282e-06, -1.0, 0.0, -1.0, -5.940262781223282e-06, 0.0], "children": [{"id": 6, "label": "seat_single_surface", "box": [-0.004695022478699684, 0.011731015518307686, 0.12526649236679077, 0.03395184129476547, 0.6959159970283508, 0.6987190246582031, 5.940262781223282e-06, -1.0, 0.0, -1.0, -5.940262781223282e-06, 0.0]}]}, {"id": 7, "label": "seat_frame", "box": [-0.004663161933422089, -0.02857663668692112, 0.12381866574287415, 0.053333088755607605, 0.6687963604927063, 0.6936212182044983, 4.158413503319025e-05, -0.9999997019767761, -0.0007552025490440428, 0.0001391159457853064, -0.0007551967864856124, 0.9999997019767761], "children": [{"id": 8, "label": "seat_frame_bar", "box": [0.31901344656944275, -0.025594115257263184, 0.1236659586429596, 0.04611188918352127, 0.05283382162451744, 0.668738603591919, -0.9999243021011353, 0.012302038259804249, -8.781849464867264e-05, 0.012300272472202778, 0.9998611211776733, 0.011246202513575554]}, {"id": 9, "label": "seat_frame_bar", "box": [-0.32839900255203247, -0.02551504410803318, 0.11699853837490082, 0.04605459049344063, 0.052875109016895294, 0.6552239656448364, -0.9997721314430237, -0.02134622447192669, 0.0, -0.021344855427742004, 0.9997081160545349, 0.01131981611251831]}], "edges": [{"part_a": 1, "type": "REF_SYM", "part_b": 0, "params": [-0.004833117127418518, -0.025571204721927643, 0.1142125353217125, 0.9998934864997864, 1.6883230273379013e-05, 0.014590077102184296], "dist": 0.01637041165551219}, {"part_a": 1, "type": "TRANS_SYM", "part_b": 0, "params": [0.6480913162231445, 1.0943040251731873e-05, 0.009456709027290344], "dist": 0.012663575397516499}, {"part_a": 1, "type": "ROT_SYM", "part_b": 0, "params": [-0.004842440597712994, -0.22867056727409363, 0.11637458950281143, 0.0037370503414422274, -0.0050007193349301815, -0.9999805092811584, 2.0218687057495117], "dist": 0.013369710056215062}]}], "edges": [{"part_a": 1, "type": "ADJ", "part_b": 0, "dist": 0.0030915888356905716}]}, {"id": 10, "label": "chair_base", "box": [-0.004551555495709181, -0.603908121585846, 0.29889538884162903, 0.5658143758773804, 0.6939917206764221, 1.1071019172668457, 0.0002895157958846539, 0.6449920535087585, -0.7641892433166504, -0.9999995827674866, 0.0008263187482953072, 0.00031857730937190354], "children": [{"id": 11, "label": "regular_leg_base", "box": [-0.004551555495709181, -0.603908121585846, 0.29889538884162903, 0.5658143758773804, 0.6939917206764221, 1.1071019172668457, 0.0002895157958846539, 0.6449920535087585, -0.7641892433166504, -0.9999995827674866, 0.0008263187482953072, 0.00031857730937190354], "children": [{"id": 12, "label": "leg", "box": [-0.3282114565372467, -0.42127618193626404, 0.44905900955200195, 0.04591909050941467, 0.04996633529663086, 0.8357405662536621, 0.9997965097427368, -0.000487762619741261, -0.02016724832355976, 0.020168200135231018, 0.002035040408372879, 0.9997945427894592]}, {"id": 13, "label": "leg", "box": [0.3191017806529999, -0.4308549761772156, 0.44894224405288696, 0.045945893973112106, 0.04844488203525543, 0.8412340879440308, 0.9967249035835266, 0.00018700661894399673, -0.08086689561605453, 0.08086688071489334, 6.308244337560609e-05, 0.9967249035835266]}, {"id": 14, "label": "runner", "box": [0.3186853528022766, -0.8410505652427673, 0.1114751324057579, 0.052844081073999405, 0.05333526059985161, 0.7125692367553711, 0.010177969932556152, -0.9998947978019714, 0.010333755053579807, -0.9998751282691956, -0.010051735676825047, 0.012195110321044922]}, {"id": 15, "label": "runner", "box": [-0.00260542263276875, -0.8416109085083008, -0.23987330496311188, 0.04645965248346329, 0.04853194206953049, 0.6722890734672546, 0.0010698684491217136, -0.9999621510505676, -0.00863720290362835, -5.125944881001487e-06, -0.00863721314817667, 0.9999626874923706]}, {"id": 16, "label": "runner", "box": [-0.32737433910369873, -0.8412261009216309, 0.10830075293779373, 0.052772730588912964, 0.05323057994246483, 0.7233892679214478, -0.0747065320611, 0.9971454739570618, -0.010945344343781471, -0.9971460700035095, -0.0748174637556076, -0.01010213140398264]}], "edges": [{"part_a": 2, "type": "ADJ", "part_b": 1, "dist": 0.008728388197027757}, {"part_a": 3, "type": "ADJ", "part_b": 2, "dist": 0.011109269672327648}, {"part_a": 4, "type": "ADJ", "part_b": 0, "dist": 0.007732380879623198}, {"part_a": 4, "type": "ADJ", "part_b": 3, "dist": 0.006931504909115532}, {"part_a": 1, "type": "REF_SYM", "part_b": 0, "params": [-0.004988029599189758, -0.4278218448162079, 0.45125389099121094, -0.9996733665466309, 0.02555827423930168, -0.00015558666200377047], "dist": 0.020329170887716207}, {"part_a": 1, "type": "TRANS_SYM", "part_b": 0, "params": [-0.6474124193191528, 0.0165521502494812, -0.00010076165199279785], "dist": 0.010842468941446928}, {"part_a": 1, "type": "ROT_SYM", "part_b": 0, "params": [-0.017853692173957825, 0.5513470768928528, 7.068953514099121, 0.025552013888955116, 0.9996684193611145, 0.0031969775445759296, 0.0978270024061203], "dist": 0.012552608892600401}, {"part_a": 3, "type": "REF_SYM", "part_b": 2, "params": [0.16056571900844574, -0.841192901134491, -0.06801488995552063, 0.6719433069229126, -0.0003298769297543913, 0.7406025528907776], "dist": 0.032587768273886944}, {"part_a": 3, "type": "ROT_SYM", "part_b": 2, "params": [0.4826616644859314, -0.6896598935127258, -0.4119505286216736, 0.5789868235588074, 0.5675336122512817, -0.5853886008262634, 2.0504534244537354], "dist": 0.02386991481674835}, {"part_a": 4, "type": "REF_SYM", "part_b": 2, "params": [-0.004707247018814087, -0.841278076171875, 0.10931295901536942, 0.999954104423523, 2.3317199520533904e-05, -0.009578299708664417], "dist": 0.013795042914452275}, {"part_a": 4, "type": "TRANS_SYM", "part_b": 2, "params": [0.6467021703720093, 1.5079975128173828e-05, -0.006194591522216797], "dist": 0.012301249596326884}, {"part_a": 4, "type": "ROT_SYM", "part_b": 2, "params": [-0.004704377148300409, -1.047150731086731, 0.10427863895893097, -0.0008583770832046866, 0.007427827455103397, -0.9999720454216003, 2.007544755935669], "dist": 0.01284919781732536}, {"part_a": 4, "type": "REF_SYM", "part_b": 3, "params": [-0.1627853661775589, -0.8412004709243774, -0.06491759419441223, 0.6818042993545532, 0.0003512515395414084, -0.7315346002578735], "dist": 0.026953889718443064}, {"part_a": 4, "type": "ROT_SYM",