{"id": 0, "label": "chair", "box": [-0.0032355047296732664, -0.10303057730197906, 0.058125268667936325, 0.903842031955719, 0.9538285732269287, 1.472156047821045, -1.0, -1.2375831829558592e-05, -0.0001492472947575152, -0.00014975949306972325, 0.08199721574783325, 0.9966325759887695], "children": [{"id": 1, "label": "chair_back", "box": [-0.003428876865655184, 0.264809250831604, -0.29321855306625366, 0.16029146313667297, 0.7252437472343445, 0.8550188541412354, 0.0009305005078203976, 0.3055581748485565, 0.9521729350090027, 0.0011232851538807154, -0.952173113822937, 0.30555710196495056], "children": [{"id": 2, "label": "back_surface", "box": [-0.0030510693322867155, 0.26518091559410095, -0.32740864157676697, 0.16516071557998657, 0.6944950819015503, 0.7456713318824768, 6.941465471754782e-06, -0.2047433704137802, -0.9788156747817993, -0.0004416200681589544, 0.9788156151771545, -0.20474335551261902], "children": [{"id": 3, "label": "back_single_surface", "box": [-0.0030510693322867155, 0.26518091559410095, -0.32740864157676697, 0.16516071557998657, 0.6944950819015503, 0.7456713318824768, 6.941465471754782e-06, -0.2047433704137802, -0.9788156747817993, -0.0004416200681589544, 0.9788156151771545, -0.20474335551261902]}]}, {"id": 4, "label": "back_frame", "box": [-0.002949037589132786, 0.2528664767742157, -0.26916268467903137, 0.08903925865888596, 0.6854962706565857, 0.855011522769928, 0.00013317902630660683, -0.17061467468738556, -0.9853377938270569, 0.00042376521741971374, 0.9853377342224121, -0.17061461508274078], "children": [{"id": 5, "label": "back_frame_vertical_bar", "box": [0.3939356803894043, 0.2526673972606659, -0.2693053185939789, 0.05624218285083771, 0.0878298208117485, 0.685326337814331, -0.9993757009506226, 4.04759484808892e-05, 0.03532928600907326, 0.03481558710336685, 0.1710413694381714, 0.9846485257148743]}, {"id": 6, "label": "back_frame_vertical_bar", "box": [-0.4000850021839142, 0.25665947794914246, -0.27009573578834534, 0.05641767755150795, 0.08794653415679932, 0.678095281124115, -0.9994180798530579, -0.000261648470768705, -0.03410919010639191, 0.03364897891879082, -0.17144744098186493, -0.9846184849739075]}], "edges": [{"part_a": 1, "type": "REF_SYM", "dist": 0.014737348499134393, "part_b": 0, "params": [-0.0029303282499313354, 0.24913907051086426, -0.2659556269645691, 0.9999884366989136, -0.004751854110509157, 0.0006554643623530865]}, {"part_a": 1, "type": "TRANS_SYM", "dist": 0.01551464388509931, "part_b": 0, "params": [0.7942169904708862, -0.0037740468978881836, 0.0005205869674682617]}, {"part_a": 1, "type": "ROT_SYM", "dist": 0.015053895395571374, "part_b": 0, "params": [0.33675435185432434, 66.68910217285156, 6.705267429351807, 0.00022491600248031318, -0.1042306050658226, 0.9945530891418457, 0.01189049519598484]}]}], "edges": [{"part_a": 1, "type": "ADJ", "dist": 0.003588905800883002, "part_b": 0}]}, {"id": 7, "label": "chair_arm", "box": [0.40761181712150574, 0.09175436198711395, 0.1397169679403305, 0.05644124373793602, 0.33518216013908386, 0.7354432344436646, -0.9993478059768677, 0.0005577848642133176, 0.0361064188182354, 0.0005690845428034663, 0.9999998211860657, 0.00030267733382061124], "children": [{"id": 8, "label": "arm_near_vertical_bar", "box": [0.4203549027442932, 0.08677218854427338, 0.48817479610443115, 0.055989909917116165, 0.06900372356176376, 0.33439669013023376, 0.999420702457428, 0.00037450058152899146, -0.034031663089990616, -0.0338849276304245, 0.10435065627098083, -0.9939631819725037]}, {"id": 9, "label": "arm_horizontal_bar", "box": [0.4078229069709778, 0.2365046888589859, 0.13950464129447937, 0.04678010568022728, 0.056068435311317444, 0.7350499033927917, 0.0087083475664258, 0.9999596476554871, 0.0021940860897302628, -0.9992777705192566, 0.008621206507086754, 0.03700831159949303]}], "edges": [{"part_a": 1, "type": "ADJ", "dist": 0.005394528803864292, "part_b": 0}]}, {"id": 10, "label": "chair_arm", "box": [-0.4138971269130707, 0.08965548872947693, 0.13975003361701965, 0.056090448051691055, 0.33937180042266846, 0.7354266047477722, -0.9993224143981934, -7.993359758984298e-05, -0.03680695593357086, 7.786166679579765e-05, -1.0, 5.7725177612155676e-05], "children": [{"id": 11, "label": "arm_near_vertical_bar", "box": [-0.4262601137161255, 0.08841876685619354, 0.4754413962364197, 0.055996328592300415, 0.06351963430643082, 0.336887389421463, 0.999350905418396, 0.0005030725733377039, 0.03602030128240585, -0.03602025285363197, -0.00010860461770789698, 0.9993510246276855]}, {"id": 12, "label": "arm_horizontal_bar", "box": [-0.4139444828033447, 0.24162034690380096, 0.13879841566085815, 0.037967801094055176, 0.05741124972701073, 0.733534574508667, 0.0436478853225708, -0.9990469813346863, 4.8706020606914535e-05, 0.9984243512153625, 0.04362240806221962, 0.035296596586704254]}], "edges": [{"part_a": 1, "type": "ADJ", "dist": 0.007027659422367463, "part_b": 0}]}, {"id": 13, "label": "chair_seat", "box": [-0.0026172210928052664, -0.08958958089351654, 0.14200198650360107, 0.12959887087345123, 0.7819780111312866, 0.8980782628059387, -0.0013018316822126508, -0.9999991655349731, 0.0, 0.0, 0.0, 1.0], "children": [{"id": 14, "label": "seat_frame", "box": [-0.0031683354172855616, -0.11675842106342316, 0.12786638736724854, 0.0791957676410675, 0.628494918346405, 0.8982105255126953, -0.003370647318661213, 0.9999943375587463, 5.592486104433192e-06, 0.0016591703752055764, 0.0, 0.9999986290931702], "children": [{"id": 15, "label": "seat_frame_bar", "box": [0.4077802002429962, -0.11623557657003403, 0.12788993120193481, 0.0565086230635643, 0.0792030319571495, 0.6266015768051147, 0.9994302988052368, -3.46212436852511e-05, -0.033750489354133606, 7.213436038000509e-05, -0.9999949932098389, 0.0031618603970855474]}, {"id": 16, "label": "seat_frame_bar", "box": [-0.41397765278816223, -0.11623650044202805, 0.12854798138141632, 0.05367496609687805, 0.0751429945230484, 0.6271480917930603, -0.9993907809257507, 6.3332124070612e-17, -0.03490132465958595, 6.123234262925839e-17, 1.0, 6.123234262925839e-17]}], "edges": [{"part_a": 1, "type": "REF_SYM", "dist": 0.017156912989584314, "part_b": 0, "params": [-0.003460243344306946, -0.11621460318565369, 0.12723086774349213, 0.999998927116394, 0.00048013011110015213, 0.0013744968455284834]}, {"part_a": 1, "type": "TRANS_SYM", "dist": 0.030392579164971, "part_b": 0, "params": [0.8210012912750244, 0.000394187867641449, 0.001128464937210083]}, {"part_a": 1, "type": "ROT_SYM", "dist": 0.01695336189888138, "part_b": 0, "params": [-0.003443062072619796, -0.12398244440555573, 0.12737712264060974, 0.0022860539611428976, -0.0005819178186357021, -0.9999971985816956, 3.103752613067627]}]}, {"id": 17, "label": "seat_surface", "box": [-0.0034535080194473267, -0.08929850161075592, 0.14200198650360107, 0.12901899218559265, 0.7819780111312866, 0.7941349744796753, 0.0, 1.0, 0.0, 0.0, 0.0, 1.0], "children": [{"id": 18, "label": "seat_single_surface", "box": [-0.0034535080194473267, -0.08929850161075592, 0.14200198650360107, 0.12901899218559265, 0.7819780111312866, 0.7941349744796753, 0.0, 1.0, 0.0, 0.0, 0.0, 1.0]}]}], "edges": [{"part_a": 1, "type": "ADJ", "dist": 0.005015813037511675, "part_b": 0}]}, {"id": 19, "label": "chair_base", "box": [-0.003094497136771679, -0.42007699608802795, 0.07234127074480057, 0.7711469531059265, 0.8710524439811707, 0.9040137529373169, -0.0006448698695749044, -0.9999997019767761, -0.00045847854926250875, -0.0001688036136329174, -0.00045836978824809194, 0.9999998807907104], "children": [{"id": 20, "label": "regular_leg_base", "box": [-0.003094497136771679, -0.42007699608802795, 0.07234127074480057, 0.7711469531059265, 0.8710524439811707, 0.9040137529373169, -0.0006448698695749044, -0.9999997019767761, -0.00045847854926250875, -0.0001688036136329174, -0.00045836978824809194, 0.9999998807907104], "children": [{"id": 21, "label": "leg",