{"id": 0, "label": "chair", "box": [0.0020225225016474724, 0.09912143647670746, 0.0553615428507328, 1.357796549797058, 1.104909062385559, 1.1815415620803833, 0.9999989867210388, -0.0013270896160975099, 0.00048694395809434354, 0.0013218603562563658, 0.9999430775642395, 0.010586553253233433], "children": [{"id": 1, "label": "chair_back", "box": [-0.0033042440190911293, 0.1131386086344719, -0.34711235761642456, 1.1381796598434448, 1.1019757986068726, 0.353484570980072, 0.999895453453064, 0.005770028103142977, 0.013261144049465656, -0.005291531328111887, 0.9993435740470886, -0.03583870828151703], "children": [{"id": 2, "label": "back_surface", "box": [-0.0012684904504567385, 0.13239970803260803, -0.3459767997264862, 1.2168360948562622, 1.0971568822860718, 0.36868736147880554, 0.9999880790710449, 0.002161814831197262, 0.004378771409392357, -0.0020046518184244633, 0.9993646740913391, -0.035583820194005966], "children": [{"id": 3, "label": "back_single_surface", "box": [0.002988486085087061, 0.1252472698688507, -0.34423133730888367, 1.2183250188827515, 1.134982943534851, 0.38770902156829834, 0.9999644756317139, -0.0035471792798489332, 0.007644988596439362, 0.003855699673295021, 0.9991629123687744, -0.04072638228535652]}]}]}, {"id": 6, "label": "chair_arm", "box": [-0.5297285318374634, 0.016848018392920494, 0.098479725420475, 0.2770007848739624, 0.9467226266860962, 1.0110782384872437, 0.9997379183769226, 0.0149157103151083, 0.01736982725560665, -0.014863239601254463, 0.9998846054077148, -0.003145903116092086], "children": [{"id": 7, "label": "arm_sofa_style", "box": [-0.5413950085639954, 3.962777554988861e-07, 0.11478031426668167, 0.26499202847480774, 0.9006069302558899, 1.0180526971817017, 0.9998239278793335, 0.01323487889021635, 0.013303675688803196, -0.013469033874571323, 0.9997531771659851, 0.01766805164515972]}]}, {"id": 4, "label": "chair_arm", "box": [0.5500366687774658, 0.011342322453856468, 0.11482410877943039, 0.23721268773078918, 0.9325313568115234, 1.0680344104766846, 0.9995659589767456, -0.026468509808182716, -0.012935632839798927, 0.026347292587161064, 0.9996081590652466, -0.009453048929572105], "children": [{"id": 5, "label": "arm_sofa_style", "box": [0.5255514979362488, 0.011295920237898827, 0.09447535127401352, 0.28023621439933777, 0.9186983704566956, 1.0706815719604492, 0.999411404132843, -0.024903856217861176, -0.02359272725880146, 0.024942554533481598, 0.9996879696846008, 0.0013473459985107183]}]}, {"id": 8, "label": "chair_seat", "box": [0.004521031863987446, -0.18503130972385406, 0.1348590850830078, 1.0530415773391724, 0.6205777525901794, 1.0610154867172241, 0.9999800324440002, 0.006203529424965382, -0.001199091668240726, -0.0061543891206383705, 0.9992824792861938, 0.03737156465649605], "children": [{"id": 9, "label": "seat_surface", "box": [0.0006527769146487117, -0.1602448672056198, 0.13872355222702026, 1.0504589080810547, 0.5772730708122253, 1.0479487180709839, 0.9999744296073914, 0.0036419767420738935, -0.006156845949590206, -0.0035787031520158052, 0.9999409914016724, 0.01025692094117403], "children": [{"id": 10, "label": "seat_single_surface", "box": [-0.004848808981478214, -0.15730765461921692, 0.12349118292331696, 1.0693374872207642, 0.5654931664466858, 1.0561192035675049, 0.9999343752861023, 0.0034821094013750553, -0.010914955288171768, -0.003492976538836956, 0.9999934434890747, -0.0009767224546521902]}]}]}], "edges": [{"part_a": 0, "part_b": 1, "type": "ADJ"}, {"part_a": 0, "part_b": 2, "type": "ADJ"}, {"part_a": 0, "part_b": 3, "type": "ADJ"}, {"part_a": 1, "part_b": 0, "type": "ADJ"}, {"part_a": 1, "part_b": 2, "type": "REF_SYM"}, {"part_a": 1, "part_b": 3, "type": "ADJ"}, {"part_a": 2, "part_b": 0, "type": "ADJ"}, {"part_a": 2, "part_b": 1, "type": "ROT_SYM"}, {"part_a": 2, "part_b": 1, "type": "REF_SYM"}, {"part_a": 2, "part_b": 3, "type": "ADJ"}, {"part_a": 3, "part_b": 0, "type": "ADJ"}, {"part_a": 3, "part_b": 1, "type": "ADJ"}, {"part_a": 3, "part_b": 2, "type": "ADJ"}]}