{"id": 0, "label": "chair", "box": [-0.006469520274549723, -0.02642897702753544, 0.10284560918807983, 0.9865624904632568, 0.9891164898872375, 1.2651855945587158, -3.5490691516315565e-05, -0.00010786214261315763, -1.0, -1.0, 4.683871512867199e-09, 3.5490691516315565e-05], "children": [{"id": 1, "label": "chair_back", "box": [-0.00648466357961297, 0.17925649881362915, -0.2684185206890106, 0.24405984580516815, 0.85373854637146, 0.9891127943992615, -3.664395626401529e-05, 7.227824244182557e-05, -1.0, -0.00010102988744620234, -1.0, -7.227454625535756e-05], "children": [{"id": 2, "label": "back_surface", "box": [-0.00648466357961297, 0.17925649881362915, -0.2684185206890106, 0.24405984580516815, 0.85373854637146, 0.9891127943992615, -3.664395626401529e-05, 7.227824244182557e-05, -1.0, -0.00010102988744620234, -1.0, -7.227454625535756e-05], "children": [{"id": 3, "label": "back_single_surface", "box": [-0.00648466357961297, 0.17925649881362915, -0.2684185206890106, 0.24405984580516815, 0.85373854637146, 0.9891127943992615, -3.664395626401529e-05, 7.227824244182557e-05, -1.0, -0.00010102988744620234, -1.0, -7.227454625535756e-05]}]}]}, {"id": 4, "label": "chair_arm", "box": [0.41883185505867004, 0.06280695647001266, 0.19631224870681763, 0.14086385071277618, 0.30202022194862366, 0.8016606569290161, 0.9993734359741211, -0.03432324528694153, -0.008640982210636139, 0.034384723752737045, 0.9993836879730225, 0.007069749757647514], "children": [{"id": 5, "label": "arm_horizontal_bar", "box": [0.4187237620353699, 0.173365980386734, 0.19561100006103516, 0.08065535873174667, 0.13836200535297394, 0.7999586462974548, -0.0022740005515515804, 0.9999914765357971, 0.0034444713965058327, -0.9999973773956299, -0.002274593338370323, 0.00016813074762467295]}, {"id": 6, "label": "arm_near_vertical_bar", "box": [0.4203779697418213, 0.05758662521839142, 0.5568042993545532, 0.10538491606712341, 0.1408168524503708, 0.2913731336593628, 0.0021550320088863373, 0.09832147508859634, -0.9951523542404175, 0.9996958374977112, -0.024661075323820114, -0.0002716536109801382]}], "edges": [{"part_b": 0, "dist": 0.01289433433720385, "part_a": 1, "type": "ADJ"}]}, {"id": 7, "label": "chair_arm", "box": [-0.4309278130531311, 0.058925312012434006, 0.18720297515392303, 0.14302638173103333, 0.3208525478839874, 0.8236825466156006, -0.9999882578849792, 0.003963310271501541, 0.002783349482342601, 0.004028928931802511, 0.9997043609619141, 0.02397945336997509], "children": [{"id": 8, "label": "arm_horizontal_bar", "box": [-0.4367634654045105, 0.17238780856132507, 0.18713685870170593, 0.0940002053976059, 0.1409202218055725, 0.8165675401687622, 0.00018709481810219586, -0.9997172355651855, -0.023778406903147697, 0.9998672604560852, -0.00020040322851855308, 0.016292788088321686]}, {"id": 9, "label": "arm_near_vertical_bar", "box": [-0.4299670159816742, 0.046889182180166245, 0.5417395234107971, 0.10836149752140045, 0.1420954018831253, 0.3159174621105194, -0.0007214876241050661, 0.0005134334787726402, -0.9999995827674866, 0.9999997615814209, -4.5402825890050735e-06, -0.0007214900106191635]}], "edges": [{"part_b": 0, "dist": 0.009821884433585679, "part_a": 1, "type": "ADJ"}]}, {"id": 10, "label": "chair_seat", "box": [-0.006702644284814596, -0.15406560897827148, 0.19739936292171478, 0.18225198984146118, 0.800685703754425, 0.9889331459999084, -4.448298568604514e-05, -0.9997254610061646, 0.023431630805134773, -0.00044064028770662844, -0.023431608453392982, -0.999725341796875], "children": [{"id": 11, "label": "seat_surface", "box": [-0.006702644284814596, -0.15406560897827148, 0.19739936292171478, 0.18225198984146118, 0.800685703754425, 0.9889331459999084, -4.448298568604514e-05, -0.9997254610061646, 0.023431630805134773, -0.00044064028770662844, -0.023431608453392982, -0.999725341796875], "children": [{"id": 12, "label": "seat_single_surface", "box": [-0.006702644284814596, -0.15406560897827148, 0.19739936292171478, 0.18225198984146118, 0.800685703754425, 0.9889331459999084, -4.448298568604514e-05, -0.9997254610061646, 0.023431630805134773, -0.00044064028770662844, -0.023431608453392982, -0.999725341796875]}]}]}, {"id": 13, "label": "chair_base", "box": [-0.005590863525867462, -0.41099146008491516, 0.10496961325407028, 0.497735857963562, 0.9826202988624573, 0.987214982509613, 1.593275200661992e-08, 0.9999979734420776, -0.0020081817638128996, 0.0001276589318877086, 0.0020081817638128996, 0.9999979734420776], "children": [{"id": 14, "label": "regular_leg_base", "box": [-0.005590863525867462, -0.41099146008491516, 0.10496961325407028, 0.497735857963562, 0.9826202988624573, 0.987214982509613, 1.593275200661992e-08, 0.9999979734420776, -0.0020081817638128996, 0.0001276589318877086, 0.0020081817638128996, 0.9999979734420776], "children": [{"id": 15, "label": "leg", "box": [0.421146035194397, -0.42355433106422424, -0.32123899459838867, 0.12946268916130066, 0.13369348645210266, 0.47088077664375305, -0.014092911966145039, -0.00276656704954803, -0.9998968839645386, -0.9999006986618042, 3.751385520445183e-05, 0.014092862606048584]}, {"id": 16, "label": "leg", "box": [0.4263273775577545, -0.4115044176578522, 0.5324437618255615, 0.12477070093154907, 0.12741303443908691, 0.4950734078884125, -0.9999670386314392, -0.004004889167845249, -0.007064680103212595, -0.007072759792208672, 0.0020068332087248564, 0.9999729990959167]}, {"id": 17, "label": "leg", "box": [-0.4433082640171051, -0.41150519251823425, 0.5314719080924988, 0.1306883990764618, 0.1313105970621109, 0.4968424141407013, -0.9990214705467224, 0.043965697288513184, -0.004806875251233578, -0.004548032768070698, 0.005985512863844633, 0.9999717473983765]}, {"id": 18, "label": "leg", "box": [-0.4428739845752716, -0.4107055068016052, -0.32971951365470886, 0.10463401675224304, 0.10463500022888184, 0.4899970293045044, 1.0, -1.8369701465288538e-16, 0.0, 0.0, 0.0, 1.0]}], "edges": [{"part_b": 0, "params": [0.43031519651412964, -0.42741233110427856, 0.104972243309021, -0.0006952864932827652, -0.008532611653208733, -0.9999633431434631], "dist": 0.03128072259531003, "part_a": 1, "type": "REF_SYM"}, {"part_b": 0, "params": [-0.0006033182144165039, -0.007403969764709473, -0.8676942586898804], "dist": 0.031125430856448328, "part_a": 1, "type": "TRANS_SYM"}, {"part_b": 0, "params": [5.459677219390869, -0.32954511046409607, 0.10035660862922668, 0.014872381463646889, -0.9998369812965393, 0.010238262824714184, 0.17207542061805725], "dist": 0.032644069161513176, "part_a": 1, "type": "ROT_SYM"}, {"part_b": 0, "params": [-0.006074562668800354, -0.42397016286849976, 0.10557875037193298, 0.7083854079246521, -0.011605050414800644, -0.7057303786277771], "dist": 0.03220946511050818, "part_a": 2, "type": "REF_SYM"}, {"part_b": 0, "params": [0.8721761703491211, -0.014288336038589478, -0.8689072728157043], "dist": 0.033542272218646786, "part_a": 2, "type": "TRANS_SYM"}, {"part_b": 0, "params": [-0.5689742565155029, -0.42307040095329285, -0.4594607651233673, 0.010874515399336815, 0.9999340772628784, -0.0036819973029196262, 1.3146847486495972], "dist": 0.034093919222682546, "part_a": 2, "type": "ROT_SYM"}, {"part_b": 1, "params": [-0.005772903561592102, -0.420268177986145, 0.5394258499145508, 0.9999679327011108, -0.007887611165642738, -0.0013897842727601528], "dist": 0.03097953859655068, "part_a": 2, "type": "REF_SYM"}, {"part_b": 1, "params": [0.8727794885635376, -0.006884366273880005, -0.0012130141258239746], "dist": 0.03201182565856863, "part_a": 2, "type": "TRANS_SYM"}, {"part_b": 1, "params": [-0.005264666397124529, -0.44391611218452454, 0.9401570558547974, -0.0027366532012820244, -0.9998639225959778, -0.016266413033008575, 1.6551315784454346], "dist": 0.03332865706356469, "part_a": 2, "type": "ROT_SYM"}, {"part_b": 0, "params": [-0.006311565637588501, -0.42625105381011963, -0.32876497507095337, 0.9999378323554993, -0.011145301163196564, -0.000251920020673424], "dist": 0.03463195648156481, "part_a": 3, "type": "REF_SYM"}, {"part_b": 0,