{"id": 0, "label": "chair", "box": [-0.0410882867872715, 0.1165613904595375, 0.10657665133476257, 0.6709133982658386, 1.030401587486267, 1.7926186323165894, -2.4117198336170986e-06, -0.08055409044027328, -0.9967502355575562, 0.9514051079750061, -0.3069414794445038, 0.024803703650832176], "children": [{"id": 1, "label": "chair_back", "box": [-0.00624636048451066, 0.08197109401226044, -0.0808446854352951, 0.5517261028289795, 0.7402429580688477, 1.2000302076339722, 0.0016215299256145954, -0.5709980130195618, -0.8209498524665833, -0.9999982714653015, -0.00017182315059471875, -0.0018556753639131784], "children": [{"id": 2, "label": "back_surface", "box": [-0.00624636048451066, 0.08197109401226044, -0.0808446854352951, 0.5517261028289795, 0.7402429580688477, 1.2000302076339722, 0.0016215299256145954, -0.5709980130195618, -0.8209498524665833, -0.9999982714653015, -0.00017182315059471875, -0.0018556753639131784], "children": [{"id": 3, "label": "back_single_surface", "box": [-0.00624636048451066, 0.08197109401226044, -0.0808446854352951, 0.5517261028289795, 0.7402429580688477, 1.2000302076339722, 0.0016215299256145954, -0.5709980130195618, -0.8209498524665833, -0.9999982714653015, -0.00017182315059471875, -0.0018556753639131784]}]}]}, {"id": 4, "label": "chair_arm", "box": [0.4422129988670349, 0.22296935319900513, 0.0776037648320198, 0.049122098833322525, 0.15966400504112244, 0.5515727996826172, 8.659571336095002e-19, 0.9998999834060669, -0.014142152853310108, 1.0, 0.0, 6.123234262925839e-17], "children": [{"id": 5, "label": "arm_horizontal_bar", "box": [0.4422129988670349, 0.21941649913787842, 0.09862050414085388, 0.03473898768424988, 0.15966400504112244, 0.5096949934959412, 1.2246468525851679e-16, 1.0, 0.0, 1.0, -1.2246468525851679e-16, 0.0]}, {"id": 6, "label": "arm_connector", "box": [0.4422130286693573, 0.21941649913787842, -0.17359599471092224, 0.048706866800785065, 0.048707421869039536, 0.15966400504112244, -5.657062401215045e-17, -0.9238683581352234, -0.382710337638855, 8.466658775856738e-17, 0.382710337638855, -0.9238683581352234]}], "edges": [{"type": "ADJ", "part_a": 1, "part_b": 0, "dist": 0.01590681365807401}]}, {"id": 7, "label": "chair_arm", "box": [-0.4543600082397461, 0.22296935319900513, 0.0776037648320198, 0.049122098833322525, 0.15966403484344482, 0.5515727996826172, 8.659571336095002e-19, 0.9998999834060669, -0.014142152853310108, 1.0, 0.0, 6.123234262925839e-17], "children": [{"id": 8, "label": "arm_horizontal_bar", "box": [-0.4543600082397461, 0.21941649913787842, 0.09862050414085388, 0.03473898768424988, 0.15966403484344482, 0.5096949934959412, 0.0, -1.0, 0.0, -1.0, 0.0, 0.0]}, {"id": 9, "label": "arm_connector", "box": [-0.4543600082397461, 0.21941649913787842, -0.17359599471092224, 0.048706866800785065, 0.048707421869039536, 0.15966403484344482, -2.3434250092392663e-17, 0.9238683581352234, 0.382710337638855, 5.657062401215045e-17, 0.382710337638855, -0.9238683581352234]}], "edges": [{"type": "ADJ", "part_a": 1, "part_b": 0, "dist": 0.007641803661020823}]}, {"id": 10, "label": "chair_seat", "box": [-0.006076274439692497, -0.24133436381816864, 0.1579965054988861, 0.09606378525495529, 0.6277217268943787, 0.7401562333106995, 0.0010902619687840343, -0.9999935030937195, -0.003430139273405075, -3.434849295652971e-17, 0.003430141368880868, -0.9999940991401672], "children": [{"id": 11, "label": "seat_surface", "box": [-0.006076274439692497, -0.24133436381816864, 0.1579965054988861, 0.09606378525495529, 0.6277217268943787, 0.7401562333106995, 0.0010902619687840343, -0.9999935030937195, -0.003430139273405075, -3.434849295652971e-17, 0.003430141368880868, -0.9999940991401672], "children": [{"id": 12, "label": "seat_single_surface", "box": [-0.006076274439692497, -0.24133436381816864, 0.1579965054988861, 0.09606378525495529, 0.6277217268943787, 0.7401562333106995, 0.0010902619687840343, -0.9999935030937195, -0.003430139273405075, -3.434849295652971e-17, 0.003430141368880868, -0.9999940991401672]}]}]}, {"id": 13, "label": "chair_base", "box": [-0.006072997115552425, -0.5320904850959778, 0.16415399312973022, 0.3409492075443268, 0.3409492075443268, 0.4913949966430664, 0.608757495880127, 8.626097508054089e-17, 0.7933563590049744, -0.7933563590049744, 9.715813335630627e-17, 0.608757495880127], "children": [{"id": 14, "label": "pedestal_base", "box": [-0.006072997115552425, -0.5320904850959778, 0.16415399312973022, 0.3409492075443268, 0.3409492075443268, 0.4913949966430664, 0.608757495880127, 8.626097508054089e-17, 0.7933563590049744, -0.7933563590049744, 9.715813335630627e-17, 0.608757495880127], "children": [{"id": 15, "label": "pedestal", "box": [-0.006072997115552425, -0.5320904850959778, 0.16415399312973022, 0.3409492075443268, 0.3409492075443268, 0.4913949966430664, 0.608757495880127, 8.626097508054089e-17, 0.7933563590049744, -0.7933563590049744, 9.715813335630627e-17, 0.608757495880127]}]}]}, {"id": 16, "label": "chair_head", "box": [-0.006073005497455597, 0.841277003288269, -0.19250500202178955, 0.04815399646759033, 0.2702000141143799, 0.29476398229599, 0.0, 0.0, -1.0, 1.2246468525851679e-16, 1.0, 0.0], "children": [{"id": 17, "label": "headrest", "box": [-0.006073005497455597, 0.8781225085258484, -0.19250500202178955, 0.04815399646759033, 0.1965090036392212, 0.29476398229599, 0.0, 0.0, -1.0, 1.2246468525851679e-16, 1.0, 0.0]}, {"id": 18, "label": "head_connector", "box": [-0.0060730017721652985, 0.7430225014686584, -0.2012300044298172, 0.024563997983932495, 0.07369101047515869, 0.1719459891319275, 0.0, 0.0, -1.0, 1.2246468525851679e-16, 1.0, 0.0]}, {"id": 19, "label": "head_connector", "box": [0.0676174983382225, 0.7430225014686584, -0.2012304961681366, 0.024353869259357452, 0.0243538748472929, 0.07369101047515869, -0.6088945865631104, 0.0, -0.7932511568069458, -0.7932511568069458, 1.8369701465288538e-16, 0.6088945865631104]}], "edges": [{"type": "ADJ", "part_a": 1, "part_b": 0, "dist": 0.008898010853645177}, {"type": "ADJ", "part_a": 2, "part_b": 0, "dist": 0.010001316520493629}, {"type": "ADJ", "part_a": 2, "part_b": 1, "dist": 0.003928731983761492}]}], "edges": [{"type": "ADJ", "part_a": 1, "part_b": 0, "dist": 0.017682673865097413}, {"type": "ADJ", "part_a": 2, "part_b": 0, "dist": 0.016482164853310305}, {"type": "ADJ", "part_a": 3, "part_b": 0, "dist": 0.005047403342469159}, {"type": "ADJ", "part_a": 4, "part_b": 0, "dist": 0.004748738303644208}, {"type": "ADJ", "part_a": 4, "part_b": 3, "dist": 0.020420770312326163}, {"type": "ADJ", "part_a": 5, "part_b": 0, "dist": 0.008855088879376683}, {"type": "REF_SYM", "part_a": 2, "params": [-0.005884096026420593, 0.21944819390773773, 0.07613972574472427, 0.9999937415122986, -0.00044951861491426826, 0.0035133385099470615], "part_b": 1, "dist": 0.020834763128983375}, {"type": "TRANS_SYM", "part_a": 2, "params": [0.8970104455947876, -0.0004032254219055176, 0.00315152108669281], "part_b": 1, "dist": 0.021285332891814963}, {"type": "ROT_SYM", "part_a": 2, "params": [-0.31385326385498047, -8.935800552368164, 67.73430633544922, 0.00015713387983851135, -0.9909731149673462, -0.13406068086624146, 0.013138399459421635], "part_b": 1, "dist": 0.021328030118382354}]}