{"id": 0, "label": "chair", "box": [-0.002612998243421316, -0.039089228957891464, 0.08074993640184402, 0.8678635954856873, 1.527091145515442, 0.877467691898346, 0.9999819397926331, -0.0016286632744595408, 0.005780787672847509, 0.001821064157411456, 0.9994392395019531, -0.03343513235449791], "children": [{"id": 1, "label": "chair_back", "box": [-0.0016314652748405933, 0.309293270111084, -0.23176294565200806, 0.8044306635856628, 0.8175540566444397, 0.19251082837581635, 0.9999892115592957, -0.0013640845427289605, 0.0044372896663844585, 0.0016212285263463855, 0.9982876777648926, -0.05847315117716789], "children": [{"id": 2, "label": "back_surface", "box": [-0.005718112923204899, 0.4054146111011505, -0.278001606464386, 0.8085359334945679, 0.6170437335968018, 0.13940094411373138, 0.9999792575836182, 0.0017733393469825387, 0.006198627408593893, -0.0008842460229061544, 0.9900668263435364, -0.14059513807296753], "children": [{"id": 3, "label": "back_single_surface", "box": [-0.004731714725494385, 0.38706979155540466, -0.2576603591442108, 0.7932378649711609, 0.6589189767837524, 0.1550973802804947, 0.999980092048645, 0.0007109517464414239, -0.006271365564316511, -0.0015403730794787407, 0.9910796880722046, -0.13326166570186615]}]}, {"id": 5, "label": "back_connector", "box": [-0.3290218114852905, -0.020133154466748238, -0.2153770476579666, 0.06804851442575455, 0.2257176786661148, 0.07319977134466171, 0.9942375421524048, -0.059240732342004776, -0.08934393525123596, 0.05949532985687256, 0.9982285499572754, 0.00018692515732254833]}], "edges": [{"part_a": 0, "part_b": 1, "type": "ADJ"}, {"part_a": 1, "part_b": 0, "type": "ADJ"}]}, {"id": 6, "label": "chair_seat", "box": [0.0010508537525311112, -0.03958405926823616, 0.11778558790683746, 0.8668473362922668, 0.14043107628822327, 0.783951997756958, 0.9999854564666748, 0.004652946721762419, -0.002726856153458357, -0.004630791489034891, 0.9999566674232483, 0.00807556975632906], "children": [{"id": 7, "label": "seat_surface", "box": [0.0020936380606144667, -0.05375612527132034, 0.1163942813873291, 0.8531855940818787, 0.14049260318279266, 0.8310980200767517, 0.9999749064445496, -0.0028045938815921545, -0.0065038022585213184, 0.0028534706216305494, 0.9999676942825317, 0.007518032565712929], "children": [{"id": 8, "label": "seat_single_surface", "box": [-0.000692410278134048, -0.05023804306983948, 0.12566573917865753, 0.8305315375328064, 0.13731426000595093, 0.8184106945991516, 0.9999978542327881, 0.0010140822269022465, -0.0018162884516641498, -0.0009867185726761818, 0.9998869895935059, 0.015003825537860394]}]}]}, {"id": 9, "label": "chair_base", "box": [-0.014030362479388714, -0.41835451126098633, 0.0799604132771492, 0.7707961201667786, 0.7760964035987854, 0.7701836228370667, 0.999998927116394, 0.0014425014378502965, 0.00030190611141733825, -0.0014458423247560859, 0.9999342560768127, 0.011374848894774914], "children": [{"id": 10, "label": "regular_leg_base", "box": [-0.00022780895233154297, -0.44340553879737854, 0.09574980288743973, 0.8169107437133789, 0.7540925145149231, 0.8413901925086975, 0.9999435544013977, 0.006910135503858328, -0.008073490113019943, -0.006810592487454414, 0.999901294708252, 0.012292771600186825], "children": [{"id": 0, "label": "foot", "box": [0.2470971792936325, -0.7821486592292786, 0.3993060290813446, 0.18062974512577057, 0.10532491654157639, 0.11532581597566605, 0.9969173669815063, -0.009675022214651108, -0.07786048948764801, -0.0015284162946045399, 0.9897847771644592, -0.14256131649017334]}, {"id": 0, "label": "foot", "box": [-0.3463275134563446, -0.6907631158828735, -0.28465619683265686, 0.11970683932304382, 0.2594102621078491, 0.13091221451759338, 0.9998104572296143, 0.017271561548113823, 0.008988531306385994, -0.01849241741001606, 0.9868205785751343, 0.1607581079006195]}, {"id": 14, "label": "leg", "box": [-0.3450239598751068, -0.45271873474121094, 0.3441622257232666, 0.09777983278036118, 0.7729791402816772, 0.16634923219680786, 0.9891796112060547, -0.026854325085878372, 0.14423096179962158, 0.05979347229003906, 0.9715433716773987, -0.22919030487537384]}, {"id": 0, "label": "foot", "box": [-0.24836766719818115, -0.7772617340087891, 0.403082013130188, 0.19899322092533112, 0.09399106353521347, 0.12788979709148407, 0.9948692321777344, 0.003159628715366125, 0.1011199951171875, -0.003486454486846924, 0.9999892711639404, 0.0030554940458387136]}, {"id": 12, "label": "leg", "box": [0.3432196080684662, -0.4283309578895569, -0.20821954309940338, 0.11041884869337082, 0.7301675081253052, 0.13910144567489624, 0.9975358247756958, 0.0325615368783474, 0.062145426869392395, -0.04544724151492119, 0.9747118353843689, 0.21879543364048004]}, {"id": 0, "label": "foot", "box": [0.10806729644536972, -0.755545437335968, -0.2883536219596863, 0.2868109345436096, 0.07479067891836166, 0.124965600669384, 0.9990495443344116, -0.005506080575287342, 0.043240271508693695, -0.0033784620463848114, 0.9792248606681824, 0.20274947583675385]}, {"id": 11, "label": "leg", "box": [-0.3113444745540619, -0.5134103298187256, -0.23061378300189972, 0.15461669862270355, 0.5811222195625305, 0.13877655565738678, 0.9942154288291931, -0.011416343040764332, -0.106796033680439, 0.04182571545243263, 0.9569947719573975, 0.2870742380619049]}, {"id": 13, "label": "leg", "box": [0.34470677375793457, -0.454539030790329, 0.34807783365249634, 0.0994255468249321, 0.7114323973655701, 0.1190919578075409, 0.9875277280807495, 0.04576961696147919, -0.15064580738544464, -0.0707089900970459, 0.9838207960128784, -0.16461122035980225]}], "edges": [{"part_a": 0, "part_b": 5, "type": "TRANS_SYM"}, {"part_a": 0, "part_b": 5, "type": "REF_SYM"}, {"part_a": 0, "part_b": 7, "type": "ADJ"}, {"part_a": 2, "part_b": 6, "type": "ROT_SYM"}, {"part_a": 2, "part_b": 7, "type": "ROT_SYM"}, {"part_a": 2, "part_b": 7, "type": "TRANS_SYM"}, {"part_a": 2, "part_b": 7, "type": "REF_SYM"}, {"part_a": 4, "part_b": 2, "type": "ROT_SYM"}, {"part_a": 4, "part_b": 5, "type": "ADJ"}, {"part_a": 4, "part_b": 6, "type": "ROT_SYM"}, {"part_a": 4, "part_b": 6, "type": "REF_SYM"}, {"part_a": 4, "part_b": 7, "type": "ROT_SYM"}, {"part_a": 4, "part_b": 7, "type": "REF_SYM"}, {"part_a": 5, "part_b": 0, "type": "TRANS_SYM"}, {"part_a": 5, "part_b": 0, "type": "REF_SYM"}, {"part_a": 5, "part_b": 1, "type": "TRANS_SYM"}, {"part_a": 5, "part_b": 1, "type": "REF_SYM"}, {"part_a": 5, "part_b": 4, "type": "ADJ"}, {"part_a": 6, "part_b": 1, "type": "ADJ"}, {"part_a": 6, "part_b": 4, "type": "ROT_SYM"}, {"part_a": 6, "part_b": 4, "type": "REF_SYM"}, {"part_a": 7, "part_b": 0, "type": "ADJ"}, {"part_a": 7, "part_b": 2, "type": "ROT_SYM"}, {"part_a": 7, "part_b": 2, "type": "TRANS_SYM"}, {"part_a": 7, "part_b": 2, "type": "REF_SYM"}, {"part_a": 7, "part_b": 4, "type": "ROT_SYM"}, {"part_a": 7, "part_b": 4, "type": "REF_SYM"}]}]}], "edges": [{"part_a": 0, "part_b": 1, "type": "ADJ"}, {"part_a": 1, "part_b": 0, "type": "ADJ"}, {"part_a": 1, "part_b": 2, "type": "ADJ"}, {"part_a": 2, "part_b": 1, "type": "ADJ"}]}