{"id": 0, "label": "chair", "box": [0.01912756823003292, 0.011521859094500542, -0.021798504516482353, 1.1994776725769043, 1.291736364364624, 1.3260478973388672, 0.0004335300764068961, 0.009424479678273201, 0.9999554753303528, -0.9999995231628418, 0.0008962097926996648, 0.00042510248022153974], "children": [{"id": 1, "label": "chair_back", "box": [-0.06568952649831772, 0.09545639157295227, -0.3628826141357422, 0.4464513957500458, 1.0438538789749146, 1.2023731470108032, -0.14887326955795288, -0.07357175648212433, -0.986115574836731, -0.08873733133077621, -0.992211103439331, 0.08742315322160721], "children": [{"id": 2, "label": "back_surface", "box": [-0.06568952649831772, 0.09545639157295227, -0.3628826141357422, 0.4464513957500458, 1.0438538789749146, 1.2023731470108032, -0.14887326955795288, -0.07357175648212433, -0.986115574836731, -0.08873733133077621, -0.992211103439331, 0.08742315322160721], "children": [{"id": 3, "label": "back_single_surface", "box": [-0.06568952649831772, 0.09545639157295227, -0.3628826141357422, 0.4464513957500458, 1.0438538789749146, 1.2023731470108032, -0.14887326955795288, -0.07357175648212433, -0.986115574836731, -0.08873733133077621, -0.992211103439331, 0.08742315322160721]}]}]}, {"id": 4, "label": "chair_arm", "box": [0.5548473596572876, 0.13426455855369568, 0.12292207777500153, 0.2114020586013794, 0.6967592239379883, 0.8550784587860107, -0.9929394721984863, 0.07025674730539322, 0.09557822346687317, 0.07053707540035248, 0.9975090622901917, -0.000446728547103703], "children": [{"id": 5, "label": "arm_sofa_style", "box": [0.5548473596572876, 0.13426455855369568, 0.12292207777500153, 0.2114020586013794, 0.6967592239379883, 0.8550784587860107, -0.9929394721984863, 0.07025674730539322, 0.09557822346687317, 0.07053707540035248, 0.9975090622901917, -0.000446728547103703]}]}, {"id": 6, "label": "chair_arm", "box": [-0.5303252339363098, 0.2392067015171051, 0.14108525216579437, 0.250061959028244, 0.815927267074585, 0.8768286108970642, -0.9768283367156982, -0.21290323138237, -0.021878212690353394, -0.021393826231360435, -0.0045789796859025955, 0.999760627746582], "children": [{"id": 7, "label": "arm_sofa_style", "box": [-0.5303252339363098, 0.2392067015171051, 0.14108525216579437, 0.250061959028244, 0.815927267074585, 0.8768286108970642, -0.9768283367156982, -0.21290323138237, -0.021878212690353394, -0.021393826231360435, -0.0045789796859025955, 0.999760627746582]}]}, {"id": 8, "label": "chair_seat", "box": [0.03251945599913597, -0.17808501422405243, 0.052451781928539276, 0.5676466822624207, 1.0376510620117188, 1.1853986978530884, -0.06708025187253952, 0.9970938563346863, 0.03611184284090996, 0.004033955279737711, -0.03592203930020332, 0.9993464350700378], "children": [{"id": 9, "label": "seat_surface", "box": [0.033737510442733765, -0.051757004112005234, 0.059293001890182495, 0.2182760089635849, 0.9531930088996887, 1.0364439487457275, -6.123234262925839e-17, -1.0, -6.123234262925839e-17, 1.0, -6.123234262925839e-17, 0.0], "children": [{"id": 10, "label": "seat_single_surface", "box": [0.033737510442733765, -0.051757004112005234, 0.059293001890182495, 0.2182760089635849, 0.9531930088996887, 1.0364439487457275, -6.123234262925839e-17, -1.0, -6.123234262925839e-17, 1.0, -6.123234262925839e-17, 0.0]}]}, {"id": 11, "label": "seat_support", "box": [0.047342054545879364, -0.2655772268772125, 0.0631919726729393, 0.5385105013847351, 0.9811117649078369, 1.18511164188385, -0.24538762867450714, 0.9687208533287048, 0.03694421425461769, -0.004692475777119398, -0.03929589316248894, 0.999216616153717]}], "edges": [{"dist": 0.0022328665987264673, "part_b": 0, "part_a": 1, "type": "ADJ"}]}, {"id": 12, "label": "chair_base", "box": [0.03373749554157257, -0.5355644822120667, 0.06956949830055237, 0.22163498401641846, 0.8359169960021973, 0.9832890033721924, 0.0, 1.0, 0.0, 0.0, 0.0, 1.0], "children": [{"id": 13, "label": "foot_base", "box": [0.03373749554157257, -0.5355644822120667, 0.06956949830055237, 0.22163498401641846, 0.8359169960021973, 0.9832890033721924, 0.0, 1.0, 0.0, 0.0, 0.0, 1.0], "children": [{"id": 14, "label": "foot", "box": [0.47661644220352173, -0.5355644822120667, 0.4390454590320587, 0.09579917043447495, 0.09621288627386093, 0.22163498401641846, -0.9617526531219482, 7.56630973678421e-17, -0.2739194929599762, 0.2739194929599762, 4.2117631349978865e-17, -0.9617526531219482]}, {"id": 15, "label": "foot", "box": [-0.4099263846874237, -0.5355644822120667, 0.4390457272529602, 0.09579963237047195, 0.09621287882328033, 0.22163498401641846, -0.9617384672164917, 0.0, -0.2739691734313965, -0.2739691734313965, 1.8369701465288538e-16, 0.9617384672164917]}, {"id": 16, "label": "foot", "box": [-0.32138386368751526, -0.5363967418670654, -0.2642526924610138, 0.08873861283063889, 0.13192418217658997, 0.28260380029678345, -0.6349144577980042, 0.44011610746383667, -0.634965717792511, -0.7071353197097778, 8.659910004517297e-17, 0.707078218460083]}, {"id": 17, "label": "foot", "box": [0.38886430859565735, -0.5363972783088684, -0.26424795389175415, 0.08873941004276276, 0.13193336129188538, 0.28260156512260437, 0.6349042654037476, 0.44011160731315613, -0.6349790096282959, 0.7071381211280823, 2.9605551389977336e-05, 0.7070754170417786]}], "edges": [{"dist": 0.02441922624001356, "params": [0.033926740288734436, -0.5486379861831665, 0.43949753046035767, 0.9999998807907104, -0.00020219756697770208, -0.0004691037174779922], "part_b": 0, "part_a": 1, "type": "REF_SYM"}, {"dist": 0.024636587252705133, "params": [0.8861211538314819, -0.00017917156219482422, -0.0004156827926635742], "part_b": 0, "part_a": 1, "type": "TRANS_SYM"}, {"dist": 0.024980069126455312, "params": [0.03400551900267601, -0.5486080646514893, 0.6084167957305908, -0.0011227470822632313, -0.9999988079071045, 0.00103687250521034, 2.4131054878234863], "part_b": 0, "part_a": 1, "type": "ROT_SYM"}, {"dist": 0.024879077057110368, "params": [0.033671244978904724, -0.5241999626159668, -0.26234591007232666, -0.9999983906745911, 0.0016205022111535072, 0.0008211028762161732], "part_b": 2, "part_a": 3, "type": "REF_SYM"}]}]}], "edges": [{"dist": 0.007065494944549624, "part_b": 0, "part_a": 1, "type": "ADJ"}, {"dist": 0.012162093561286771, "part_b": 0, "part_a": 2, "type": "ADJ"}, {"dist": 0.006208025543273677, "part_b": 0, "part_a": 3, "type": "ADJ"}, {"dist": 0.0049058303080548316, "part_b": 1, "part_a": 3, "type": "ADJ"}, {"dist": 0.00647455075683232, "part_b": 2, "part_a": 3, "type": "ADJ"}, {"dist": 0.004145948872886991, "part_b": 3, "part_a": 4, "type": "ADJ"}]}