{"id": 0, "label": "chair", "box": [-0.02460048533976078, 0.04327679052948952, 0.019778037443757057, 1.3926870822906494, 1.330228328704834, 1.2336219549179077, 0.9999376535415649, 0.005520764738321304, 0.00970806460827589, -0.005525714252144098, 0.999984622001648, 0.0004830565594602376], "children": [{"id": 1, "label": "chair_back", "box": [0.004192202817648649, 0.1893802434206009, -0.3689802587032318, 1.334557294845581, 0.9887358546257019, 0.3991721272468567, 0.999923050403595, -0.00623619370162487, 0.010723392479121685, 0.006413117051124573, 0.9998425841331482, -0.01654432900249958], "children": [{"id": 2, "label": "back_surface", "box": [0.005000407807528973, 0.20363980531692505, -0.36374130845069885, 1.3245388269424438, 1.0322827100753784, 0.35929426550865173, 0.9999850392341614, 0.004501698072999716, 0.003106927964836359, -0.00443789828568697, 0.9997851848602295, -0.02024477906525135], "children": [{"id": 3, "label": "back_single_surface", "box": [0.0026082692202180624, 0.18150202929973602, -0.33983489871025085, 1.3209068775177002, 1.0547375679016113, 0.41019001603126526, 0.9999517798423767, -0.0017706840299069881, 0.00966354738920927, 0.001964295282959938, 0.9997968077659607, -0.02006266452372074]}]}]}, {"id": 6, "label": "chair_arm", "box": [-0.5608202219009399, 0.13390731811523438, 0.17747367918491364, 0.22873537242412567, 0.8300819993019104, 0.7721883654594421, 0.9971393942832947, 0.0667470321059227, 0.03546712175011635, -0.06838539242744446, 0.9965425133705139, 0.04718479514122009], "children": [{"id": 7, "label": "arm_sofa_style", "box": [-0.5473464727401733, 0.10872015357017517, 0.22438567876815796, 0.25904688239097595, 0.8413209915161133, 0.7639572620391846, 0.9951469302177429, 0.07848307490348816, 0.05935514718294144, -0.07868966460227966, 0.9968985319137573, 0.0011474651983007789]}]}, {"id": 4, "label": "chair_arm", "box": [0.5570664405822754, 0.11531493067741394, 0.23571614921092987, 0.21385256946086884, 0.7421903014183044, 0.7458435297012329, 0.9943827390670776, -0.09535843133926392, -0.045933112502098083, 0.09586930274963379, 0.9953528642654419, 0.009045504033565521], "children": [{"id": 5, "label": "arm_sofa_style", "box": [0.5710084438323975, 0.11516537517309189, 0.24663977324962616, 0.241498664021492, 0.7587177753448486, 0.7699663639068604, 0.9955514669418335, -0.08505246788263321, -0.04053900018334389, 0.08565361797809601, 0.9962358474731445, 0.013327150605618954]}]}, {"id": 8, "label": "chair_seat", "box": [-0.0009229236165992916, -0.21030208468437195, 0.09789913892745972, 1.2225857973098755, 0.6072989106178284, 1.1025702953338623, 0.9999869465827942, 0.0049367803148925304, -0.0013088767882436514, -0.004936684854328632, 0.9999878406524658, 7.617507799295709e-05], "children": [{"id": 11, "label": "seat_support", "box": [0.0013867085799574852, -0.28186163306236267, 0.08560364693403244, 1.196494460105896, 0.3638974726200104, 1.1295961141586304, 0.9999685287475586, 0.006988897919654846, 0.003758474485948682, -0.006826373282819986, 0.9991092681884766, -0.04164309799671173]}, {"id": 9, "label": "seat_surface", "box": [-0.0031861201860010624, 0.012911791913211346, 0.18421132862567902, 0.9977237582206726, 0.2377633899450302, 0.9528260231018066, 0.9999414682388306, 0.0004914097371511161, -0.010810507461428642, 0.0006403218721970916, 0.9945313930511475, 0.10443606227636337], "children": [{"id": 10, "label": "seat_single_surface", "box": [-0.008736914955079556, 0.011924485675990582, 0.18578103184700012, 0.9674845933914185, 0.23693019151687622, 0.93231201171875, 0.9998710751533508, 0.0036318625789135695, -0.01564372144639492, -0.0020590464118868113, 0.9950448274612427, 0.09940636157989502]}]}], "edges": [{"part_a": 0, "part_b": 1, "type": "ADJ"}, {"part_a": 1, "part_b": 0, "type": "ADJ"}]}, {"id": 12, "label": "chair_base", "box": [-0.0009454485843889415, -0.5473008751869202, 0.08377745747566223, 1.2116533517837524, 0.14228875935077667, 0.9705557227134705, 0.9999794363975525, -0.006211558356881142, -0.0015984527999535203, 0.006219889968633652, 0.9999668598175049, 0.005260714329779148], "children": [{"id": 13, "label": "foot_base", "box": [-0.0013934066519141197, -0.5474298000335693, 0.09032963961362839, 1.1506510972976685, 0.11798737943172455, 0.9910410046577454, 0.9999688863754272, 0.0073229242116212845, 0.0029390668496489525, -0.007318911608308554, 0.9999722838401794, -0.0013736588880419731], "children": [{"id": 16, "label": "foot", "box": [-0.41788730025291443, -0.5558324456214905, -0.28596946597099304, 0.13833455741405487, 0.09691884368658066, 0.14502179622650146, 0.9976903796195984, -0.014627302996814251, 0.0663323849439621, 0.01180348452180624, 0.9990154504776001, 0.04276461899280548]}, {"id": 15, "label": "foot", "box": [-0.5122625827789307, -0.5476791858673096, 0.48075079917907715, 0.10783795267343521, 0.11149846762418747, 0.12917454540729523, 0.99952232837677, -0.011858545243740082, -0.0285403523594141, 0.011893430724740028, 0.9999287128448486, 0.0010529103456065059]}, {"id": 17, "label": "foot", "box": [0.4567034840583801, -0.5189098715782166, -0.32284364104270935, 0.1322888880968094, 0.1067390888929367, 0.12137871235609055, 0.9999762177467346, 0.006676170974969864, 0.0017390935681760311, -0.006703577935695648, 0.9998453259468079, 0.01626148261129856]}, {"id": 14, "label": "foot", "box": [0.5210301876068115, -0.5420060157775879, 0.4695528447628021, 0.12187441438436508, 0.1195429190993309, 0.11578027904033661, 0.9990643858909607, 0.01063983328640461, -0.04191846027970314, -0.011210078373551369, 0.9998475313186646, -0.013392152264714241]}], "edges": [{"part_a": 0, "part_b": 2, "type": "TRANS_SYM"}, {"part_a": 0, "part_b": 2, "type": "REF_SYM"}, {"part_a": 1, "part_b": 2, "type": "TRANS_SYM"}, {"part_a": 1, "part_b": 2, "type": "REF_SYM"}, {"part_a": 1, "part_b": 3, "type": "TRANS_SYM"}, {"part_a": 1, "part_b": 3, "type": "REF_SYM"}, {"part_a": 2, "part_b": 0, "type": "REF_SYM"}, {"part_a": 2, "part_b": 1, "type": "REF_SYM"}, {"part_a": 2, "part_b": 3, "type": "REF_SYM"}, {"part_a": 3, "part_b": 1, "type": "TRANS_SYM"}, {"part_a": 3, "part_b": 1, "type": "REF_SYM"}, {"part_a": 3, "part_b": 2, "type": "TRANS_SYM"}, {"part_a": 3, "part_b": 2, "type": "REF_SYM"}]}]}], "edges": [{"part_a": 0, "part_b": 1, "type": "ADJ"}, {"part_a": 0, "part_b": 2, "type": "ADJ"}, {"part_a": 0, "part_b": 3, "type": "ADJ"}, {"part_a": 0, "part_b": 4, "type": "ADJ"}, {"part_a": 1, "part_b": 0, "type": "ADJ"}, {"part_a": 1, "part_b": 2, "type": "ROT_SYM"}, {"part_a": 1, "part_b": 2, "type": "REF_SYM"}, {"part_a": 1, "part_b": 3, "type": "ADJ"}, {"part_a": 2, "part_b": 0, "type": "ADJ"}, {"part_a": 2, "part_b": 1, "type": "ROT_SYM"}, {"part_a": 2, "part_b": 1, "type": "REF_SYM"}, {"part_a": 2, "part_b": 3, "type": "ADJ"}, {"part_a": 3, "part_b": 0, "type": "ADJ"}, {"part_a": 3, "part_b": 1, "type": "ADJ"}, {"part_a": 3, "part_b": 2, "type": "ADJ"}, {"part_a": 3, "part_b": 4, "type": "ADJ"}, {"part_a": 4, "part_b": 0, "type": "ADJ"}, {"part_a": 4, "part_b": 3, "type": "ADJ"}]}