{"id": 0, "label": "chair", "box": [0.02175728604197502, 0.0007596971117891371, 0.12381459027528763, 0.5962734222412109, 0.893881618976593, 1.6725090742111206, -1.0, -0.00012782921839971095, 4.957868213750771e-07, -2.484197239027708e-06, 0.015555678866803646, -0.999879002571106], "children": [{"id": 1, "label": "chair_back", "box": [0.01138050016015768, 0.34548699855804443, -0.14120633900165558, 0.3208143711090088, 0.5754411816596985, 0.998241126537323, -1.1042167898267508e-05, -0.029140740633010864, -0.9995753169059753, 1.0, -5.38047402187658e-07, -1.1031173926312476e-05], "children": [{"id": 2, "label": "back_surface", "box": [0.01138050016015768, 0.34548699855804443, -0.14120633900165558, 0.3208143711090088, 0.5754411816596985, 0.998241126537323, -1.1042167898267508e-05, -0.029140740633010864, -0.9995753169059753, 1.0, -5.38047402187658e-07, -1.1031173926312476e-05], "children": [{"id": 3, "label": "back_single_surface", "box": [0.01138050016015768, 0.34548699855804443, -0.14120633900165558, 0.3208143711090088, 0.5754411816596985, 0.998241126537323, -1.1042167898267508e-05, -0.029140740633010864, -0.9995753169059753, 1.0, -5.38047402187658e-07, -1.1031173926312476e-05]}]}]}, {"id": 4, "label": "chair_arm", "box": [0.2852621376514435, 0.09532076120376587, 0.13156555593013763, 0.0741831585764885, 0.21746723353862762, 0.5833238959312439, 0.9992907643318176, -0.030967188999056816, -0.021424902603030205, 0.03765618056058884, 0.8228738903999329, 0.5669748783111572], "children": [{"id": 5, "label": "arm_near_vertical_bar", "box": [0.2865677773952484, 0.01313769444823265, 0.2529964745044708, 0.03752044960856438, 0.07500941306352615, 0.3472003936767578, 0.003660007147118449, -0.35638463497161865, -0.9343321323394775, 0.9995318055152893, -0.027078133076429367, 0.014243890531361103]}, {"id": 6, "label": "arm_horizontal_bar", "box": [0.2914051115512848, 0.1812329739332199, 0.030957141891121864, 0.05343259498476982, 0.06039037927985191, 0.35723140835762024, 0.1571224480867386, 0.9874684810638428, -0.014782188460230827, -0.9875558614730835, 0.15720389783382416, 0.004513115156441927]}], "edges": [{"type": "ADJ", "part_a": 1, "part_b": 0, "dist": 0.012250330274384002}]}, {"id": 7, "label": "chair_seat", "box": [0.013025254011154175, -0.2511504888534546, 0.11392246931791306, 0.23672956228256226, 0.5787420868873596, 0.8242225646972656, -0.00010812528489623219, 0.9999980926513672, 0.0019593057222664356, -1.0, -0.000108125495899003, 6.123234262925839e-17], "children": [{"id": 8, "label": "seat_surface", "box": [0.013025254011154175, -0.2511504888534546, 0.11392246931791306, 0.23672956228256226, 0.5787420868873596, 0.8242225646972656, -0.00010812528489623219, 0.9999980926513672, 0.0019593057222664356, -1.0, -0.000108125495899003, 6.123234262925839e-17], "children": [{"id": 9, "label": "seat_single_surface", "box": [0.013025254011154175, -0.2511504888534546, 0.11392246931791306, 0.23672956228256226, 0.5787420868873596, 0.8242225646972656, -0.00010812528489623219, 0.9999980926513672, 0.0019593057222664356, -1.0, -0.000108125495899003, 6.123234262925839e-17]}]}]}, {"id": 10, "label": "chair_base", "box": [0.02123689465224743, -0.48152193427085876, 0.11596976965665817, 0.5960655212402344, 0.7078778147697449, 0.8938808441162109, 0.9999992251396179, 3.9923619624460116e-05, -0.001236993120983243, -2.0676538042607717e-05, 0.999879002571106, 0.01555567979812622], "children": [{"id": 11, "label": "regular_leg_base", "box": [0.02123689465224743, -0.48152193427085876, 0.11596976965665817, 0.5960655212402344, 0.7078778147697449, 0.8938808441162109, 0.9999992251396179, 3.9923619624460116e-05, -0.001236993120983243, -2.0676538042607717e-05, 0.999879002571106, 0.01555567979812622], "children": [{"id": 12, "label": "leg", "box": [0.24097982048988342, -0.5801692605018616, -0.29229286313056946, 0.045708928257226944, 0.04987303167581558, 0.4995931088924408, -0.014725512824952602, 0.12997955083847046, -0.9914073348045349, 0.9998815059661865, 0.006369121838361025, -0.014016350731253624]}, {"id": 13, "label": "leg", "box": [-0.24768278002738953, -0.5784346461296082, -0.2861482799053192, 0.05056697130203247, 0.05723497271537781, 0.5041148066520691, -0.0007608121377415955, 0.10318424552679062, -0.9946619868278503, -0.9999997019767761, -0.0002319866616744548, 0.0007408291567116976]}, {"id": 14, "label": "leg", "box": [-0.2546287775039673, -0.596097469329834, 0.5147913694381714, 0.0386408269405365, 0.05179521441459656, 0.4938879609107971, -0.03999293968081474, -0.11094046384096146, -0.9930220246315002, 0.9990677237510681, -0.020608611404895782, -0.03793402761220932]}, {"id": 15, "label": "leg", "box": [0.1796642243862152, -0.46382936835289, 0.4482242465019226, 0.12454362213611603, 0.280031681060791, 0.7051588892936707, -0.001186557812616229, -0.25324904918670654, -0.9674003720283508, -0.9999992251396179, -3.9923619624460116e-05, 0.001236993120983243]}], "edges": [{"type": "REF_SYM", "part_a": 1, "part_b": 0, "params": [-0.005472354590892792, -0.5888029336929321, -0.29273712635040283, 0.999855101108551, -0.016781579703092575, -0.0028550694696605206], "dist": 0.01798674271542589}, {"type": "TRANS_SYM", "part_a": 1, "part_b": 0, "params": [0.4976615309715271, -0.00835275650024414, -0.0014210641384124756], "dist": 0.015177229197597557}, {"type": "ROT_SYM", "part_a": 1, "part_b": 0, "params": [0.002186883706599474, 0.06470641493797302, 2.4792120456695557, -0.016941996291279793, -0.9917835593223572, -0.12680071592330933, 0.1861071139574051], "dist": 0.017227565480450357}, {"type": "REF_SYM", "part_a": 2, "part_b": 0, "params": [-0.0057273730635643005, -0.5960173606872559, 0.11038576066493988, 0.5249622464179993, 0.006402857601642609, -0.8511014580726624], "dist": 0.038000216530760626}, {"type": "ROT_SYM", "part_a": 2, "part_b": 0, "params": [-0.001768765039741993, -0.5858412384986877, 0.11180829256772995, 0.010137359611690044, 0.999928891658783, -0.00628105690702796, 3.1244678497314453], "dist": 0.04559949566511182}, {"type": "REF_SYM", "part_a": 2, "part_b": 1, "params": [-0.25455814599990845, -0.5918409824371338, 0.11109629273414612, 0.000632505863904953, 0.017893478274345398, -0.9998396635055542], "dist": 0.01935947350606926}, {"type": "ROT_SYM", "part_a": 2, "part_b": 1, "params": [-1.5160691738128662, 1.851407527923584, 0.14989352226257324, 0.7332625985145569, 0.6798482537269592, 0.011500615626573563, 0.30202916264533997], "dist": 0.015962334167911887}]}]}], "edges": [{"type": "ADJ", "part_a": 1, "part_b": 0, "dist": 0.01630116643414306}, {"type": "ADJ", "part_a": 2, "part_b": 0, "dist": 0.014278921355211542}, {"type": "ADJ", "part_a": 2, "part_b": 1, "dist": 0.03546818891284178}, {"type": "ADJ", "part_a": 3, "part_b": 1, "dist": 0.015375038979953673}, {"type": "ADJ", "part_a": 3, "part_b": 2, "dist": 0.006138955191658412}]}