{"id": 0, "label": "chair", "box": [-0.003138984553515911, -0.026925861835479736, 0.05515529215335846, 1.170541763305664, 1.2897746562957764, 1.155502438545227, 0.9998770952224731, -0.006459749769419432, -0.014285826124250889, 0.006544291973114014, 0.9999613165855408, 0.005879109725356102], "children": [{"id": 1, "label": "chair_back", "box": [0.0008930431213229895, 0.21091584861278534, -0.35728561878204346, 0.9941679239273071, 0.9153318405151367, 0.24570101499557495, 0.9999740123748779, 0.007123589515686035, -0.0011223535984754562, -0.0071079242043197155, 0.9473283290863037, -0.3201851546764374], "children": [{"id": 2, "label": "back_surface", "box": [-0.007079196162521839, 0.21484306454658508, -0.30245229601860046, 0.9138178825378418, 0.6040979623794556, 0.20438989996910095, 0.9998452067375183, -0.0160946324467659, -0.007111488375812769, 0.012800204567611217, 0.9426103234291077, -0.33364957571029663], "children": [{"id": 3, "label": "back_single_surface", "box": [0.009995872154831886, 0.24857068061828613, -0.3085727393627167, 0.971707284450531, 0.6883410215377808, 0.24214857816696167, 0.9998598694801331, -0.014396732673048973, -0.008545600809156895, 0.010494668036699295, 0.9366605877876282, -0.350081205368042]}]}, {"id": 0, "label": "back_support", "box": [-0.0015840536216273904, 0.16526839137077332, -0.38069120049476624, 1.0176478624343872, 0.8443452715873718, 0.22006437182426453, 0.9999651312828064, -0.0023721803445369005, -0.008008196949958801, 0.0004430216213222593, 0.9725332260131836, -0.23276376724243164]}], "edges": [{"part_a": 1, "part_b": 0, "type": "ADJ"}]}, {"id": 11, "label": "chair_arm", "box": [0.5110461711883545, 0.029160695150494576, 0.08863764256238937, 0.11716119945049286, 0.6066586971282959, 0.9989851117134094, 0.9999076724052429, -0.012665445916354656, -0.004930525086820126, 0.012620305642485619, 0.9998791217803955, -0.00908093061298132], "children": [{"id": 12, "label": "arm_horizontal_bar", "box": [0.5278134346008301, 0.2825925350189209, 0.07164131104946136, 0.10679316520690918, 0.16757039725780487, 0.9921280145645142, 0.9996668100357056, -0.015160184353590012, -0.020891139283776283, 0.015145097859203815, 0.9998849630355835, -0.0008802379597909749]}, {"id": 0, "label": "arm_near_vertical_bar", "box": [0.5164757370948792, -0.0039608413353562355, -0.3994758129119873, 0.08675284683704376, 0.5164801478385925, 0.11540829390287399, 0.9999554753303528, -0.00818912498652935, -0.004688674118369818, 0.008173518814146519, 0.9999610185623169, -0.0033380058594048023]}, {"id": 15, "label": "arm_near_vertical_bar", "box": [0.5138733386993408, 0.01620551198720932, 0.5641041994094849, 0.09579329192638397, 0.5058764815330505, 0.10442100465297699, 0.998989462852478, -0.0161863025277853, 0.041930075734853745, 0.017883598804473877, 0.9990225434303284, -0.040425531566143036]}], "edges": [{"part_a": 0, "part_b": 1, "type": "ADJ"}, {"part_a": 0, "part_b": 2, "type": "ADJ"}, {"part_a": 1, "part_b": 0, "type": "ADJ"}, {"part_a": 2, "part_b": 0, "type": "ADJ"}, {"part_a": 2, "part_b": 1, "type": "ROT_SYM"}, {"part_a": 2, "part_b": 1, "type": "TRANS_SYM"}, {"part_a": 2, "part_b": 1, "type": "REF_SYM"}]}, {"id": 6, "label": "chair_arm", "box": [-0.5173949599266052, 0.045957230031490326, 0.07378072291612625, 0.12431292235851288, 0.6816728711128235, 1.0115963220596313, 0.9993643760681152, 0.03396114334464073, 0.010841093957424164, -0.03391484543681145, 0.9994149208068848, -0.004425995051860809], "children": [{"id": 10, "label": "arm_near_vertical_bar", "box": [-0.5130642652511597, 0.05208572745323181, 0.5377544164657593, 0.08240441232919693, 0.49157893657684326, 0.08354254812002182, 0.9990320205688477, 0.007364398799836636, 0.04336777329444885, -0.007073418702930212, 0.9999514818191528, -0.006859223358333111]}, {"id": 0, "label": "arm_near_vertical_bar", "box": [-0.47771820425987244, 0.029999932274222374, -0.36390969157218933, 0.09150493890047073, 0.5453416109085083, 0.10724253207445145, 0.9999138116836548, 0.01274245698004961, -0.003173188306391239, -0.012796683236956596, 0.9997614622116089, -0.017699334770441055]}, {"id": 9, "label": "arm_horizontal_bar", "box": [-0.5229609608650208, 0.28286483883857727, 0.08554316312074661, 0.11287178844213486, 0.14226144552230835, 1.0168287754058838, 0.9998303055763245, 0.009424851275980473, 0.015830686315894127, -0.009543641470372677, 0.999926745891571, 0.007445177063345909]}], "edges": [{"part_a": 0, "part_b": 2, "type": "ADJ"}, {"part_a": 1, "part_b": 2, "type": "ADJ"}, {"part_a": 2, "part_b": 0, "type": "ADJ"}, {"part_a": 2, "part_b": 1, "type": "ADJ"}]}, {"id": 16, "label": "chair_seat", "box": [0.005238427314907312, -0.14634650945663452, 0.15139122307300568, 0.9649162888526917, 0.28394025564193726, 0.9608858823776245, 0.9999691843986511, 0.001463497756049037, -0.007716716267168522, -0.0015951534733176231, 0.9998528361320496, -0.01708265393972397], "children": [{"id": 19, "label": "seat_support", "box": [0.003824535757303238, -0.23090001940727234, 0.10611417144536972, 1.013587236404419, 0.27749335765838623, 0.9752476215362549, 0.9999099373817444, 0.003726761322468519, -0.012896050699055195, -0.00388866919092834, 0.9999136924743652, -0.01255263201892376]}, {"id": 17, "label": "seat_surface", "box": [0.011114264838397503, -0.07145079225301743, 0.17923004925251007, 0.9284864068031311, 0.2210954874753952, 0.8817234039306641, 0.9999994039535522, 0.0009509081719443202, -0.0006119647296145558, -0.0009585635852999985, 0.9999197721481323, -0.01263331901282072], "children": [{"id": 18, "label": "seat_single_surface", "box": [0.0017737075686454773, -0.08574534952640533, 0.18421372771263123, 0.9377767443656921, 0.187741219997406, 0.8722403049468994, 0.9999875426292419, 0.003738527651876211, -0.0033125276677310467, -0.0037746354937553406, 0.9999328255653381, -0.010961977764964104]}]}], "edges": [{"part_a": 0, "part_b": 1, "type": "ADJ"}, {"part_a": 1, "part_b": 0, "type": "ADJ"}]}, {"id": 20, "label": "chair_base", "box": [0.0014773801667615771, -0.356993705034256, 0.08155736327171326, 1.0791102647781372, 0.45638588070869446, 1.0482771396636963, 0.9999867677688599, -0.004806315526366234, 0.0018558966694399714, 0.004810319747775793, 0.9999861121177673, -0.002159197349101305], "children": [{"id": 0, "label": "regular_leg_base", "box": [0.000955009541939944, -0.4203626811504364, 0.09951034933328629, 1.0482556819915771, 0.4461085796356201, 0.9755045175552368, 0.9999998807907104, 0.00037059333408251405, 0.00026987015735358, -0.0003710626042447984, 0.9999983906745911, 0.001740858773700893], "children": [{"id": 0, "label": "leg", "box": [0.5054048895835876, -0.38661497831344604, 0.43675705790519714, 0.11602549254894257, 0.45193764567375183, 0.17559605836868286, 0.9994050860404968, 0.03167093172669411, 0.013654380105435848, -0.031167542561888695, 0.9988791346549988, -0.03562464192509651]}, {"id": 0, "label": "leg", "box": [-0.47613635659217834, -0.3726392984390259, 0.4342097043991089, 0.1180453673005104, 0.45859295129776, 0.16232678294181824, 0.9996591806411743, -0.02609468623995781, 0.0007870657136663795, 0.026097513735294342, 0.9980654716491699, -0.05642864853143692]}, {"id": 0, "label": "leg", "box": [0.5099146962165833, -0.3845856189727783, -0.2239823043346405, 0.09659919142723083, 0.4086655080318451, 0.1989264190196991, 0.9977703094482422, 0.0403306744992733, -0.05317789688706398, -0.03598261997103691, 0.9961186647415161, 0.08032944053411484]}, {"id": 0, "label": "leg", "box": [-0.47823625802993774, -0.4317166805267334, -0.25013694167137146, 0.11235484480857849, 0.38488441705703735, 0.20850393176078796, 0.9993382096290588, -0.03472600504755974, -0.010831683874130249, 0.03597702831029892, 0.9875262975692749, 0.15328887104988098]}], "edges": [{"part_a": 0, "part_b": 1, "type": "ROT_SYM"}, {"part_a": 0, "part_b": 1, "type": "TRANS_SYM"}, {"part_a": 0, "part_b": 1, "type": "REF_SYM"}, {"part_a": 1, "part_b": 0, "type": "ROT_SYM"}, {"part_a": 1, "part_b": 0, "type": "TRANS_SYM"}, {"part_a": 1, "part_b": 0,