{"id": 0, "label": "chair", "box": [0.002126865554600954, 0.005607341416180134, 0.09242916107177734, 0.7936009168624878, 1.5710325241088867, 0.8157746195793152, 0.9998424649238586, -0.0007657654932700098, 0.01773235946893692, 0.0013724177842959762, 0.9994131922721863, -0.0342247448861599], "children": [{"id": 1, "label": "chair_back", "box": [0.00281684473156929, 0.42708635330200195, -0.255708247423172, 0.7882784605026245, 0.7817522287368774, 0.15717734396457672, 0.9999792575836182, 0.005027934908866882, -0.004023953806608915, -0.005087628494948149, 0.9998751282691956, -0.014964309521019459], "children": [{"id": 2, "label": "back_surface", "box": [-0.0018082595197483897, 0.4107009172439575, -0.25192001461982727, 0.7492672204971313, 0.694778323173523, 0.12821818888187408, 0.9999574422836304, -0.0030011062044650316, -0.008727402426302433, 0.0027086094487458467, 0.9994405508041382, -0.03333555907011032], "children": [{"id": 3, "label": "back_single_surface", "box": [-0.011391631327569485, 0.43286946415901184, -0.2482183873653412, 0.7389603853225708, 0.7142495512962341, 0.11166759580373764, 0.9999661445617676, 0.008126657456159592, -0.0012897432316094637, -0.008181510493159294, 0.9986856579780579, -0.05059681087732315]}]}]}, {"id": 4, "label": "chair_seat", "box": [0.001967736752703786, -0.026005364954471588, 0.09590430557727814, 0.8730185031890869, 0.1419661045074463, 0.8254371881484985, 0.9999993443489075, -0.00012808693281840533, 0.0011314564617350698, 0.00010760100121842697, 0.9998364448547363, 0.018087351694703102], "children": [{"id": 5, "label": "seat_surface", "box": [0.0018727720016613603, -0.05393662303686142, 0.1041940450668335, 0.854038417339325, 0.14478710293769836, 0.8509646058082581, 0.9999781847000122, -0.002033198717981577, -0.006288200616836548, 0.002119967946782708, 0.9999022483825684, 0.013822969049215317], "children": [{"id": 6, "label": "seat_single_surface", "box": [-0.0021491465158760548, -0.04823749139904976, 0.11344471573829651, 0.8326945304870605, 0.13552232086658478, 0.8281450271606445, 0.999991238117218, -0.0009324699058197439, -0.004081412218511105, 0.0010157310171052814, 0.9997904300689697, 0.02044578269124031]}]}]}, {"id": 7, "label": "chair_base", "box": [-0.01514860987663269, -0.46058332920074463, 0.11879011243581772, 0.7637849450111389, 0.7214773297309875, 0.7709065675735474, 0.9998862743377686, 0.009084855206310749, 0.012037837877869606, -0.008423304185271263, 0.9985102415084839, -0.053911302238702774], "children": [{"id": 8, "label": "regular_leg_base", "box": [-0.012561952695250511, -0.429635614156723, 0.11666622012853622, 0.8138167262077332, 0.7318915128707886, 0.769748330116272, 0.9989804029464722, -0.005567595828324556, -0.0448024645447731, 0.00012760527897626162, 0.992711067199707, -0.1205187737941742], "children": [{"id": 0, "label": "runner", "box": [0.3674905002117157, -0.7932128310203552, 0.04845414310693741, 0.1111396849155426, 0.13164670765399933, 0.5142318606376648, 0.9933443665504456, 0.09416256099939346, -0.06633499264717102, -0.09307009726762772, 0.9954709410667419, 0.019378013908863068]}, {"id": 10, "label": "leg", "box": [-0.34029966592788696, -0.4780869483947754, 0.29224470257759094, 0.10232312977313995, 0.7759966850280762, 0.18381226062774658, 0.9914525151252747, -0.031109245494008064, 0.1267048865556717, 0.06951907277107239, 0.9477729797363281, -0.3112773001194]}, {"id": 11, "label": "leg", "box": [0.27249276638031006, -0.5071219205856323, -0.08528827130794525, 0.1586761474609375, 0.6397479772567749, 0.14385202527046204, 0.9812731742858887, 0.0037760089617222548, 0.1925843060016632, -0.08912797272205353, 0.8952397108078003, 0.43658000230789185]}, {"id": 0, "label": "leg", "box": [-0.325079083442688, -0.42914608120918274, 0.009640064090490341, 0.11138511449098587, 0.6485514044761658, 0.2694045901298523, 0.9970612525939941, -0.06368417292833328, 0.0425812266767025, 0.044495563954114914, 0.9338775277137756, 0.35481393337249756]}, {"id": 9, "label": "leg", "box": [0.3342466950416565, -0.44211283326148987, 0.24454542994499207, 0.125207781791687, 0.8320382237434387, 0.16597791016101837, 0.9827719926834106, 0.021821197122335434, -0.18352943658828735, -0.08049994707107544, 0.9444049596786499, -0.3187774419784546]}], "edges": [{"part_a": 1, "part_b": 4, "type": "ROT_SYM"}, {"part_a": 1, "part_b": 4, "type": "TRANS_SYM"}, {"part_a": 1, "part_b": 4, "type": "REF_SYM"}, {"part_a": 2, "part_b": 3, "type": "ROT_SYM"}, {"part_a": 2, "part_b": 3, "type": "TRANS_SYM"}, {"part_a": 2, "part_b": 3, "type": "REF_SYM"}, {"part_a": 2, "part_b": 4, "type": "ROT_SYM"}, {"part_a": 3, "part_b": 2, "type": "ROT_SYM"}, {"part_a": 3, "part_b": 2, "type": "TRANS_SYM"}, {"part_a": 3, "part_b": 2, "type": "REF_SYM"}, {"part_a": 4, "part_b": 1, "type": "ROT_SYM"}, {"part_a": 4, "part_b": 1, "type": "TRANS_SYM"}, {"part_a": 4, "part_b": 1, "type": "REF_SYM"}]}]}], "edges": [{"part_a": 0, "part_b": 1, "type": "ADJ"}, {"part_a": 1, "part_b": 0, "type": "ADJ"}, {"part_a": 1, "part_b": 2, "type": "ADJ"}, {"part_a": 2, "part_b": 1, "type": "ADJ"}]}