{"id": 0, "label": "chair", "box": [0.012437524273991585, 0.17089411616325378, 0.12626080214977264, 1.017021656036377, 1.017114520072937, 1.3899339437484741, 3.2377825846197084e-05, -3.327024751342833e-05, -1.0, -1.0, 4.843349610261782e-10, -3.2377825846197084e-05], "children": [{"id": 1, "label": "chair_back", "box": [0.01258300244808197, 0.17093250155448914, -0.31701651215553284, 0.13039901852607727, 1.0167959928512573, 1.3898251056671143, -6.123234262925839e-17, 6.123234262925839e-17, 1.0, 1.0, 0.0, 6.123234262925839e-17], "children": [{"id": 2, "label": "back_surface", "box": [0.01258300244808197, 0.17093250155448914, -0.31701651215553284, 0.13039901852607727, 1.0167959928512573, 1.3898251056671143, -6.123234262925839e-17, 6.123234262925839e-17, 1.0, 1.0, 0.0, 6.123234262925839e-17], "children": [{"id": 3, "label": "back_single_surface", "box": [0.01258300244808197, 0.17093250155448914, -0.31701651215553284, 0.13039901852607727, 1.0167959928512573, 1.3898251056671143, -6.123234262925839e-17, 6.123234262925839e-17, 1.0, 1.0, 0.0, 6.123234262925839e-17]}]}]}, {"id": 4, "label": "chair_arm", "box": [-0.43434712290763855, 0.09244824945926666, 0.13861924409866333, 0.13283401727676392, 0.5137163996696472, 0.9932993054389954, 0.999944806098938, -1.2245792222982855e-16, -0.010503816418349743, 1.4457675206358545e-05, 0.9999990463256836, 0.0013763451715931296], "children": [{"id": 5, "label": "arm_sofa_style", "box": [-0.43434712290763855, 0.09244824945926666, 0.13861924409866333, 0.13283401727676392, 0.5137163996696472, 0.9932993054389954, 0.999944806098938, -1.2245792222982855e-16, -0.010503816418349743, 1.4457675206358545e-05, 0.9999990463256836, 0.0013763451715931296]}]}, {"id": 6, "label": "chair_arm", "box": [0.4669036269187927, 0.0822201743721962, 0.13012614846229553, 0.11399578303098679, 0.5512475967407227, 1.0092499256134033, -0.9999087452888489, 0.013510029762983322, -3.233550160075538e-05, -0.013510030694305897, -0.9999087452888489, 1.4962514796934556e-05], "children": [{"id": 7, "label": "arm_sofa_style", "box": [0.4669036269187927, 0.0822201743721962, 0.13012614846229553, 0.11399578303098679, 0.5512475967407227, 1.0092499256134033, -0.9999087452888489, 0.013510029762983322, -3.233550160075538e-05, -0.013510030694305897, -0.9999087452888489, 1.4962514796934556e-05]}]}, {"id": 8, "label": "chair_seat", "box": [0.008586007170379162, -0.09250656515359879, 0.1582615077495575, 0.16270671784877777, 0.9189940690994263, 0.9529849886894226, -0.030939850956201553, 0.9995212554931641, 0.0, 0.9995212554931641, 0.030939850956201553, 0.0], "children": [{"id": 9, "label": "seat_surface", "box": [0.0014074891805648804, -0.06330600380897522, 0.1580055058002472, 0.07676000148057938, 0.906885027885437, 0.9391430020332336, 0.0, -1.0, 0.0, -1.0, 0.0, 0.0], "children": [{"id": 10, "label": "seat_single_surface", "box": [0.0014074891805648804, -0.06330600380897522, 0.1580055058002472, 0.07676000148057938, 0.906885027885437, 0.9391430020332336, 0.0, -1.0, 0.0, -1.0, 0.0, 0.0]}]}, {"id": 11, "label": "seat_support", "box": [0.012991285882890224, -0.12168296426534653, 0.1574762761592865, 0.12903393805027008, 0.912855863571167, 0.9539945721626282, -0.03186166286468506, 0.9990981221199036, 0.02806662768125534, 0.9994922876358032, 0.031849078834056854, 0.0008954218355938792]}], "edges": [{"type": "ADJ", "part_a": 1, "dist": 0.01012421023660711, "part_b": 0}]}, {"id": 12, "label": "chair_base", "box": [0.012439101934432983, -0.3186507225036621, 0.12992388010025024, 0.41063767671585083, 1.0089930295944214, 1.0172301530838013, 0.00013870069233234972, -0.9999998807907104, 0.0004814582644030452, -0.00010935668251477182, 0.0004814431013073772, 0.9999998807907104]}], "edges": [{"type": "ADJ", "part_a": 1, "dist": 0.00976427752121564, "part_b": 0}, {"type": "ADJ", "part_a": 2, "dist": 0.009403675189870632, "part_b": 0}, {"type": "ADJ", "part_a": 3, "dist": 0.014245344928128144, "part_b": 0}, {"type": "ADJ", "part_a": 3, "dist": 0.003770437166037963, "part_b": 1}, {"type": "ADJ", "part_a": 3, "dist": 0.012624601346689345, "part_b": 2}, {"type": "ADJ", "part_a": 4, "dist": 0.012872989277199577, "part_b": 0}, {"type": "ADJ", "part_a": 4, "dist": 0.0165411039330835, "part_b": 1}, {"type": "ADJ", "part_a": 4, "dist": 0.003234147148319216, "part_b": 2}, {"type": "ADJ", "part_a": 4, "dist": 0.005015959427750509, "part_b": 3}, {"params": [0.011338919401168823, 0.10423485934734344, 0.1525804102420807, -0.9998759627342224, -0.005416749976575375, 0.01479129958897829], "type": "REF_SYM", "part_a": 2, "dist": 0.027507826624856256, "part_b": 1}, {"params": [-0.961743175983429, -0.005210168659687042, 0.01422719657421112], "type": "TRANS_SYM", "part_a": 2, "dist": 0.031280408580190294, "part_b": 1}, {"params": [0.011331191286444664, 0.1043342724442482, 0.15219423174858093, -0.02781274914741516, -0.9995874166488647, 0.007175386417657137, 3.1399731636047363], "type": "ROT_SYM", "part_a": 2, "dist": 0.029651171987111907, "part_b": 1}]}