{"id": 0, "label": "chair", "box": [0.01010486576706171, 0.06335736066102982, 0.03524460643529892, 1.2079230546951294, 1.2849873304367065, 1.16718590259552, 0.9999395608901978, -0.002865518443286419, 0.010613981634378433, 0.0029001731891185045, 0.9999905228614807, -0.003251072019338608], "children": [{"id": 1, "label": "chair_back", "box": [-0.00538620725274086, 0.20213283598423004, -0.29392382502555847, 1.1953469514846802, 0.8884430527687073, 0.478232204914093, 0.999942421913147, -0.00510752946138382, 0.009438387118279934, 0.00574825145304203, 0.9975894689559937, -0.06915406882762909], "children": [{"id": 2, "label": "back_surface", "box": [-0.0070153591223061085, 0.228475421667099, -0.28499287366867065, 1.1448673009872437, 0.8754990100860596, 0.3870358169078827, 0.9999949336051941, -0.003180450526997447, -0.00014200479199644178, 0.003165293950587511, 0.9980282783508301, -0.06268617510795593], "children": [{"id": 3, "label": "back_single_surface", "box": [-7.90916383266449e-05, 0.2009098380804062, -0.3010314404964447, 1.1144932508468628, 0.89556485414505, 0.3817623555660248, 0.9999731779098511, 0.0035779012832790613, 0.0063895187340676785, -0.003202260471880436, 0.9983194470405579, -0.05786252021789551]}]}]}, {"id": 4, "label": "chair_arm", "box": [-0.46798738837242126, 0.08256208896636963, 0.1352086216211319, 0.300049364566803, 0.7254874110221863, 0.9294507503509521, 0.9942677021026611, 0.07921607047319412, 0.07180926948785782, -0.07823359966278076, 0.9968001842498779, -0.016396889463067055], "children": [{"id": 5, "label": "arm_sofa_style", "box": [-0.4833282232284546, 0.0735815018415451, 0.14639464020729065, 0.26341667771339417, 0.7574001550674438, 0.8953519463539124, 0.9944727420806885, 0.08488177508115768, 0.061798300594091415, -0.08386832475662231, 0.996299147605896, -0.018817348405718803]}]}, {"id": 6, "label": "chair_arm", "box": [0.4639640748500824, 0.0694403275847435, 0.1534200757741928, 0.2883695065975189, 0.778723418712616, 0.9194619655609131, 0.996368408203125, -0.07652487605810165, -0.037336159497499466, 0.0760595053434372, 0.997008740901947, -0.013731541112065315], "children": [{"id": 7, "label": "arm_sofa_style", "box": [0.44938814640045166, 0.06217602267861366, 0.15905416011810303, 0.29957008361816406, 0.779603898525238, 0.8873085379600525, 0.9955964088439941, -0.0848502516746521, -0.039853159338235855, 0.08476151525974274, 0.996393620967865, -0.003914118278771639]}]}, {"id": 8, "label": "chair_seat", "box": [0.008782765828073025, -0.08637546002864838, 0.15869125723838806, 0.9138513207435608, 0.30271461606025696, 0.912822425365448, 0.9999931454658508, 0.0025894916616380215, 0.0026456175837665796, -0.0026708634104579687, 0.9995086193084717, 0.03123123198747635], "children": [{"id": 11, "label": "seat_support", "box": [-0.0013517785118892789, -0.14350098371505737, 0.14944542944431305, 0.9030914902687073, 0.22572742402553558, 0.850038468837738, 0.999912440776825, 0.004838383290916681, -0.012317115440964699, -0.004922168329358101, 0.9999648928642273, -0.006781141273677349]}, {"id": 9, "label": "seat_surface", "box": [0.0014804330421611667, 0.0012556619476526976, 0.1668662577867508, 0.8503181338310242, 0.16978244483470917, 0.8219184279441833, 0.9999083876609802, -0.004960065241903067, -0.012596827931702137, 0.0051151784136891365, 0.9999111294746399, 0.012311502359807491], "children": [{"id": 10, "label": "seat_single_surface", "box": [0.002399778924882412, -0.001777071040123701, 0.17106489837169647, 0.8721192479133606, 0.16456446051597595, 0.8055581450462341, 0.9999828934669495, 0.004565727896988392, -0.0036551901139318943, -0.004501665011048317, 0.9998394250869751, 0.017347143962979317]}]}], "edges": [{"part_a": 0, "part_b": 1, "type": "ADJ"}, {"part_a": 1, "part_b": 0, "type": "ADJ"}]}, {"id": 12, "label": "chair_base", "box": [0.0009099633898586035, -0.3117174804210663, 0.036274995654821396, 1.1424192190170288, 0.36413007974624634, 1.104364037513733, 0.9990953803062439, -0.004912284202873707, -0.042241230607032776, 0.0030907203909009695, 0.9990668296813965, -0.04308054968714714]}], "edges": [{"part_a": 0, "part_b": 1, "type": "ADJ"}, {"part_a": 0, "part_b": 2, "type": "ADJ"}, {"part_a": 0, "part_b": 3, "type": "ADJ"}, {"part_a": 0, "part_b": 4, "type": "ADJ"}, {"part_a": 1, "part_b": 0, "type": "ADJ"}, {"part_a": 1, "part_b": 2, "type": "ROT_SYM"}, {"part_a": 1, "part_b": 2, "type": "REF_SYM"}, {"part_a": 1, "part_b": 3, "type": "ADJ"}, {"part_a": 1, "part_b": 4, "type": "ADJ"}, {"part_a": 2, "part_b": 0, "type": "ADJ"}, {"part_a": 2, "part_b": 1, "type": "ROT_SYM"}, {"part_a": 2, "part_b": 1, "type": "REF_SYM"}, {"part_a": 2, "part_b": 3, "type": "ADJ"}, {"part_a": 2, "part_b": 4, "type": "ADJ"}, {"part_a": 3, "part_b": 0, "type": "ADJ"}, {"part_a": 3, "part_b": 1, "type": "ADJ"}, {"part_a": 3, "part_b": 2, "type": "ADJ"}, {"part_a": 3, "part_b": 4, "type": "ADJ"}, {"part_a": 4, "part_b": 0, "type": "ADJ"}, {"part_a": 4, "part_b": 1, "type": "ADJ"}, {"part_a": 4, "part_b": 2, "type": "ADJ"}, {"part_a": 4, "part_b": 3, "type": "ADJ"}]}