{"id": 0, "label": "chair", "box": [0.006117749959230423, 0.04368121176958084, 0.05556970834732056, 1.2687054872512817, 1.2345318794250488, 1.1141283512115479, 0.9999558925628662, 0.00030134720145724714, -0.009388608857989311, -0.00027191347908228636, 0.9999950528144836, 0.0031361656729131937], "children": [{"id": 1, "label": "chair_back", "box": [-0.0032541395630687475, 0.20090094208717346, -0.21806439757347107, 1.2713502645492554, 0.9180314540863037, 0.5074266195297241, 0.9999749660491943, 0.003874036017805338, -0.005925010424107313, -0.0041243997402489185, 0.9990732669830322, -0.04284391924738884], "children": [{"id": 2, "label": "back_surface", "box": [0.02912108227610588, 0.20297345519065857, -0.21448087692260742, 1.3985605239868164, 0.9914672374725342, 0.7008498907089233, 0.9996861219406128, -0.011268856935203075, 0.022375112399458885, 0.01196323148906231, 0.9994432926177979, -0.031145917251706123], "children": [{"id": 3, "label": "back_single_surface", "box": [0.002677819924429059, 0.21086685359477997, -0.23680627346038818, 1.3031824827194214, 0.9551721215248108, 0.6327396035194397, 0.9998347759246826, 0.010282961651682854, 0.014990599825978279, -0.009601517580449581, 0.9989479184150696, -0.04484224319458008]}]}]}, {"id": 6, "label": "chair_arm", "box": [-0.49641692638397217, 0.16425243020057678, 0.1387178599834442, 0.12443229556083679, 0.390854150056839, 0.6186200380325317, 0.9897652864456177, 0.11231949925422668, 0.08802850544452667, -0.11824987083673477, 0.9908333420753479, 0.06531652063131332], "children": [{"id": 7, "label": "arm_sofa_style", "box": [-0.4869743883609772, 0.23648838698863983, 0.13375882804393768, 0.09562449902296066, 0.23787172138690948, 0.43507951498031616, 0.9969627261161804, 0.06496397405862808, -0.04295402020215988, -0.06968067586421967, 0.9903976321220398, -0.11940360814332962]}]}, {"id": 4, "label": "chair_arm", "box": [0.46685823798179626, 0.2200254201889038, 0.16199027001857758, 0.10608860105276108, 0.3294849097728729, 0.6967633366584778, 0.9928109645843506, -0.11919070780277252, -0.010954640805721283, 0.11968894302845001, 0.9893696904182434, 0.08259645104408264], "children": [{"id": 5, "label": "arm_sofa_style", "box": [0.4544318616390228, 0.21470054984092712, 0.14813151955604553, 0.164917454123497, 0.43426910042762756, 0.6932417154312134, 0.9885963797569275, -0.14964385330677032, 0.016849301755428314, 0.1478695124387741, 0.9858145713806152, 0.07939978688955307]}]}, {"id": 8, "label": "chair_seat", "box": [0.0019686270970851183, -0.0773056298494339, 0.14013338088989258, 1.11391019821167, 0.2901351749897003, 1.0022932291030884, 0.9999940991401672, 0.002918459940701723, -0.0018152553820982575, -0.002912575611844659, 0.9999905228614807, 0.003235812997445464], "children": [{"id": 11, "label": "seat_support", "box": [0.006416418123990297, -0.1345328390598297, 0.12333492934703827, 1.0642997026443481, 0.16489511728286743, 0.9405665993690491, 0.9998712539672852, 0.003784378757700324, -0.015595365315675735, -0.0038662783335894346, 0.9999788999557495, -0.005224741529673338]}, {"id": 9, "label": "seat_surface", "box": [0.004390162881463766, -0.030966078862547874, 0.15431560575962067, 0.9977705478668213, 0.17034007608890533, 0.8896249532699585, 0.9999078512191772, -0.0002832332975231111, -0.013575360178947449, 0.0004388057568576187, 0.9999342560768127, 0.01145830750465393], "children": [{"id": 10, "label": "seat_single_surface", "box": [-0.0005914009525440633, -0.016057131811976433, 0.17046965658664703, 1.0077130794525146, 0.15765734016895294, 0.8824983835220337, 0.9999381899833679, -0.00041192586650140584, -0.011112689040601254, 0.000599905732087791, 0.99985671043396, 0.01691775768995285]}]}], "edges": [{"part_a": 0, "part_b": 1, "type": "ADJ"}, {"part_a": 1, "part_b": 0, "type": "ADJ"}]}, {"id": 12, "label": "chair_base", "box": [-0.011476601473987103, -0.4071187973022461, 0.061089880764484406, 1.0077935457229614, 0.5223239660263062, 0.8898049592971802, 0.9999869465827942, -0.0017251301323994994, 0.004812757484614849, 0.0016992364544421434, 0.999984085559845, 0.005379112437367439], "children": [{"id": 13, "label": "regular_leg_base", "box": [0.015458229929208755, -0.40035131573677063, 0.06799784302711487, 0.9740536212921143, 0.6049752831459045, 0.986907958984375, 0.998511016368866, -0.011070217937231064, -0.05341588333249092, 0.010431948117911816, 0.999871015548706, -0.01221313327550888], "children": [{"id": 18, "label": "bar_stretcher", "box": [0.0033641199115663767, -0.5161433219909668, 0.42935240268707275, 0.6176437139511108, 0.11464114487171173, 0.1378052979707718, 0.9995907545089722, 0.0008114203228615224, 0.028594307601451874, -0.00141644396353513, 0.9997754096984863, 0.021144988015294075]}, {"id": 0, "label": "runner", "box": [0.41137629747390747, -0.6505336761474609, 0.09365848451852798, 0.10931971669197083, 0.1472550332546234, 0.8438426852226257, 0.99973064661026, 0.022144172340631485, -0.006952270865440369, -0.02227933146059513, 0.9995515942573547, -0.020006399601697922]}, {"id": 14, "label": "leg", "box": [-0.38436660170555115, -0.4197515845298767, -0.2382403165102005, 0.12302153557538986, 0.5466583371162415, 0.18958130478858948, 0.9996418356895447, -0.01641041599214077, 0.021141812205314636, 0.013909532688558102, 0.993447482585907, 0.11344031989574432]}, {"id": 17, "label": "leg", "box": [-0.4033152759075165, -0.43329352140426636, 0.4798084795475006, 0.102348193526268, 0.5556632876396179, 0.13829363882541656, 0.998153567314148, -0.02087164856493473, 0.05704298987984657, 0.023414509370923042, 0.998744785785675, -0.04427938163280487]}, {"id": 0, "label": "runner", "box": [-0.3367607891559601, -0.6778110265731812, 0.12186536192893982, 0.1890249252319336, 0.10639754682779312, 0.7552844882011414, 0.9982414841651917, 0.04388827458024025, 0.03984697535634041, -0.04370782896876335, 0.999029815196991, -0.00538884149864316]}, {"id": 15, "label": "leg", "box": [0.3886188864707947, -0.3731147348880768, -0.2722187638282776, 0.1125127524137497, 0.5754573345184326, 0.15474800765514374, 0.9995943903923035, 0.013428498059511185, 0.02511412836611271, -0.017882026731967926, 0.9822899103164673, 0.186512291431427]}, {"id": 16, "label": "leg", "box": [0.39440783858299255, -0.4299497902393341, 0.46908339858055115, 0.11349236965179443, 0.5399842858314514, 0.1371956467628479, 0.9997712969779968, 0.021296411752700806, -0.001966922078281641, -0.02127486653625965, 0.9997196793556213, 0.010393614880740643]}], "edges": [{"part_a": 1, "part_b": 4, "type": "ROT_SYM"}, {"part_a": 1, "part_b": 4, "type": "REF_SYM"}, {"part_a": 1, "part_b": 5, "type": "ADJ"}, {"part_a": 1, "part_b": 6, "type": "ADJ"}, {"part_a": 2, "part_b": 3, "type": "ROT_SYM"}, {"part_a": 2, "part_b": 3, "type": "REF_SYM"}, {"part_a": 2, "part_b": 4, "type": "ADJ"}, {"part_a": 2, "part_b": 5, "type": "ROT_SYM"}, {"part_a": 2, "part_b": 5, "type": "TRANS_SYM"}, {"part_a": 2, "part_b": 5, "type": "REF_SYM"}, {"part_a": 2, "part_b": 6, "type": "ROT_SYM"}, {"part_a": 2, "part_b": 6, "type": "TRANS_SYM"}, {"part_a": 2, "part_b": 6, "type": "REF_SYM"}, {"part_a": 3, "part_b": 2, "type": "ROT_SYM"}, {"part_a": 3, "part_b": 2, "type": "REF_SYM"}, {"part_a": 3, "part_b": 4, "type": "ADJ"}, {"part_a": 3, "part_b": 5, "type": "ROT_SYM"}, {"part_a": 3, "part_b": 5, "type": "TRANS_SYM"}, {"part_a": 3, "part_b": 5, "type": "REF_SYM"}, {"part_a": 3, "part_b": 6, "type": "ROT_SYM"}, {"part_a": 3, "part_b": 6, "type": "TRANS_SYM"}, {"part_a": 3, "part_b": 6, "type": "REF_SYM"}, {"part_a": 4, "part_b": 1, "type": "ROT_SYM"}, {"part_a": 4, "part_b": 1, "type": "REF_SYM"}, {"part_a": 4, "part_b": 2, "type": "ADJ"}, {"part_a": 4, "part_b": 3, "type": "ADJ"}, {"part_a": 5, "part_b": 1, "type": "ADJ"}, {"part_a": 5, "part_b": 2, "type": "ROT_SYM"}, {"part_a": 5, "part_b": 2, "type": "TRANS_SYM"}, {"part_a": 5, "part_b": 2, "type": "REF_SYM"}, {"part_a": 5, "part_b": 3, "type": "ROT_SYM"}, {"part_a": 5, "part_b": 3, "type": "REF_SYM"}, {"part_a": 5, "part_b": 6, "type": "ROT_SYM"}, {"part_a": 5,