{"id": 0, "label": "chair", "box": [-0.01230688113719225, -0.06739380210638046, 0.08233197033405304, 0.7866688370704651, 1.4742519855499268, 0.8368713855743408, 0.9999862909317017, -0.0004827655793633312, 0.00521873077377677, 0.0005902121192775667, 0.9997875094413757, -0.020606737583875656], "children": [{"id": 1, "label": "chair_back", "box": [-0.002189349615946412, 0.3295920789241791, -0.2208492010831833, 0.7073447704315186, 0.7981120944023132, 0.12325030565261841, 0.9999716877937317, 0.003264745231717825, -0.006784284021705389, -0.003831378184258938, 0.9963513016700745, -0.0852612629532814], "children": [{"id": 0, "label": "back_surface", "box": [-0.004687299020588398, 0.37774720788002014, -0.2299683541059494, 0.7452183961868286, 0.6848459243774414, 0.14486658573150635, 0.9999326467514038, -0.0019091618014499545, -0.011448681354522705, 0.0007224652217701077, 0.9947044253349304, -0.1027747392654419], "children": [{"id": 0, "label": "back_single_surface", "box": [-0.011753815226256847, 0.37663033604621887, -0.2361685186624527, 0.7231542468070984, 0.7181941866874695, 0.14655229449272156, 0.9999683499336243, 0.007394382264465094, -0.002944332081824541, -0.007637597620487213, 0.9955779314041138, -0.09362804889678955]}]}, {"id": 2, "label": "back_surface", "box": [-0.006255707237869501, 0.34315189719200134, -0.2493453174829483, 0.7307795286178589, 0.7821375131607056, 0.12357378751039505, 0.9999527335166931, 0.00719040259718895, -0.0065458547323942184, -0.007815188728272915, 0.9948509335517883, -0.10104721784591675], "children": [{"id": 3, "label": "back_single_surface", "box": [-0.005035017151385546, 0.35184893012046814, -0.2639249265193939, 0.6888708472251892, 0.7561246156692505, 0.11952471733093262, 0.9999996423721313, 0.0008624096517451108, -1.1411253581172787e-05, -0.0008596486295573413, 0.9955514073371887, -0.0942164808511734]}]}], "edges": [{"part_a": 0, "part_b": 1, "type": "ADJ"}, {"part_a": 1, "part_b": 0, "type": "ADJ"}]}, {"id": 6, "label": "chair_seat", "box": [0.004373980686068535, 0.003277778159826994, 0.09619663655757904, 0.8005927801132202, 0.12694941461086273, 0.7526594400405884, 0.9999973177909851, 0.0007242727442644536, 0.002212489489465952, -0.0007574071642011404, 0.9998870491981506, 0.015012133866548538], "children": [{"id": 9, "label": "seat_support", "box": [0.0017092267517000437, -0.056066181510686874, 0.11897677928209305, 0.7719784379005432, 0.0913817510008812, 0.7306119203567505, 0.9999611377716064, 0.006480285432189703, 0.005979095119982958, -0.0064695971086621284, 0.9999774694442749, -0.0018052211962640285]}, {"id": 7, "label": "seat_surface", "box": [0.006765189580619335, 0.024807274341583252, 0.11406243592500687, 0.763735294342041, 0.0788012221455574, 0.7260007858276367, 0.9999709129333496, 0.002370498375967145, 0.007249411661177874, -0.002429764484986663, 0.999963641166687, 0.008177443407475948], "children": [{"id": 8, "label": "seat_single_surface", "box": [0.004126218147575855, 0.023094967007637024, 0.11685965955257416, 0.7609874606132507, 0.0739225372672081, 0.7546932101249695, 0.9999780654907227, -0.0032711706589907408, -0.005765276029706001, 0.003386472584679723, 0.9997921586036682, 0.020104456692934036]}]}], "edges": [{"part_a": 0, "part_b": 1, "type": "ADJ"}, {"part_a": 1, "part_b": 0, "type": "ADJ"}]}, {"id": 10, "label": "chair_base", "box": [-0.013525841757655144, -0.43736904859542847, 0.07700888812541962, 0.70355224609375, 0.8521855473518372, 0.7149040102958679, 0.9999819993972778, 0.0006400202983058989, -0.0059673660434782505, -0.0005467520095407963, 0.9998779296875, 0.015618286095559597], "children": [{"id": 11, "label": "regular_leg_base", "box": [-0.0013005428481847048, -0.4391039311885834, 0.09011496603488922, 0.7289913296699524, 0.7936190962791443, 0.7364044785499573, 0.9999872446060181, 0.0015024791937321424, 0.004825746640563011, -0.0014750045957043767, 0.9999827146530151, -0.0056918589398264885], "children": [{"id": 16, "label": "bar_stretcher", "box": [0.03050045855343342, -0.6011862754821777, 0.3816114068031311, 0.4859309196472168, 0.10905787348747253, 0.09633148461580276, 0.9997225999832153, 0.0017189732752740383, -0.02348962612450123, -0.001241065445356071, 0.9997922778129578, 0.020344937220215797]}, {"id": 0, "label": "runner", "box": [0.337875634431839, -0.751526951789856, 0.06943629682064056, 0.08341575413942337, 0.1169678196310997, 0.5700652599334717, 0.99787837266922, 0.05576856806874275, -0.03359436243772507, -0.05532855540513992, 0.9983716011047363, 0.013888868503272533]}, {"id": 15, "label": "leg", "box": [-0.3099786639213562, -0.439688116312027, -0.20525915920734406, 0.093354232609272, 0.7781661748886108, 0.10734864324331284, 0.9994035363197327, -0.019985908642411232, 0.028163354843854904, 0.017872730270028114, 0.997143566608429, 0.07338441163301468]}, {"id": 14, "label": "leg", "box": [-0.3041858673095703, -0.41417643427848816, 0.3968699276447296, 0.09343422949314117, 0.7905009388923645, 0.1078311949968338, 0.998937726020813, -0.020716549828648567, 0.04116212576627731, 0.02139713428914547, 0.9996404051780701, -0.01616303250193596]}, {"id": 0, "label": "runner", "box": [-0.2825043201446533, -0.7672719359397888, 0.13750773668289185, 0.12374292314052582, 0.11318100988864899, 0.5294737219810486, 0.9988526105880737, 0.0368807427585125, 0.030550392344594002, -0.03709089383482933, 0.9992917776107788, 0.006340666674077511]}, {"id": 12, "label": "leg", "box": [0.3118491768836975, -0.4396952688694, -0.22094778716564178, 0.08561374992132187, 0.7602264285087585, 0.0915355309844017, 0.9984908699989319, 0.024731814861297607, 0.04903470724821091, -0.028085431084036827, 0.9972262978553772, 0.0689273402094841]}, {"id": 18, "label": "bar_stretcher", "box": [0.00241986196488142, -0.5475622415542603, -0.21071270108222961, 0.47400474548339844, 0.17480193078517914, 0.11553751677274704, 0.9998708367347717, 0.008916459046304226, -0.013375014066696167, -0.007731335237622261, 0.9962494373321533, 0.0861816331744194]}, {"id": 13, "label": "leg", "box": [0.3176606595516205, -0.4313749372959137, 0.38464391231536865, 0.09610137343406677, 0.7758749723434448, 0.09350215643644333, 0.9996839761734009, 0.01951933093369007, -0.01584000140428543, -0.020201481878757477, 0.9988222718238831, -0.04411342740058899]}], "edges": [{"part_a": 0, "part_b": 7, "type": "ADJ"}, {"part_a": 1, "part_b": 4, "type": "ROT_SYM"}, {"part_a": 1, "part_b": 4, "type": "TRANS_SYM"}, {"part_a": 1, "part_b": 4, "type": "REF_SYM"}, {"part_a": 1, "part_b": 5, "type": "ADJ"}, {"part_a": 1, "part_b": 7, "type": "ADJ"}, {"part_a": 2, "part_b": 3, "type": "ROT_SYM"}, {"part_a": 2, "part_b": 3, "type": "TRANS_SYM"}, {"part_a": 2, "part_b": 3, "type": "REF_SYM"}, {"part_a": 2, "part_b": 4, "type": "ADJ"}, {"part_a": 2, "part_b": 5, "type": "ROT_SYM"}, {"part_a": 2, "part_b": 5, "type": "TRANS_SYM"}, {"part_a": 2, "part_b": 5, "type": "REF_SYM"}, {"part_a": 2, "part_b": 6, "type": "ADJ"}, {"part_a": 2, "part_b": 7, "type": "ROT_SYM"}, {"part_a": 2, "part_b": 7, "type": "TRANS_SYM"}, {"part_a": 2, "part_b": 7, "type": "REF_SYM"}, {"part_a": 3, "part_b": 2, "type": "ROT_SYM"}, {"part_a": 3, "part_b": 2, "type": "TRANS_SYM"}, {"part_a": 3, "part_b": 2, "type": "REF_SYM"}, {"part_a": 3, "part_b": 4, "type": "ADJ"}, {"part_a": 3, "part_b": 5, "type": "ROT_SYM"}, {"part_a": 3, "part_b": 5, "type": "TRANS_SYM"}, {"part_a": 3, "part_b": 5, "type": "REF_SYM"}, {"part_a": 3, "part_b": 7, "type": "ROT_SYM"}, {"part_a": 3, "part_b": 7, "type": "TRANS_SYM"}, {"part_a": 3, "part_b": 7, "type": "REF_SYM"}, {"part_a": 4, "part_b": 1, "type": "ROT_SYM"}, {"part_a": 4, "part_b": 1, "type": "TRANS_SYM"}, {"part_a": 4, "part_b": 1, "type": "REF_SYM"}, {"part_a": 4, "part_b": 2, "type": "ADJ"}, {"part_a": 4, "part_b": 3, "type": "ADJ"}, {"part_a": 5, "part_b": 1, "type": "ADJ"}, {"part_a": 5, "part_b": 2, "type": "ROT_SYM"}, {"part_a": 5, "part_b": 2, "type": "TRANS_SYM"}, {"part_a": 5, "part_b": 2, "type": "REF_SYM"}, {"part_a": 5, "part_b": 3, "type": "ROT_SYM"}, {"part_a": 5,