{"id": 0, "label": "chair", "box": [-0.008855910040438175, -0.06528397649526596, 0.10930078476667404, 0.9128179550170898, 0.9522444605827332, 1.5187864303588867, 0.014101121574640274, -0.1268845796585083, -0.9918172359466553, -0.9994087815284729, -0.032895706593990326, -0.01000065915286541], "children": [{"id": 1, "label": "chair_back", "box": [-0.015978241339325905, 0.22749070823192596, -0.25256675481796265, 0.19154629111289978, 0.8599383234977722, 0.9521620273590088, 0.012858415022492409, -0.2279675453901291, -0.9735838174819946, 0.02120923064649105, -0.9733830690383911, 0.22820065915584564], "children": [{"id": 2, "label": "back_surface", "box": [-0.015978241339325905, 0.22749070823192596, -0.25256675481796265, 0.19154629111289978, 0.8599383234977722, 0.9521620273590088, 0.012858415022492409, -0.2279675453901291, -0.9735838174819946, 0.02120923064649105, -0.9733830690383911, 0.22820065915584564], "children": [{"id": 3, "label": "back_single_surface", "box": [-0.015978241339325905, 0.22749070823192596, -0.25256675481796265, 0.19154629111289978, 0.8599383234977722, 0.9521620273590088, 0.012858415022492409, -0.2279675453901291, -0.9735838174819946, 0.02120923064649105, -0.9733830690383911, 0.22820065915584564]}]}, {"id": 4, "label": "back_frame", "box": [-0.01808319240808487, 0.05624227970838547, -0.2022390067577362, 0.07282272726297379, 0.47492754459381104, 0.9162071943283081, 0.008024757727980614, 0.017940377816557884, -0.9998068809509277, 0.006108244881033897, -0.9998212456703186, -0.01789161004126072], "children": [{"id": 5, "label": "back_frame_vertical_bar", "box": [-0.385776162147522, 0.08391385525465012, -0.20451681315898895, 0.07153170555830002, 0.10803145915269852, 0.43863898515701294, 0.03245579078793526, 0.025452880188822746, -0.9991490244865417, -0.9712610840797424, -0.23503802716732025, -0.037537384778261185]}, {"id": 6, "label": "back_frame_vertical_bar", "box": [0.3576403558254242, 0.060479454696178436, -0.20144207775592804, 0.06585676223039627, 0.10646692663431168, 0.4820724129676819, -0.01166241243481636, 0.02416096441447735, -0.9996400475502014, 0.989003598690033, -0.14711901545524597, -0.01509413868188858]}]}], "edges": [{"part_a": 1, "part_b": 0, "type": "ADJ", "dist": 0.0017144227448662565}]}, {"id": 7, "label": "chair_arm", "box": [-0.44815704226493835, 0.1537790149450302, 0.16465581953525543, 0.08898115903139114, 0.2689845561981201, 0.8567626476287842, 0.9974298477172852, 0.06253792345523834, 0.034968066960573196, -0.07162797451019287, 0.8824750781059265, 0.464873343706131], "children": [{"id": 8, "label": "arm_holistic_frame", "box": [-0.44815704226493835, 0.1537790149450302, 0.16465581953525543, 0.08898115903139114, 0.2689845561981201, 0.8567626476287842, 0.9974298477172852, 0.06253792345523834, 0.034968066960573196, -0.07162797451019287, 0.8824750781059265, 0.464873343706131]}]}, {"id": 9, "label": "chair_arm", "box": [0.41305676102638245, 0.17109915614128113, 0.17339710891246796, 0.1001003161072731, 0.2893284857273102, 0.8618552684783936, 0.9991827607154846, -0.023894259706139565, -0.03260181099176407, -0.036437422037124634, -0.8815886974334717, -0.4706098735332489], "children": [{"id": 10, "label": "arm_holistic_frame", "box": [0.41305676102638245, 0.17109915614128113, 0.17339710891246796, 0.1001003161072731, 0.2893284857273102, 0.8618552684783936, 0.9991827607154846, -0.023894259706139565, -0.03260181099176407, -0.036437422037124634, -0.8815886974334717, -0.4706098735332489]}]}, {"id": 11, "label": "chair_seat", "box": [-0.010622653178870678, -0.1373070478439331, 0.17890378832817078, 0.2456558495759964, 0.7929456830024719, 0.795732855796814, 0.005783115979284048, -0.9934372901916504, 0.11423180997371674, -0.002795994048938155, 0.11421721428632736, 0.9934518933296204], "children": [{"id": 12, "label": "seat_surface", "box": [-0.011067110113799572, -0.09385211020708084, 0.18552103638648987, 0.15527865290641785, 0.7703170776367188, 0.795759379863739, 0.007464074995368719, -0.9942009449005127, 0.10727877914905548, -0.002204442862421274, 0.10726514458656311, 0.9942280054092407], "children": [{"id": 13, "label": "seat_single_surface", "box": [-0.011067110113799572, -0.09385211020708084, 0.18552103638648987, 0.15527865290641785, 0.7703170776367188, 0.795759379863739, 0.007464074995368719, -0.9942009449005127, 0.10727877914905548, -0.002204442862421274, 0.10726514458656311, 0.9942280054092407]}]}, {"id": 14, "label": "seat_support", "box": [0.1983346939086914, -0.20956265926361084, 0.12552274763584137, 0.038296349346637726, 0.09139344096183777, 0.6605938673019409, -0.9994680881500244, -0.031199321150779724, -0.009491859935224056, -0.029909251257777214, 0.9929736256599426, -0.11449392139911652]}, {"id": 15, "label": "seat_support", "box": [-0.2073853462934494, -0.22222305834293365, 0.12166894972324371, 0.038296714425086975, 0.09139379858970642, 0.6605942845344543, -0.9994680285453796, -0.031202835962176323, -0.00949136633425951, 0.029912816360592842, -0.9929736852645874, 0.11449252814054489]}], "edges": [{"params": [-0.004669345915317535, -0.22255288064479828, 0.12465294450521469, 0.999607503414154, 0.028013121336698532, 0.00021744803234469146], "part_a": 2, "part_b": 1, "type": "REF_SYM", "dist": 0.017779594430947083}, {"params": [0.40566033124923706, 0.011368274688720703, 8.824467658996582e-05], "part_a": 2, "part_b": 1, "type": "TRANS_SYM", "dist": 0.01483151606958327}, {"params": [-0.0049889269284904, -0.21206516027450562, 0.12355935573577881, -0.03088415041565895, 0.9928609728813171, -0.11520957946777344, 3.1403965950012207], "part_a": 2, "part_b": 1, "type": "ROT_SYM", "dist": 0.014894467803229583}]}, {"id": 16, "label": "chair_base", "box": [0.000936054449994117, -0.39782705903053284, 0.12216790020465851, 0.7586770057678223, 0.7828038930892944, 0.9384958744049072, 0.008542969822883606, 0.006071233190596104, -0.9999451041221619, 0.03033589944243431, -0.999522864818573, -0.005809497088193893], "children": [{"id": 17, "label": "regular_leg_base", "box": [0.000936054449994117, -0.39782705903053284, 0.12216790020465851, 0.7586770057678223, 0.7828038930892944, 0.9384958744049072, 0.008542969822883606, 0.006071233190596104, -0.9999451041221619, 0.03033589944243431, -0.999522864818573, -0.005809497088193893], "children": [{"id": 18, "label": "leg", "box": [0.36349788308143616, -0.4456256031990051, -0.21734409034252167, 0.049475982785224915, 0.059609320014715195, 0.6609030365943909, 0.999462366104126, 0.031171858310699463, 0.010163715109229088, -0.009323670528829098, -0.026976779103279114, 0.9995926022529602]}, {"id": 19, "label": "leg", "box": [-0.35290229320526123, -0.406663715839386, -0.2224721908569336, 0.04965439811348915, 0.05969948694109917, 0.7836642861366272, 0.9995031952857971, 0.03137856349349022, 0.002960776910185814, -0.0021186170633882284, -0.026838039979338646, 0.9996375441551208]}, {"id": 20, "label": "leg", "box": [0.43068599700927734, -0.43593207001686096, 0.47627881169319153, 0.049471985548734665, 0.07499817758798599, 0.6650872826576233, 0.009340783581137657, -0.008342975750565529, -0.9999215602874756, -0.9994722604751587, -0.031190330162644386, -0.009076345711946487]}, {"id": 21, "label": "leg", "box": [-0.4320118725299835, -0.4555515944957733, 0.46802476048469543, 0.049475304782390594, 0.0749976634979248, 0.6795800924301147, 0.010127551853656769, -0.00834023766219616, -0.9999139308929443, 0.9994648098945618, 0.03119037300348282, 0.009862844832241535]}, {"id": 22, "label": "bar_stretcher", "box": [-0.008782437071204185, -0.18368947505950928, 0.46606048941612244, 0.038299139589071274, 0.1021222248673439, 0.9369694590568542, 0.00975877232849598, -0.008346475660800934, -0.9999175667762756, -0.03110724873840809, 0.9994786381721497, -0.0086464062333107]}, {"id": 23, "label": "bar_stretcher",