{"id": 0, "label": "chair", "box": [0.0056892503052949905, -0.0761295035481453, 0.03917469084262848, 0.9906787276268005, 1.324633002281189, 1.0068871974945068, 0.9999514222145081, -0.008555518463253975, -0.004898809362202883, 0.00830075517296791, 0.9987219572067261, -0.04985548183321953], "children": [{"id": 1, "label": "chair_back", "box": [-0.006014490500092506, 0.16838008165359497, -0.26855286955833435, 0.9016363024711609, 0.8791162371635437, 0.2958505153656006, 0.9999982118606567, -0.0008672059047967196, -0.0016911276616156101, 0.00045746617252007127, 0.9734973311424255, -0.22869788110256195], "children": [{"id": 2, "label": "back_surface", "box": [-0.006507325451821089, 0.16392198204994202, -0.2891116142272949, 0.8957703709602356, 0.8153573870658875, 0.26225218176841736, 0.9998716115951538, 0.0016021097544580698, 0.015944229438900948, 0.0021380754187703133, 0.9727553129196167, -0.23182441294193268], "children": [{"id": 3, "label": "back_single_surface", "box": [-0.007311882451176643, 0.17782936990261078, -0.29592365026474, 0.8680785894393921, 0.8737543821334839, 0.2714724838733673, 0.9999078512191772, 0.0003427289193496108, -0.01357351429760456, -0.004113186150789261, 0.9603538513183594, -0.2787536084651947]}]}]}, {"id": 6, "label": "chair_arm", "box": [-0.37824365496635437, 0.048997584730386734, 0.13502265512943268, 0.2226049154996872, 0.5210133790969849, 0.7562628388404846, 0.9951342940330505, 0.07629599422216415, 0.06234320253133774, -0.07314512133598328, 0.9959983825683594, -0.051352325826883316], "children": [{"id": 7, "label": "arm_sofa_style", "box": [-0.3908804655075073, 0.003906444180756807, 0.11262050271034241, 0.18277323246002197, 0.4702727198600769, 0.7466935515403748, 0.9918502569198608, 0.11998970806598663, 0.04284372925758362, -0.11801468580961227, 0.9919462203979492, -0.04599148780107498]}]}, {"id": 4, "label": "chair_arm", "box": [0.37859246134757996, 0.041037075221538544, 0.11461798846721649, 0.18972918391227722, 0.48403793573379517, 0.7920249104499817, 0.996008038520813, -0.08322926610708237, -0.032263681292533875, 0.08229414373636246, 0.9961771965026855, -0.02930441126227379], "children": [{"id": 5, "label": "arm_sofa_style", "box": [0.3681979179382324, 0.038246236741542816, 0.11202098429203033, 0.1845201849937439, 0.4964304268360138, 0.7104308009147644, 0.9919997453689575, -0.11637556552886963, -0.04892086610198021, 0.11429926007986069, 0.9925023913383484, -0.04329817369580269]}]}, {"id": 8, "label": "chair_seat", "box": [0.00617855554446578, -0.16804271936416626, 0.13637769222259521, 0.868329644203186, 0.23161055147647858, 0.8587590456008911, 0.9994739294052124, 0.027125531807541847, -0.017777184024453163, -0.02807530015707016, 0.9980608820915222, -0.0555543527007103], "children": [{"id": 12, "label": "seat_support", "box": [-0.024722812697291374, -0.19927465915679932, -0.1636648327112198, 0.8448314070701599, 0.12482132017612457, 0.16090461611747742, 0.9994904398918152, 0.005672588013112545, -0.031413204967975616, 0.0005824852851219475, 0.9806788563728333, 0.1956239640712738]}, {"id": 11, "label": "seat_support", "box": [0.000944548926781863, -0.19397208094596863, 0.46191340684890747, 0.7709828615188599, 0.14276514947414398, 0.12290965020656586, 0.9997307062149048, 0.008555365726351738, 0.021572215482592583, -0.004923447035253048, 0.9865961670875549, -0.16310657560825348]}, {"id": 9, "label": "seat_surface", "box": [-0.003997384570538998, -0.12903499603271484, 0.175263449549675, 0.79611736536026, 0.15953224897384644, 0.7939677834510803, 0.9999099969863892, 0.00989653542637825, -0.009061326272785664, -0.01001343410462141, 0.9998660683631897, -0.012947640381753445], "children": [{"id": 10, "label": "seat_single_surface", "box": [-0.00041778755257837474, -0.11921390891075134, 0.1745980829000473, 0.836235761642456, 0.16076600551605225, 0.8159487843513489, 0.9999921917915344, 0.002649179892614484, 0.0029452547896653414, -0.002590273739770055, 0.9998000860214233, -0.019827328622341156]}]}], "edges": [{"part_a": 0, "part_b": 2, "type": "ADJ"}, {"part_a": 1, "part_b": 0, "type": "ROT_SYM"}, {"part_a": 1, "part_b": 0, "type": "TRANS_SYM"}, {"part_a": 1, "part_b": 0, "type": "REF_SYM"}, {"part_a": 1, "part_b": 2, "type": "ADJ"}, {"part_a": 2, "part_b": 0, "type": "ADJ"}, {"part_a": 2, "part_b": 1, "type": "ADJ"}]}, {"id": 13, "label": "chair_base", "box": [-0.002547590062022209, -0.41847264766693115, 0.07296250015497208, 0.9188389182090759, 0.5781152844429016, 0.9296116232872009, 0.9999998211860657, -0.0003777885576710105, -0.0005023396224714816, 0.0003765872388612479, 0.999997079372406, -0.002389380941167474], "children": [{"id": 14, "label": "regular_leg_base", "box": [-0.008687139488756657, -0.4283149838447571, 0.07886329293251038, 0.9353285431861877, 0.605959415435791, 0.9457818269729614, 0.9998981952667236, 0.010128672234714031, 0.010050062090158463, -0.01005867775529623, 0.9999250173568726, -0.006991018075495958], "children": [{"id": 15, "label": "leg", "box": [-0.41612711548805237, -0.44403621554374695, -0.2913311719894409, 0.09092116355895996, 0.5611135363578796, 0.14772666990756989, 0.9990639686584473, -0.04266573116183281, 0.007128236349672079, 0.03793758153915405, 0.9433973431587219, 0.3294878304004669]}, {"id": 18, "label": "leg", "box": [-0.42365941405296326, -0.448445200920105, 0.5171597003936768, 0.09880907833576202, 0.5715855360031128, 0.11756472289562225, 0.9976860284805298, -0.026893259957432747, 0.062445174902677536, 0.03403805196285248, 0.9926270842552185, -0.11633101105690002]}, {"id": 16, "label": "leg", "box": [0.39501652121543884, -0.4290066361427307, -0.2927217185497284, 0.10895439237356186, 0.5517936944961548, 0.1253616362810135, 0.9982025027275085, 0.023011136800050735, 0.05533812940120697, -0.03968023508787155, 0.9457383155822754, 0.32249727845191956]}, {"id": 17, "label": "leg", "box": [0.40882790088653564, -0.44478917121887207, 0.5066726803779602, 0.09266387671232224, 0.5764769911766052, 0.1273777186870575, 0.9985368251800537, 0.03701811656355858, -0.039419546723365784, -0.04242679476737976, 0.9882797598838806, -0.14663945138454437]}], "edges": [{"part_a": 0, "part_b": 2, "type": "ROT_SYM"}, {"part_a": 0, "part_b": 2, "type": "TRANS_SYM"}, {"part_a": 0, "part_b": 2, "type": "REF_SYM"}, {"part_a": 1, "part_b": 3, "type": "ROT_SYM"}, {"part_a": 1, "part_b": 3, "type": "TRANS_SYM"}, {"part_a": 1, "part_b": 3, "type": "REF_SYM"}, {"part_a": 2, "part_b": 0, "type": "ROT_SYM"}, {"part_a": 2, "part_b": 0, "type": "TRANS_SYM"}, {"part_a": 2, "part_b": 0, "type": "REF_SYM"}, {"part_a": 3, "part_b": 1, "type": "ROT_SYM"}, {"part_a": 3, "part_b": 1, "type": "TRANS_SYM"}, {"part_a": 3, "part_b": 1, "type": "REF_SYM"}]}]}], "edges": [{"part_a": 0, "part_b": 1, "type": "ADJ"}, {"part_a": 0, "part_b": 2, "type": "ADJ"}, {"part_a": 0, "part_b": 3, "type": "ADJ"}, {"part_a": 1, "part_b": 0, "type": "ADJ"}, {"part_a": 1, "part_b": 2, "type": "ROT_SYM"}, {"part_a": 1, "part_b": 2, "type": "TRANS_SYM"}, {"part_a": 1, "part_b": 2, "type": "REF_SYM"}, {"part_a": 1, "part_b": 3, "type": "ADJ"}, {"part_a": 1, "part_b": 4, "type": "ADJ"}, {"part_a": 2, "part_b": 0, "type": "ADJ"}, {"part_a": 2, "part_b": 1, "type": "ROT_SYM"}, {"part_a": 2, "part_b": 1, "type": "TRANS_SYM"}, {"part_a": 2, "part_b": 1, "type": "REF_SYM"}, {"part_a": 2, "part_b": 3, "type": "ADJ"}, {"part_a": 2, "part_b": 4, "type": "ADJ"}, {"part_a": 3, "part_b": 0, "type": "ADJ"}, {"part_a": 3, "part_b": 1, "type": "ADJ"}, {"part_a": 3, "part_b": 2, "type": "ADJ"}, {"part_a": 3, "part_b": 4, "type": "ADJ"}, {"part_a": 4, "part_b": 0, "type": "ADJ"}, {"part_a": 4, "part_b": 3, "type": "ADJ"}]}