{"id": 0, "label": "chair", "box": [-0.008219480514526367, 0.03187552094459534, 0.028788506984710693, 1.0116230249404907, 1.2628870010375977, 1.268923044204712, -6.123234262925839e-17, 6.123234262925839e-17, 1.0, 1.0, 0.0, 6.123234262925839e-17], "children": [{"id": 1, "label": "chair_back", "box": [-0.008219565264880657, 0.33739376068115234, -0.2150997668504715, 0.5358810424804688, 0.6540718078613281, 1.2628883123397827, 9.501498254849139e-08, 0.018275080248713493, 0.9998329877853394, -5.198286999075208e-06, -0.9998329877853394, 0.018275080248713493], "children": [{"id": 2, "label": "back_surface", "box": [-0.00804833509027958, 0.4009855389595032, -0.046761684119701385, 0.1568625569343567, 0.6152406334877014, 1.0038363933563232, 0.00692179286852479, -0.4186765253543854, -0.9081090688705444, 0.002606418216601014, -0.9081201553344727, 0.41870152950286865], "children": [{"id": 3, "label": "back_single_surface", "box": [-0.00804833509027958, 0.4009855389595032, -0.046761684119701385, 0.1568625569343567, 0.6152406334877014, 1.0038363933563232, 0.00692179286852479, -0.4186765253543854, -0.9081090688705444, 0.002606418216601014, -0.9081201553344727, 0.41870152950286865]}]}, {"id": 4, "label": "back_support", "box": [-0.008218681439757347, 0.33302199840545654, -0.3215162754058838, 0.31103554368019104, 0.6545619964599609, 1.2628904581069946, 1.9813316612271592e-05, 6.123112501939671e-17, -1.0, 6.123234262925839e-17, 1.0, 6.123234262925839e-17]}], "edges": [{"part_a": 1, "dist": 0.011516195557168814, "type": "ADJ", "part_b": 0}]}, {"id": 5, "label": "chair_arm", "box": [0.5160081386566162, 0.26370009779930115, 0.17062470316886902, 0.2144312560558319, 0.46952125430107117, 0.7337933778762817, 1.0, -3.3085041195590748e-06, -6.123234262925839e-17, -3.308231953269569e-06, -0.99991774559021, -0.012825246900320053], "children": [{"id": 6, "label": "arm_sofa_style", "box": [0.5160081386566162, 0.26370009779930115, 0.17062470316886902, 0.2144312560558319, 0.46952125430107117, 0.7337933778762817, 1.0, -3.3085041195590748e-06, -6.123234262925839e-17, -3.308231953269569e-06, -0.99991774559021, -0.012825246900320053]}]}, {"id": 7, "label": "chair_arm", "box": [-0.5324450135231018, 0.2726989984512329, 0.18384325504302979, 0.21443402767181396, 0.4782319664955139, 0.7015299201011658, -1.0, 0.0, -6.123234262925839e-17, -2.097515564242454e-21, 1.0, 3.425503018661402e-05], "children": [{"id": 8, "label": "arm_sofa_style", "box": [-0.5324450135231018, 0.2726989984512329, 0.18384325504302979, 0.21443402767181396, 0.4782319664955139, 0.7015299201011658, -1.0, 0.0, -6.123234262925839e-17, -2.097515564242454e-21, 1.0, 3.425503018661402e-05]}]}, {"id": 9, "label": "chair_seat", "box": [-0.00821973942220211, -0.21331533789634705, 0.027935253456234932, 0.6528746485710144, 1.0241979360580444, 1.26288902759552, -7.27605720385327e-06, 0.9997461438179016, -0.022530226036906242, -1.6397282820435066e-07, 0.022530226036906242, 0.9997461438179016], "children": [{"id": 10, "label": "seat_surface", "box": [-0.009472177363932133, 0.09336178749799728, 0.27800270915031433, 0.09389961510896683, 0.5079665780067444, 0.8815013766288757, 0.019275715574622154, -0.9963441491127014, -0.08322741091251373, -0.004566915333271027, 0.08315426856279373, -0.9965262413024902], "children": [{"id": 11, "label": "seat_single_surface", "box": [-0.009472177363932133, 0.09336178749799728, 0.27800270915031433, 0.09389961510896683, 0.5079665780067444, 0.8815013766288757, 0.019275715574622154, -0.9963441491127014, -0.08322741091251373, -0.004566915333271027, 0.08315426856279373, -0.9965262413024902]}]}, {"id": 12, "label": "seat_support", "box": [-0.008219003677368164, -0.24954579770565033, 0.02879050374031067, 0.5846662521362305, 1.0218384265899658, 1.2628860473632812, -1.1234864273417197e-18, -0.9998316764831543, 0.018347926437854767, -6.122203265010353e-17, 0.018347926437854767, 0.9998316764831543]}], "edges": [{"part_a": 1, "dist": 0.009903553658436162, "type": "ADJ", "part_b": 0}]}, {"id": 13, "label": "chair_base", "box": [-0.008220328949391842, -0.5579956769943237, 0.029180023819208145, 0.10770190507173538, 1.0127695798873901, 1.2631750106811523, 4.072884257766418e-05, 0.9998087286949158, -0.019557254388928413, 0.00032376416493207216, -0.01955726556479931, -0.999808669090271]}], "edges": [{"part_a": 1, "dist": 0.008684070027952072, "type": "ADJ", "part_b": 0}, {"part_a": 2, "dist": 0.006826862647974997, "type": "ADJ", "part_b": 0}, {"part_a": 3, "dist": 0.009223377063219166, "type": "ADJ", "part_b": 0}, {"part_a": 3, "dist": 0.013473039951907068, "type": "ADJ", "part_b": 1}, {"part_a": 3, "dist": 0.0065973484144623085, "type": "ADJ", "part_b": 2}, {"part_a": 4, "dist": 0.007185286005448277, "type": "ADJ", "part_b": 3}, {"part_a": 2, "params": [-0.008329421281814575, 0.30459994077682495, 0.2431073635816574, 0.9999240636825562, -0.0031069007236510515, -0.011926550418138504], "dist": 0.02589497183724262, "type": "REF_SYM", "part_b": 1}]}