{"id": 0, "label": "chair", "box": [0.010615609586238861, -0.020158134400844574, 0.09901030361652374, 1.0783181190490723, 1.1066285371780396, 1.4285824298858643, -3.618076334532816e-06, 0.0014227074570953846, -0.9999989867210388, 1.0, 9.163207081996916e-09, -3.6180667848384473e-06], "children": [{"id": 1, "label": "chair_back", "box": [0.009169994853436947, 0.21431343257427216, -0.2922285795211792, 0.3791348934173584, 0.9240965843200684, 1.1110858917236328, 0.021189868450164795, -0.25643834471702576, -0.9663282632827759, -2.880184638343053e-06, -0.9665453433990479, 0.2564958930015564], "children": [{"id": 2, "label": "back_surface", "box": [0.0010746842017397285, 0.25420448184013367, -0.23257431387901306, 0.21846406161785126, 0.8799896240234375, 1.0140504837036133, -0.0003874173271469772, -0.2764950692653656, -0.9610152840614319, 0.0007366660283878446, 0.961014986038208, -0.2764952778816223], "children": [{"id": 3, "label": "back_single_surface", "box": [0.0010746842017397285, 0.25420448184013367, -0.23257431387901306, 0.21846406161785126, 0.8799896240234375, 1.0140504837036133, -0.0003874173271469772, -0.2764950692653656, -0.9610152840614319, 0.0007366660283878446, 0.961014986038208, -0.2764952778816223]}]}, {"id": 4, "label": "back_support", "box": [0.0010740160942077637, 0.07192621380090714, -0.3043705224990845, 0.033590804785490036, 0.6550073623657227, 1.0077019929885864, 5.914590195682404e-17, -0.25881871581077576, -0.965925931930542, -1.5848075778634115e-17, -0.965925931930542, 0.25881871581077576]}, {"id": 5, "label": "back_frame", "box": [0.010615497827529907, 0.16266584396362305, -0.2858012616634369, 0.2778199017047882, 0.49737632274627686, 1.1066250801086426, -1.7537231942616907e-19, 0.0028640474192798138, -0.9999958872795105, 8.165159215423046e-09, -0.9999958872795105, -0.0028640474192798138], "children": [{"id": 6, "label": "back_frame_vertical_bar", "box": [0.5369789600372314, 0.20699049532413483, -0.33598849177360535, 0.05389803647994995, 0.17721299827098846, 0.409373015165329, -1.0, 0.0, -6.123234262925839e-17, 6.123234262925839e-17, -6.123234262925839e-17, -1.0]}, {"id": 7, "label": "back_frame_vertical_bar", "box": [-0.5157148838043213, 0.1629476249217987, -0.2857039272785187, 0.0540451779961586, 0.277819961309433, 0.49736228585243225, 0.999999463558197, -1.2128070920880418e-05, -0.00104383600410074, -0.0010438307654112577, 0.0004283656307961792, -0.9999993443489075]}], "edges": [{"part_a": 1, "part_b": 0, "params": [1.052250623703003, 0.030309155583381653, -0.013477414846420288], "dist": 0.04158983441057814, "type": "TRANS_SYM"}]}], "edges": [{"part_a": 1, "part_b": 0, "dist": 0.005256183421521056, "type": "ADJ"}, {"part_a": 2, "part_b": 0, "dist": 0.0077069341473662446, "type": "ADJ"}, {"part_a": 2, "part_b": 1, "dist": 0.005335546268101139, "type": "ADJ"}]}, {"id": 8, "label": "chair_arm", "box": [-0.5157480239868164, -0.001361509202979505, 0.16313160955905914, 0.053898006677627563, 0.502845823764801, 0.8321893811225891, -1.0, 0.0, -6.123234262925839e-17, 9.937259842650668e-19, -0.9998683333396912, -0.016228776425123215], "children": [{"id": 9, "label": "arm_near_vertical_bar", "box": [-0.5157361030578613, -0.057070232927799225, 0.3572885990142822, 0.05409861356019974, 0.14414404332637787, 0.3831520080566406, 0.9999933838844299, -0.0009588324464857578, -0.003503120271489024, -0.003628429491072893, -0.3063211143016815, -0.9519213438034058]}, {"id": 10, "label": "arm_horizontal_bar", "box": [-0.5157480239868164, 0.17100480198860168, 0.16592927277088165, 0.053898006677627563, 0.15806780755519867, 0.8321893811225891, -1.0, 0.0, -6.123234262925839e-17, 9.937259842650668e-19, -0.9998683333396912, -0.016228776425123215]}], "edges": [{"part_a": 1, "part_b": 0, "dist": 0.009028971857341268, "type": "ADJ"}]}, {"id": 11, "label": "chair_arm", "box": [0.5365628004074097, -0.006881067529320717, 0.1491227149963379, 0.059095174074172974, 0.5219618082046509, 0.8558725714683533, -0.9999787211418152, 0.0016669966280460358, -0.006303777918219566, -0.0015050711808726192, -0.9996709823608398, -0.025605129078030586], "children": [{"id": 12, "label": "arm_near_vertical_bar", "box": [0.5369789600372314, -0.07500283420085907, 0.3521971106529236, 0.05389803647994995, 0.1514861285686493, 0.4465723931789398, -1.0, 0.0, -6.123234262925839e-17, 5.973418619102685e-17, -0.21985189616680145, -0.9755332469940186]}, {"id": 13, "label": "arm_horizontal_bar", "box": [0.5369858145713806, 0.17653590440750122, 0.15480872988700867, 0.05409528687596321, 0.17435139417648315, 0.8554738163948059, -0.999998927116394, -0.0014745555818080902, -0.00012145325308665633, 0.0014748148387297988, -0.9999966025352478, -0.002162851160392165]}], "edges": [{"part_a": 1, "part_b": 0, "dist": 0.003931325181019985, "type": "ADJ"}]}, {"id": 14, "label": "chair_seat", "box": [0.001073986291885376, -0.13122431933879852, 0.20102877914905548, 0.23483014106750488, 0.8740121126174927, 1.0134360790252686, 1.0240447515792466e-19, 0.9999986290931702, -0.0016723920125514269, 6.123225660247469e-17, -0.0016723920125514269, -0.9999986290931702], "children": [{"id": 15, "label": "seat_surface", "box": [0.001073986291885376, -0.11471900343894958, 0.21223050355911255, 0.20305600762367249, 0.8514750003814697, 1.0134360790252686, 0.0, -1.0, 0.0, -6.123234262925839e-17, 0.0, 1.0], "children": [{"id": 16, "label": "seat_single_surface", "box": [0.001073986291885376, -0.11471900343894958, 0.21223050355911255, 0.20305600762367249, 0.8514750003814697, 1.0134360790252686, 0.0, -1.0, 0.0, -6.123234262925839e-17, 0.0, 1.0]}]}, {"id": 17, "label": "seat_support", "box": [0.0010740160942077637, -0.23142799735069275, 0.11001399159431458, 0.03359000384807587, 0.6916019916534424, 1.0077019929885864, -1.2246468525851679e-16, -1.0, 0.0, 0.0, 0.0, 1.0]}], "edges": [{"part_a": 1, "part_b": 0, "dist": 0.002779407399425523, "type": "ADJ"}]}, {"id": 18, "label": "chair_base", "box": [0.010615497827529907, -0.3465856909751892, 0.07884547859430313, 0.7744281888008118, 1.0397768020629883, 1.1066250801086426, 1.2775358658832558e-20, -1.0, -0.0002086374443024397, -6.123233601181349e-17, -0.0002086374443024397, 1.0], "children": [{"id": 19, "label": "regular_leg_base", "box": [0.010615497827529907, -0.3465856909751892, 0.07884547859430313, 0.7744281888008118, 1.0397768020629883, 1.1066250801086426, 1.2775358658832558e-20, -1.0, -0.0002086374443024397, -6.123233601181349e-17, -0.0002086374443024397, 1.0], "children": [{"id": 20, "label": "leg", "box": [-0.5157755613327026, -0.3725305199623108, -0.40103253722190857, 0.054011810570955276, 0.11724210530519485, 0.7249399423599243, 0.9999954104423523, -1.2246411615825535e-16, -0.00302646541967988, -0.003006807528436184, 0.11379122734069824, -0.9935001134872437]}, {"id": 21, "label": "leg", "box": [0.5374309420585632, -0.3463961184024811, -0.36911675333976746, 0.054500311613082886, 0.12698329985141754, 0.7774778604507446, -0.9999092221260071, -0.0010926114628091455, 0.01342864241451025, 0.013451225124299526, -0.024289507418870926, 0.9996144771575928]}, {"id": 22, "label": "leg", "box": [0.5369789600372314, -0.48531702160835266, 0.4913899004459381, 0.05389803647994995, 0.10378756374120712, 0.5332856178283691, -1.0, 0.0, -6.123234262925839e-17, 5.815196835022522e-17, -0.31318026781082153, -0.9496936798095703]}, {"id": 23, "label": "leg", "box": [-0.5157474875450134, -0.47862017154693604, 0.48896992206573486, 0.053899019956588745, 0.10567061603069305, 0.5473569631576538, -1.0, 0.0, -6.123234262925839e-17, 5.823972228704975e-17, -0.3088005781173706, -0.9511268138885498]}, {"id": 24, "label": "bar_stretcher", "box": [0.0084419846534729, -0.3336384892463684, -0.37730997800827026, 0.041987985372543335, 0.08397498726844788, 1.0077019929885864, 0.0, 0.0, -1.0, 1.2246468525851679e-16, 1.0, 0.0]}], "edges": [{"part_a": 4, "part_b": 0, "dist": 0.006681778925982718, "type": "ADJ"}, {"part_a": 4, "part_b": 1, "dist": 0.0072805383357018175, "type": "ADJ"}, {"part_a": 1, "part_b": 0,