{"id": 0, "label": "chair", "box": [0.026730839163064957, 0.06191160902380943, 0.11099881678819656, 1.1637177467346191, 1.3173155784606934, 1.2551357746124268, 0.9997217059135437, 0.006303836591541767, 0.022733302786946297, -0.006562017370015383, 0.9999146461486816, 0.011300267651677132], "children": [{"id": 1, "label": "chair_back", "box": [0.004483382683247328, 0.19635353982448578, -0.3048916161060333, 1.0060486793518066, 0.8932180404663086, 0.2524445354938507, 0.9992889165878296, -0.013388757593929768, 0.03524933010339737, 0.026798082515597343, 0.9098260402679443, -0.4141238331794739], "children": [{"id": 2, "label": "back_surface", "box": [-0.005839836318045855, 0.1769050806760788, -0.3062525987625122, 0.8097516298294067, 0.7550386190414429, 0.1591232568025589, 0.9999669194221497, -0.003982265945523977, -0.007092099636793137, 0.0019733579829335213, 0.9646753668785095, -0.26343414187431335], "children": [{"id": 3, "label": "back_single_surface", "box": [-0.0017311034025624394, 0.19382187724113464, -0.2644091844558716, 0.6432653069496155, 0.5052760243415833, 0.10436822474002838, 0.9999739527702332, 0.002007855335250497, 0.006935294717550278, 0.00022910074039828032, 0.9512466788291931, -0.30843108892440796]}]}, {"id": 4, "label": "back_frame", "box": [-0.011527210474014282, 0.20732125639915466, -0.2889642119407654, 1.0243695974349976, 0.8261229991912842, 0.18319807946681976, 0.9999701976776123, -0.0010909875854849815, 0.007641379721462727, 0.0026758357416838408, 0.9775696396827698, -0.21059544384479523], "children": [{"id": 6, "label": "back_frame_vertical_bar", "box": [0.46877822279930115, 0.18209555745124817, -0.2989027202129364, 0.08708769083023071, 0.6660587191581726, 0.17088116705417633, 0.9998677968978882, -0.015255394391715527, 0.005629905965179205, 0.016134701669216156, 0.9738205075263977, -0.22674494981765747]}, {"id": 5, "label": "back_frame_vertical_bar", "box": [-0.4737889766693115, 0.17270483076572418, -0.3038889169692993, 0.08796535432338715, 0.6525388360023499, 0.16063426434993744, 0.9997321367263794, 0.016252024099230766, 0.016481032595038414, -0.013212835416197777, 0.9853290915489197, -0.1701529175043106]}, {"id": 8, "label": "back_frame_horizontal_bar", "box": [-0.005783882457762957, 0.5133405923843384, -0.43289121985435486, 0.9065704345703125, 0.18422414362430573, 0.11385075002908707, 0.9999015927314758, -0.013432388193905354, -0.004049988463521004, 0.012413513846695423, 0.9815639853477478, -0.190730482339859]}], "edges": [{"part_a": 0, "part_b": 1, "type": "ROT_SYM"}, {"part_a": 0, "part_b": 1, "type": "TRANS_SYM"}, {"part_a": 0, "part_b": 1, "type": "REF_SYM"}, {"part_a": 0, "part_b": 2, "type": "ADJ"}, {"part_a": 1, "part_b": 0, "type": "ROT_SYM"}, {"part_a": 1, "part_b": 0, "type": "TRANS_SYM"}, {"part_a": 1, "part_b": 0, "type": "REF_SYM"}, {"part_a": 1, "part_b": 2, "type": "ADJ"}, {"part_a": 2, "part_b": 0, "type": "ADJ"}, {"part_a": 2, "part_b": 1, "type": "ADJ"}]}], "edges": [{"part_a": 0, "part_b": 1, "type": "ADJ"}, {"part_a": 1, "part_b": 0, "type": "ADJ"}]}, {"id": 10, "label": "chair_seat", "box": [0.01686554215848446, -0.13042788207530975, 0.14708693325519562, 1.022457242012024, 0.31976327300071716, 1.0145550966262817, 0.9997430443763733, 0.013529420830309391, -0.01818988472223282, -0.014825302176177502, 0.9972140789031982, -0.0731046050786972], "children": [{"id": 11, "label": "seat_surface", "box": [-0.004371127113699913, -0.1634288877248764, 0.19844183325767517, 1.0269747972488403, 0.3305145800113678, 0.9966952800750732, 0.9999083876609802, 0.0063096908852458, -0.011974398978054523, -0.006727634929120541, 0.9993579983711243, -0.03518996760249138], "children": [{"id": 12, "label": "seat_single_surface", "box": [0.0034173016902059317, -0.18099839985370636, 0.18332545459270477, 1.0144522190093994, 0.32690703868865967, 0.9777625203132629, 0.9998838305473328, -0.0032710626255720854, 0.014887845143675804, 0.0035444931127130985, 0.9998248219490051, -0.018376832827925682]}]}]}, {"id": 13, "label": "chair_base", "box": [0.01604853942990303, -0.36142870783805847, 0.11466918885707855, 1.0610696077346802, 0.4321102797985077, 1.0490095615386963, 0.9999842643737793, 0.001358412904664874, 0.005447059404104948, -0.001428436953574419, 0.999916136264801, 0.012872157618403435], "children": [{"id": 14, "label": "regular_leg_base", "box": [-0.0035511814057826996, -0.33777645230293274, 0.07250061631202698, 1.0866401195526123, 0.4623410999774933, 1.058846116065979, 0.9999171495437622, 0.01037601102143526, 0.007622919045388699, -0.010396015830338001, 0.9999426007270813, 0.002589533105492592], "children": [{"id": 21, "label": "bar_stretcher", "box": [-0.016325021162629128, -0.28810566663742065, 0.5636528730392456, 0.7842770218849182, 0.14827387034893036, 0.14613012969493866, 0.9999440908432007, -0.007325790356844664, 0.0076309856958687305, 0.007693132851272821, 0.9987555742263794, -0.04927657172083855]}, {"id": 19, "label": "bar_stretcher", "box": [0.4433247745037079, -0.27508142590522766, 0.04555035009980202, 0.1263885349035263, 0.20185750722885132, 0.778855562210083, 0.9999066591262817, -0.013426707126200199, -0.00253693456761539, 0.013266954571008682, 0.998399019241333, -0.0549858957529068]}, {"id": 15, "label": "leg", "box": [-0.41604214906692505, -0.25669199228286743, -0.38525938987731934, 0.15124249458312988, 0.4722561836242676, 0.18660342693328857, 0.9991907477378845, 0.02545943483710289, 0.031139250844717026, -0.027226638048887253, 0.9979620575904846, 0.05771026387810707]}, {"id": 16, "label": "leg", "box": [-0.46218881011009216, -0.3187485933303833, 0.549077033996582, 0.12707221508026123, 0.456655353307724, 0.1650126874446869, 0.999974250793457, 0.006651591509580612, 0.00269823195412755, -0.006340701598674059, 0.9947336316108704, -0.1022978201508522]}, {"id": 17, "label": "leg", "box": [0.4504137635231018, -0.26810744404792786, -0.37208452820777893, 0.11843011528253555, 0.46953222155570984, 0.20059485733509064, 0.999987781047821, -0.004535876680165529, 0.0019737922120839357, 0.004527315031737089, 0.9999804496765137, 0.004320911597460508]}, {"id": 22, "label": "bar_stretcher", "box": [0.09120160341262817, -0.13627688586711884, -0.13288937509059906, 0.7266905903816223, 0.25560620427131653, 0.29560917615890503, 0.9990193247795105, -0.04366351291537285, 0.0073416694067418575, 0.043833665549755096, 0.9987290501594543, -0.024879343807697296]}, {"id": 23, "label": "bar_stretcher", "box": [0.013741166330873966, -0.36933815479278564, -0.37030503153800964, 0.7911117672920227, 0.13330742716789246, 0.21203146874904633, 0.9996243119239807, 0.005997588392347097, 0.02674592286348343, -0.00852447934448719, 0.9954036474227905, 0.09538856148719788]}, {"id": 18, "label": "leg", "box": [0.4533650577068329, -0.29648664593696594, 0.5171846151351929, 0.12456521391868591, 0.45178431272506714, 0.19643105566501617, 0.9998075366020203, 0.0029826101381331682, 0.019390812143683434, -0.00185748643707484, 0.998327374458313, -0.05778471753001213]}, {"id": 20, "label": "bar_stretcher", "box": [-0.45453935861587524, -0.2714901268482208, 0.07830657809972763, 0.10269802808761597, 0.18291231989860535, 0.6933000087738037, 0.9999474883079529, -0.010243031196296215, 0.0004116537165828049, 0.010226953774690628, 0.994002103805542, -0.10888199508190155]}], "edges": [{"part_a": 0, "part_b": 3, "type": "ADJ"}, {"part_a": 0, "part_b": 6, "type": "ROT_SYM"}, {"part_a": 0, "part_b": 6, "type": "TRANS_SYM"}, {"part_a": 0, "part_b": 6, "type": "REF_SYM"}, {"part_a": 0, "part_b": 7, "type": "ADJ"}, {"part_a": 1, "part_b": 5, "type": "ADJ"}, {"part_a": 1, "part_b": 7, "type": "ADJ"}, {"part_a": 1, "part_b": 8, "type": "ROT_SYM"}, {"part_a": 1, "part_b": 8, "type": "TRANS_SYM"}, {"part_a": 1, "part_b": 8, "type": "REF_SYM"}, {"part_a": 2, "part_b": 3, "type": "ROT_SYM"}, {"part_a": 2, "part_b": 4, "type": "ROT_SYM"}, {"part_a": 2, "part_b": 4, "type": "TRANS_SYM"}, {"part_a": 2, "part_b": 4, "type": "REF_SYM"}, {"part_a": 3, "part_b": 0, "type": "ADJ"}, {"part_a": 3,