{"id": 0, "label": "chair", "box": [0.0020249905064702034, -0.04969127103686333, 0.08114544302225113, 0.6846752762794495, 0.7595691680908203, 1.7300649881362915, -1.0, 1.6757805099132383e-07, 4.394103143567918e-06, 4.397297288960544e-06, 0.03810932859778404, 0.9992735981941223], "children": [{"id": 1, "label": "chair_back", "box": [0.005858495831489563, 0.3470413088798523, -0.20254382491111755, 0.10293105989694595, 0.5390369892120361, 0.9230072498321533, -6.035623924655653e-17, 0.16855554282665253, 0.9856921434402466, 1.0, 0.0, 6.123234262925839e-17], "children": [{"id": 2, "label": "back_surface", "box": [0.005858495831489563, 0.3470413088798523, -0.20254382491111755, 0.10293105989694595, 0.5390369892120361, 0.9230072498321533, -6.035623924655653e-17, 0.16855554282665253, 0.9856921434402466, 1.0, 0.0, 6.123234262925839e-17], "children": [{"id": 3, "label": "back_single_surface", "box": [0.005858495831489563, 0.3470413088798523, -0.20254382491111755, 0.10293105989694595, 0.5390369892120361, 0.9230072498321533, -6.035623924655653e-17, 0.16855554282665253, 0.9856921434402466, 1.0, 0.0, 6.123234262925839e-17]}]}]}, {"id": 4, "label": "chair_seat", "box": [0.002026498317718506, -0.13284599781036377, 0.14220550656318665, 0.1679379940032959, 0.6423490047454834, 0.6846749782562256, -6.123234262925839e-17, -1.0, -6.123234262925839e-17, 6.123234262925839e-17, 6.123234262925839e-17, -1.0], "children": [{"id": 5, "label": "seat_surface", "box": [0.002026498317718506, -0.13284599781036377, 0.14220550656318665, 0.1679379940032959, 0.6423490047454834, 0.6846749782562256, -6.123234262925839e-17, -1.0, -6.123234262925839e-17, 6.123234262925839e-17, 6.123234262925839e-17, -1.0], "children": [{"id": 6, "label": "seat_single_surface", "box": [0.002026498317718506, -0.13284599781036377, 0.14220550656318665, 0.1679379940032959, 0.6423490047454834, 0.6846749782562256, -6.123234262925839e-17, -1.0, -6.123234262925839e-17, 6.123234262925839e-17, 6.123234262925839e-17, -1.0]}]}]}, {"id": 7, "label": "chair_base", "box": [0.002026498317718506, -0.5591070055961609, 0.10273750126361847, 0.6845840215682983, 0.6846749782562256, 0.7212849855422974, -6.123234262925839e-17, -1.0, -6.123234262925839e-17, -1.0, 6.123234262925839e-17, -1.2246468525851679e-16], "children": [{"id": 8, "label": "regular_leg_base", "box": [0.002026498317718506, -0.5591070055961609, 0.10273750126361847, 0.6845840215682983, 0.6846749782562256, 0.7212849855422974, -6.123234262925839e-17, -1.0, -6.123234262925839e-17, -1.0, 6.123234262925839e-17, -1.2246468525851679e-16], "children": [{"id": 9, "label": "leg", "box": [-0.2402845025062561, -0.5600125789642334, -0.18465293943881989, 0.057411015033721924, 0.06529222428798676, 0.6952546834945679, -1.0, 0.0, -6.123234262925839e-17, -6.080847543105152e-17, -0.11745891720056534, 0.9930777549743652]}, {"id": 10, "label": "leg", "box": [0.24670550227165222, -0.5600125789642334, -0.18465293943881989, 0.057411015033721924, 0.06529222428798676, 0.6952546834945679, -1.0, 0.0, -6.123234262925839e-17, -6.080847543105152e-17, -0.11745891720056534, 0.9930777549743652]}, {"id": 11, "label": "leg", "box": [0.3084009885787964, -0.5591070055961609, 0.4285390079021454, 0.06968200206756592, 0.07192599773406982, 0.6845840215682983, -1.8369701465288538e-16, -6.123234262925839e-17, 1.0, -1.0, 6.123234262925839e-17, -1.8369701465288538e-16]}, {"id": 12, "label": "leg", "box": [-0.3043479919433594, -0.5591070055961609, 0.4285390079021454, 0.06968200206756592, 0.07192599773406982, 0.6845840215682983, -1.8369701465288538e-16, -6.123234262925839e-17, 1.0, -1.0, 6.123234262925839e-17, -1.8369701465288538e-16]}], "edges": [{"part_b": 0, "part_a": 1, "type": "REF_SYM", "params": [0.003247678279876709, -0.5587280988693237, -0.18219085037708282, -0.9998396039009094, 0.017777830362319946, 0.00217482540756464], "dist": 0.019063502842289314}, {"part_b": 0, "part_a": 1, "type": "TRANS_SYM", "params": [-0.4866911470890045, 0.008653700351715088, 0.0010586380958557129], "dist": 0.014624526341526398}, {"part_b": 0, "part_a": 1, "type": "ROT_SYM", "params": [0.01377461664378643, -0.9072600603103638, 15.307549476623535, 0.017934650182724, 0.99605393409729, 0.08691916614770889, 0.031479351222515106], "dist": 0.01482073836623774}, {"part_b": 0, "part_a": 2, "type": "TRANS_SYM", "params": [-0.5481632351875305, -0.03624957799911499, -0.6105479598045349], "dist": 0.03885246169609017}, {"part_b": 0, "part_a": 2, "type": "ROT_SYM", "params": [3.0115723609924316, 1.1173179149627686, -2.5191407203674316, 0.326369047164917, -0.8903843760490417, -0.317330926656723, 0.19014959037303925], "dist": 0.030184845354934885}, {"part_b": 1, "part_a": 2, "type": "TRANS_SYM", "params": [-0.061472102999687195, -0.04490327835083008, -0.6116065979003906], "dist": 0.040610714877358366}, {"part_b": 1, "part_a": 2, "type": "ROT_SYM", "params": [2.668025493621826, 0.3617360591888428, -0.21086135506629944, 0.5497682690620422, -0.8347277045249939, 0.031376902014017105, 0.24349437654018402], "dist": 0.02800830976997838}, {"part_b": 0, "part_a": 3, "type": "TRANS_SYM", "params": [0.06436018645763397, -0.03590130805969238, -0.6096223592758179], "dist": 0.039169201451395935}, {"part_b": 0, "part_a": 3, "type": "ROT_SYM", "params": [-2.191432476043701, 3.86093807220459, -0.316761314868927, 0.9150307178497314, 0.39842644333839417, 0.06304871290922165, 0.1272721290588379], "dist": 0.02474207630305046}, {"part_b": 1, "part_a": 3, "type": "TRANS_SYM", "params": [0.5510513186454773, -0.04455500841140747, -0.6106809973716736], "dist": 0.04121739793680087}, {"part_b": 1, "part_a": 3, "type": "ROT_SYM", "params": [-0.027698006480932236, -0.5352677702903748, 0.1261952817440033, 0.0349520668387413, -0.9992303252220154, -0.017809415236115456, 3.1250808238983154], "dist": 0.03938941213128111}, {"part_b": 2, "part_a": 3, "type": "REF_SYM", "params": [0.0018036365509033203, -0.5183258056640625, 0.4284236431121826, 0.9999987483024597, 0.0005685815121978521, 0.001511076116003096], "dist": 0.013075795891894006}, {"part_b": 2, "part_a": 3, "type": "TRANS_SYM", "params": [0.6125234365463257, 0.0003482699394226074, 0.0009255707263946533], "dist": 0.013143782789255397}, {"part_b": 2, "part_a": 3, "type": "ROT_SYM", "params": [0.0015948079526424408, -1.542110562324524, -2.3927342891693115, -0.000572622346226126, 0.9999642968177795, -0.008432586677372456, 0.21562379598617554], "dist": 0.014890542759394427}]}]}], "edges": [{"part_b": 0, "part_a": 1, "type": "ADJ", "dist": 0.00314828266001422}, {"part_b": 1, "part_a": 2, "type": "ADJ", "dist": 0.012283931788025731}]}