{"id": 0, "label": "chair", "box": [-0.0014428970171138644, -0.041866470128297806, 0.10700300335884094, 0.6594415903091431, 1.6921846866607666, 0.7031265497207642, 0.9999887347221375, -0.0009325959836132824, -0.004649545066058636, 0.000873166136443615, 0.9999181032180786, -0.012767557986080647], "children": [{"id": 1, "label": "chair_back", "box": [0.0003821942664217204, 0.3510218560695648, -0.20866355299949646, 0.6274564266204834, 0.9299325346946716, 0.10542473196983337, 0.9999849200248718, 0.0022928835824131966, 0.004995611030608416, -0.0021306024864315987, 0.9994775056838989, -0.03225133940577507], "children": [{"id": 2, "label": "back_surface", "box": [-0.004339868668466806, 0.3462705612182617, -0.1877516657114029, 0.6268957257270813, 0.9006662964820862, 0.1001478061079979, 0.9999707341194153, -0.0038033395539969206, -0.006643776316195726, 0.003534578252583742, 0.9991931915283203, -0.04000677540898323], "children": [{"id": 3, "label": "back_single_surface", "box": [-0.009140239097177982, 0.3580228388309479, -0.20840570330619812, 0.6366660594940186, 0.8682066798210144, 0.09381727874279022, 0.9998864531517029, -0.008016624487936497, -0.012760620564222336, 0.007579272147268057, 0.9993944764137268, -0.03396062180399895]}]}]}, {"id": 4, "label": "chair_seat", "box": [0.003268688451498747, -0.13752500712871552, 0.13722464442253113, 0.664884090423584, 0.16342175006866455, 0.6682630181312561, 0.9999938607215881, -0.003176789963617921, -0.001469284063205123, 0.00318347429856658, 0.9999845027923584, 0.004569609183818102], "children": [{"id": 5, "label": "seat_surface", "box": [-0.00011557340621948242, -0.13007919490337372, 0.15050117671489716, 0.7004076838493347, 0.14516761898994446, 0.6492369771003723, 0.9999709725379944, 0.0004534203326329589, -0.00760446023195982, -0.000384449289413169, 0.9999588131904602, 0.009068827144801617], "children": [{"id": 6, "label": "seat_single_surface", "box": [-0.0005641448660753667, -0.14162147045135498, 0.13892517983913422, 0.6787346005439758, 0.14619062840938568, 0.6723337769508362, 0.9999832510948181, 0.0005028155283071101, 0.005767316557466984, -0.0006279852241277695, 0.9997638463973999, 0.02172204479575157]}]}]}, {"id": 7, "label": "chair_base", "box": [0.0014688008232042193, -0.517669677734375, 0.11554059386253357, 0.6490046381950378, 0.6509312987327576, 0.6686804294586182, 0.9999947547912598, 0.0016773620154708624, 0.0027693018782883883, -0.0016824582125991583, 0.9999969005584717, 0.0018389743054285645], "children": [{"id": 8, "label": "regular_leg_base", "box": [-0.0033400196116417646, -0.5240561962127686, 0.11752094328403473, 0.6561931371688843, 0.6755498647689819, 0.6641956567764282, 0.999993622303009, 0.001208957633934915, 0.0033653792925179005, -0.0012196872849017382, 0.9999942183494568, 0.003187973750755191], "children": [{"id": 9, "label": "leg", "box": [-0.2954968810081482, -0.5309691429138184, -0.1887359917163849, 0.0797949731349945, 0.6904869675636292, 0.07192640006542206, 0.9997467398643494, -0.007418162655085325, -0.02124832756817341, 0.007937257178127766, 0.9996695518493652, 0.024450670927762985]}, {"id": 12, "label": "leg", "box": [-0.29916685819625854, -0.5229918956756592, 0.41364985704421997, 0.08957000821828842, 0.6946685314178467, 0.08699190616607666, 0.9997515678405762, -0.00795712973922491, 0.020819885656237602, 0.008055541664361954, 0.9999567866325378, -0.004647227004170418]}, {"id": 10, "label": "leg", "box": [0.2657630443572998, -0.5268514156341553, -0.18276198208332062, 0.08393622934818268, 0.6728289723396301, 0.07974287867546082, 0.9987660050392151, 0.002946113236248493, 0.04957602918148041, -0.0037831163499504328, 0.9998517632484436, 0.0167978685349226]}, {"id": 11, "label": "leg", "box": [0.3047837018966675, -0.5259203910827637, 0.3958452343940735, 0.08573095500469208, 0.6852986812591553, 0.07929950207471848, 0.9996030330657959, 0.007952272891998291, -0.027028536424040794, -0.007912290282547474, 0.9999674558639526, 0.0015858906554058194]}], "edges": [{"part_a": 0, "part_b": 1, "type": "ROT_SYM"}, {"part_a": 0, "part_b": 1, "type": "TRANS_SYM"}, {"part_a": 0, "part_b": 1, "type": "REF_SYM"}, {"part_a": 0, "part_b": 2, "type": "ROT_SYM"}, {"part_a": 0, "part_b": 2, "type": "TRANS_SYM"}, {"part_a": 0, "part_b": 2, "type": "REF_SYM"}, {"part_a": 0, "part_b": 3, "type": "ROT_SYM"}, {"part_a": 0, "part_b": 3, "type": "TRANS_SYM"}, {"part_a": 0, "part_b": 3, "type": "REF_SYM"}, {"part_a": 1, "part_b": 0, "type": "ROT_SYM"}, {"part_a": 1, "part_b": 0, "type": "TRANS_SYM"}, {"part_a": 1, "part_b": 0, "type": "REF_SYM"}, {"part_a": 1, "part_b": 2, "type": "ROT_SYM"}, {"part_a": 1, "part_b": 2, "type": "TRANS_SYM"}, {"part_a": 1, "part_b": 2, "type": "REF_SYM"}, {"part_a": 1, "part_b": 3, "type": "ROT_SYM"}, {"part_a": 1, "part_b": 3, "type": "TRANS_SYM"}, {"part_a": 1, "part_b": 3, "type": "REF_SYM"}, {"part_a": 2, "part_b": 0, "type": "ROT_SYM"}, {"part_a": 2, "part_b": 0, "type": "TRANS_SYM"}, {"part_a": 2, "part_b": 0, "type": "REF_SYM"}, {"part_a": 2, "part_b": 1, "type": "ROT_SYM"}, {"part_a": 2, "part_b": 1, "type": "TRANS_SYM"}, {"part_a": 2, "part_b": 1, "type": "REF_SYM"}, {"part_a": 2, "part_b": 3, "type": "ROT_SYM"}, {"part_a": 2, "part_b": 3, "type": "TRANS_SYM"}, {"part_a": 2, "part_b": 3, "type": "REF_SYM"}, {"part_a": 3, "part_b": 0, "type": "ROT_SYM"}, {"part_a": 3, "part_b": 0, "type": "TRANS_SYM"}, {"part_a": 3, "part_b": 0, "type": "REF_SYM"}, {"part_a": 3, "part_b": 1, "type": "ROT_SYM"}, {"part_a": 3, "part_b": 1, "type": "TRANS_SYM"}, {"part_a": 3, "part_b": 1, "type": "REF_SYM"}, {"part_a": 3, "part_b": 2, "type": "ROT_SYM"}, {"part_a": 3, "part_b": 2, "type": "TRANS_SYM"}, {"part_a": 3, "part_b": 2, "type": "REF_SYM"}]}]}], "edges": [{"part_a": 0, "part_b": 1, "type": "ADJ"}, {"part_a": 1, "part_b": 0, "type": "ADJ"}, {"part_a": 1, "part_b": 2, "type": "ADJ"}, {"part_a": 2, "part_b": 1, "type": "ADJ"}]}