{"id": 0, "label": "chair", "box": [0.00814250111579895, -0.10276952385902405, 0.04649551212787628, 0.9440690279006958, 0.9686070084571838, 1.279921054840088, 0.0, 0.0, -1.0, 1.0, -6.123234262925839e-17, 0.0], "children": [{"id": 1, "label": "chair_back", "box": [0.010226153768599033, 0.15362313389778137, -0.2842223346233368, 0.28407660126686096, 0.7830631136894226, 0.92215496301651, 0.06187259405851364, -0.25235092639923096, -0.9656556248664856, 0.010951320640742779, 0.967622697353363, -0.252163290977478], "children": [{"id": 2, "label": "back_surface", "box": [0.010226153768599033, 0.15362313389778137, -0.2842223346233368, 0.28407660126686096, 0.7830631136894226, 0.92215496301651, 0.06187259405851364, -0.25235092639923096, -0.9656556248664856, 0.010951320640742779, 0.967622697353363, -0.252163290977478], "children": [{"id": 3, "label": "back_single_surface", "box": [0.010226153768599033, 0.15362313389778137, -0.2842223346233368, 0.28407660126686096, 0.7830631136894226, 0.92215496301651, 0.06187259405851364, -0.25235092639923096, -0.9656556248664856, 0.010951320640742779, 0.967622697353363, -0.252163290977478]}]}]}, {"id": 4, "label": "chair_arm", "box": [0.4051104784011841, -0.00601077638566494, 0.11273917555809021, 0.08679566532373428, 0.45911920070648193, 0.8185756802558899, 0.9914267063140869, -0.12149634957313538, -0.048080924898386, -0.12135683000087738, -0.9925918579101562, 0.005821291822940111], "children": [{"id": 5, "label": "arm_sofa_style", "box": [0.4051104784011841, -0.00601077638566494, 0.11273917555809021, 0.08679566532373428, 0.45911920070648193, 0.8185756802558899, 0.9914267063140869, -0.12149634957313538, -0.048080924898386, -0.12135683000087738, -0.9925918579101562, 0.005821291822940111]}]}, {"id": 6, "label": "chair_arm", "box": [-0.3888254761695862, -0.006010658107697964, 0.1127392128109932, 0.0867985188961029, 0.45911920070648193, 0.8185759782791138, -0.9914265275001526, -0.12149633467197418, -0.04808449372649193, -0.12135680764913559, 0.9925918579101562, -0.005821286700665951], "children": [{"id": 7, "label": "arm_sofa_style", "box": [-0.3888254761695862, -0.006010658107697964, 0.1127392128109932, 0.0867985188961029, 0.45911920070648193, 0.8185759782791138, -0.9914265275001526, -0.12149633467197418, -0.04808449372649193, -0.12135680764913559, 0.9925918579101562, -0.005821286700665951]}]}, {"id": 8, "label": "chair_seat", "box": [0.008563011884689331, -0.1199060007929802, 0.14251500368118286, 0.219991996884346, 0.72257399559021, 0.74195396900177, 1.2246468525851679e-16, 1.0, 0.0, 1.0, -1.2246468525851679e-16, 0.0], "children": [{"id": 9, "label": "seat_surface", "box": [0.008563011884689331, -0.1199060007929802, 0.14251500368118286, 0.219991996884346, 0.72257399559021, 0.74195396900177, 1.2246468525851679e-16, 1.0, 0.0, 1.0, -1.2246468525851679e-16, 0.0], "children": [{"id": 10, "label": "seat_single_surface", "box": [0.008563011884689331, -0.1199060007929802, 0.14251500368118286, 0.219991996884346, 0.72257399559021, 0.74195396900177, 1.2246468525851679e-16, 1.0, 0.0, 1.0, -1.2246468525851679e-16, 0.0]}]}]}, {"id": 11, "label": "chair_base", "box": [0.00814250111579895, -0.26389700174331665, 0.10784848034381866, 0.7945150136947632, 0.9576660394668579, 0.9631450176239014, 0.0, 0.0, -1.0, 0.0, -1.0, 0.0], "children": [{"id": 12, "label": "regular_leg_base", "box": [0.00814250111579895, -0.26389700174331665, 0.10784848034381866, 0.7945150136947632, 0.9576660394668579, 0.9631450176239014, 0.0, 0.0, -1.0, 0.0, -1.0, 0.0], "children": [{"id": 13, "label": "leg", "box": [0.42924731969833374, -0.2639520764350891, 0.47158747911453247, 0.06703698635101318, 0.11926604062318802, 0.9577043056488037, 0.0, 0.0, -1.0, -0.9999983310699463, -0.0018146074144169688, 0.0]}, {"id": 14, "label": "leg", "box": [0.38828301429748535, -0.2639520466327667, -0.25589048862457275, 0.06703701615333557, 0.11926557868719101, 0.9577042460441589, 0.0, 0.0, -1.0, -0.9999983310699463, -0.0018135050777345896, 0.0]}, {"id": 15, "label": "leg", "box": [-0.37199831008911133, -0.2639520764350891, -0.25589048862457275, 0.06703701615333557, 0.11926604062318802, 0.9577043056488037, 0.0, 0.0, -1.0, -0.9999983310699463, 0.0018146074144169688, 0.0]}, {"id": 16, "label": "leg", "box": [-0.41296279430389404, -0.2639520764350891, 0.47158747911453247, 0.06703698635101318, 0.11926505714654922, 0.9577043056488037, 0.0, 0.0, -1.0, -0.9999983310699463, 0.0018146074144169688, 0.0]}], "edges": [{"dist": 0.013891265596959714, "params": [0.40358585119247437, -0.2614844739437103, 0.10795864462852478, 0.056178972125053406, -0.0016535527538508177, 0.9984192848205566], "part_a": 1, "type": "REF_SYM", "part_b": 0}, {"dist": 0.013282396938320506, "params": [0.040952593088150024, -0.0012053847312927246, 0.7278143167495728], "part_a": 1, "type": "TRANS_SYM", "part_b": 0}, {"dist": 0.013507376128669738, "params": [-12.179391860961914, -0.006777077913284302, 0.8150472640991211, -0.018009141087532043, -0.999832808971405, 0.0031804628670215607, 0.05781630426645279], "part_a": 1, "type": "ROT_SYM", "part_b": 0}, {"dist": 0.032144264103224386, "params": [0.028335094451904297, -0.2596316933631897, 0.10776562988758087, 0.7358943819999695, -0.004566171672195196, 0.6770809292793274], "part_a": 2, "type": "REF_SYM", "part_b": 0}, {"dist": 0.04129584179316857, "params": [0.7914541363716125, -0.004910916090011597, 0.7282003164291382], "part_a": 2, "type": "TRANS_SYM", "part_b": 0}, {"dist": 0.013448732822244744, "params": [0.03302806615829468, -0.25145280361175537, 0.10262845456600189, 0.0018377081723883748, 0.9999936819076538, -0.0030397686641663313, 3.115823745727539], "part_a": 2, "type": "ROT_SYM", "part_b": 0}, {"dist": 0.013918234788163359, "params": [0.007858797907829285, -0.2590290307998657, -0.2561415433883667, 0.9999876618385315, -0.004937346093356609, 0.0005143557209521532], "part_a": 2, "type": "REF_SYM", "part_b": 1}, {"dist": 0.0409355880292185, "params": [0.7505015134811401, -0.003705531358718872, 0.0003860294818878174], "part_a": 2, "type": "TRANS_SYM", "part_b": 1}, {"dist": 0.017828755813259906, "params": [0.012248920276761055, -0.2580936849117279, -0.2485479861497879, -0.0048581939190626144, -0.9999869465827942, -0.0015765891876071692, 3.101137638092041], "part_a": 2, "type": "ROT_SYM", "part_b": 1}, {"dist": 0.01449988340725081, "params": [0.008387818932533264, -0.25961193442344666, 0.47167277336120605, 0.9999821186065674, -0.005954632069915533, 0.0004643329593818635], "part_a": 3, "type": "REF_SYM", "part_b": 0}, {"dist": 0.04113512441886123, "params": [0.8313486576080322, -0.004950463771820068, 0.0003860294818878174], "part_a": 3, "type": "TRANS_SYM", "part_b": 0}, {"dist": 0.013381328103667434, "params": [0.008378729224205017, -0.2518748641014099, 0.4666707515716553, 0.0007021880592219532, 0.9999977946281433, -0.001956928987056017, 3.1175990104675293], "part_a": 3, "type": "ROT_SYM", "part_b": 0}, {"dist": 0.031852902656100524, "params": [-0.012088477611541748, -0.2590092420578003, 0.10776562988758087, 0.7358040809631348, -0.003486409317702055, -0.6771854162216187], "part_a": 3, "type": "REF_SYM", "part_b": 1}, {"dist": 0.04104110250653072, "params": [0.7903960943222046, -0.0037450790405273438, -0.7274283170700073], "part_a": 3, "type": "TRANS_SYM", "part_b": 1}, {"dist": 0.020199406493890206, "params": [-0.008656168356537819, -1.2589669227600098, 0.10933071374893188, 0.00010299750283593312, -0.9999862313270569, 0.005248151253908873, 3.1399011611938477], "part_a": 3, "type": "ROT_SYM", "part_b": 1}, {"dist": 0.014016942157977389, "params": [-0.3873392343521118, -0.25715649127960205, 0.10757261514663696, 0.054732028394937515, -5.425615017884411e-05, -0.9985011219978333], "part_a": 3, "type": "REF_SYM", "part_b": 2}, {"dist": 0.013109030639516265, "params": [0.039894551038742065, -3.954768180847168e-05, -0.7278143167495728], "part_a": 3, "type": "TRANS_SYM", "part_b": 2}, {"dist": 0.015027393248801698,