{"id": 0, "label": "chair", "box": [-0.0032835130114108324, 0.01660526543855667, 0.09159468114376068, 0.8652409315109253, 1.5431365966796875, 0.870378315448761, 0.9999998211860657, 0.00010440240293974057, 0.0005819278303533792, -9.535307617625222e-05, 0.9998794198036194, -0.015528982505202293], "children": [{"id": 1, "label": "chair_back", "box": [0.0035218859557062387, 0.37448930740356445, -0.2806042432785034, 0.7859692573547363, 0.9488211274147034, 0.1185748353600502, 0.9999558925628662, -0.00042408477747812867, 0.009381791576743126, 0.0009481177548877895, 0.9984346628189087, -0.05592268705368042], "children": [{"id": 2, "label": "back_surface", "box": [0.005648172926157713, 0.4391307532787323, -0.28919166326522827, 0.6290757060050964, 0.5639902949333191, 0.09714513272047043, 0.9999265074729919, -0.00652551744133234, -0.010220224969089031, 0.005834758747369051, 0.9977881908416748, -0.06621713191270828], "children": [{"id": 5, "label": "back_surface_horizontal_bar", "box": [0.012217894196510315, 0.31440868973731995, -0.2637566030025482, 0.4294242560863495, 0.2416713535785675, 0.05026997998356819, 0.9999938011169434, -0.0021566881332546473, 0.002783162286505103, 0.0023278689477592707, 0.9980080127716064, -0.06304426491260529]}, {"id": 3, "label": "back_surface_horizontal_bar", "box": [-0.010288851335644722, 0.7049767971038818, -0.3426578640937805, 0.6463266015052795, 0.1598309725522995, 0.05802184343338013, 0.9999849796295166, 0.0010413210839033127, 0.005379932466894388, -0.00047202693531289697, 0.9944980144500732, -0.10475444793701172]}, {"id": 4, "label": "back_surface_horizontal_bar", "box": [0.0030561459716409445, 0.44978219270706177, -0.24715714156627655, 0.6674206256866455, 0.12558262050151825, 0.11120679974555969, 0.9998392462730408, -0.01184746902436018, -0.013458524830639362, 0.011509287171065807, 0.9996228814125061, -0.02493320219218731]}]}, {"id": 7, "label": "back_frame", "box": [-0.004655003547668457, 0.38280075788497925, -0.2716151773929596, 0.7979421615600586, 0.9411813020706177, 0.10219143331050873, 0.9999951720237732, 0.0013190694153308868, -0.0028207486029714346, -0.0014922639820724726, 0.9980559349060059, -0.06230675429105759], "children": [{"id": 8, "label": "back_frame_vertical_bar", "box": [0.3346817195415497, 0.3672716021537781, -0.2777785360813141, 0.09044740349054337, 0.9056574702262878, 0.08945506811141968, 0.9992918372154236, -0.004105021711438894, 0.0374038964509964, 0.00612720986828208, 0.9985162019729614, -0.054110411554574966]}, {"id": 9, "label": "back_frame_vertical_bar", "box": [-0.34071993827819824, 0.3653884530067444, -0.2653096616268158, 0.09033139050006866, 0.9067994952201843, 0.10877722501754761, 0.9990651607513428, -0.0018457772675901651, -0.043190568685531616, 0.0001165401263278909, 0.9991994500160217, -0.04000568762421608]}, {"id": 0, "label": "back_frame_horizontal_bar", "box": [-0.010567666962742805, 0.7876728177070618, -0.2805083990097046, 0.589252233505249, 0.14069324731826782, 0.10517820715904236, 0.9997605085372925, 0.007201602216809988, -0.020664945244789124, -0.007571786642074585, 0.9998112916946411, -0.01789165288209915]}], "edges": [{"part_a": 0, "part_b": 1, "type": "ROT_SYM"}, {"part_a": 0, "part_b": 1, "type": "TRANS_SYM"}, {"part_a": 0, "part_b": 1, "type": "REF_SYM"}, {"part_a": 0, "part_b": 2, "type": "ADJ"}, {"part_a": 1, "part_b": 0, "type": "ROT_SYM"}, {"part_a": 1, "part_b": 0, "type": "TRANS_SYM"}, {"part_a": 1, "part_b": 0, "type": "REF_SYM"}, {"part_a": 1, "part_b": 2, "type": "ADJ"}, {"part_a": 2, "part_b": 0, "type": "ADJ"}, {"part_a": 2, "part_b": 1, "type": "ADJ"}]}], "edges": [{"part_a": 0, "part_b": 1, "type": "ADJ"}, {"part_a": 1, "part_b": 0, "type": "ADJ"}]}, {"id": 10, "label": "chair_seat", "box": [0.0019509302219375968, -0.054406486451625824, 0.1105727106332779, 0.8051994442939758, 0.15948541462421417, 0.8179013133049011, 0.999984622001648, 0.00555014843121171, -2.423952719254885e-05, -0.005549638532102108, 0.9999358654022217, 0.009874173440039158], "children": [{"id": 13, "label": "seat_support", "box": [0.0035736465360969305, -0.08272308856248856, 0.1036134883761406, 0.8049924969673157, 0.14765232801437378, 0.8015431761741638, 0.9999437928199768, 0.009661726653575897, 0.0043717436492443085, -0.00967730488628149, 0.9999468922615051, 0.0035561013501137495]}, {"id": 11, "label": "seat_surface", "box": [0.0005380957736633718, 0.003827793523669243, 0.11999078094959259, 0.8197711110115051, 0.10898233205080032, 0.7809775471687317, 0.9999985694885254, -0.0014169719070196152, -0.0009614448645152152, 0.0014173948438838124, 0.999998927116394, 0.0004394275601953268], "children": [{"id": 12, "label": "seat_single_surface", "box": [0.006029909942299128, -0.0029066342394798994, 0.11545901000499725, 0.8185087442398071, 0.10927440226078033, 0.773910641670227, 0.9999818205833435, 0.00035280684824101627, -0.006022399291396141, -0.0002923866268247366, 0.9999496936798096, 0.01003052294254303]}]}], "edges": [{"part_a": 0, "part_b": 1, "type": "ADJ"}, {"part_a": 1, "part_b": 0, "type": "ADJ"}]}, {"id": 14, "label": "chair_base", "box": [0.0022270288318395615, -0.4308513402938843, 0.09397054463624954, 0.8165315389633179, 0.6694634556770325, 0.8405053615570068, 0.9999996423721313, 0.0006323384586721659, -0.0005940991686657071, -0.0006334246718324721, 0.999998152256012, -0.0018299126531928778], "children": [{"id": 15, "label": "regular_leg_base", "box": [0.002105374587699771, -0.42615294456481934, 0.09903915226459503, 0.8284931182861328, 0.6961829662322998, 0.8654941320419312, 1.0, -8.889728633221239e-06, -0.00023120318655855954, 8.915858416003175e-06, 1.0, 0.00011301760969217867], "children": [{"id": 16, "label": "leg", "box": [-0.3560138940811157, -0.43222275376319885, -0.2646995186805725, 0.09558812528848648, 0.6863781809806824, 0.10947972536087036, 0.9997367858886719, -0.01940806955099106, -0.012235105969011784, 0.02033313550055027, 0.9965335726737976, 0.08066864311695099]}, {"id": 19, "label": "leg", "box": [-0.357979416847229, -0.42871180176734924, 0.46628478169441223, 0.10256700962781906, 0.6886128783226013, 0.10913024842739105, 0.9997053742408752, -0.013002054765820503, 0.02049693651497364, 0.013443715870380402, 0.9996771812438965, -0.02155921421945095]}, {"id": 17, "label": "leg", "box": [0.3523237109184265, -0.42814725637435913, -0.25964346528053284, 0.10426364094018936, 0.6967946887016296, 0.11691524088382721, 0.998883068561554, 0.012757417745888233, 0.045495692640542984, -0.01625828631222248, 0.9968652725219727, 0.07742930203676224]}, {"id": 18, "label": "leg", "box": [0.36154288053512573, -0.427035391330719, 0.4608707129955292, 0.09572254121303558, 0.6878981590270996, 0.1146615520119667, 0.9998992085456848, 0.00709969038143754, -0.012295153923332691, -0.007394296582788229, 0.999682605266571, -0.024083856493234634]}], "edges": [{"part_a": 0, "part_b": 1, "type": "ROT_SYM"}, {"part_a": 0, "part_b": 1, "type": "TRANS_SYM"}, {"part_a": 0, "part_b": 1, "type": "REF_SYM"}, {"part_a": 0, "part_b": 2, "type": "ROT_SYM"}, {"part_a": 0, "part_b": 2, "type": "TRANS_SYM"}, {"part_a": 0, "part_b": 2, "type": "REF_SYM"}, {"part_a": 0, "part_b": 3, "type": "ROT_SYM"}, {"part_a": 0, "part_b": 3, "type": "TRANS_SYM"}, {"part_a": 0, "part_b": 3, "type": "REF_SYM"}, {"part_a": 1, "part_b": 0, "type": "ROT_SYM"}, {"part_a": 1, "part_b": 0, "type": "TRANS_SYM"}, {"part_a": 1, "part_b": 0, "type": "REF_SYM"}, {"part_a": 1, "part_b": 2, "type": "ROT_SYM"}, {"part_a": 1, "part_b": 2, "type": "TRANS_SYM"}, {"part_a": 1, "part_b": 2, "type": "REF_SYM"}, {"part_a": 1, "part_b": 3, "type": "ROT_SYM"}, {"part_a": 1, "part_b": 3, "type": "TRANS_SYM"}, {"part_a": 1, "part_b": 3, "type": "REF_SYM"}, {"part_a": 2, "part_b": 0, "type": "ROT_SYM"}, {"part_a": 2, "part_b": 0, "type": "TRANS_SYM"}, {"part_a": 2, "part_b": 0, "type": "REF_SYM"}, {"part_a": 2, "part_b": 1, "type": "ROT_SYM"}, {"part_a": 2, "part_b": 1, "type": "TRANS_SYM"}, {"part_a": 2, "part_b": 1, "type": "REF_SYM"}, {"part_a": 2, "part_b": 3,