{"id": 0, "label": "chair", "box": [0.010811852291226387, -0.09635157883167267, 0.053899120539426804, 0.9537637829780579, 1.005985975265503, 1.2757819890975952, -0.9999999403953552, -4.852797792409547e-05, -0.00034864043118432164, -0.0003486496862024069, 0.00019050257105845958, 0.9999999403953552], "children": [{"id": 1, "label": "chair_back", "box": [0.010816670022904873, 0.19740670919418335, -0.2743806540966034, 0.20486892759799957, 0.7276317477226257, 0.9534879326820374, -0.0006838217377662659, -0.21445007622241974, -0.9767346978187561, 1.0537583875702694e-05, 0.9767349362373352, -0.21445013582706451], "children": [{"id": 2, "label": "back_surface", "box": [0.010816670022904873, 0.19740670919418335, -0.2743806540966034, 0.20486892759799957, 0.7276317477226257, 0.9534879326820374, -0.0006838217377662659, -0.21445007622241974, -0.9767346978187561, 1.0537583875702694e-05, 0.9767349362373352, -0.21445013582706451], "children": [{"id": 3, "label": "back_single_surface", "box": [0.010816670022904873, 0.19740670919418335, -0.2743806540966034, 0.20486892759799957, 0.7276317477226257, 0.9534879326820374, -0.0006838217377662659, -0.21445007622241974, -0.9767346978187561, 1.0537583875702694e-05, 0.9767349362373352, -0.21445013582706451]}]}]}, {"id": 4, "label": "chair_arm", "box": [0.4282867908477783, 0.011790227144956589, 0.12201549857854843, 0.1185656413435936, 0.4264012277126312, 0.8744566440582275, 1.0, -3.509287125780247e-05, -0.00010526108962949365, 3.682915848912671e-05, 0.9998632073402405, 0.016540652140975], "children": [{"id": 5, "label": "arm_sofa_style", "box": [0.4282867908477783, 0.011790227144956589, 0.12201549857854843, 0.1185656413435936, 0.4264012277126312, 0.8744566440582275, 1.0, -3.509287125780247e-05, -0.00010526108962949365, 3.682915848912671e-05, 0.9998632073402405, 0.016540652140975]}]}, {"id": 6, "label": "chair_arm", "box": [-0.40740299224853516, 0.02640528976917267, 0.13616296648979187, 0.11706599593162537, 0.41439491510391235, 0.8426417112350464, -1.0, 0.0, -6.123234262925839e-17, -2.905211598193497e-19, 0.9999887347221375, 0.0047445702366530895], "children": [{"id": 7, "label": "arm_sofa_style", "box": [-0.40740299224853516, 0.02640528976917267, 0.13616296648979187, 0.11706599593162537, 0.41439491510391235, 0.8426417112350464, -1.0, 0.0, -6.123234262925839e-17, -2.905211598193497e-19, 0.9999887347221375, 0.0047445702366530895]}]}, {"id": 8, "label": "chair_seat", "box": [0.004298285115510225, -0.0811389684677124, 0.13909199833869934, 0.17709749937057495, 0.7684000134468079, 0.8357560038566589, 0.017279986292123795, -0.9998506903648376, 0.0, -0.9998506903648376, -0.017279986292123795, 0.0], "children": [{"id": 9, "label": "seat_surface", "box": [0.004298285115510225, -0.0811389684677124, 0.13909199833869934, 0.17709749937057495, 0.7684000134468079, 0.8357560038566589, 0.017279986292123795, -0.9998506903648376, 0.0, -0.9998506903648376, -0.017279986292123795, 0.0], "children": [{"id": 10, "label": "seat_single_surface", "box": [0.004298285115510225, -0.0811389684677124, 0.13909199833869934, 0.17709749937057495, 0.7684000134468079, 0.8357560038566589, 0.017279986292123795, -0.9998506903648376, 0.0, -0.9998506903648376, -0.017279986292123795, 0.0]}]}]}, {"id": 11, "label": "chair_base", "box": [0.010819687508046627, -0.4423981010913849, 0.1301480382680893, 0.5837407112121582, 0.8531579971313477, 0.9534951448440552, -6.970495451241732e-05, 0.9999999403953552, -0.0003149714320898056, 5.402833266998641e-05, 0.0003149751864839345, 0.9999999403953552], "children": [{"id": 12, "label": "regular_leg_base", "box": [0.010819687508046627, -0.4423981010913849, 0.1301480382680893, 0.5837407112121582, 0.8531579971313477, 0.9534951448440552, -6.970495451241732e-05, 0.9999999403953552, -0.0003149714320898056, 5.402833266998641e-05, 0.0003149751864839345, 0.9999999403953552], "children": [{"id": 13, "label": "leg", "box": [-0.4273102879524231, -0.4437583386898041, -0.26095643639564514, 0.08793557435274124, 0.09747668355703354, 0.581720769405365, 0.9997953772544861, -0.020176943391561508, -0.0014326636446639895, 0.0004315326805226505, -0.04953477531671524, 0.9987723231315613]}, {"id": 14, "label": "leg", "box": [0.4436740279197693, -0.44253990054130554, -0.24756905436515808, 0.08797847479581833, 0.09753033518791199, 0.5834938287734985, -0.9999997615814209, -0.000497509608976543, 0.00046255034976638854, 0.0004625148721970618, 7.14459820301272e-05, 0.9999998807907104]}, {"id": 15, "label": "leg", "box": [0.44136813282966614, -0.44220516085624695, 0.5091866850852966, 0.08964337408542633, 0.09954078495502472, 0.583837628364563, 0.4304898977279663, 0.0021602550987154245, -0.9025927782058716, 0.9025927186012268, 0.0014056642539799213, 0.43049323558807373]}, {"id": 16, "label": "leg", "box": [-0.43387123942375183, -0.4532957375049591, 0.5127917528152466, 0.08701527863740921, 0.0874963030219078, 0.5612577795982361, -0.9990436434745789, 0.043049175292253494, -0.007652760483324528, -0.0076598613522946835, 9.38062519304536e-19, 0.9999706745147705]}], "edges": [{"params": [0.011174961924552917, -0.44898858666419983, -0.25900113582611084, -0.999993622303009, -0.003513485658913851, 0.0006390450289472938], "dist": 0.01697313811701144, "part_a": 1, "type": "REF_SYM", "part_b": 0}, {"params": [-0.8855599164962769, -0.003111422061920166, 0.0005659162998199463], "dist": 0.018976044814492738, "part_a": 1, "type": "TRANS_SYM", "part_b": 0}, {"params": [0.004586770199239254, -0.0171489417552948, -4.6856865882873535, 0.008899301290512085, -0.9967278838157654, -0.08033870160579681, 0.1984766721725464], "dist": 0.020501878169043652, "part_a": 1, "type": "ROT_SYM", "part_b": 0}, {"params": [0.01050575077533722, -0.44956886768341064, 0.1308606117963791, -0.750273585319519, -0.0016553052701056004, -0.6611254811286926], "dist": 0.02007955469984977, "part_a": 2, "type": "REF_SYM", "part_b": 0}, {"params": [-0.8842214345932007, -0.0019508302211761475, -0.7791575193405151], "dist": 0.02148488962636878, "part_a": 2, "type": "TRANS_SYM", "part_b": 0}, {"params": [-4.2003068923950195, 0.7912972569465637, 4.8885016441345215, 0.023869959637522697, 0.9992795586585999, -0.029505057260394096, 0.1837446391582489], "dist": 0.021855626472729102, "part_a": 2, "type": "ROT_SYM", "part_b": 0}, {"params": [0.45328569412231445, -0.44801318645477295, 0.13057765364646912, 0.0017165301833301783, 0.0014884620904922485, -0.9999973773956299], "dist": 0.018138886592478518, "part_a": 2, "type": "REF_SYM", "part_b": 1}, {"params": [0.0013384222984313965, 0.0011605918407440186, -0.7797234654426575], "dist": 0.019585906481716844, "part_a": 2, "type": "TRANS_SYM", "part_b": 1}, {"params": [-1.601196527481079, 0.5320634841918945, 0.1287941187620163, -0.009711653925478458, 0.9999517202377319, 0.0014726141234859824, 0.37678590416908264], "dist": 0.02085330581461518, "part_a": 2, "type": "ROT_SYM", "part_b": 1}, {"params": [-0.43114328384399414, -0.45164039731025696, 0.13068415224552155, -0.0011856131022796035, 0.0028148123528808355, -0.9999953508377075], "dist": 0.018724554038513634, "part_a": 3, "type": "REF_SYM", "part_b": 0}, {"params": [-0.0009233653545379639, 0.002192199230194092, -0.7788046598434448], "dist": 0.01952482216685935, "part_a": 3, "type": "TRANS_SYM", "part_b": 0}, {"params": [3.524329900741577, -1.215330719947815, 0.11684637516736984, 0.059524208307266235, -0.9982223510742188, -0.0029963974375277758, 0.19888193905353546], "dist": 0.020150167015556414, "part_a": 3, "type": "ROT_SYM", "part_b": 0}, {"params": [0.0116366446018219, -0.4500846862792969, 0.13040119409561157, 0.7503312230110168, 0.004498426802456379, -0.6610467433929443], "dist": 0.021022636097816506, "part_a": 3, "type": "REF_SYM", "part_b": 1}, {"params": [0.8846365213394165, 0.005303621292114258, -0.7793705463409424], "dist": 0.02187019771402067, "part_a": 3, "type": "TRANS_SYM",