{"id": 0, "label": "chair", "box": [0.006260993890464306, -0.07871824502944946, 0.07309761643409729, 0.9750521779060364, 1.3486666679382324, 0.9408690929412842, 0.9999306797981262, -0.004659832455217838, 0.010812494903802872, 0.004707621410489082, 0.9999792575836182, -0.004398577846586704], "children": [{"id": 1, "label": "chair_back", "box": [0.012196045368909836, 0.22571898996829987, -0.2875942289829254, 0.8790563344955444, 0.8428506851196289, 0.20790152251720428, 0.9999920725822449, -0.002430716995149851, 0.0031561513897031546, 0.0027420353144407272, 0.9947078227996826, -0.10270747542381287], "children": [{"id": 2, "label": "back_surface", "box": [-0.011108317412436008, 0.22738191485404968, -0.312683641910553, 0.9433091878890991, 0.8472923636436462, 0.17043547332286835, 0.9999529123306274, -0.009625612758100033, 0.0012322056572884321, 0.009700014255940914, 0.9951474070549011, -0.09791642427444458], "children": [{"id": 3, "label": "back_single_surface", "box": [-0.002753807697445154, 0.2200067788362503, -0.3212442696094513, 0.9076786637306213, 0.797214150428772, 0.19243721663951874, 0.9999813437461853, -0.0013987479032948613, 0.005951205734163523, 0.002128354972228408, 0.9922275543212891, -0.12441833317279816]}]}]}, {"id": 6, "label": "chair_arm", "box": [-0.41149017214775085, 0.03601249307394028, 0.14101111888885498, 0.19573841989040375, 0.5949695110321045, 0.8955869078636169, 0.9990484118461609, 0.03299890086054802, 0.02852078713476658, -0.03332674503326416, 0.9993829131126404, 0.011097123846411705], "children": [{"id": 7, "label": "arm_sofa_style", "box": [-0.4087268114089966, 0.038677819073200226, 0.12176095694303513, 0.18970420956611633, 0.6196481585502625, 0.8771743774414062, 0.998744010925293, 0.04286960884928703, 0.02593587525188923, -0.04378155618906021, 0.998403787612915, 0.03567983955144882]}]}, {"id": 4, "label": "chair_arm", "box": [0.41872015595436096, 0.05589670687913895, 0.12404230982065201, 0.15891115367412567, 0.5742627382278442, 0.8297594785690308, 0.9981268048286438, -0.04835205525159836, -0.03748374804854393, 0.04862797632813454, 0.9987959265708923, 0.006484238896518946], "children": [{"id": 5, "label": "arm_sofa_style", "box": [0.39773163199424744, 0.048567626625299454, 0.10781961679458618, 0.1924855262041092, 0.6359139680862427, 0.8099541664123535, 0.999498724937439, -0.030101623386144638, -0.009809733368456364, 0.030194608494639397, 0.9994992017745972, 0.009472613222897053]}]}, {"id": 8, "label": "chair_seat", "box": [-0.0011633554240688682, -0.12245839089155197, 0.11933217942714691, 0.8857813477516174, 0.23325714468955994, 0.8755471110343933, 0.9998990893363953, -0.012620205990970135, -0.006525064818561077, 0.012826042249798775, 0.9993885159492493, 0.032529570162296295], "children": [{"id": 9, "label": "seat_surface", "box": [-0.0033057695254683495, -0.09042896330356598, 0.12008799612522125, 0.7968735098838806, 0.21081168949604034, 0.7780991196632385, 0.9999940395355225, -0.0020684287883341312, 0.002779206959530711, 0.0019705877639353275, 0.9993938207626343, 0.03475768491625786], "children": [{"id": 10, "label": "seat_single_surface", "box": [0.0010901312343776226, -0.09391974657773972, 0.13748756051063538, 0.794808030128479, 0.2144419252872467, 0.7947961091995239, 0.999991774559021, 0.0037040242459625006, 0.0016476619057357311, -0.0037197249475866556, 0.9999467134475708, 0.009630332700908184]}]}]}, {"id": 11, "label": "chair_base", "box": [0.009826901368796825, -0.47455713152885437, 0.10015787184238434, 0.8817798495292664, 0.5617554783821106, 0.8999176025390625, 0.9999925494194031, -0.0038658399134874344, 2.797575871227309e-05, 0.0038658168632537127, 0.9999922513961792, 0.0007914659800007939], "children": [{"id": 12, "label": "regular_leg_base", "box": [-0.0030603946652263403, -0.4889901876449585, 0.08419804275035858, 0.909777820110321, 0.5717810988426208, 0.9010770916938782, 0.9999661445617676, 0.003382289782166481, 0.007506514899432659, -0.003383117262274027, 0.9999942779541016, 9.75868315435946e-05], "children": [{"id": 13, "label": "leg", "box": [-0.406318724155426, -0.494681715965271, -0.2845473885536194, 0.08544832468032837, 0.5763810276985168, 0.09902361035346985, 0.9996183514595032, -0.02300102822482586, -0.015302523970603943, 0.02484384924173355, 0.9906986951828003, 0.1337870955467224]}, {"id": 16, "label": "leg", "box": [-0.4094735383987427, -0.47870075702667236, 0.488730788230896, 0.08477708697319031, 0.5884885787963867, 0.09956029802560806, 0.9995530247688293, -0.014574656262993813, 0.026103058829903603, 0.01494334451854229, 0.9997905492782593, -0.01398538425564766]}, {"id": 14, "label": "leg", "box": [0.39070573449134827, -0.49115821719169617, -0.28503286838531494, 0.08705316483974457, 0.5707736015319824, 0.09519264101982117, 0.9983536601066589, 0.008647184818983078, 0.056703511625528336, -0.014300324954092503, 0.9948784112930298, 0.1000623106956482]}, {"id": 15, "label": "leg", "box": [0.40261605381965637, -0.4849909543991089, 0.4885158836841583, 0.07842746376991272, 0.5799212455749512, 0.10054727643728256, 0.9992007613182068, 0.01117989607155323, -0.03837817907333374, -0.012010487727820873, 0.9996971487998962, -0.021480385214090347]}], "edges": [{"part_a": 0, "part_b": 1, "type": "ROT_SYM"}, {"part_a": 0, "part_b": 1, "type": "TRANS_SYM"}, {"part_a": 0, "part_b": 1, "type": "REF_SYM"}, {"part_a": 0, "part_b": 2, "type": "ROT_SYM"}, {"part_a": 0, "part_b": 2, "type": "TRANS_SYM"}, {"part_a": 0, "part_b": 2, "type": "REF_SYM"}, {"part_a": 0, "part_b": 3, "type": "ROT_SYM"}, {"part_a": 0, "part_b": 3, "type": "TRANS_SYM"}, {"part_a": 0, "part_b": 3, "type": "REF_SYM"}, {"part_a": 1, "part_b": 0, "type": "ROT_SYM"}, {"part_a": 1, "part_b": 0, "type": "TRANS_SYM"}, {"part_a": 1, "part_b": 0, "type": "REF_SYM"}, {"part_a": 1, "part_b": 2, "type": "ROT_SYM"}, {"part_a": 1, "part_b": 2, "type": "TRANS_SYM"}, {"part_a": 1, "part_b": 2, "type": "REF_SYM"}, {"part_a": 1, "part_b": 3, "type": "ROT_SYM"}, {"part_a": 1, "part_b": 3, "type": "TRANS_SYM"}, {"part_a": 1, "part_b": 3, "type": "REF_SYM"}, {"part_a": 2, "part_b": 0, "type": "ROT_SYM"}, {"part_a": 2, "part_b": 0, "type": "TRANS_SYM"}, {"part_a": 2, "part_b": 0, "type": "REF_SYM"}, {"part_a": 2, "part_b": 1, "type": "ROT_SYM"}, {"part_a": 2, "part_b": 1, "type": "TRANS_SYM"}, {"part_a": 2, "part_b": 1, "type": "REF_SYM"}, {"part_a": 2, "part_b": 3, "type": "ROT_SYM"}, {"part_a": 2, "part_b": 3, "type": "TRANS_SYM"}, {"part_a": 2, "part_b": 3, "type": "REF_SYM"}, {"part_a": 3, "part_b": 0, "type": "ROT_SYM"}, {"part_a": 3, "part_b": 0, "type": "TRANS_SYM"}, {"part_a": 3, "part_b": 0, "type": "REF_SYM"}, {"part_a": 3, "part_b": 1, "type": "ROT_SYM"}, {"part_a": 3, "part_b": 1, "type": "TRANS_SYM"}, {"part_a": 3, "part_b": 1, "type": "REF_SYM"}, {"part_a": 3, "part_b": 2, "type": "ROT_SYM"}, {"part_a": 3, "part_b": 2, "type": "TRANS_SYM"}, {"part_a": 3, "part_b": 2, "type": "REF_SYM"}]}]}], "edges": [{"part_a": 0, "part_b": 1, "type": "ADJ"}, {"part_a": 0, "part_b": 2, "type": "ADJ"}, {"part_a": 0, "part_b": 3, "type": "ADJ"}, {"part_a": 0, "part_b": 4, "type": "ADJ"}, {"part_a": 1, "part_b": 0, "type": "ADJ"}, {"part_a": 1, "part_b": 2, "type": "ROT_SYM"}, {"part_a": 1, "part_b": 2, "type": "TRANS_SYM"}, {"part_a": 1, "part_b": 2, "type": "REF_SYM"}, {"part_a": 1, "part_b": 3, "type": "ADJ"}, {"part_a": 1, "part_b": 4, "type": "ADJ"}, {"part_a": 2, "part_b": 0, "type": "ADJ"}, {"part_a": 2, "part_b": 1, "type": "ROT_SYM"}, {"part_a": 2, "part_b": 1, "type": "TRANS_SYM"}, {"part_a": 2, "part_b": 1, "type": "REF_SYM"}, {"part_a": 2, "part_b": 3, "type": "ADJ"}, {"part_a": 2, "part_b": 4, "type": "ADJ"}, {"part_a": 3, "part_b": 0, "type": "ADJ"}, {"part_a": 3, "part_b": 1, "type": "ADJ"}, {"part_a": 3, "part_b": 2, "type": "ADJ"}, {"part_a": 3, "part_b": 4, "type": "ADJ"}, {"part_a": 4, "part_b": 0, "type": "ADJ"}, {"part_a": 4, "part_b": 2, "type": "ADJ"}, {"part_a": 4, "part_b": 3, "type": "ADJ"}]}