{"id": 0, "label": "chair", "box": [0.0021812557242810726, 0.11324035376310349, 0.05533342808485031, 0.6487178206443787, 1.0667585134506226, 1.8514448404312134, -2.885629510274157e-05, -0.1466703712940216, -0.9891854524612427, 8.656552312974821e-16, -0.9891854524612427, 0.1466703712940216], "children": [{"id": 1, "label": "chair_back", "box": [0.0005412614555098116, 0.3849745988845825, -0.23372167348861694, 0.08036745339632034, 0.44443657994270325, 1.62765371799469, -5.9092901210533455e-05, -0.029692919924855232, -0.9995590448379517, -5.242044380793232e-07, -0.9995590448379517, 0.029692919924855232], "children": [{"id": 2, "label": "back_surface", "box": [0.0005412614555098116, 0.3849745988845825, -0.23372167348861694, 0.08036745339632034, 0.44443657994270325, 1.62765371799469, -5.9092901210533455e-05, -0.029692919924855232, -0.9995590448379517, -5.242044380793232e-07, -0.9995590448379517, 0.029692919924855232], "children": [{"id": 3, "label": "back_single_surface", "box": [0.0005412614555098116, 0.3849745988845825, -0.23372167348861694, 0.08036745339632034, 0.44443657994270325, 1.62765371799469, -5.9092901210533455e-05, -0.029692919924855232, -0.9995590448379517, -5.242044380793232e-07, -0.9995590448379517, 0.029692919924855232]}]}]}, {"id": 4, "label": "chair_seat", "box": [0.0021790210157632828, 0.12713034451007843, 0.003687480231747031, 0.1571977734565735, 0.5442901849746704, 1.8514543771743774, 6.975495489314198e-05, 0.9999997615814209, 0.0006934806006029248, 4.9837733968161047e-05, -0.0006934840930625796, 0.9999997615814209], "children": [{"id": 5, "label": "seat_surface", "box": [0.0021790210157632828, 0.12713034451007843, 0.003687480231747031, 0.1571977734565735, 0.5442901849746704, 1.8514543771743774, 6.975495489314198e-05, 0.9999997615814209, 0.0006934806006029248, 4.9837733968161047e-05, -0.0006934840930625796, 0.9999997615814209], "children": [{"id": 6, "label": "seat_single_surface", "box": [0.0021790210157632828, 0.12713034451007843, 0.003687480231747031, 0.1571977734565735, 0.5442901849746704, 1.8514543771743774, 6.975495489314198e-05, 0.9999997615814209, 0.0006934806006029248, 4.9837733968161047e-05, -0.0006934840930625796, 0.9999997615814209]}]}]}, {"id": 7, "label": "chair_base", "box": [0.0023230016231536865, -0.14889951050281525, 0.12130100280046463, 0.44297900795936584, 0.6510440111160278, 1.7545158863067627, 0.0, 1.0, 0.0, 0.0, 0.0, 1.0]}], "edges": [{"part_a": 1, "dist": 0.008411289744553694, "part_b": 0, "type": "ADJ"}, {"part_a": 2, "dist": 0.013826984410865288, "part_b": 1, "type": "ADJ"}]}