{"id": 0, "label": "chair", "box": [0.01541849970817566, -0.058975618332624435, 0.07717525959014893, 0.866484522819519, 0.8682850003242493, 1.4979770183563232, 6.123234262925839e-17, 2.7067660539614735e-06, -1.0, 1.0, 0.0, 6.123234262925839e-17], "children": [{"id": 1, "label": "chair_back", "box": [0.015417548827826977, 0.3164830505847931, -0.2806198298931122, 0.08033163845539093, 0.7558225393295288, 0.8682870864868164, -0.00018621272465679795, -0.09663086384534836, -0.9953202605247498, 5.605200499303464e-07, -0.9953202605247498, 0.09663087129592896], "children": [{"id": 2, "label": "back_surface", "box": [-0.0035382923670113087, 0.2938210964202881, -0.27718380093574524, 0.07758983969688416, 0.6839280128479004, 0.8258983492851257, 1.5179381080088206e-05, -0.09250527620315552, -0.9957122206687927, -1.62177220772719e-05, -0.9957122206687927, 0.09250527620315552], "children": [{"id": 3, "label": "back_single_surface", "box": [-0.0035382923670113087, 0.2938210964202881, -0.27718380093574524, 0.07758983969688416, 0.6839280128479004, 0.8258983492851257, 1.5179381080088206e-05, -0.09250527620315552, -0.9957122206687927, -1.62177220772719e-05, -0.9957122206687927, 0.09250527620315552]}]}, {"id": 4, "label": "back_frame", "box": [0.015420055016875267, 0.3165251910686493, -0.28034868836402893, 0.0807044729590416, 0.75588059425354, 0.8683075904846191, 0.001365868141874671, -0.09815047681331635, -0.9951706528663635, -4.500214345171116e-06, -0.9951715469360352, 0.09815056622028351], "children": [{"id": 5, "label": "back_frame_vertical_bar", "box": [0.4075913429260254, 0.2980993092060089, -0.27758798003196716, 0.07759694755077362, 0.0839410349726677, 0.6986352801322937, 9.001174475997686e-05, -0.09246281534433365, -0.9957161545753479, 1.0, 1.2746159882226493e-05, 8.921539119910449e-05]}, {"id": 6, "label": "back_frame_vertical_bar", "box": [-0.37355712056159973, 0.2931808829307556, -0.27750229835510254, 0.07858049869537354, 0.09061699360609055, 0.7087831497192383, -0.011374220252037048, 0.09306661784648895, 0.9955949187278748, 0.9999353289604187, 0.0010248235194012523, 0.011328008957207203]}, {"id": 7, "label": "back_frame_horizontal_bar", "box": [0.015402060933411121, 0.6602556705474854, -0.3208189904689789, 0.06057267636060715, 0.07018931210041046, 0.8683180212974548, 0.0011155294487252831, -0.9999662041664124, 0.008147086016833782, -1.825645767894457e-06, 0.008147088810801506, 0.9999668002128601]}], "edges": [{"part_a": 2, "type": "ADJ", "dist": 0.008702753505962961, "part_b": 0}, {"part_a": 2, "type": "ADJ", "dist": 0.009303239030411132, "part_b": 1}, {"params": [0.016295239329338074, 0.3021656274795532, -0.27726975083351135, 0.9998704195022583, 0.01568194292485714, 0.003643385134637356], "part_a": 1, "type": "REF_SYM", "dist": 0.020058185217333945, "part_b": 0}, {"params": [0.8214443922042847, 0.012883514165878296, 0.0029932260513305664], "part_a": 1, "type": "TRANS_SYM", "dist": 0.034789606211173885, "part_b": 0}, {"params": [0.016066765412688255, 0.3034725785255432, -0.23364615440368652, -0.007268636487424374, -0.9960663914680481, 0.08831153064966202, 2.9301984310150146], "part_a": 1, "type": "ROT_SYM", "dist": 0.025684725866791457, "part_b": 0}]}], "edges": [{"part_a": 1, "type": "ADJ", "dist": 0.006463401855513153, "part_b": 0}]}, {"id": 8, "label": "chair_seat", "box": [0.015414264053106308, -0.09052729606628418, 0.10843074321746826, 0.2557641267776489, 0.8044958114624023, 0.8683038949966431, -0.0001242317957803607, 0.9991067051887512, -0.04225886985659599, -1.6491663927808986e-06, 0.04225886985659599, 0.9991067051887512], "children": [{"id": 9, "label": "seat_surface", "box": [0.018763724714517593, -0.02540620043873787, 0.13735152781009674, 0.07516077160835266, 0.7287947535514832, 0.8630410432815552, -0.0003720526583492756, -0.9995056390762329, -0.03143833205103874, 0.005612695589661598, -0.031439926475286484, 0.9994899034500122], "children": [{"id": 10, "label": "seat_single_surface", "box": [0.018763724714517593, -0.02540620043873787, 0.13735152781009674, 0.07516077160835266, 0.7287947535514832, 0.8630410432815552, -0.0003720526583492756, -0.9995056390762329, -0.03143833205103874, 0.005612695589661598, -0.031439926475286484, 0.9994899034500122]}]}, {"id": 11, "label": "seat_support", "box": [0.015415183268487453, -0.13821084797382355, 0.11095034331083298, 0.19279024004936218, 0.7990050911903381, 0.8683163523674011, -0.0002387671556789428, -0.9999996423721313, 0.0007977535715326667, 4.884832066253223e-20, 0.0007977535715326667, 0.9999997019767761]}], "edges": [{"part_a": 1, "type": "ADJ", "dist": 0.009255503547412102, "part_b": 0}]}, {"id": 12, "label": "chair_base", "box": [0.01541849970817566, -0.49044668674468994, 0.07717486470937729, 0.634742796421051, 0.866709291934967, 0.8682850003242493, 2.2152173069569977e-20, 0.9999999403953552, -0.00036177242873236537, 6.123233601181349e-17, -0.00036177242873236537, -0.9999999403953552], "children": [{"id": 13, "label": "regular_leg_base", "box": [0.01541849970817566, -0.49044668674468994, 0.07717486470937729, 0.634742796421051, 0.866709291934967, 0.8682850003242493, 2.2152173069569977e-20, 0.9999999403953552, -0.00036177242873236537, 6.123233601181349e-17, -0.00036177242873236537, -0.9999999403953552], "children": [{"id": 14, "label": "leg", "box": [0.41210001707077026, -0.49889951944351196, -0.28480443358421326, 0.07404927164316177, 0.07492820918560028, 0.627498209476471, 0.00026349458494223654, 0.1134222149848938, -0.9935468435287476, -0.9999999403953552, 1.8791601178236306e-05, -0.000263060734141618]}, {"id": 15, "label": "leg", "box": [0.40898412466049194, -0.49030786752700806, 0.4639277160167694, 0.08121944963932037, 0.09299207478761673, 0.6347256302833557, -0.9999990463256836, -2.0799468984478153e-05, -0.0013814164558425546, -0.0013814171543344855, 2.9583154173451476e-05, 0.9999990463256836]}, {"id": 16, "label": "leg", "box": [-0.3801943361759186, -0.49745655059814453, 0.46389731764793396, 0.09131449460983276, 0.0930538922548294, 0.621086597442627, -0.9997300505638123, 0.023234814405441284, -5.678586239810102e-05, -5.8235284086549655e-05, -6.170484266476706e-05, 1.0]}, {"id": 17, "label": "leg", "box": [-0.3816196024417877, -0.49249011278152466, -0.28381994366645813, 0.07400450855493546, 0.08062291890382767, 0.6407889723777771, -0.013500331901013851, 0.11484640091657639, -0.9932914972305298, -0.9998477101325989, 0.009437596425414085, 0.014680634252727032]}], "edges": [{"params": [-0.0019771158695220947, -0.038415104150772095, -0.7617685198783875], "part_a": 1, "type": "TRANS_SYM", "dist": 0.048481897266877134, "part_b": 0}, {"params": [-2.082547187805176, 3.308349609375, -0.10001154243946075, 0.9293902516365051, 0.3684288263320923, -0.022227397188544273, 0.17065493762493134], "part_a": 1, "type": "ROT_SYM", "dist": 0.024148596117400636, "part_b": 0}, {"params": [0.7937076091766357, -0.033128201961517334, -0.7610979080200195], "part_a": 2, "type": "TRANS_SYM", "dist": 0.04977314020676953, "part_b": 0}, {"params": [0.018468067049980164, -0.4752902388572693, 0.47843030095100403, 0.9999775886535645, 0.006644320208579302, 0.0008427921566180885], "part_a": 2, "type": "REF_SYM", "dist": 0.018892466025138444, "part_b": 1}, {"params": [0.7956846952438354, 0.005286902189254761, 0.0006706118583679199], "part_a": 2, "type": "TRANS_SYM", "dist": 0.018843596678846216, "part_b": 1}, {"params": [0.004922217223793268, -1.5578886270523071, -4.452356815338135, -0.006535339169204235, 0.9998383522033691, -0.016745440661907196, 0.160457044839859], "part_a": 2, "type": "ROT_SYM", "dist": 0.020980610394352523, "part_b": 1}, {"params": [0.01629994809627533, -0.5099467039108276, -0.2829298973083496, 0.9999960064888, -0.0028018460143357515, -0.00018347783770877868], "part_a": 3, "type": "REF_SYM", "dist": 0.016548357490365696, "part_b": 0}, {"params": [0.7960667610168457, -0.0022304654121398926, -0.00014606118202209473], "part_a": 3, "type": "TRANS_SYM", "dist": 0.016399422044540174,