{"id": 0, "label": "chair", "box": [-0.016837863251566887, 0.022123966366052628, 0.05392801761627197, 1.004014015197754, 1.237069010734558, 1.5666168928146362, 0.0, 0.0, -1.0, -1.0, 9.345401963400946e-07, 0.0], "children": [{"id": 1, "label": "chair_back", "box": [-0.032326504588127136, 0.2495609074831009, -0.21049374341964722, 0.16739627718925476, 0.8781449794769287, 1.1001843214035034, -6.088564145603537e-17, 0.10626410692930222, 0.9943379163742065, 1.0, 0.0, 6.123234262925839e-17], "children": [{"id": 2, "label": "back_surface", "box": [-0.032326504588127136, 0.2495609074831009, -0.21049374341964722, 0.16739627718925476, 0.8781449794769287, 1.1001843214035034, -6.088564145603537e-17, 0.10626410692930222, 0.9943379163742065, 1.0, 0.0, 6.123234262925839e-17], "children": [{"id": 3, "label": "back_single_surface", "box": [-0.032326504588127136, 0.2495609074831009, -0.21049374341964722, 0.16739627718925476, 0.8781449794769287, 1.1001843214035034, -6.088564145603537e-17, 0.10626410692930222, 0.9943379163742065, 1.0, 0.0, 6.123234262925839e-17]}]}]}, {"id": 4, "label": "chair_arm", "box": [-0.5652360320091248, -0.155601367354393, 0.05362052097916603, 0.15208159387111664, 1.0040150880813599, 1.209922194480896, 0.9999495148658752, -0.01004850398749113, 3.940837996196933e-05, -4.466198879526928e-05, -0.0005226009525358677, 0.9999998807907104], "children": [{"id": 5, "label": "arm_sofa_style", "box": [-0.5652360320091248, -0.155601367354393, 0.05362052097916603, 0.15208159387111664, 1.0040150880813599, 1.209922194480896, 0.9999495148658752, -0.01004850398749113, 3.940837996196933e-05, -4.466198879526928e-05, -0.0005226009525358677, 0.9999998807907104]}]}, {"id": 6, "label": "chair_arm", "box": [0.5256525278091431, 0.08800259232521057, 0.05416593328118324, 0.15208902955055237, 0.7218117117881775, 1.0040137767791748, -1.0, 0.0, -6.123234262925839e-17, 4.2176856990699173e-20, 0.9999997615814209, -0.0006888003554195166], "children": [{"id": 7, "label": "arm_sofa_style", "box": [0.5256525278091431, 0.08800259232521057, 0.05416593328118324, 0.15208902955055237, 0.7218117117881775, 1.0040137767791748, -1.0, 0.0, -6.123234262925839e-17, 4.2176856990699173e-20, 0.9999997615814209, -0.0006888003554195166]}]}, {"id": 8, "label": "chair_seat", "box": [-0.032326504588127136, -0.25284749269485474, 0.2109369933605194, 0.07428500056266785, 0.6286140084266663, 0.8810789585113525, 0.0, 1.0, 0.0, 0.0, 0.0, 1.0], "children": [{"id": 9, "label": "seat_surface", "box": [-0.03212827071547508, -0.23088473081588745, 0.21073688566684723, 0.030581656843423843, 0.6015194654464722, 0.853510856628418, 0.0002338750782655552, 0.9999999403953552, -7.336834096349776e-05, -7.013917638687417e-05, -7.335194095503539e-05, -1.0], "children": [{"id": 10, "label": "seat_single_surface", "box": [-0.03212827071547508, -0.23088473081588745, 0.21073688566684723, 0.030581656843423843, 0.6015194654464722, 0.853510856628418, 0.0002338750782655552, 0.9999999403953552, -7.336834096349776e-05, -7.013917638687417e-05, -7.335194095503539e-05, -1.0]}]}, {"id": 11, "label": "seat_support", "box": [-0.032326504588127136, -0.25305649638175964, 0.2109369933605194, 0.07386700809001923, 0.6286140084266663, 0.8810789585113525, 0.0, 1.0, 0.0, 0.0, 0.0, 1.0]}], "edges": [{"type": "ADJ", "dist": 0.008876331913547099, "part_b": 0, "part_a": 1}]}, {"id": 12, "label": "chair_base", "box": [-0.016657153144478798, -0.5115707516670227, 0.03360366448760033, 0.5010382533073425, 0.7724177241325378, 1.1895540952682495, -4.613673354469938e-06, -0.999994695186615, -0.003256291151046753, 3.043168828043008e-09, -0.003256291151046753, 0.999994695186615]}], "edges": [{"type": "ADJ", "dist": 0.026293493251734825, "part_b": 0, "part_a": 1}, {"type": "ADJ", "dist": 0.03744749241157425, "part_b": 0, "part_a": 3}, {"type": "ADJ", "dist": 0.047993856954636024, "part_b": 1, "part_a": 3}, {"type": "ADJ", "dist": 0.01030289891208711, "part_b": 1, "part_a": 4}, {"type": "ADJ", "dist": 0.008223333343977027, "part_b": 2, "part_a": 4}, {"type": "REF_SYM", "params": [-0.0164870023727417, 0.13049554824829102, 0.04975038021802902, -0.999936580657959, -0.010715816169977188, -0.0034690278116613626], "dist": 0.023411692379413672, "part_b": 1, "part_a": 2}, {"type": "TRANS_SYM", "params": [-1.0861361026763916, -0.01163957267999649, -0.003768075257539749], "dist": 0.022689633794196282, "part_b": 1, "part_a": 2}, {"type": "ROT_SYM", "params": [-1.290701150894165, 23.26818084716797, 51.81380844116211, -0.0018132968107238412, 0.9062083959579468, -0.42282766103744507, 0.019152497872710228], "dist": 0.024280605616373765, "part_b": 1, "part_a": 2}]}