{"id": 0, "label": "chair", "box": [-0.016223154962062836, 0.18002945184707642, 0.06571754068136215, 1.0144481658935547, 1.0879497528076172, 1.4716901779174805, 0.9999932646751404, -0.0009315780480392277, 0.0035559101961553097, -0.003344421274960041, 0.17088161408901215, 0.9852858781814575], "children": [{"id": 1, "label": "chair_back", "box": [-0.013753706589341164, 0.19483238458633423, -0.31233108043670654, 0.07832248508930206, 1.0142199993133545, 1.3678745031356812, -0.0009520379244349897, 0.44683149456977844, 0.8946176171302795, -0.9992809891700745, -0.03433310240507126, 0.016084814444184303], "children": [{"id": 2, "label": "back_surface", "box": [0.004189291503280401, 0.2076784372329712, -0.2871762812137604, 0.04575056955218315, 0.5323042869567871, 1.3506783246994019, -0.00017342274077236652, -0.4304308593273163, -0.9026235342025757, -1.0, 7.19194722478278e-05, 0.000157835878781043], "children": [{"id": 3, "label": "back_single_surface", "box": [0.004189291503280401, 0.2076784372329712, -0.2871762812137604, 0.04575056955218315, 0.5323042869567871, 1.3506783246994019, -0.00017342274077236652, -0.4304308593273163, -0.9026235342025757, -1.0, 7.19194722478278e-05, 0.000157835878781043]}]}, {"id": 4, "label": "back_support", "box": [-0.01481917966157198, 0.2177274227142334, -0.3263649642467499, 0.06973518431186676, 0.07368817925453186, 1.014410376548767, 2.774369597854367e-16, -0.32576343417167664, 0.9454513192176819, 0.00939206313341856, 0.9454095959663391, 0.32574906945228577]}], "edges": [{"dist": 0.007183913765790534, "part_a": 1, "type": "ADJ", "part_b": 0}]}, {"id": 5, "label": "chair_arm", "box": [0.358555406332016, -0.07712393254041672, -0.013130517676472664, 0.1371801644563675, 0.6890671253204346, 0.7215988636016846, 0.9999988079071045, -1.2246453967472898e-16, -0.001533977221697569, 0.001533977221697569, -0.00014657706196885556, 0.9999988079071045], "children": [{"id": 6, "label": "arm_horizontal_bar", "box": [0.35855549573898315, 0.26070699095726013, -0.013080999255180359, 0.04593700170516968, 0.1371801644563675, 0.6890671253204346, -2.2758759143926e-07, -1.0, -0.00014657688734587282, -0.9999988079071045, 2.7417215164859954e-09, 0.001533977221697569]}, {"id": 7, "label": "arm_near_vertical_bar", "box": [0.3550959825515747, -0.10010930150747299, -0.003753185272216797, 0.07104577869176865, 0.0724288746714592, 0.675632894039154, 0.009257704019546509, 0.025353550910949707, -0.9996356964111328, -0.9995856285095215, -0.027013679966330528, -0.009942382574081421]}], "edges": [{"dist": 0.012055113452897418, "part_a": 1, "type": "ADJ", "part_b": 0}]}, {"id": 8, "label": "chair_arm", "box": [-0.38074150681495667, -0.07713153958320618, -0.01326147373765707, 0.14699900150299072, 0.689656674861908, 0.7213984131813049, -1.0, 6.203071088671497e-17, -1.2246207798522602e-16, 1.2286386276980018e-16, 0.006519197486341, -0.9999787211418152], "children": [{"id": 9, "label": "arm_horizontal_bar", "box": [-0.38074150681495667, 0.260591983795166, -0.01105974055826664, 0.04593697562813759, 0.14699900150299072, 0.689656674861908, 3.9918573139072713e-19, -0.9999787211418152, -0.006519197486341, 1.0, 0.0, 6.123234262925839e-17]}, {"id": 10, "label": "arm_near_vertical_bar", "box": [-0.3762604296207428, -0.09953580051660538, -0.006008914206176996, 0.07319309562444687, 0.08286876231431961, 0.6764330267906189, 0.08956830948591232, 0.011589331552386284, -0.9959132671356201, -0.9959138035774231, 0.012630362994968891, -0.08942137658596039]}], "edges": [{"dist": 0.008701038173000318, "part_a": 1, "type": "ADJ", "part_b": 0}]}, {"id": 11, "label": "chair_seat", "box": [-0.008651887066662312, -0.11271460354328156, 0.3205285668373108, 0.10235460847616196, 0.6915844082832336, 0.9225890040397644, -5.189637022340321e-07, 0.9723466038703918, -0.2335425615310669, 2.1606879272439983e-06, 0.2335425615310669, 0.9723466038703918], "children": [{"id": 12, "label": "seat_surface", "box": [-0.008321098051965237, -0.08252224326133728, 0.31333452463150024, 0.03447059169411659, 0.5368796586990356, 0.6916320323944092, 8.51144504849799e-05, 0.9702575206756592, -0.2420751452445984, 1.0, -8.811663428787142e-05, -1.5754324067529524e-06], "children": [{"id": 13, "label": "seat_single_surface", "box": [-0.008321098051965237, -0.08252224326133728, 0.31333452463150024, 0.03447059169411659, 0.5368796586990356, 0.6916320323944092, 8.51144504849799e-05, 0.9702575206756592, -0.2420751452445984, 1.0, -8.811663428787142e-05, -1.5754324067529524e-06]}]}, {"id": 14, "label": "seat_support", "box": [-0.008917887695133686, -0.16624265909194946, 0.037166621536016464, 0.06893253326416016, 0.08677767217159271, 0.9219783544540405, 1.908709054987412e-05, 0.45162612199783325, -0.8922072649002075, -0.005227785091847181, -0.8921950459480286, -0.45162004232406616]}, {"id": 15, "label": "seat_support", "box": [-0.008681333623826504, -0.06747289001941681, 0.5040624737739563, 0.07841644436120987, 0.09210480004549026, 0.9226717352867126, -0.00014283708878792822, -0.48650816082954407, -0.8736760020256042, -0.011459718458354473, -0.8736178874969482, 0.48647764325141907]}], "edges": [{"dist": 0.004060973224344303, "part_a": 1, "type": "ADJ", "part_b": 0}, {"dist": 0.009010170734497485, "part_a": 2, "type": "ADJ", "part_b": 0}, {"params": [-0.0034315213561058044, -0.12328650057315826, 0.2699821889400482, -0.018092241138219833, -0.2247762829065323, -0.9742423892021179], "dist": 0.020383168460884723, "part_a": 2, "type": "REF_SYM", "part_b": 1}, {"params": [-0.00840682815760374, -0.10444562882184982, -0.45269617438316345], "dist": 0.015261835783201623, "part_a": 2, "type": "TRANS_SYM", "part_b": 1}, {"params": [0.040796197950839996, 2.300321102142334, -0.2895526587963104, 0.9996733665466309, -0.02540775202214718, -0.002776575507596135, 0.18623527884483337], "dist": 0.015133908516733298, "part_a": 2, "type": "ROT_SYM", "part_b": 1}]}, {"id": 16, "label": "chair_base", "box": [-0.008651003241539001, -0.16051970422267914, 0.1449710875749588, 0.7224321961402893, 0.922592043876648, 1.0110923051834106, 1.2272672284168378e-16, 0.9957205057144165, 0.09241555631160736, 1.0, -1.21678559274126e-16, -1.6976462630719752e-17], "children": [{"id": 17, "label": "regular_leg_base", "box": [-0.008651003241539001, -0.16051970422267914, 0.1449710875749588, 0.7224321961402893, 0.922592043876648, 1.0110923051834106, 1.2272672284168378e-16, 0.9957205057144165, 0.09241555631160736, 1.0, -1.21678559274126e-16, -1.6976462630719752e-17], "children": [{"id": 18, "label": "leg", "box": [-0.3720569610595703, -0.12052463740110397, -0.2898317873477936, 0.06279929727315903, 0.06292328983545303, 0.7235673666000366, 0.2455061674118042, 0.0005259328172542155, -0.969394862651825, -0.9693320989608765, -0.011261382140219212, -0.24549637734889984]}, {"id": 19, "label": "leg", "box": [0.3609255254268646, -0.12216001749038696, -0.2990015149116516, 0.06221358850598335, 0.06299532204866409, 0.7210707068443298, -0.9999167919158936, -0.0116075174883008, 0.005624936427921057, 0.005627338774502277, -0.00017433619359508157, 0.9999841451644897]}, {"id": 20, "label": "leg", "box": [0.35427984595298767, -0.22823390364646912, 0.536627471446991, 0.057312965393066406, 0.08592136204242706, 0.5097436308860779, 0.004077200777828693, 0.004263768903911114, -0.9999825954437256, -0.9999423623085022, -0.009912519715726376, -0.004119302146136761]}, {"id": 21, "label": "leg", "box": [-0.36776071786880493, -0.2277361899614334, 0.5446218848228455, 0.08104799687862396, 0.08482550829648972, 0.5090711116790771, -0.14437246322631836, -0.00022809523215983063, -0.9895234107971191, -0.9895135164260864, 0.0045031094923615456, 0.14436998963356018]}, {"id": 22, "label": "bar_stretcher", "box": [-0.34350159764289856, -0.3871467411518097, 0.12557262182235718, 0.07532805949449539, 0.09636060893535614, 1.009865403175354, 0.39832770824432373, -0.9172431826591492, 0.0, -0.9172408580780029, -0.39832669496536255, 0.0022493747528642416]}, {"id": 23, "label": "bar_stretcher",