{"id": 0, "label": "chair", "box": [-0.005303446669131517, 0.12841856479644775, 0.027471967041492462, 0.6426184773445129, 0.6437835097312927, 1.7073935270309448, -0.00010775672853924334, -0.00010775672853924334, -1.0, -1.0, 2.0941706146970773e-09, 0.00010775672853924334], "children": [{"id": 1, "label": "chair_back", "box": [0.006646898575127125, 0.558821439743042, -0.2289167046546936, 0.13213853538036346, 0.6366875171661377, 0.8459008932113647, -0.00013946906256023794, 0.004380409140139818, 0.9999904036521912, 0.9997862577438354, -0.020674334838986397, 0.00023000351211521775], "children": [{"id": 2, "label": "back_surface", "box": [0.006646898575127125, 0.558821439743042, -0.2289167046546936, 0.13213853538036346, 0.6366875171661377, 0.8459008932113647, -0.00013946906256023794, 0.004380409140139818, 0.9999904036521912, 0.9997862577438354, -0.020674334838986397, 0.00023000351211521775], "children": [{"id": 3, "label": "back_single_surface", "box": [0.006646898575127125, 0.558821439743042, -0.2289167046546936, 0.13213853538036346, 0.6366875171661377, 0.8459008932113647, -0.00013946906256023794, 0.004380409140139818, 0.9999904036521912, 0.9997862577438354, -0.020674334838986397, 0.00023000351211521775]}]}]}, {"id": 4, "label": "chair_seat", "box": [-0.006196644622832537, 0.03717159479856491, 0.027550922706723213, 0.3527242839336395, 0.6431540250778198, 0.6526758670806885, 0.034004226326942444, -0.9994085431098938, 0.005127882119268179, -0.0001548775180708617, 0.0051255798898637295, 0.9999868273735046], "children": [{"id": 5, "label": "seat_surface", "box": [-0.006196644622832537, 0.03717159479856491, 0.027550922706723213, 0.3527242839336395, 0.6431540250778198, 0.6526758670806885, 0.034004226326942444, -0.9994085431098938, 0.005127882119268179, -0.0001548775180708617, 0.0051255798898637295, 0.9999868273735046], "children": [{"id": 6, "label": "seat_single_surface", "box": [-0.006196644622832537, 0.03717159479856491, 0.027550922706723213, 0.3527242839336395, 0.6431540250778198, 0.6526758670806885, 0.034004226326942444, -0.9994085431098938, 0.005127882119268179, -0.0001548775180708617, 0.0051255798898637295, 0.9999868273735046]}]}]}, {"id": 7, "label": "chair_base", "box": [-0.005303502082824707, -0.38227349519729614, 0.02768900990486145, 0.6421560049057007, 0.6437230110168457, 0.6859489679336548, -6.123234262925839e-17, 6.123234262925839e-17, 1.0, 1.0, 0.0, 6.123234262925839e-17], "children": [{"id": 8, "label": "regular_leg_base", "box": [-0.005303502082824707, -0.38227349519729614, 0.02768900990486145, 0.6421560049057007, 0.6437230110168457, 0.6859489679336548, -6.123234262925839e-17, 6.123234262925839e-17, 1.0, 1.0, 0.0, 6.123234262925839e-17], "children": [{"id": 9, "label": "leg", "box": [0.27210044860839844, -0.38362377882003784, -0.23652085661888123, 0.0889284759759903, 0.1134403869509697, 0.683263897895813, -0.9999999403953552, -6.004275299176243e-09, 0.00038703795871697366, 0.0003870379296131432, -0.00041053700260818005, 0.9999998211860657]}, {"id": 10, "label": "leg", "box": [-0.28185728192329407, -0.3864174783229828, -0.2364455610513687, 0.09889794886112213, 0.1184457466006279, 0.6788997650146484, 0.9999107718467712, -0.013333570212125778, -0.0007814278360456228, 0.0006428763153962791, -0.010392303578555584, 0.9999458193778992]}, {"id": 11, "label": "leg", "box": [0.25744757056236267, -0.3833024203777313, 0.2914760112762451, 0.11458201706409454, 0.13572625815868378, 0.6857997179031372, 0.0, 0.0, -1.0, 0.9996362328529358, 0.026971258223056793, 0.0]}, {"id": 12, "label": "leg", "box": [-0.27184295654296875, -0.3916092813014984, 0.2914760112762451, 0.11374297738075256, 0.11458201706409454, 0.6675822734832764, -0.9999879002571106, 0.004922486376017332, 0.0, 0.0, 0.0, 1.0]}], "edges": [{"type": "REF_SYM", "dist": 0.021648363772391394, "params": [-0.00384540855884552, -0.41135257482528687, -0.22333355247974396, 0.999962329864502, -0.008505590260028839, -0.0016853401903063059], "part_a": 1, "part_b": 0}, {"type": "TRANS_SYM", "dist": 0.019915296058459448, "params": [0.5541727542877197, -0.0047137439250946045, -0.0009340047836303711], "part_a": 1, "part_b": 0}, {"type": "ROT_SYM", "dist": 0.04098847805713112, "params": [-0.0028221537359058857, -0.41905203461647034, 0.4217241108417511, -0.009455004706978798, -0.9999077320098877, -0.009753740392625332, 0.8114175796508789], "part_a": 1, "part_b": 0}, {"type": "REF_SYM", "dist": 0.04235962619321295, "params": [0.2648165225982666, -0.40998131036758423, 0.0340377613902092, 0.03265265002846718, -0.01444986741989851, -0.9993623495101929], "part_a": 2, "part_b": 0}, {"type": "TRANS_SYM", "dist": 0.042372469906851604, "params": [0.01684895157814026, -0.0074562132358551025, -0.5156766176223755], "part_a": 2, "part_b": 0}, {"type": "ROT_SYM", "dist": 0.04600655488376877, "params": [0.744488537311554, -0.41828036308288574, 0.04971683397889137, -0.009757818654179573, -0.9999397397041321, -0.005029954481869936, 0.9862700700759888], "part_a": 2, "part_b": 0}, {"type": "REF_SYM", "dist": 0.04111653796796989, "params": [-0.01226988434791565, -0.4076244533061981, 0.034504763782024384, -0.7221126556396484, -0.0036856206133961678, -0.6917656064033508], "part_a": 2, "part_b": 1}, {"type": "TRANS_SYM", "dist": 0.04259581860992898, "params": [-0.5373238325119019, -0.002742469310760498, -0.5147426128387451], "part_a": 2, "part_b": 1}, {"type": "ROT_SYM", "dist": 0.04311001374987878, "params": [2.873690366744995, 0.9166278839111328, -2.9800026416778564, 0.05624033883213997, -0.9969919323921204, -0.053329601883888245, 0.17409659922122955], "part_a": 2, "part_b": 1}, {"type": "REF_SYM", "dist": 0.03780440503010685, "params": [0.00071755051612854, -0.4120473265647888, 0.03391208499670029, 0.7265674471855164, -0.00443133432418108, -0.6870808005332947], "part_a": 3, "part_b": 0}, {"type": "TRANS_SYM", "dist": 0.03788536323884903, "params": [0.545046865940094, -0.0033242404460906982, -0.5154252648353577], "part_a": 3, "part_b": 0}, {"type": "ROT_SYM", "dist": 0.04339489926286491, "params": [-0.6452042460441589, 0.598595917224884, -0.655552327632904, 0.010954947210848331, 0.9999268054962158, 0.0051324209198355675, 0.7477339506149292], "part_a": 3, "part_b": 0}, {"type": "REF_SYM", "dist": 0.03784373477466423, "params": [-0.2763688564300537, -0.4096904397010803, 0.03437908738851547, -0.017734898254275322, 0.0027002983260899782, -0.9998391270637512], "part_a": 3, "part_b": 1}, {"type": "TRANS_SYM", "dist": 0.038333855829498685, "params": [-0.00912591814994812, 0.0013895034790039062, -0.5144912600517273], "part_a": 3, "part_b": 1}, {"type": "ROT_SYM", "dist": 0.03951039421877644, "params": [-0.5366418361663818, -0.4113096296787262, 0.03897480666637421, 0.01008211076259613, 0.9998724460601807, 0.012389003299176693, 1.5591633319854736], "part_a": 3, "part_b": 1}, {"type": "REF_SYM", "dist": 0.024575578130554575, "params": [-0.007706925272941589, -0.4083192050457001, 0.29175040125846863, 0.9999693036079407, 0.007822534069418907, 0.0004758540017064661], "part_a": 3, "part_b": 2}, {"type": "TRANS_SYM", "dist": 0.024045982860463375, "params": [0.5281978845596313, 0.004131972789764404, 0.00025135278701782227], "part_a": 3, "part_b": 2}, {"type": "ROT_SYM", "dist": 0.025036559301813994, "params": [-0.007609716150909662, -0.4059358537197113, 0.0675748884677887, 0.0007109989528544247, 0.9999977946281433, 0.001982736634090543, 1.7339375019073486], "part_a": 3, "part_b": 2}]}]}], "edges": [{"type": "ADJ", "dist": 0.007149380763405861, "part_a": 1, "part_b": 0}, {"type": "ADJ", "dist": 0.008431410461368952, "part_a": 2, "part_b": 1}]}