{"id": 0, "label": "chair", "box": [-0.003403410315513611, 0.09116926044225693, 0.0792502909898758, 0.7107716202735901, 1.7656575441360474, 0.6912220120429993, 0.9999738335609436, 0.0030338685028254986, 0.006570043042302132, -0.0030872058123350143, 0.9999622106552124, 0.008123401552438736], "children": [{"id": 1, "label": "chair_back", "box": [0.0015922621823847294, 0.561426043510437, -0.18265734612941742, 0.7051295042037964, 0.8703112602233887, 0.13854064047336578, 0.9999806880950928, -0.0007015356095507741, 0.006177807226777077, 0.0006255211192183197, 0.9999241828918457, 0.012297789566218853], "children": [{"id": 2, "label": "back_surface", "box": [-0.011717814952135086, 0.5500936508178711, -0.18693646788597107, 0.6859620809555054, 0.8587619066238403, 0.11822523176670074, 0.9999762773513794, -0.003156183287501335, -0.006122204475104809, 0.00317146978341043, 0.9999918937683105, 0.002488788915798068], "children": [{"id": 3, "label": "back_single_surface", "box": [-0.0008790434803813696, 0.5671971440315247, -0.18664059042930603, 0.6133862733840942, 0.8778994083404541, 0.10029445588588715, 0.9999715089797974, 0.0021823898423463106, 0.007232160773128271, -0.0022129055578261614, 0.9999886751174927, 0.00421414989978075]}]}]}, {"id": 4, "label": "chair_seat", "box": [-0.0092413779348135, 0.06422054022550583, 0.06357329338788986, 0.7495490908622742, 0.23534829914569855, 0.7070891857147217, 0.9999952912330627, 0.0029171218629926443, 0.0009417014662176371, -0.002933976473286748, 0.9998260140419006, 0.01842251978814602], "children": [{"id": 5, "label": "seat_surface", "box": [-0.012692753225564957, 0.058911751955747604, 0.07156793773174286, 0.6869811415672302, 0.22440612316131592, 0.6841686367988586, 0.9999880194664001, 0.0038247848860919476, 0.0030607020016759634, -0.003910829313099384, 0.9995827674865723, 0.02861878275871277], "children": [{"id": 6, "label": "seat_single_surface", "box": [-0.005779343657195568, 0.06189468130469322, 0.07893180847167969, 0.6888096332550049, 0.19546250998973846, 0.6815688014030457, 0.9999767541885376, -0.006644283886998892, 0.0015278799692168832, 0.006607786286622286, 0.9997190237045288, 0.022766312584280968]}]}]}, {"id": 7, "label": "chair_base", "box": [0.0003094766288995743, -0.4136423170566559, 0.07567381113767624, 0.679736316204071, 0.7993253469467163, 0.6657675504684448, 0.9999966621398926, 0.002172262640669942, -0.0014137924881651998, -0.0021690973080694675, 0.9999951720237732, 0.0022364994511008263], "children": [{"id": 8, "label": "regular_leg_base", "box": [0.0021796023938804865, -0.4155161678791046, 0.07621913403272629, 0.7039767503738403, 0.8053593039512634, 0.6794121265411377, 0.9999918937683105, -0.0012550011742860079, -0.0038326375652104616, 0.0012799589894711971, 0.9999779462814331, 0.00651642307639122], "children": [{"id": 10, "label": "leg", "box": [-0.27267926931381226, -0.42790040373802185, -0.18336808681488037, 0.13290497660636902, 0.8019997477531433, 0.14416328072547913, 0.9998451471328735, -0.013886180706322193, 0.010812653228640556, 0.013766109943389893, 0.9998436570167542, 0.01110110618174076]}, {"id": 12, "label": "leg", "box": [-0.2704252004623413, -0.422046959400177, 0.35149094462394714, 0.1332799643278122, 0.8113157153129578, 0.1413566619157791, 0.9999394416809082, -0.01068950816988945, -0.0026235163677483797, 0.010678005404770374, 0.9999334812164307, -0.004359804559499025]}, {"id": 9, "label": "leg", "box": [0.26926785707473755, -0.4256046414375305, -0.17865628004074097, 0.13766764104366302, 0.7926405072212219, 0.13816101849079132, 0.9999859929084778, 0.004828545730561018, 0.0021839439868927, -0.0048377555795013905, 0.9999793767929077, 0.004231557250022888]}, {"id": 11, "label": "leg", "box": [0.26759377121925354, -0.4240444302558899, 0.3445337116718292, 0.13101373612880707, 0.8133224248886108, 0.12677401304244995, 0.9999691843986511, 0.007669663988053799, -0.0016874705906957388, -0.007674109190702438, 0.999967098236084, -0.0026436613406986]}], "edges": [{"part_a": 0, "part_b": 1, "type": "ROT_SYM"}, {"part_a": 0, "part_b": 1, "type": "TRANS_SYM"}, {"part_a": 0, "part_b": 1, "type": "REF_SYM"}, {"part_a": 0, "part_b": 2, "type": "ROT_SYM"}, {"part_a": 0, "part_b": 2, "type": "TRANS_SYM"}, {"part_a": 0, "part_b": 2, "type": "REF_SYM"}, {"part_a": 0, "part_b": 3, "type": "ROT_SYM"}, {"part_a": 0, "part_b": 3, "type": "TRANS_SYM"}, {"part_a": 0, "part_b": 3, "type": "REF_SYM"}, {"part_a": 1, "part_b": 0, "type": "ROT_SYM"}, {"part_a": 1, "part_b": 0, "type": "TRANS_SYM"}, {"part_a": 1, "part_b": 0, "type": "REF_SYM"}, {"part_a": 1, "part_b": 2, "type": "ROT_SYM"}, {"part_a": 1, "part_b": 2, "type": "TRANS_SYM"}, {"part_a": 1, "part_b": 2, "type": "REF_SYM"}, {"part_a": 1, "part_b": 3, "type": "ROT_SYM"}, {"part_a": 1, "part_b": 3, "type": "TRANS_SYM"}, {"part_a": 1, "part_b": 3, "type": "REF_SYM"}, {"part_a": 2, "part_b": 0, "type": "ROT_SYM"}, {"part_a": 2, "part_b": 0, "type": "TRANS_SYM"}, {"part_a": 2, "part_b": 0, "type": "REF_SYM"}, {"part_a": 2, "part_b": 1, "type": "ROT_SYM"}, {"part_a": 2, "part_b": 1, "type": "TRANS_SYM"}, {"part_a": 2, "part_b": 1, "type": "REF_SYM"}, {"part_a": 2, "part_b": 3, "type": "ROT_SYM"}, {"part_a": 2, "part_b": 3, "type": "TRANS_SYM"}, {"part_a": 2, "part_b": 3, "type": "REF_SYM"}, {"part_a": 3, "part_b": 0, "type": "ROT_SYM"}, {"part_a": 3, "part_b": 0, "type": "TRANS_SYM"}, {"part_a": 3, "part_b": 0, "type": "REF_SYM"}, {"part_a": 3, "part_b": 1, "type": "ROT_SYM"}, {"part_a": 3, "part_b": 1, "type": "TRANS_SYM"}, {"part_a": 3, "part_b": 1, "type": "REF_SYM"}, {"part_a": 3, "part_b": 2, "type": "ROT_SYM"}, {"part_a": 3, "part_b": 2, "type": "TRANS_SYM"}, {"part_a": 3, "part_b": 2, "type": "REF_SYM"}]}]}], "edges": [{"part_a": 0, "part_b": 1, "type": "ADJ"}, {"part_a": 1, "part_b": 0, "type": "ADJ"}, {"part_a": 1, "part_b": 2, "type": "ADJ"}, {"part_a": 2, "part_b": 1, "type": "ADJ"}]}