{"id": 0, "label": "chair", "box": [-0.006611500401049852, -0.02963012456893921, 0.041453972458839417, 1.0710251331329346, 1.5061880350112915, 1.1019397974014282, 0.9999197125434875, 0.005188763607293367, 0.011560646817088127, -0.005065808538347483, 0.9999305605888367, -0.010639660060405731], "children": [{"id": 32, "label": "chair_back", "box": [0.000461751566035673, 0.33335965871810913, -0.30126461386680603, 0.8691850900650024, 0.8550644516944885, 0.20188875496387482, 0.9998270869255066, -0.0011794466990977526, 0.01855931058526039, 0.003820230718702078, 0.9897289276123047, -0.142906054854393], "children": [{"id": 33, "label": "back_surface", "box": [0.0010002661729231477, 0.3095949590206146, -0.30134010314941406, 0.8000715970993042, 0.738706111907959, 0.1428893655538559, 0.999964714050293, -0.00423078890889883, -0.007256714627146721, 0.0027900109998881817, 0.9821375608444214, -0.18814358115196228], "children": [{"id": 34, "label": "back_single_surface", "box": [-0.0033546225167810917, 0.30403825640678406, -0.29138436913490295, 0.8229395747184753, 0.7101578712463379, 0.15980160236358643, 0.9999995231628418, -0.00042755017057061195, -0.0009199430351145566, 0.0002442999684717506, 0.9816539883613586, -0.19067099690437317]}]}]}, {"id": 3, "label": "chair_arm", "box": [-0.4232150912284851, 0.12149003148078918, 0.09975067526102066, 0.16517424583435059, 0.4032432734966278, 0.7007338404655457, 0.9717108607292175, 0.21297849714756012, 0.10206961631774902, -0.2201080024242401, 0.9733428955078125, 0.06446803361177444], "children": [{"id": 4, "label": "arm_sofa_style", "box": [-0.40600740909576416, 0.1035911962389946, 0.028853731229901314, 0.16967138648033142, 0.4176938235759735, 0.6335076689720154, 0.9868392944335938, 0.13060824573040009, 0.09534001350402832, -0.147677481174469, 0.968120276927948, 0.20232267677783966]}]}, {"id": 1, "label": "chair_arm", "box": [0.41179558634757996, 0.17689631879329681, 0.09898774325847626, 0.1540938764810562, 0.4279823899269104, 0.7338305711746216, 0.9793556332588196, -0.19536027312278748, -0.05193215236067772, 0.1985621303319931, 0.9778640866279602, 0.06599228829145432], "children": [{"id": 2, "label": "arm_sofa_style", "box": [0.36657172441482544, 0.17533394694328308, 0.07142503559589386, 0.19846737384796143, 0.4068414270877838, 0.6505835652351379, 0.9904881119728088, -0.13560064136981964, -0.023362215608358383, 0.13657492399215698, 0.9895167946815491, 0.04694477841258049]}]}, {"id": 5, "label": "chair_seat", "box": [-0.0005839112563990057, -0.04004242271184921, 0.14656414091587067, 0.8868532180786133, 0.22083239257335663, 0.8113343119621277, 0.9999088048934937, 0.001194120617583394, -0.013455068692564964, -0.001212328439578414, 0.9999983906745911, -0.0013451608829200268], "children": [{"id": 8, "label": "seat_support", "box": [-0.010307710617780685, -0.06595991551876068, 0.1589275747537613, 0.7990252375602722, 0.10568244010210037, 0.6783886551856995, 0.9999939203262329, 0.0027988359797745943, -0.0020756872836500406, -0.0028463006019592285, 0.9997261762619019, -0.02322785183787346]}, {"id": 6, "label": "seat_surface", "box": [0.0027767030987888575, -0.0013046648818999529, 0.125420480966568, 0.8073424696922302, 0.14168663322925568, 0.7836067080497742, 0.9999776482582092, 0.002642233157530427, -0.006145603023469448, -0.00268836272880435, 0.9999682307243347, -0.007509961724281311], "children": [{"id": 7, "label": "seat_single_surface", "box": [0.005511508323252201, -0.0010424979263916612, 0.13462615013122559, 0.815677285194397, 0.13967616856098175, 0.7669614553451538, 0.9999617338180542, 0.0026124813593924046, -0.008350502699613571, -0.0024804463610053062, 0.9998723864555359, 0.01578306034207344]}]}], "edges": [{"part_a": 0, "part_b": 1, "type": "ADJ"}, {"part_a": 1, "part_b": 0, "type": "ADJ"}]}, {"id": 9, "label": "chair_base", "box": [0.015297940000891685, -0.5154803991317749, 0.07762180268764496, 0.9817575812339783, 0.7441514730453491, 0.9047017097473145, 0.9988665580749512, 0.029642492532730103, -0.037241995334625244, -0.024382947012782097, 0.9906139373779297, 0.13449755311012268], "children": [{"id": 10, "label": "star_leg_base", "box": [-0.016021691262722015, -0.5181987881660461, 0.020595207810401917, 1.0049182176589966, 0.6304157376289368, 0.8912561535835266, 0.9967045187950134, -0.06545861810445786, -0.047909677028656006, 0.06599380075931549, 0.9977731704711914, 0.009673736058175564], "children": [{"id": 14, "label": "star_leg_set", "box": [0.01882757805287838, -0.5809136033058167, 0.08043414354324341, 1.0941158533096313, 0.2835824191570282, 1.0637032985687256, 0.9998272061347961, -0.006110975053161383, -0.017557501792907715, 0.005802281200885773, 0.9998286366462708, -0.01757933385670185], "children": [{"id": 16, "label": "leg", "box": [0.12162163108587265, -0.5466054677963257, 0.3159274160861969, 0.2506069242954254, 0.17418725788593292, 0.55601567029953, 0.8855313062667847, 0.0029033648315817118, -0.4645707607269287, 0.08392303436994553, 0.982529878616333, 0.16610842943191528]}, {"id": 17, "label": "leg", "box": [0.24393220245838165, -0.607189416885376, 0.1423819363117218, 0.44265463948249817, 0.12153305113315582, 0.19201330840587616, 0.9889751672744751, -0.11565809696912766, 0.09247330576181412, 0.11111857742071152, 0.9924017190933228, 0.052834443747997284]}, {"id": 28, "label": "caster", "box": [-0.3477950096130371, -0.6895121335983276, -0.2185506969690323, 0.280734658241272, 0.1468449831008911, 0.20025445520877838, 0.9356108903884888, 0.06748220324516296, 0.3465234041213989, -0.04464859515428543, 0.9962975978851318, -0.07346878945827484]}, {"id": 20, "label": "caster", "box": [-0.4059087634086609, -0.7270357012748718, 0.3313939869403839, 0.1503486931324005, 0.08156674355268478, 0.14822548627853394, 0.9997581243515015, 0.014790141955018044, 0.016279447823762894, -0.013183319009840488, 0.9954153895378113, -0.09473321586847305]}, {"id": 19, "label": "leg", "box": [-0.17391936480998993, -0.5760620832443237, -0.04030372574925423, 0.4730803668498993, 0.14783000946044922, 0.2010347843170166, 0.7543495297431946, 0.1940845549106598, 0.6271268725395203, -0.13503776490688324, 0.9807437658309937, -0.14109031856060028]}, {"id": 26, "label": "caster", "box": [0.1654561161994934, -0.7013244032859802, -0.3138490319252014, 0.2037210911512375, 0.10679537802934647, 0.19384269416332245, 0.9337170124053955, -0.01619052141904831, 0.35764560103416443, -0.005525514949113131, 0.9982061982154846, 0.05961417034268379]}, {"id": 24, "label": "caster", "box": [0.4472677707672119, -0.6607424020767212, 0.04656323045492172, 0.13074833154678345, 0.15032435953617096, 0.32707327604293823, 0.9904295206069946, -0.1316361427307129, 0.04148850589990616, 0.1317383199930191, 0.9912844896316528, 0.0002736419264692813]}, {"id": 18, "label": "leg", "box": [0.08049367368221283, -0.5398718118667603, -0.11248959600925446, 0.2913484275341034, 0.19423873722553253, 0.5238044857978821, 0.9497576951980591, -0.010356049984693527, 0.31281474232673645, 0.06059234216809273, 0.9866282939910889, -0.15130510926246643]}, {"id": 22, "label": "caster", "box": [0.19080013036727905, -0.7060987949371338, 0.5246726274490356, 0.20120608806610107, 0.07592787593603134, 0.1567305624485016, 0.9994887709617615, -0.01748223602771759, 0.026770152151584625, 0.012404131703078747, 0.9837169647216797, 0.17929603159427643]}, {"id": 15, "label": "leg", "box": [-0.21645455062389374, -0.5304828882217407, 0.2458811104297638, 0.5251578688621521, 0.19555997848510742, 0.24246902763843536, 0.7395603060722351, 0.1976608783006668, -0.6434133648872375, -0.11345044523477554, 0.9788391590118408, 0.17030228674411774]}], "edges": [{"part_a": 0, "part_b": 4, "type": "ROT_SYM"}, {"part_a": 0, "part_b": 4, "type": "REF_SYM"}, {"part_a": 0, "part_b": 7, "type": "ROT_SYM"}, {"part_a": 0, "part_b": 7, "type": "REF_SYM"}, {"part_a": 0, "part_b": 8, "type": "ADJ"}, {"part_a": 0, "part_b": 9, "type": "ROT_SYM"}, {"part_a": 0, "part_b": 9, "type": "REF_SYM"}, {"part_a": 1, "part_b": 0,