{"id": 0, "label": "chair", "box": [0.010326504707336426, -0.057060133665800095, 0.11037421226501465, 0.7650669813156128, 0.7676761746406555, 1.586111307144165, 1.0, -1.8114647933469447e-16, 2.4863561942602642e-17, 1.2431780971301321e-17, 0.2030263990163803, 0.9791732430458069], "children": [{"id": 1, "label": "chair_back", "box": [0.010332603007555008, 0.2468590885400772, -0.22059081494808197, 0.19309385120868683, 0.7650673389434814, 0.8584423065185547, 5.078271442471305e-06, -0.2749235928058624, -0.9614660739898682, -1.0, -1.854729634942487e-05, 2.1652338588751263e-08], "children": [{"id": 2, "label": "back_surface", "box": [0.010332603007555008, 0.2468590885400772, -0.22059081494808197, 0.19309385120868683, 0.7650673389434814, 0.8584423065185547, 5.078271442471305e-06, -0.2749235928058624, -0.9614660739898682, -1.0, -1.854729634942487e-05, 2.1652338588751263e-08], "children": [{"id": 3, "label": "back_single_surface", "box": [0.010332603007555008, 0.2468590885400772, -0.22059081494808197, 0.19309385120868683, 0.7650673389434814, 0.8584423065185547, 5.078271442471305e-06, -0.2749235928058624, -0.9614660739898682, -1.0, -1.854729634942487e-05, 2.1652338588751263e-08]}]}]}, {"id": 4, "label": "chair_seat", "box": [0.010327043943107128, -0.16148191690444946, 0.16881372034549713, 0.18292565643787384, 0.7074562311172485, 0.7650703191757202, 8.338996849488467e-05, -0.9951740503311157, -0.09812571108341217, 8.218496077461168e-06, -0.09812570363283157, 0.9951740503311157], "children": [{"id": 5, "label": "seat_surface", "box": [0.010327043943107128, -0.16148191690444946, 0.16881372034549713, 0.18292565643787384, 0.7074562311172485, 0.7650703191757202, 8.338996849488467e-05, -0.9951740503311157, -0.09812571108341217, 8.218496077461168e-06, -0.09812570363283157, 0.9951740503311157], "children": [{"id": 6, "label": "seat_single_surface", "box": [0.010327043943107128, -0.16148191690444946, 0.16881372034549713, 0.18292565643787384, 0.7074562311172485, 0.7650703191757202, 8.338996849488467e-05, -0.9951740503311157, -0.09812571108341217, 8.218496077461168e-06, -0.09812570363283157, 0.9951740503311157]}]}]}, {"id": 7, "label": "chair_base", "box": [0.010326504707336426, -0.5032054781913757, 0.1818464994430542, 0.5685229897499084, 0.6240569949150085, 0.7546730041503906, -1.2246468525851679e-16, -1.0, 0.0, 0.0, 0.0, 1.0], "children": [{"id": 8, "label": "regular_leg_base", "box": [0.010326504707336426, -0.5032054781913757, 0.1818464994430542, 0.5685229897499084, 0.6240569949150085, 0.7546730041503906, -1.2246468525851679e-16, -1.0, 0.0, 0.0, 0.0, 1.0], "children": [{"id": 9, "label": "leg", "box": [-0.3221763074398041, -0.5037252306938171, -0.08577637374401093, 0.10041368752717972, 0.102743960916996, 0.5766423344612122, -0.00417378731071949, -0.06029784679412842, 0.9981716871261597, -0.9976128935813904, 0.0690542683005333, 6.123234262925839e-17]}, {"id": 10, "label": "leg", "box": [0.3428633213043213, -0.5037137269973755, -0.08574432879686356, 0.10031004995107651, 0.10283619165420532, 0.5766592025756836, -3.689724735486179e-18, 0.06025777384638786, -0.9981828331947327, 0.997604250907898, 0.06905349344015121, 0.004168584942817688]}, {"id": 11, "label": "leg", "box": [0.34359222650527954, -0.5090404748916626, 0.44977447390556335, 0.10020133852958679, 0.10029111057519913, 0.5654125809669495, -3.665703410497639e-18, -0.05986548215150833, -0.9982064366340637, 0.9981977939605713, 0.05990161746740341, -0.003592482302337885]}, {"id": 12, "label": "leg", "box": [-0.32290947437286377, -0.5090404748916626, 0.4498042166233063, 0.10020133852958679, 0.10029108822345734, 0.5654125809669495, 0.9982064366340637, -0.05986548215150833, -6.123234262925839e-17, -0.0035924818366765976, -0.059901610016822815, -0.9981977939605713]}], "edges": [{"type": "REF_SYM", "part_a": 1, "params": [0.010468944907188416, -0.46575239300727844, -0.0823257565498352, -0.9999997019767761, 0.0005221571191214025, 0.0005444838316179812], "dist": 0.014002406929649835, "part_b": 0}, {"type": "TRANS_SYM", "part_a": 1, "params": [-0.6577366590499878, 0.0003434419631958008, 0.00035812705755233765], "dist": 0.04244223925281705, "part_b": 0}, {"type": "ROT_SYM", "part_a": 1, "params": [0.010539830662310123, -0.496944397687912, 0.24701346457004547, 0.005707448814064264, 0.9999656081199646, -0.006020435132086277, 1.5699405670166016], "dist": 0.015360550375842691, "part_b": 0}, {"type": "REF_SYM", "part_a": 2, "params": [0.010534659028053284, -0.4650786519050598, 0.18162301182746887, -0.7801476716995239, -0.0011906635481864214, -0.6255943775177002], "dist": 0.01823040288657687, "part_b": 0}, {"type": "ROT_SYM", "part_a": 2, "params": [0.006881425157189369, -0.4935961067676544, 0.18603138625621796, 0.008133074268698692, 0.9999669194221497, 0.00015372659254353493, 3.115111827850342], "dist": 0.015577978771428193, "part_b": 0}, {"type": "REF_SYM", "part_a": 2, "params": [0.3394030034542084, -0.4652503728866577, 0.1814439445734024, -0.00024896461400203407, -0.0025525365490466356, -0.9999967217445374], "dist": 0.014733026131989598, "part_b": 1}, {"type": "TRANS_SYM", "part_a": 2, "params": [-0.00013142824172973633, -0.0013474822044372559, -0.5278975367546082], "dist": 0.0421722769752668, "part_b": 1}, {"type": "ROT_SYM", "part_a": 2, "params": [0.06856483221054077, -0.4922332465648651, 0.1814957708120346, 0.001623147283680737, 0.9999958276748657, 0.00239553046412766, 1.5451866388320923], "dist": 0.014417899103158997, "part_b": 1}, {"type": "REF_SYM", "part_a": 3, "params": [-0.3184177875518799, -0.4651874899864197, 0.18183806538581848, 6.959914026083425e-05, -0.001489410293288529, -0.9999988675117493], "dist": 0.014475204716720026, "part_b": 0}, {"type": "TRANS_SYM", "part_a": 3, "params": [3.674626350402832e-05, -0.0007863640785217285, -0.527969479560852], "dist": 0.04252062762199486, "part_b": 0}, {"type": "REF_SYM", "part_a": 3, "params": [0.010450571775436401, -0.4653592109680176, 0.18165899813175201, 0.7796473503112793, -0.0013391393003985286, -0.6262174844741821], "dist": 0.0180120843775732, "part_b": 1}, {"type": "ROT_SYM", "part_a": 3, "params": [0.0073122247122228146, -0.4909381568431854, 0.17771732807159424, -0.000619555008597672, 0.9999949932098389, 0.0031169734429568052, 3.1179521083831787], "dist": 0.014710436004202054, "part_b": 1}, {"type": "REF_SYM", "part_a": 3, "params": [0.01051628589630127, -0.46468546986579895, 0.4456077516078949, 0.9999997019767761, 0.0003308625891804695, -0.0006537525914609432], "dist": 0.014109339294541234, "part_b": 2}, {"type": "TRANS_SYM", "part_a": 3, "params": [0.657904863357544, 0.00021767616271972656, -0.00043010711669921875], "dist": 0.041277849230467234, "part_b": 2}, {"type": "ROT_SYM", "part_a": 3, "params": [0.010326278395950794, -0.49029454588890076, 0.11726877838373184, -0.0014938423410058022, 0.9999983310699463, 0.0010511163854971528, 1.5727448463439941], "dist": 0.014136372743537396, "part_b": 2}]}]}], "edges": [{"type": "ADJ", "part_a": 1, "dist": 0.0015067679591677407, "part_b": 0}, {"type": "ADJ", "part_a": 2, "dist": 0.001977682289941919, "part_b": 1}]}