{"id": 0, "label": "chair", "box": [-0.007742815650999546, -0.05754220485687256, 0.07136442512273788, 0.8768340349197388, 0.9150362610816956, 1.3779163360595703, -1.0, -2.212292019976303e-05, 0.00023626521578989923, 0.00023623717424925417, 0.0012588085373863578, 0.9999991655349731], "children": [{"id": 1, "label": "chair_back", "box": [-0.00575904780998826, 0.2639364004135132, -0.2582961916923523, 0.19613297283649445, 0.7538667917251587, 0.7990885376930237, 0.029894448816776276, -0.35291603207588196, -0.9351773262023926, -0.0010392351541668177, -0.9356059432029724, 0.3530445694923401], "children": [{"id": 2, "label": "back_surface", "box": [-0.005972682032734156, 0.2664584219455719, -0.25161314010620117, 0.18184040486812592, 0.7538667917251587, 0.7990885376930237, 0.029894448816776276, -0.35291603207588196, -0.9351773262023926, -0.0010392351541668177, -0.9356059432029724, 0.3530445694923401], "children": [{"id": 3, "label": "back_single_surface", "box": [-0.005972682032734156, 0.2664584219455719, -0.25161314010620117, 0.18184040486812592, 0.7538667917251587, 0.7990885376930237, 0.029894448816776276, -0.35291603207588196, -0.9351773262023926, -0.0010392351541668177, -0.9356059432029724, 0.3530445694923401]}]}, {"id": 4, "label": "back_support", "box": [-0.008604423142969608, 0.07557747513055801, -0.2279922217130661, 0.04203993082046509, 0.22000136971473694, 0.6243067383766174, -0.010774691589176655, -0.6936222910881042, -0.7202582955360413, 0.0014459717785939574, 0.7202885746955872, -0.6936730742454529]}], "edges": [{"dist": 0.004004479524711191, "part_b": 0, "type": "ADJ", "part_a": 1}]}, {"id": 5, "label": "chair_seat", "box": [-0.00798127707093954, -0.024283017963171005, 0.1554824858903885, 0.1348387748003006, 0.6815894246101379, 0.806593656539917, 0.0007333322428166866, 0.9998283982276917, -0.01851172000169754, 0.000464984099380672, 0.01851138100028038, 0.9998285174369812], "children": [{"id": 6, "label": "seat_surface", "box": [-0.008360004983842373, -0.013978288508951664, 0.18067969381809235, 0.0905952900648117, 0.6337674260139465, 0.7968055009841919, 0.009274831041693687, 0.9956080913543701, -0.09315868467092514, -0.0004768637882079929, -0.0931582823395729, -0.9956511855125427], "children": [{"id": 7, "label": "seat_single_surface", "box": [-0.008360004983842373, -0.013978288508951664, 0.18067969381809235, 0.0905952900648117, 0.6337674260139465, 0.7968055009841919, 0.009274831041693687, 0.9956080913543701, -0.09315868467092514, -0.0004768637882079929, -0.0931582823395729, -0.9956511855125427]}]}, {"id": 8, "label": "seat_support", "box": [-0.007843002676963806, -0.03118383325636387, 0.1334676444530487, 0.131708025932312, 0.640247642993927, 0.8065940141677856, -6.12309331134946e-17, -0.9999770522117615, -0.0067740133963525295, 6.164713069306188e-17, 0.0067740133963525295, -0.9999770522117615]}], "edges": [{"dist": 0.0028928120320437824, "part_b": 0, "type": "ADJ", "part_a": 1}]}, {"id": 9, "label": "chair_base", "box": [-0.007745174691081047, -0.35476332902908325, 0.07236573845148087, 0.781956672668457, 0.8768340349197388, 0.9150739312171936, 4.689224442699924e-05, -0.9999998807907104, -0.0004437945317476988, 1.0, 4.69971309939865e-05, -0.00023632736701983958], "children": [{"id": 10, "label": "regular_leg_base", "box": [-0.007745174691081047, -0.35476332902908325, 0.07236573845148087, 0.781956672668457, 0.8768340349197388, 0.9150739312171936, 4.689224442699924e-05, -0.9999998807907104, -0.0004437945317476988, 1.0, 4.69971309939865e-05, -0.00023632736701983958], "children": [{"id": 11, "label": "leg", "box": [-0.3712712526321411, -0.22441858053207397, -0.10535860061645508, 0.030713774263858795, 0.4268592894077301, 1.1072461605072021, -0.9548732042312622, 0.22290071845054626, -0.19629685580730438, -0.29631125926971436, -0.6694822907447815, 0.6811703443527222]}, {"id": 12, "label": "leg", "box": [0.3546507656574249, -0.228846937417984, -0.10797257721424103, 0.029818005859851837, 0.4127912223339081, 1.099985957145691, 0.952664315700531, 0.22705020010471344, -0.20218537747859955, 0.3031941056251526, -0.6604124307632446, 0.6869707107543945]}, {"id": 13, "label": "leg", "box": [0.3072405755519867, -0.35650479793548584, 0.478712260723114, 0.05442788079380989, 0.2291027307510376, 0.7881030440330505, -0.012180146761238575, 0.15265873074531555, 0.9882038831710815, 0.9994972348213196, 0.030791452154517174, 0.007562648504972458]}, {"id": 14, "label": "leg", "box": [-0.32237541675567627, -0.35994866490364075, 0.4824821352958679, 0.03814902529120445, 0.23069363832473755, 0.7809171080589294, 0.018124191090464592, -0.12944866716861725, -0.9914204478263855, 0.9994142651557922, -0.02644340880215168, 0.021723011508584023]}], "edges": [{"dist": 0.004921691988706976, "part_b": 1, "type": "ADJ", "part_a": 2}, {"dist": 0.007704034541781686, "part_b": 0, "type": "ADJ", "part_a": 3}, {"dist": 0.0070886441830504, "part_b": 0, "type": "REF_SYM", "part_a": 1, "params": [-0.00789603590965271, -0.35602641105651855, -0.09372351318597794, -0.9999943375587463, 0.001970839686691761, 0.0027238293550908566]}, {"dist": 0.017823110581401486, "part_b": 0, "type": "ROT_SYM", "part_a": 1, "params": [-0.008980783633887768, 0.5543399453163147, -1.0121876001358032, -0.04314734786748886, -0.7240458726882935, -0.6884009838104248, 0.5939027667045593]}, {"dist": 0.012119445809861467, "part_b": 2, "type": "REF_SYM", "part_a": 3, "params": [-0.005486935377120972, -0.3739505708217621, 0.48239344358444214, 0.9999993443489075, -0.0009948494844138622, -0.0005319332703948021]}, {"dist": 0.019794114098915894, "part_b": 2, "type": "ROT_SYM", "part_a": 3, "params": [-0.001758253201842308, 1.1964178085327148, -1.4138169288635254, 0.0020190258510410786, 0.4735563397407532, 0.8807612061500549, 0.309841126203537]}]}]}], "edges": [{"dist": 0.0056190196810660216, "part_b": 0, "type": "ADJ", "part_a": 1}, {"dist": 0.013501212098903684, "part_b": 0, "type": "ADJ", "part_a": 2}, {"dist": 0.005128218251868711, "part_b": 1, "type": "ADJ", "part_a": 2}]}