{"id": 0, "label": "chair", "box": [-0.0018815469229593873, -0.017969954758882523, 0.05911592021584511, 0.9183115363121033, 1.318545937538147, 1.0206778049468994, 0.9999703168869019, -0.007650922983884811, -0.0009025041945278645, 0.007652938831597567, 0.9999681711196899, 0.002251435536891222], "children": [{"id": 1, "label": "chair_back", "box": [0.0031302841380238533, 0.276748389005661, -0.2750747799873352, 0.7967448830604553, 0.8060829043388367, 0.1962725669145584, 0.9999934434890747, 0.001928719342686236, -0.0030603178311139345, -0.002881203079596162, 0.9362079501152039, -0.35143473744392395], "children": [{"id": 2, "label": "back_surface", "box": [-0.004516790620982647, 0.28372424840927124, -0.26962390542030334, 0.8589762449264526, 0.687821090221405, 0.2081233412027359, 0.9999256134033203, -0.010229071602225304, 0.0066449916921556, 0.0118695804849267, 0.9415040016174316, -0.33679282665252686], "children": [{"id": 3, "label": "back_single_surface", "box": [0.011650389060378075, 0.28496167063713074, -0.26187101006507874, 0.912813663482666, 0.6942084431648254, 0.23043175041675568, 0.9999632239341736, -0.007046116515994072, -0.004891599994152784, 0.005172728560864925, 0.9502696394920349, -0.3113853335380554]}]}, {"id": 0, "label": "back_surface", "box": [-0.011666473001241684, 0.2740093767642975, -0.317037433385849, 0.8021008968353271, 0.762518048286438, 0.16443534195423126, 0.9998564720153809, -0.0015257319901138544, 0.016874438151717186, 0.007828940637409687, 0.9248446822166443, -0.380264550447464], "children": [{"id": 0, "label": "back_single_surface", "box": [0.0037226411513984203, 0.2293933480978012, -0.2941736876964569, 0.8745859861373901, 0.8426141142845154, 0.21130836009979248, 0.9999682903289795, 0.0019760066643357277, 0.007713038474321365, 0.0017140633426606655, 0.8925769329071045, -0.45089191198349]}]}], "edges": [{"part_a": 0, "part_b": 1, "type": "ADJ"}, {"part_a": 1, "part_b": 0, "type": "ADJ"}]}, {"id": 5, "label": "chair_seat", "box": [0.00048256662557832897, -0.03716566786170006, 0.14276234805583954, 0.8131221532821655, 0.2355026751756668, 0.7795568108558655, 0.9999790191650391, 0.006454929243773222, -0.000523288850672543, -0.006455414928495884, 0.9999787211418152, -0.0009317214135080576], "children": [{"id": 8, "label": "seat_support", "box": [-0.0022300928831100464, -0.09033761918544769, 0.15440621972084045, 0.777565062046051, 0.15490911900997162, 0.7644745111465454, 0.9997904300689697, 0.004928728565573692, -0.01986975222826004, -0.0051726968958973885, 0.9999116659164429, -0.012245731428265572]}, {"id": 6, "label": "seat_surface", "box": [0.008073225617408752, -0.013561168685555458, 0.16114535927772522, 0.8142991662025452, 0.132904514670372, 0.7601659297943115, 0.99998939037323, -0.0021101064048707485, -0.004102300386875868, 0.00201087212190032, 0.999708890914917, -0.02404535748064518], "children": [{"id": 7, "label": "seat_single_surface", "box": [0.003925420809537172, -0.032176870852708817, 0.16297420859336853, 0.7967013716697693, 0.10426808893680573, 0.7845942378044128, 0.9999997019767761, 0.00044370992691256106, -0.0006127078086137772, -0.0004431061970535666, 0.9999994039535522, 0.0009851290378719568]}]}], "edges": [{"part_a": 0, "part_b": 1, "type": "ADJ"}, {"part_a": 1, "part_b": 0, "type": "ADJ"}]}, {"id": 9, "label": "chair_base", "box": [0.000421233446104452, -0.3566212058067322, 0.07015693932771683, 0.8758158683776855, 0.7217448353767395, 0.9857629537582397, 0.9999915361404419, 0.003992965444922447, 0.0010123173706233501, -0.0039927419275045395, 0.9999920129776001, -0.00022250266920309514], "children": [{"id": 10, "label": "regular_leg_base", "box": [0.008425514213740826, -0.39085742831230164, 0.07604758441448212, 0.860905647277832, 0.6746202111244202, 0.9078092575073242, 0.999983012676239, 0.005491502117365599, 0.001960426801815629, -0.005465356167405844, 0.9998992681503296, -0.013102316297590733], "children": [{"id": 14, "label": "leg", "box": [0.31771472096443176, -0.3585549592971802, 0.1537676900625229, 0.19377964735031128, 0.339128702878952, 0.462375670671463, 0.9989299774169922, -0.026810791343450546, -0.03768482059240341, 0.02499982714653015, 0.9985473155975342, -0.047731876373291016]}, {"id": 11, "label": "leg", "box": [-0.2859564423561096, -0.3170383870601654, -0.32841992378234863, 0.20050184428691864, 0.5819199085235596, 0.21730604767799377, 0.9989368319511414, -0.02532300166785717, -0.03852170333266258, 0.03148464113473892, 0.9851382374763489, 0.16885310411453247]}, {"id": 12, "label": "leg", "box": [0.3279496431350708, -0.3266095519065857, -0.37409234046936035, 0.13746792078018188, 0.5276463031768799, 0.1296079456806183, 0.9846910834312439, -0.025616521015763283, 0.17241619527339935, -0.011388920247554779, 0.9775736927986145, 0.21028538048267365]}, {"id": 13, "label": "leg", "box": [0.4213959574699402, -0.4238891005516052, 0.5116060972213745, 0.13266977667808533, 0.5003490447998047, 0.15585440397262573, 0.9936487078666687, 0.042039904743433, 0.10437849909067154, -0.037248436361551285, 0.9981794357299805, -0.047438010573387146]}]}]}], "edges": [{"part_a": 0, "part_b": 1, "type": "ADJ"}, {"part_a": 1, "part_b": 0, "type": "ADJ"}, {"part_a": 1, "part_b": 2, "type": "ADJ"}, {"part_a": 2, "part_b": 1, "type": "ADJ"}]}