{"id": 0, "label": "chair", "box": [-0.02673201635479927, 0.06490610539913177, 0.12257613241672516, 0.9123830199241638, 1.5203653573989868, 0.9184412360191345, 0.99996417760849, -0.008455921895802021, -0.0004223687283229083, 0.008441421203315258, 0.9995991587638855, -0.027023229748010635], "children": [{"id": 1, "label": "chair_back", "box": [0.004896048456430435, 0.41497790813446045, -0.22601990401744843, 0.8283724188804626, 0.8967687487602234, 0.2719445526599884, 0.9999216794967651, 0.0026405893731862307, 0.01223366055637598, -0.0019256726372987032, 0.9983097314834595, -0.05808597803115845], "children": [{"id": 2, "label": "back_surface", "box": [-0.005055821966379881, 0.4089178740978241, -0.22859349846839905, 0.8191046714782715, 0.8608444333076477, 0.2370581030845642, 0.9999961256980896, 0.0024238047190010548, -0.0013901146594434977, -0.002491621533408761, 0.9986926317214966, -0.05105757713317871], "children": [{"id": 3, "label": "back_single_surface", "box": [-0.0009730045567266643, 0.41913026571273804, -0.23767472803592682, 0.8130411505699158, 0.8091742992401123, 0.20162469148635864, 0.9999869465827942, 0.005068338941782713, 0.0006850068457424641, -0.005010972730815411, 0.9977349042892456, -0.0670817643404007]}]}]}, {"id": 4, "label": "chair_seat", "box": [0.011456344276666641, -0.05291770398616791, 0.14711283147335052, 0.8294692039489746, 0.19465023279190063, 0.8086826801300049, 0.9999852776527405, -0.0008062500855885446, 0.005364580079913139, 0.0005642627947963774, 0.9989887475967407, 0.04495789483189583], "children": [{"id": 5, "label": "seat_surface", "box": [-0.008744924329221249, -0.09124869108200073, 0.17012298107147217, 0.8212475180625916, 0.16156750917434692, 0.8066517114639282, 0.9999907612800598, 0.002742170123383403, -0.003305926453322172, -0.0026255811098963022, 0.9993919134140015, 0.03476960211992264], "children": [{"id": 6, "label": "seat_single_surface", "box": [-0.006495509296655655, -0.0692334845662117, 0.16496849060058594, 0.8428931832313538, 0.17905506491661072, 0.8162758350372314, 0.9999904036521912, 0.002412243280559778, -0.003660051617771387, -0.0023333593271672726, 0.9997681379318237, 0.02140602096915245]}]}]}, {"id": 7, "label": "chair_base", "box": [0.0121823251247406, -0.4989558756351471, 0.13284221291542053, 0.6070992946624756, 0.4934561252593994, 0.6384811401367188, 0.9879827499389648, 0.028436390683054924, 0.15192583203315735, -0.03147608041763306, 0.9993488788604736, 0.01763984188437462], "children": [{"id": 0, "label": "pedestal_base", "box": [0.017902366816997528, -0.5666835904121399, 0.08067278563976288, 0.6001226305961609, 0.44076794385910034, 0.6975504159927368, 0.8813102841377258, 0.09711593389511108, -0.46245071291923523, -0.11954937875270844, 0.9926392436027527, -0.01937289535999298], "children": [{"id": 0, "label": "pedestal", "box": [0.03741900622844696, -0.7935419678688049, 0.08066707104444504, 0.18918730318546295, 0.05462554469704628, 0.2049732208251953, 0.9543417096138, 0.06656336039304733, 0.291206419467926, -0.11669459193944931, 0.9804680943489075, 0.1583181619644165]}, {"id": 0, "label": "central_support", "box": [0.05263132601976395, -0.4579063057899475, 0.011006373912096024, 0.11049463599920273, 0.3485477864742279, 0.1322869211435318, 0.8790225386619568, -0.030935894697904587, 0.4757755696773529, 0.027438096702098846, 0.9995212554931641, 0.014297456480562687]}]}]}], "edges": [{"part_a": 0, "part_b": 1, "type": "ADJ"}, {"part_a": 1, "part_b": 0, "type": "ADJ"}, {"part_a": 1, "part_b": 2, "type": "ADJ"}, {"part_a": 2, "part_b": 1, "type": "ADJ"}]}