{"id": 0, "label": "chair", "box": [0.02181297540664673, 0.10367700457572937, 0.06499850749969482, 1.0583029985427856, 1.2357620000839233, 1.3172240257263184, 0.0, 0.0, -1.0, -1.0, 1.8369701465288538e-16, 0.0], "children": [{"id": 1, "label": "chair_back", "box": [0.02181297540664673, 0.18202827870845795, -0.18108221888542175, 1.144486427307129, 1.2017521858215332, 1.232475996017456, 3.391524222145404e-17, 0.44612208008766174, 0.8949720859527588, 5.480123835978522e-17, -0.8949720859527588, 0.44612208008766174], "children": [{"id": 2, "label": "back_surface", "box": [0.023157998919487, 0.39935263991355896, -0.2819519340991974, 0.12906146049499512, 0.7143556475639343, 0.9518280029296875, -1.1578735248174372e-17, -0.18909509479999542, -0.98195880651474, -1.0068462930074644e-16, 0.98195880651474, -0.18909509479999542], "children": [{"id": 3, "label": "back_single_surface", "box": [0.023157998919487, 0.39935263991355896, -0.2819519340991974, 0.12906146049499512, 0.7143556475639343, 0.9518280029296875, -1.1578735248174372e-17, -0.18909509479999542, -0.98195880651474, -1.0068462930074644e-16, 0.98195880651474, -0.18909509479999542]}]}, {"id": 4, "label": "back_support", "box": [0.02181297540664673, -0.019359976053237915, 0.06436651945114136, 1.0537530183792114, 1.0711500644683838, 1.232475996017456, -6.123234262925839e-17, 1.8369701465288538e-16, 1.0, 1.1248198179158957e-32, 1.0, -1.8369701465288538e-16]}], "edges": [{"part_a": 1, "part_b": 0, "dist": 0.013835449805172808, "type": "ADJ"}]}, {"id": 5, "label": "chair_arm", "box": [0.5454668998718262, -0.019359976053237915, 0.10846353322267532, 0.1855369508266449, 0.9681660532951355, 1.0711500644683838, -0.9999999403953552, 6.125800508058224e-17, -0.0004192567430436611, 0.0004192567430436611, 6.120666032559985e-17, -0.9999999403953552], "children": [{"id": 6, "label": "arm_sofa_style", "box": [0.5454668998718262, -0.019359976053237915, 0.10846353322267532, 0.1855369508266449, 0.9681660532951355, 1.0711500644683838, -0.9999999403953552, 6.125800508058224e-17, -0.0004192567430436611, 0.0004192567430436611, 6.120666032559985e-17, -0.9999999403953552]}]}, {"id": 7, "label": "chair_arm", "box": [-0.5018374919891357, -0.019359976053237915, 0.11042100191116333, 0.18517503142356873, 0.9641740322113037, 1.0711500644683838, -1.0, 6.123234262925839e-17, -1.2246468525851679e-16, 1.2246468525851679e-16, 6.123234262925839e-17, -1.0], "children": [{"id": 8, "label": "arm_sofa_style", "box": [-0.5018374919891357, -0.019359976053237915, 0.11042100191116333, 0.18517503142356873, 0.9641740322113037, 1.0711500644683838, -1.0, 6.123234262925839e-17, -1.2246468525851679e-16, 1.2246468525851679e-16, 6.123234262925839e-17, -1.0]}]}, {"id": 9, "label": "chair_seat", "box": [0.024444997310638428, -0.25471198558807373, 0.12622201442718506, 0.6004459857940674, 0.9325720071792603, 0.9518280029296875, 0.0, -1.0, 0.0, -6.123234262925839e-17, 0.0, 1.0], "children": [{"id": 10, "label": "seat_surface", "box": [0.024444997310638428, -0.01901949942111969, 0.19115647673606873, 0.1290609985589981, 0.798566997051239, 0.9518280029296875, -1.2246468525851679e-16, -1.0, 0.0, 0.0, 0.0, 1.0], "children": [{"id": 11, "label": "seat_single_surface", "box": [0.024444997310638428, -0.01901949942111969, 0.19115647673606873, 0.1290609985589981, 0.798566997051239, 0.9518280029296875, -1.2246468525851679e-16, -1.0, 0.0, 0.0, 0.0, 1.0]}]}, {"id": 12, "label": "seat_support", "box": [0.016696497797966003, -0.31629300117492676, 0.12622201442718506, 0.4772839844226837, 0.8736050128936768, 0.9325720071792603, 0.0, -1.0, 0.0, -1.0, 0.0, 0.0]}], "edges": [{"part_a": 1, "part_b": 0, "dist": 0.002917475857634781, "type": "ADJ"}]}, {"id": 13, "label": "chair_base", "box": [0.02181297540664673, -0.5313299894332886, 0.06499850749969482, 0.04081600904464722, 1.0583029985427856, 1.2357620000839233, -1.2246468525851679e-16, -1.0, 0.0, 0.0, 0.0, 1.0], "children": [{"id": 14, "label": "foot_base", "box": [0.02181297540664673, -0.5313299894332886, 0.06499850749969482, 0.04081600904464722, 1.0583029985427856, 1.2357620000839233, -1.2246468525851679e-16, -1.0, 0.0, 0.0, 0.0, 1.0], "children": [{"id": 15, "label": "foot", "box": [0.5498349666595459, -0.5313299894332886, -0.3742939829826355, 0.04081600904464722, 0.1797179877758026, 0.1797179877758026, -6.123234262925839e-17, -1.0, -6.123234262925839e-17, -1.0, 6.123234262925839e-17, -1.2246468525851679e-16]}, {"id": 16, "label": "foot", "box": [0.5498349666595459, -0.5313299894332886, 0.5042909979820251, 0.04081600904464722, 0.1797179877758026, 0.179718017578125, -6.123234262925839e-17, -1.0, -6.123234262925839e-17, -1.0, 6.123234262925839e-17, -1.2246468525851679e-16]}, {"id": 17, "label": "foot", "box": [-0.5062090158462524, -0.5313299894332886, 0.5042909979820251, 0.04081600904464722, 0.179718017578125, 0.179718017578125, 1.2246468525851679e-16, 1.0, 0.0, 1.0, -1.2246468525851679e-16, 0.0]}, {"id": 18, "label": "foot", "box": [-0.5062090158462524, -0.5313299894332886, -0.3742939829826355, 0.04081600904464722, 0.1797179877758026, 0.179718017578125, -1.2246468525851679e-16, -1.0, 0.0, 0.0, 0.0, 1.0]}], "edges": [{"part_a": 1, "params": [0.11133310943841934, -1.5311357975006104, 0.06107480823993683, 4.912887743557803e-05, 1.0, -5.18663800903596e-05, 1.571377158164978], "part_b": 0, "dist": 0.02314871134892809, "type": "ROT_SYM"}, {"part_a": 3, "params": [0.02739645354449749, -0.5156282186508179, 0.13844303786754608, 0.0015066476771607995, -0.9968973994255066, -0.0786971002817154, 1.6046210527420044], "part_b": 0, "dist": 0.0352131136531488, "type": "ROT_SYM"}, {"part_a": 3, "params": [-0.0643417090177536, -0.534126877784729, 0.06501937657594681, -0.00024309447326231748, 0.9999999403953552, 8.714811701793224e-05, 1.5653038024902344], "part_b": 2, "dist": 0.01334056575992086, "type": "ROT_SYM"}]}]}], "edges": [{"part_a": 1, "part_b": 0, "dist": 0.013242458994317837, "type": "ADJ"}, {"part_a": 2, "part_b": 0, "dist": 0.01964568034462642, "type": "ADJ"}, {"part_a": 3, "part_b": 0, "dist": 0.01195189793295196, "type": "ADJ"}, {"part_a": 3, "part_b": 1, "dist": 0.011821652658076562, "type": "ADJ"}, {"part_a": 3, "part_b": 2, "dist": 0.003962230369249255, "type": "ADJ"}, {"part_a": 4, "part_b": 0, "dist": 0.002910411662286451, "type": "ADJ"}, {"part_a": 4, "part_b": 1, "dist": 0.003073097152524243, "type": "ADJ"}, {"part_a": 4, "part_b": 2, "dist": 0.003328510989682741, "type": "ADJ"}, {"part_a": 4, "part_b": 3, "dist": 0.016357061629311734, "type": "ADJ"}, {"part_a": 2, "params": [0.02227887511253357, 0.012849187478423119, 0.14650064706802368, 0.9999509453773499, 0.0033806082792580128, -0.009313525632023811], "part_b": 1, "dist": 0.025353221421343525, "type": "REF_SYM"}, {"part_a": 2, "params": [0.022118113934993744, -0.008208252489566803, 0.14185179769992828, -0.006796339526772499, -0.9860048890113831, 0.1665775328874588, 3.112884521484375], "part_b": 1, "dist": 0.046749386960998514, "type": "ROT_SYM"}]}