{"id": 0, "label": "chair", "box": [-0.006143145263195038, -0.09136766195297241, 0.09130293875932693, 0.5206784605979919, 0.5210832357406616, 1.6493712663650513, -8.67500202730298e-05, 9.828282543367095e-08, -1.0, 0.9999999403953552, -0.0004042215587105602, -8.675005665281788e-05], "children": [{"id": 1, "label": "chair_back", "box": [-0.006253792438656092, 0.36634010076522827, -0.14941462874412537, 0.04172791168093681, 0.5205200910568237, 0.733978807926178, 0.004540765658020973, 0.00044227312901057303, 0.9999895691871643, 0.9999896287918091, 0.0003136724990326911, -0.004540904425084591], "children": [{"id": 2, "label": "back_surface", "box": [-0.006445393897593021, 0.34693655371665955, -0.1485690027475357, 0.6957471370697021, 0.445382297039032, 0.0, 0.0017435962799936533, 0.9999984502792358, 0.0, 0.9999984502792358, -0.0017435962799936533, -0.0], "children": [{"id": 3, "label": "back_single_surface", "box": [-0.004930663388222456, 0.34562385082244873, -0.1485690027475357, 0.7025684118270874, 0.4567163586616516, 0.0, 0.02035374566912651, 0.9997928142547607, 0.0, -0.9997928142547607, 0.02035374566912651, 0.0]}]}, {"id": 4, "label": "back_frame", "box": [-0.006253792438656092, 0.36634010076522827, -0.14941462874412537, 0.04172791168093681, 0.5205200910568237, 0.733978807926178, 0.004540765658020973, 0.00044227312901057303, 0.9999895691871643, 0.9999896287918091, 0.0003136724990326911, -0.004540904425084591], "children": [{"id": 5, "label": "back_holistic_frame", "box": [-0.006253792438656092, 0.36634010076522827, -0.14941462874412537, 0.04172791168093681, 0.5205200910568237, 0.733978807926178, 0.004540765658020973, 0.00044227312901057303, 0.9999895691871643, 0.9999896287918091, 0.0003136724990326911, -0.004540904425084591]}]}], "edges": [{"part_b": 0, "dist": 0.005097381839426723, "part_a": 1, "type": "ADJ"}]}, {"id": 6, "label": "chair_seat", "box": [-0.006129938177764416, -0.01730700209736824, 0.09110017865896225, 0.12215373665094376, 0.5208333730697632, 0.5215203166007996, -0.0045725321397185326, 0.9998114109039307, -0.01887408271431923, -0.9999895691871643, -0.004570153541862965, 0.00016914955631364137], "children": [{"id": 7, "label": "seat_surface", "box": [-0.006129938177764416, -0.01730700209736824, 0.09110017865896225, 0.12215373665094376, 0.5208333730697632, 0.5215203166007996, -0.0045725321397185326, 0.9998114109039307, -0.01887408271431923, -0.9999895691871643, -0.004570153541862965, 0.00016914955631364137], "children": [{"id": 8, "label": "seat_single_surface", "box": [-0.006129938177764416, -0.01730700209736824, 0.09110017865896225, 0.12215373665094376, 0.5208333730697632, 0.5215203166007996, -0.0045725321397185326, 0.9998114109039307, -0.01887408271431923, -0.9999895691871643, -0.004570153541862965, 0.00016914955631364137]}]}]}, {"id": 9, "label": "chair_base", "box": [-0.0061917598359286785, -0.47567448019981384, 0.09132061898708344, 0.5206788778305054, 0.5209964513778687, 0.8806033730506897, 1.562936813570559e-05, 5.398037572490466e-10, 1.0, -0.9999997615814209, 0.0007196179358288646, 1.5629364497726783e-05], "children": [{"id": 10, "label": "regular_leg_base", "box": [-0.0061917598359286785, -0.47567448019981384, 0.09132061898708344, 0.5206788778305054, 0.5209964513778687, 0.8806033730506897, 1.562936813570559e-05, 5.398037572490466e-10, 1.0, -0.9999997615814209, 0.0007196179358288646, 1.5629364497726783e-05], "children": [{"id": 11, "label": "leg", "box": [-0.24430204927921295, -0.47558918595314026, -0.14960192143917084, 0.044824451208114624, 0.044982098042964935, 0.8776199817657471, -0.9999942183494568, 0.0006977348239161074, 0.0033225505612790585, 0.0033175016287714243, -0.007117034401744604, 0.9999691843986511]}, {"id": 12, "label": "leg", "box": [0.23398324847221375, -0.4767617881298065, -0.1497064083814621, 0.041334956884384155, 0.052022796124219894, 0.8790192008018494, -0.01036917045712471, 0.0031027032528072596, -0.9999414086341858, 0.9998369812965393, 0.014814178459346294, -0.01032212097197771]}, {"id": 13, "label": "leg", "box": [0.23443205654621124, -0.4765363931655884, 0.33197689056396484, 0.03920299932360649, 0.03945953771471977, 0.8792256116867065, 0.00011063590500270948, -1.6982502071272165e-09, 1.0, -0.9999997019767761, 0.0007547385757789016, 0.00011063587589887902]}, {"id": 14, "label": "leg", "box": [-0.24684226512908936, -0.4747917652130127, 0.3320157825946808, 0.03929043188691139, 0.03968801349401474, 0.8791846632957458, 0.0001263862504856661, -1.4019629816175438e-05, -1.0, 0.9999997615814209, -0.0007196215447038412, 0.0001263963058590889]}], "edges": [{"params": [-0.006602637469768524, -0.48265641927719116, -0.149520605802536, -0.9999921321868896, 0.003977414220571518, -3.9790877053746954e-05], "part_b": 0, "dist": 0.011875251468117147, "part_a": 1, "type": "REF_SYM"}, {"params": [-0.480837345123291, 0.0019125044345855713, -1.913309097290039e-05], "part_b": 0, "dist": 0.011735709883480166, "part_a": 1, "type": "TRANS_SYM"}, {"params": [-0.006599590182304382, -0.48300668597221375, -0.2249240279197693, 0.0008501604897901416, -0.9999991655349731, -0.0009909596992656589, 2.5337586402893066], "part_b": 0, "dist": 0.012739743284091443, "part_a": 1, "type": "ROT_SYM"}, {"params": [-0.006592966616153717, -0.48811155557632446, 0.09109598398208618, -0.7066904902458191, 0.018845021724700928, -0.7072718739509583], "part_b": 0, "dist": 0.016482938433633094, "part_a": 2, "type": "REF_SYM"}, {"params": [-0.480856716632843, 0.01282280683517456, -0.4812523126602173], "part_b": 0, "dist": 0.011826129677100942, "part_a": 2, "type": "TRANS_SYM"}, {"params": [0.16300435364246368, -0.4848822057247162, -0.07833413779735565, -0.00518451165407896, -0.9999731183052063, -0.00518844136968255, 1.9138720035552979], "part_b": 0, "dist": 0.012483026128667004, "part_a": 2, "type": "ROT_SYM"}, {"params": [0.2338257133960724, -0.48906779289245605, 0.09110555052757263, -4.018163963337429e-05, 0.022665726020932198, -0.9997431039810181], "part_b": 1, "dist": 0.017417971349703788, "part_a": 2, "type": "REF_SYM"}, {"params": [-1.9341707229614258e-05, 0.01091030240058899, -0.4812331795692444], "part_b": 1, "dist": 0.011567519964018532, "part_a": 2, "type": "TRANS_SYM"}, {"params": [0.3109046518802643, -0.48785144090652466, 0.09110452234745026, -0.002699065487831831, -0.9999788999557495, -0.0059063187800347805, 2.5216658115386963], "part_b": 1, "dist": 0.012881518521788272, "part_a": 2, "type": "ROT_SYM"}, {"params": [-0.24708247184753418, -0.4796278476715088, 0.09111610054969788, 0.00025408517103642225, -0.008611094206571579, -0.9999629259109497], "part_b": 0, "dist": 0.01336554881616659, "part_a": 3, "type": "REF_SYM"}, {"params": [0.00012229382991790771, -0.004144608974456787, -0.4812925457954407], "part_b": 0, "dist": 0.011711265322231974, "part_a": 3, "type": "TRANS_SYM"}, {"params": [-0.24444736540317535, -0.4792943000793457, 0.09111712872982025, 0.0023838693741708994, -0.9999970197677612, -0.0005245401407591999, 3.1196846961975098], "part_b": 0, "dist": 0.011761099744421593, "part_a": 3, "type": "ROT_SYM"}, {"params": [-0.006663784384727478, -0.4805840849876404, 0.09112566709518433, 0.7068482041358948, -0.008901909925043583, -0.7073093056678772], "part_b": 1, "dist": 0.013425022311446913, "part_a": 3, "type": "REF_SYM"}, {"params": [0.4809596538543701, -0.006057113409042358, -0.4812734127044678], "part_b": 1, "dist": 0.01189555387590162, "part_a": 3, "type": "TRANS_SYM"}, {"params": [0.7993104457855225, 0.5140408873558044, 0.8994215726852417, -0.009638802148401737, -0.9999491572380066, 0.002967633306980133, 0.5815569162368774], "part_b": 1, "dist": 0.015079732308058457, "part_a": 3, "type": "ROT_SYM"}, {"params": [-0.006654113531112671, -0.48603925108909607, 0.3317422568798065, 0.9993783235549927, -0.03525490313768387, -8.359642379218712e-05], "part_b": 2, "dist": 0.022397552926987765, "part_a": 3, "type": "REF_SYM"}, {"params": [0.48097899556159973, -0.016967415809631348, -4.023313522338867e-05], "part_b": 2, "dist": 0.011905190449913165,