{"id": 0, "label": "chair", "box": [0.0003459285944700241, -0.029310772195458412, 0.06083088740706444, 0.8458635210990906, 1.521575689315796, 0.9270176887512207, 0.9999932646751404, 0.0026146513409912586, 0.002573978155851364, -0.002583238761872053, 0.999923050403595, -0.012132575735449791], "children": [{"id": 1, "label": "chair_back", "box": [-0.004666501190513372, 0.35425353050231934, -0.2925681173801422, 0.7198379039764404, 0.8203725814819336, 0.09774366021156311, 0.9999894499778748, 0.0021062123123556376, -0.004084639251232147, -0.0025135634932667017, 0.9947364926338196, -0.1024351716041565], "children": [{"id": 2, "label": "back_surface", "box": [-0.0033232334535568953, 0.42586058378219604, -0.27554038166999817, 0.6175877451896667, 0.48413118720054626, 0.06702470034360886, 0.9999797344207764, -0.006035260856151581, 0.0020384788513183594, 0.0062058004550635815, 0.9951799511909485, -0.09786897897720337], "children": [{"id": 3, "label": "back_single_surface", "box": [0.0015328216832131147, 0.4492148458957672, -0.2695511281490326, 0.6243497729301453, 0.5450578927993774, 0.06597772240638733, 0.9999843239784241, -0.002200842835009098, -0.00514619704335928, 0.0016518267802894115, 0.9945389628410339, -0.1043534055352211]}]}, {"id": 4, "label": "back_frame", "box": [-0.0011199372820556164, 0.3857119381427765, -0.28187185525894165, 0.7873217463493347, 0.8962463736534119, 0.12144004553556442, 0.9999694228172302, 0.005962671246379614, 0.005067070014774799, -0.005407536402344704, 0.994637668132782, -0.10327986627817154], "children": [{"id": 6, "label": "back_frame_vertical_bar", "box": [0.3181767165660858, 0.3667530119419098, -0.2773364186286926, 0.10188142955303192, 0.8871143460273743, 0.09658531844615936, 0.9988325238227844, 0.006714844144880772, 0.0478379987180233, -0.0020330362021923065, 0.9952577352523804, -0.09725193679332733]}, {"id": 5, "label": "back_frame_vertical_bar", "box": [-0.3304242789745331, 0.3653339147567749, -0.2756246328353882, 0.10334266722202301, 0.8898157477378845, 0.11396768689155579, 0.9973002076148987, -0.007864546962082386, -0.07301042228937149, 0.0018173189600929618, 0.9965872168540955, -0.08252649754285812]}, {"id": 7, "label": "back_frame_horizontal_bar", "box": [-0.002026294358074665, 0.7372044920921326, -0.30395635962486267, 0.6213595271110535, 0.1501591056585312, 0.11211913079023361, 0.9998734593391418, 0.005274235270917416, -0.015008678659796715, -0.006088486406952143, 0.9984824061393738, -0.0547339953482151]}], "edges": [{"part_a": 0, "part_b": 1, "type": "ROT_SYM"}, {"part_a": 0, "part_b": 1, "type": "TRANS_SYM"}, {"part_a": 0, "part_b": 1, "type": "REF_SYM"}, {"part_a": 0, "part_b": 2, "type": "ADJ"}, {"part_a": 1, "part_b": 0, "type": "ROT_SYM"}, {"part_a": 1, "part_b": 0, "type": "TRANS_SYM"}, {"part_a": 1, "part_b": 0, "type": "REF_SYM"}, {"part_a": 1, "part_b": 2, "type": "ADJ"}, {"part_a": 2, "part_b": 0, "type": "ADJ"}, {"part_a": 2, "part_b": 1, "type": "ADJ"}]}], "edges": [{"part_a": 0, "part_b": 1, "type": "ADJ"}, {"part_a": 1, "part_b": 0, "type": "ADJ"}]}, {"id": 8, "label": "chair_seat", "box": [-0.018506359308958054, -0.04725634679198265, 0.1064067929983139, 0.7743833065032959, 0.14505887031555176, 0.8085858821868896, 0.9999621510505676, 0.00241534854285419, -0.00836262945085764, -0.0022789572831243277, 0.9998648762702942, 0.016280878335237503], "children": [{"id": 11, "label": "seat_frame", "box": [0.002044462598860264, -0.06700608134269714, 0.09415283054113388, 0.7476450800895691, 0.11531706899404526, 0.7424505949020386, 0.9999860525131226, 0.00523184472694993, -0.000757146452087909, -0.005229815375059843, 0.9999828338623047, 0.0026586633175611496], "children": [{"id": 12, "label": "seat_frame_bar", "box": [0.3333045542240143, -0.07487811893224716, 0.10081956535577774, 0.0985008180141449, 0.10508567094802856, 0.6077647805213928, 0.9989362955093384, 0.0244055837392807, -0.03912423178553581, -0.02441105805337429, 0.999701976776123, 0.0003378152323421091]}, {"id": 14, "label": "seat_frame_bar", "box": [-0.0009163280483335257, -0.07011966407299042, -0.23515383899211884, 0.5573952198028564, 0.10620046406984329, 0.11260122060775757, 0.999910295009613, 0.012270056642591953, 0.0053738784044981, -0.012555495835840702, 0.9983084201812744, 0.05676882341504097]}, {"id": 15, "label": "seat_frame_bar", "box": [-0.00250018248334527, -0.06734150648117065, 0.42493265867233276, 0.5719106793403625, 0.10936353355646133, 0.10092318803071976, 0.9999524354934692, -0.0007000055047683418, -0.009730392135679722, 0.000558071187697351, 0.9998935461044312, -0.014581769704818726]}, {"id": 13, "label": "seat_frame_bar", "box": [-0.32892754673957825, -0.05625525861978531, 0.09765787422657013, 0.09944789111614227, 0.09963904321193695, 0.5856149196624756, 0.9989410638809204, -0.03201579675078392, 0.033042456954717636, 0.03145578131079674, 0.999354898929596, 0.01733126863837242]}], "edges": [{"part_a": 0, "part_b": 1, "type": "ADJ"}, {"part_a": 0, "part_b": 1, "type": "ROT_SYM"}, {"part_a": 0, "part_b": 2, "type": "ADJ"}, {"part_a": 0, "part_b": 2, "type": "ROT_SYM"}, {"part_a": 0, "part_b": 2, "type": "REF_SYM"}, {"part_a": 0, "part_b": 3, "type": "ROT_SYM"}, {"part_a": 0, "part_b": 3, "type": "TRANS_SYM"}, {"part_a": 0, "part_b": 3, "type": "REF_SYM"}, {"part_a": 1, "part_b": 0, "type": "ADJ"}, {"part_a": 1, "part_b": 0, "type": "ROT_SYM"}, {"part_a": 1, "part_b": 2, "type": "ROT_SYM"}, {"part_a": 1, "part_b": 2, "type": "TRANS_SYM"}, {"part_a": 1, "part_b": 2, "type": "REF_SYM"}, {"part_a": 1, "part_b": 3, "type": "ADJ"}, {"part_a": 1, "part_b": 3, "type": "ROT_SYM"}, {"part_a": 1, "part_b": 3, "type": "REF_SYM"}, {"part_a": 2, "part_b": 0, "type": "ADJ"}, {"part_a": 2, "part_b": 0, "type": "ROT_SYM"}, {"part_a": 2, "part_b": 0, "type": "REF_SYM"}, {"part_a": 2, "part_b": 1, "type": "ROT_SYM"}, {"part_a": 2, "part_b": 1, "type": "TRANS_SYM"}, {"part_a": 2, "part_b": 1, "type": "REF_SYM"}, {"part_a": 2, "part_b": 3, "type": "ADJ"}, {"part_a": 2, "part_b": 3, "type": "ROT_SYM"}, {"part_a": 2, "part_b": 3, "type": "REF_SYM"}, {"part_a": 3, "part_b": 0, "type": "ROT_SYM"}, {"part_a": 3, "part_b": 0, "type": "TRANS_SYM"}, {"part_a": 3, "part_b": 0, "type": "REF_SYM"}, {"part_a": 3, "part_b": 1, "type": "ADJ"}, {"part_a": 3, "part_b": 1, "type": "ROT_SYM"}, {"part_a": 3, "part_b": 2, "type": "ADJ"}, {"part_a": 3, "part_b": 2, "type": "ROT_SYM"}, {"part_a": 3, "part_b": 2, "type": "REF_SYM"}]}, {"id": 9, "label": "seat_surface", "box": [0.004943598993122578, -0.016808539628982544, 0.11803597211837769, 0.7529067397117615, 0.05423641949892044, 0.7312286496162415, 0.9999486207962036, -0.0026630102656781673, 0.009780757129192352, 0.0026951611507683992, 0.9999909996986389, -0.0032754463609308004], "children": [{"id": 10, "label": "seat_single_surface", "box": [-0.005209028255194426, -0.02082166261970997, 0.12118331342935562, 0.7300940155982971, 0.07694583386182785, 0.7196764945983887, 0.9999932050704956, -0.000467268138891086, 0.0036639084573835135, 0.00044351088581606746, 0.9999788999557495, 0.006482258904725313]}]}], "edges": [{"part_a": 0, "part_b": 1, "type": "ADJ"}, {"part_a": 1, "part_b": 0, "type": "ADJ"}]}, {"id": 16, "label": "chair_base", "box": [0.00240932684391737, -0.41761863231658936, 0.0664152204990387, 0.8195297122001648, 0.7363890409469604, 0.8693394064903259, 0.9999925494194031, 0.0036448983009904623, 0.0012878358829766512, -0.003639236092567444, 0.9999838471412659, -0.004372027702629566], "children": [{"id": 17, "label": "regular_leg_base", "box": [0.00025858916342258453, -0.422652006149292, 0.06819482892751694, 0.8242692351341248, 0.7548382878303528, 0.8912638425827026, 0.9999990463256836, -0.0003193042939528823, 0.0013451965060085058, 0.0003160850901622325, 0.999997079372406, 0.002392659429460764], "children": [{"id": 21, "label": "leg",