{"id": 0, "label": "chair", "box": [0.005185484886169434, 0.1505424976348877, 0.088173508644104, 0.9851670265197754, 1.083063006401062, 1.2853410243988037, 6.123234262925839e-17, -6.123234262925839e-17, 1.0, -1.0, 6.123234262925839e-17, 6.123234262925839e-17], "children": [{"id": 1, "label": "chair_back", "box": [0.0051856981590390205, 0.19790957868099213, -0.3144371807575226, 0.1820787936449051, 1.083064079284668, 1.1906499862670898, 8.62828346726019e-06, 0.0019409096566960216, -0.9999980926513672, -1.0, 3.946490009787418e-11, -8.62829892867012e-06], "children": [{"id": 2, "label": "back_surface", "box": [0.0051856981590390205, 0.19790957868099213, -0.3144371807575226, 0.1820787936449051, 1.083064079284668, 1.1906499862670898, 8.62828346726019e-06, 0.0019409096566960216, -0.9999980926513672, -1.0, 3.946490009787418e-11, -8.62829892867012e-06], "children": [{"id": 3, "label": "back_single_surface", "box": [0.0051856981590390205, 0.19790957868099213, -0.3144371807575226, 0.1820787936449051, 1.083064079284668, 1.1906499862670898, 8.62828346726019e-06, 0.0019409096566960216, -0.9999980926513672, -1.0, 3.946490009787418e-11, -8.62829892867012e-06]}]}]}, {"id": 4, "label": "chair_arm", "box": [0.46325722336769104, 0.10213776677846909, 0.16476139426231384, 0.17693403363227844, 0.40324586629867554, 0.8329352736473083, -0.9999170303344727, -7.431031957662798e-17, 0.012880475260317326, 1.933720341185108e-06, 1.0, 0.00015011557843536139], "children": [{"id": 5, "label": "arm_sofa_style", "box": [0.46325722336769104, 0.10213776677846909, 0.16476139426231384, 0.17693403363227844, 0.40324586629867554, 0.8329352736473083, -0.9999170303344727, -7.431031957662798e-17, 0.012880475260317326, 1.933720341185108e-06, 1.0, 0.00015011557843536139]}]}, {"id": 6, "label": "chair_arm", "box": [-0.4540089964866638, 0.10946568846702576, 0.164827361702919, 0.16467401385307312, 0.40045687556266785, 0.8330420851707458, -1.0, 0.0, -6.123234262925839e-17, -3.050015509781557e-19, 0.9999876022338867, 0.004981053061783314], "children": [{"id": 7, "label": "arm_sofa_style", "box": [-0.4540089964866638, 0.10946568846702576, 0.164827361702919, 0.16467401385307312, 0.40045687556266785, 0.8330420851707458, -1.0, 0.0, -6.123234262925839e-17, -3.050015509781557e-19, 0.9999876022338867, 0.004981053061783314]}]}, {"id": 8, "label": "chair_seat", "box": [0.005185484886169434, -0.042854003608226776, 0.16510386765003204, 0.7090569734573364, 0.8313719034194946, 1.083063006401062, 6.5511222213004445e-21, -1.0, -0.0001069879435817711, -6.123234262925839e-17, -0.0001069879435817711, 1.0], "children": [{"id": 9, "label": "seat_surface", "box": [0.005185484886169434, -0.042854003608226776, 0.16510386765003204, 0.7090569734573364, 0.8313719034194946, 1.083063006401062, 6.5511222213004445e-21, -1.0, -0.0001069879435817711, -6.123234262925839e-17, -0.0001069879435817711, 1.0], "children": [{"id": 10, "label": "seat_single_surface", "box": [0.005185484886169434, -0.042854003608226776, 0.16510386765003204, 0.7090569734573364, 0.8313719034194946, 1.083063006401062, 6.5511222213004445e-21, -1.0, -0.0001069879435817711, -6.123234262925839e-17, -0.0001069879435817711, 1.0]}]}]}, {"id": 11, "label": "chair_base", "box": [0.005185514688491821, -0.44318002462387085, 0.08817298710346222, 0.09789600968360901, 0.978958010673523, 1.0768530368804932, -1.2246468525851679e-16, -1.0, 0.0, 0.0, 0.0, 1.0], "children": [{"id": 12, "label": "regular_leg_base", "box": [0.005185514688491821, -0.44318002462387085, 0.08817298710346222, 0.09789600968360901, 0.978958010673523, 1.0768530368804932, -1.2246468525851679e-16, -1.0, 0.0, 0.0, 0.0, 1.0], "children": [{"id": 13, "label": "leg", "box": [-0.48429349064826965, -0.44318002462387085, -0.35235798358917236, 0.09789496660232544, 0.09789600968360901, 0.09789600968360901, -1.0, 1.8369701465288538e-16, 0.0, 1.8369701465288538e-16, 1.0, 0.0]}, {"id": 14, "label": "leg", "box": [0.4946645200252533, -0.44318002462387085, -0.35235798358917236, 0.09789499640464783, 0.09789600968360901, 0.09789600968360901, -1.0, 1.8369701465288538e-16, 0.0, 1.8369701465288538e-16, 1.0, 0.0]}, {"id": 15, "label": "leg", "box": [0.4946644902229309, -0.44318002462387085, 0.5287039875984192, 0.09789499640464783, 0.09789597988128662, 0.09789600968360901, -1.0, 0.0, -6.123234262925839e-17, -6.123234262925839e-17, 1.8369701465288538e-16, 1.0]}, {"id": 16, "label": "leg", "box": [-0.48429349064826965, -0.44318002462387085, 0.5287039875984192, 0.09789496660232544, 0.09789597988128662, 0.09789600968360901, 1.0, -1.8369701465288538e-16, 0.0, 0.0, 0.0, 1.0]}], "edges": [{"dist": 0.03695236389156993, "part_b": 0, "type": "REF_SYM", "params": [0.0050752609968185425, -0.4425837993621826, -0.3522980809211731, -0.9999992847442627, 0.0011361157521605492, -0.00034511435660533607], "part_a": 1}, {"dist": 0.03823733625201257, "part_b": 0, "type": "TRANS_SYM", "params": [-0.9777096509933472, 0.0011107921600341797, -0.00033742189407348633], "part_a": 1}, {"dist": 0.04579849740825716, "part_b": 0, "type": "REF_SYM", "params": [0.005439102649688721, -0.4428049325942993, 0.08818693459033966, -0.7430239915847778, 0.0011793678859248757, -0.6692636609077454], "part_a": 2}, {"dist": 0.03790346592998817, "part_b": 0, "type": "TRANS_SYM", "params": [-0.9784373641014099, 0.0015530288219451904, -0.8813074827194214], "part_a": 2}, {"dist": 0.03667207206942722, "part_b": 1, "type": "REF_SYM", "params": [0.4942939281463623, -0.4433603286743164, 0.0883556455373764, -0.0008260019822046161, 0.0005019881064072251, -0.9999995231628418], "part_a": 2}, {"dist": 0.03719065866154873, "part_b": 1, "type": "TRANS_SYM", "params": [-0.0007276833057403564, 0.00044223666191101074, -0.8809700012207031], "part_a": 2}, {"dist": 0.03838612045239095, "part_b": 0, "type": "REF_SYM", "params": [-0.48417460918426514, -0.4426416754722595, 0.08779142796993256, 0.0008972671930678189, 0.0013929811539128423, -0.9999986290931702], "part_a": 3}, {"dist": 0.038197015306465486, "part_b": 0, "type": "TRANS_SYM", "params": [0.0007900595664978027, 0.0012265443801879883, -0.8805164098739624], "part_a": 3}, {"dist": 0.04421832932709144, "part_b": 1, "type": "REF_SYM", "params": [0.004680231213569641, -0.4431970715522766, 0.0879601389169693, 0.7434719800949097, 8.794946188572794e-05, -0.6687670946121216], "part_a": 3}, {"dist": 0.0367181896045549, "part_b": 1, "type": "TRANS_SYM", "params": [0.9784997701644897, 0.0001157522201538086, -0.8801790475845337], "part_a": 3}, {"dist": 0.036557131675261825, "part_b": 2, "type": "REF_SYM", "params": [0.005044072866439819, -0.4434182047843933, 0.5284451246261597, 0.9999996423721313, -0.00033341010566800833, 0.0008077928796410561], "part_a": 3}, {"dist": 0.03789557599499394, "part_b": 2, "type": "TRANS_SYM", "params": [0.9792274236679077, -0.00032648444175720215, 0.000791013240814209], "part_a": 3}]}]}], "edges": [{"dist": 0.011992255403905383, "part_b": 0, "type": "ADJ", "part_a": 1}, {"dist": 0.02906747859844479, "part_b": 0, "type": "ADJ", "part_a": 2}, {"dist": 0.010009204264478455, "part_b": 0, "type": "ADJ", "part_a": 3}, {"dist": 0.006923448471803184, "part_b": 1, "type": "ADJ", "part_a": 3}, {"dist": 0.010724700225292897, "part_b": 2, "type": "ADJ", "part_a": 3}, {"dist": 0.004835952434000616, "part_b": 0, "type": "ADJ", "part_a": 4}, {"dist": 0.007198077839460887, "part_b": 3, "type": "ADJ", "part_a": 4}, {"dist": 0.02685847921374618, "part_b": 1, "type": "REF_SYM", "params": [0.005678325891494751, 0.13178139925003052, 0.19631439447402954, 0.9999203085899353, -0.0035019482020288706, 0.012128312140703201], "part_a": 2}, {"dist": 0.026221222277830688, "part_b": 1, "type": "TRANS_SYM", "params": [0.932045042514801, -0.0032642334699630737, 0.011305034160614014], "part_a": 2}, {"dist": 0.028741127612275638, "part_b": 1, "type": "ROT_SYM", "params": [0.21695604920387268, 33.703575134277344, -2.6341543197631836, -0.029772689566016197, 0.0813484713435173, 0.9962409734725952, 0.027665365487337112], "part_a": 2}]}