{"id": 0, "label": "chair", "box": [-0.011525921523571014, 0.045072514563798904, 0.1267869621515274, 0.9416574835777283, 1.489511251449585, 0.9331520795822144, 0.9999468922615051, -0.0011420294176787138, 0.010244198143482208, 0.001307878876104951, 0.9998679757118225, -0.016197532415390015], "children": [{"id": 1, "label": "chair_back", "box": [-0.0022167935967445374, 0.33434242010116577, -0.2454739660024643, 0.9717065691947937, 0.926417350769043, 0.24164333939552307, 0.9999875426292419, 0.004989150445908308, -0.00016246255836449564, -0.004991753026843071, 0.9995831251144409, -0.028438236564397812], "children": [{"id": 2, "label": "back_surface", "box": [-0.006714354734867811, 0.3309915363788605, -0.23938754200935364, 0.9620095491409302, 0.9427405595779419, 0.2316456437110901, 0.9999802112579346, -0.002139852847903967, -0.005919693969190121, 0.0020012373570352793, 0.9997259974479675, -0.02332369051873684], "children": [{"id": 3, "label": "back_single_surface", "box": [-0.0035926676355302334, 0.34593337774276733, -0.23132511973381042, 0.9051414132118225, 0.9088587164878845, 0.20625260472297668, 0.9999788999557495, -0.00596430990844965, -0.0025733511429280043, 0.0058555519208312035, 0.9991672039031982, -0.04038098827004433]}]}]}, {"id": 4, "label": "chair_seat", "box": [0.0014986179303377867, -0.11836402863264084, 0.14701363444328308, 0.9830422401428223, 0.2300555557012558, 0.9238656759262085, 0.9998839497566223, 0.0071098837070167065, -0.013473797589540482, -0.007008152082562447, 0.9999467134475708, 0.007582556921988726], "children": [{"id": 5, "label": "seat_surface", "box": [0.002152413595467806, -0.12453846633434296, 0.15371106564998627, 0.9358017444610596, 0.22612500190734863, 0.9231199622154236, 0.9999915957450867, 0.0038204893935471773, 0.0014890149468556046, -0.0038304098416119814, 0.9999701380729675, 0.006717416923493147], "children": [{"id": 6, "label": "seat_single_surface", "box": [-0.003266842570155859, -0.13588066399097443, 0.1583474576473236, 0.9342129230499268, 0.22796513140201569, 0.9222903847694397, 0.999986469745636, -0.0007534935139119625, -0.005154353100806475, 0.0007570604793727398, 0.999999463558197, 0.000690118467900902]}]}]}, {"id": 7, "label": "chair_base", "box": [-0.0017258786829188466, -0.4425893723964691, 0.13182953000068665, 0.9329591393470764, 0.532213568687439, 0.9224790930747986, 0.9999947547912598, -0.0015156986191868782, 0.0028645722195506096, 0.0015174697618931532, 0.9999986886978149, -0.0006161809433251619], "children": [{"id": 8, "label": "regular_leg_base", "box": [0.00044734400580637157, -0.43340620398521423, 0.13319715857505798, 0.9247121810913086, 0.5394760370254517, 0.9188891649246216, 0.9999353289604187, 0.01136490236967802, -0.00042047875467687845, -0.01137025561183691, 0.9998019337654114, -0.01633557863533497], "children": [{"id": 10, "label": "leg", "box": [-0.3630639612674713, -0.4408973753452301, -0.22753381729125977, 0.13741666078567505, 0.5208020210266113, 0.16076701879501343, 0.9994591474533081, -0.011496144346892834, 0.030811088159680367, 0.010553323663771152, 0.9994763135910034, 0.030589863657951355]}, {"id": 12, "label": "leg", "box": [-0.38374897837638855, -0.4511137008666992, 0.48877575993537903, 0.12832075357437134, 0.5219252109527588, 0.13855309784412384, 0.9999499917030334, -0.00870094820857048, -0.004928401205688715, 0.008748157881200314, 0.9999153017997742, 0.009639858268201351]}, {"id": 9, "label": "leg", "box": [0.3786967098712921, -0.44095519185066223, -0.23644912242889404, 0.1320691704750061, 0.5329535007476807, 0.17992785573005676, 0.9998940825462341, 0.011604554951190948, 0.008783048950135708, -0.011747301556169987, 0.9997968673706055, 0.016379237174987793]}, {"id": 11, "label": "leg", "box": [0.375914067029953, -0.4475817084312439, 0.49427250027656555, 0.12855154275894165, 0.5235262513160706, 0.1400464028120041, 0.9998341798782349, 0.01454419456422329, 0.010959120467305183, -0.014517314732074738, 0.999891459941864, -0.00252836337313056]}], "edges": [{"part_a": 0, "part_b": 1, "type": "ROT_SYM"}, {"part_a": 0, "part_b": 1, "type": "TRANS_SYM"}, {"part_a": 0, "part_b": 1, "type": "REF_SYM"}, {"part_a": 0, "part_b": 2, "type": "ROT_SYM"}, {"part_a": 0, "part_b": 2, "type": "TRANS_SYM"}, {"part_a": 0, "part_b": 2, "type": "REF_SYM"}, {"part_a": 0, "part_b": 3, "type": "ROT_SYM"}, {"part_a": 0, "part_b": 3, "type": "TRANS_SYM"}, {"part_a": 0, "part_b": 3, "type": "REF_SYM"}, {"part_a": 1, "part_b": 0, "type": "ROT_SYM"}, {"part_a": 1, "part_b": 0, "type": "TRANS_SYM"}, {"part_a": 1, "part_b": 0, "type": "REF_SYM"}, {"part_a": 1, "part_b": 2, "type": "ROT_SYM"}, {"part_a": 1, "part_b": 2, "type": "TRANS_SYM"}, {"part_a": 1, "part_b": 2, "type": "REF_SYM"}, {"part_a": 1, "part_b": 3, "type": "ROT_SYM"}, {"part_a": 1, "part_b": 3, "type": "TRANS_SYM"}, {"part_a": 1, "part_b": 3, "type": "REF_SYM"}, {"part_a": 2, "part_b": 0, "type": "ROT_SYM"}, {"part_a": 2, "part_b": 0, "type": "TRANS_SYM"}, {"part_a": 2, "part_b": 0, "type": "REF_SYM"}, {"part_a": 2, "part_b": 1, "type": "ROT_SYM"}, {"part_a": 2, "part_b": 1, "type": "TRANS_SYM"}, {"part_a": 2, "part_b": 1, "type": "REF_SYM"}, {"part_a": 2, "part_b": 3, "type": "ROT_SYM"}, {"part_a": 2, "part_b": 3, "type": "TRANS_SYM"}, {"part_a": 2, "part_b": 3, "type": "REF_SYM"}, {"part_a": 3, "part_b": 0, "type": "ROT_SYM"}, {"part_a": 3, "part_b": 0, "type": "TRANS_SYM"}, {"part_a": 3, "part_b": 0, "type": "REF_SYM"}, {"part_a": 3, "part_b": 1, "type": "ROT_SYM"}, {"part_a": 3, "part_b": 1, "type": "TRANS_SYM"}, {"part_a": 3, "part_b": 1, "type": "REF_SYM"}, {"part_a": 3, "part_b": 2, "type": "ROT_SYM"}, {"part_a": 3, "part_b": 2, "type": "TRANS_SYM"}, {"part_a": 3, "part_b": 2, "type": "REF_SYM"}]}]}], "edges": [{"part_a": 0, "part_b": 1, "type": "ADJ"}, {"part_a": 1, "part_b": 0, "type": "ADJ"}, {"part_a": 1, "part_b": 2, "type": "ADJ"}, {"part_a": 2, "part_b": 1, "type": "ADJ"}]}