{"id": 0, "label": "chair", "box": [0.011012306436896324, -0.1348760426044464, 0.130337655544281, 0.8946400880813599, 1.069996953010559, 1.3805060386657715, -7.681483111809939e-05, -0.055873747915029526, -0.9984378218650818, -1.0, 4.2919327825075015e-06, 7.669483602512628e-05], "children": [{"id": 1, "label": "chair_back", "box": [0.005001997109502554, 0.22016866505146027, -0.28215527534484863, 0.11071508377790451, 0.6255253553390503, 0.8324039578437805, 0.0002063390420516953, -0.055872801691293716, -0.9984378814697266, -0.0001272764930035919, -0.9984378814697266, 0.05587277561426163], "children": [{"id": 2, "label": "back_surface", "box": [0.005001997109502554, 0.22016866505146027, -0.28215527534484863, 0.11071508377790451, 0.6255253553390503, 0.8324039578437805, 0.0002063390420516953, -0.055872801691293716, -0.9984378814697266, -0.0001272764930035919, -0.9984378814697266, 0.05587277561426163], "children": [{"id": 3, "label": "back_single_surface", "box": [0.005001997109502554, 0.22016866505146027, -0.28215527534484863, 0.11071508377790451, 0.6255253553390503, 0.8324039578437805, 0.0002063390420516953, -0.055872801691293716, -0.9984378814697266, -0.0001272764930035919, -0.9984378814697266, 0.05587277561426163]}]}]}, {"id": 4, "label": "chair_arm", "box": [0.44916969537734985, 0.06420069187879562, 0.035992465913295746, 0.17842629551887512, 0.32551440596580505, 0.5860744714736938, -0.9984761476516724, 0.055185019969940186, 1.2246467202362698e-16, -0.055185019969940186, -0.9984761476516724, 0.00020487562869675457], "children": [{"id": 5, "label": "arm_horizontal_bar", "box": [0.4566468298435211, 0.19885390996932983, 0.031324006617069244, 0.06222112849354744, 0.17866668105125427, 0.5505120158195496, -0.018659641966223717, 0.9998258948326111, 0.0, 0.9998258948326111, 0.018659641966223717, 0.0]}, {"id": 6, "label": "arm_sofa_style", "box": [0.45752862095832825, 0.06432732194662094, 0.035974662750959396, 0.10829433798789978, 0.3234662115573883, 0.5861245393753052, -0.9999926686286926, 0.003816201351583004, 0.0003895913250744343, 0.0038162018172442913, 0.9999927282333374, 6.123234262925839e-17]}], "edges": [{"dist": 0.005345098952136726, "type": "ADJ", "part_b": 0, "part_a": 1}]}, {"id": 7, "label": "chair_arm", "box": [-0.4171815514564514, 0.07080529630184174, 0.021313011646270752, 0.17706844210624695, 0.3239731192588806, 0.5855219960212708, 0.9909128546714783, 0.13450533151626587, 1.2246468525851679e-16, -0.13450533151626587, 0.9909128546714783, 6.123234262925839e-17], "children": [{"id": 8, "label": "arm_horizontal_bar", "box": [-0.434349000453949, 0.1951957643032074, 0.0313325971364975, 0.06925298273563385, 0.17861206829547882, 0.5505507588386536, 0.0681939348578453, -0.9976246356964111, 0.009728866629302502, -0.9976720809936523, -0.06819045543670654, 0.0006890196818858385]}, {"id": 9, "label": "arm_sofa_style", "box": [-0.4352002739906311, 0.0736829861998558, 0.021391766145825386, 0.13392560184001923, 0.3371029496192932, 0.5855280160903931, 0.9916895627975464, -0.12864486873149872, -0.001532572670839727, 0.12864501774311066, 0.9916906952857971, -2.7332163857897434e-20]}], "edges": [{"dist": 0.009240557615869482, "type": "ADJ", "part_b": 0, "part_a": 1}]}, {"id": 10, "label": "chair_seat", "box": [-0.0023222884628921747, -0.07336486130952835, 0.12293414771556854, 0.3543225824832916, 0.8518140912055969, 0.8839160799980164, -0.005711168050765991, 0.9427996873855591, 0.3333108723163605, 0.999981701374054, 0.006053628399968147, 1.1114088010799605e-05], "children": [{"id": 11, "label": "seat_surface", "box": [-0.0023222884628921747, -0.07336486130952835, 0.12293414771556854, 0.3543225824832916, 0.8518140912055969, 0.8839160799980164, -0.005711168050765991, 0.9427996873855591, 0.3333108723163605, 0.999981701374054, 0.006053628399968147, 1.1114088010799605e-05], "children": [{"id": 12, "label": "seat_single_surface", "box": [-0.0023222884628921747, -0.07336486130952835, 0.12293414771556854, 0.3543225824832916, 0.8518140912055969, 0.8839160799980164, -0.005711168050765991, 0.9427996873855591, 0.3333108723163605, 0.999981701374054, 0.006053628399968147, 1.1114088010799605e-05]}]}]}, {"id": 13, "label": "chair_base", "box": [0.005847133696079254, -0.4473865032196045, 0.1815652698278427, 0.7148269414901733, 0.7254692316055298, 0.735020637512207, -6.123234262925839e-17, -1.0, -6.123234262925839e-17, -0.9999986290931702, 6.133276897306723e-17, -0.001641527866013348], "children": [{"id": 14, "label": "regular_leg_base", "box": [0.005847133696079254, -0.4473865032196045, 0.1815652698278427, 0.7148269414901733, 0.7254692316055298, 0.735020637512207, -6.123234262925839e-17, -1.0, -6.123234262925839e-17, -0.9999986290931702, 6.133276897306723e-17, -0.001641527866013348], "children": [{"id": 15, "label": "leg", "box": [-0.3027557134628296, -0.4503430426120758, 0.4877212941646576, 0.10939481854438782, 0.12000448256731033, 0.7089172601699829, -0.9992855787277222, 5.117780801811023e-06, -0.037792522460222244, 0.037792522460222244, 0.00013458864123094827, -0.9992855787277222]}, {"id": 16, "label": "leg", "box": [0.3235344886779785, -0.44640451669692993, 0.4826444685459137, 0.08906356245279312, 0.08906356245279312, 0.7128629684448242, 0.1565050482749939, -7.006095380360016e-17, 0.9876771569252014, -0.9876771569252014, 5.0894613219207527e-17, 0.1565050482749939]}, {"id": 17, "label": "leg", "box": [0.32295599579811096, -0.44640451669692993, -0.14087100327014923, 0.08906341344118118, 0.08906341344118118, 0.7128629684448242, -0.9602877497673035, 0.0, -0.27901148796081543, -0.27901148796081543, 1.8369701465288538e-16, 0.9602877497673035]}, {"id": 18, "label": "leg", "box": [-0.30085650086402893, -0.44640451669692993, -0.14189450442790985, 0.08906357735395432, 0.08906359225511551, 0.7128629684448242, -0.15651023387908936, 7.006121850139618e-17, -0.9876763224601746, 0.9876763224601746, -5.0894245951015553e-17, -0.15651023387908936]}], "edges": [{"dist": 0.022322990397014984, "type": "REF_SYM", "part_b": 0, "params": [0.011832788586616516, -0.45861703157424927, 0.4816839098930359, -0.9998148083686829, -0.019179008901119232, -0.00158216105774045], "part_a": 1}, {"dist": 0.01804440892885507, "type": "TRANS_SYM", "part_b": 0, "params": [-0.6230137348175049, -0.01195099949836731, -0.0009858906269073486], "part_a": 1}, {"dist": 0.018456848067936852, "type": "ROT_SYM", "part_b": 0, "params": [0.012712794356048107, -0.45578640699386597, -0.0679660439491272, 0.005870382767170668, -0.9999180436134338, -0.01138175930827856, 1.031291127204895], "part_a": 1}, {"dist": 0.01939618176711095, "type": "REF_SYM", "part_b": 0, "params": [0.0117119699716568, -0.4604475498199463, 0.17000770568847656, -0.7073056697845459, -0.009415223263204098, 0.7068451046943665], "part_a": 2}, {"dist": 0.01763377904565206, "type": "TRANS_SYM", "part_b": 0, "params": [-0.6227720975875854, -0.008289963006973267, 0.6223665475845337], "part_a": 2}, {"dist": 0.01800059546722954, "type": "ROT_SYM", "part_b": 0, "params": [-3.335334539413452, -0.2287798523902893, -3.175610303878784, -0.021033095195889473, -0.9991033673286438, -0.036744002252817154, 0.1853049248456955], "part_a": 2}, {"dist": 0.016865637220226156, "type": "REF_SYM", "part_b": 1, "params": [0.32321882247924805, -0.45447206497192383, 0.17050065100193024, 0.000387634732760489, 0.005873039364814758, 0.9999827146530151], "part_a": 2}, {"dist": 0.01600497538941346, "type": "TRANS_SYM", "part_b": 1, "params": [0.0002416372299194336, 0.003661036491394043, 0.6233524084091187], "part_a": 2}, {"dist": 0.016128294039367958, "type": "ROT_SYM", "part_b": 1, "params": [0.18293175101280212, -0.4538821280002594, 0.17055551707744598, -0.0028300140984356403, -0.9999934434890747, -0.0022690307814627886, 2.295692205429077], "part_a": 2}, {"dist": 0.021827148665297683, "type": "REF_SYM", "part_b": 0, "params": [-0.3002261519432068, -0.4593750834465027, 0.1696225106716156, 0.0017717604059726, -0.01674347184598446, 0.9998582601547241], "part_a": 3}, {"dist": 0.0182471399663984,