{"id": 0, "label": "chair", "box": [0.009627457708120346, 0.07780778408050537, 0.11868856102228165, 1.0493026971817017, 1.0494294166564941, 1.4798122644424438, -0.00017907221626956016, 6.46840053377673e-05, -1.0, -1.0, 1.7510787264640726e-09, 0.00017907221626956016], "children": [{"id": 1, "label": "chair_back", "box": [0.009618634358048439, 0.4482516944408417, -0.2903445065021515, 0.2310129851102829, 0.7389706373214722, 1.0492732524871826, 2.2341307612805394e-06, -2.7360212974896707e-22, -1.0, 3.2165120501304045e-05, -1.0, 7.186109346468683e-11], "children": [{"id": 2, "label": "back_surface", "box": [0.009618634358048439, 0.4482516944408417, -0.2903445065021515, 0.2310129851102829, 0.7389706373214722, 1.0492732524871826, 2.2341307612805394e-06, -2.7360212974896707e-22, -1.0, 3.2165120501304045e-05, -1.0, 7.186109346468683e-11], "children": [{"id": 3, "label": "back_single_surface", "box": [0.009618634358048439, 0.4482516944408417, -0.2903445065021515, 0.2310129851102829, 0.7389706373214722, 1.0492732524871826, 2.2341307612805394e-06, -2.7360212974896707e-22, -1.0, 3.2165120501304045e-05, -1.0, 7.186109346468683e-11]}]}]}, {"id": 4, "label": "chair_seat", "box": [0.011962329968810081, -0.0639963373541832, 0.11878350377082825, 0.3836016356945038, 1.049267053604126, 1.0565617084503174, 0.030025683343410492, -0.999549150466919, 0.0, 0.0, 0.0, 1.0], "children": [{"id": 5, "label": "seat_surface", "box": [0.010075679048895836, 0.0037874437402933836, 0.11853847652673721, 0.2489043027162552, 1.0494518280029297, 1.0565763711929321, -0.030112475156784058, 0.9995455145835876, -0.001423523761332035, 0.0003670875448733568, 0.0014352283906191587, 0.999998927116394], "children": [{"id": 6, "label": "seat_single_surface", "box": [0.010075679048895836, 0.0037874437402933836, 0.11853847652673721, 0.2489043027162552, 1.0494518280029297, 1.0565763711929321, -0.030112475156784058, 0.9995455145835876, -0.001423523761332035, 0.0003670875448733568, 0.0014352283906191587, 0.999998927116394]}]}, {"id": 7, "label": "seat_frame", "box": [0.0042685940861701965, -0.16526341438293457, 0.11869262903928757, 0.1642153412103653, 0.6287199854850769, 1.0574400424957275, 0.00016715055971872061, -1.0, -9.245094406651333e-05, 0.9998906850814819, 0.00016849904204718769, -0.01478359755128622], "children": [{"id": 8, "label": "seat_frame_bar", "box": [0.015050525777041912, -0.1539812833070755, 0.5258712768554688, 0.13076625764369965, 0.24026528000831604, 0.6156089901924133, -3.092609404120594e-05, 0.9989722371101379, -0.045326072722673416, 3.101124270135187e-17, -0.045326072722673416, -0.9989722371101379]}, {"id": 9, "label": "seat_frame_bar", "box": [-0.001718987012282014, -0.17015117406845093, -0.2906244099140167, 0.16305242478847504, 0.23798424005508423, 0.6254428625106812, -4.169330350123346e-05, -0.9989324808120728, -0.04619457945227623, -0.0005292816204018891, 0.046194594353437424, -0.9989323019981384]}], "edges": [{"params": [0.008597422391176224, -0.1739814281463623, 0.11920587718486786, -0.0006916667916812003, 0.028987780213356018, 0.9995794892311096], "part_a": 1, "part_b": 0, "dist": 0.028460000411183874, "type": "REF_SYM"}, {"params": [-0.00057209562510252, 0.02397654950618744, 0.8267782926559448], "part_a": 1, "part_b": 0, "dist": 0.029527165375478653, "type": "TRANS_SYM"}, {"params": [-2.671088457107544, -6.965768814086914, 0.37749624252319336, 0.9707419872283936, -0.23991991579532623, 0.009914904832839966, 0.11409410089254379], "part_a": 1, "part_b": 0, "dist": 0.03069583027023809, "type": "ROT_SYM"}]}], "edges": [{"part_a": 1, "part_b": 0, "dist": 0.004236834686457676, "type": "ADJ"}]}, {"id": 10, "label": "chair_base", "box": [0.009561486542224884, -0.37129759788513184, 0.11869794130325317, 0.5815665125846863, 1.0491145849227905, 1.0491422414779663, 3.5738391412909465e-11, -1.0, 2.6102059564436786e-05, 7.308922249649186e-06, 2.6102059564436786e-05, 1.0], "children": [{"id": 11, "label": "regular_leg_base", "box": [0.009561486542224884, -0.37129759788513184, 0.11869794130325317, 0.5815665125846863, 1.0491145849227905, 1.0491422414779663, 3.5738391412909465e-11, -1.0, 2.6102059564436786e-05, 7.308922249649186e-06, 2.6102059564436786e-05, 1.0], "children": [{"id": 12, "label": "leg", "box": [-0.3983968198299408, -0.37249159812927246, 0.5231009125709534, 0.23325802385807037, 0.2403569221496582, 0.5791696906089783, -1.0, 6.081109313527122e-05, -2.5764626116142608e-05, -2.5758903575479053e-05, 9.410549682797864e-05, 1.0]}, {"id": 13, "label": "leg", "box": [0.4162054657936096, -0.3724438548088074, 0.5230531096458435, 0.23583097755908966, 0.24034671485424042, 0.5792943835258484, -0.9999997615814209, 0.00023454091569874436, 0.0006918547442182899, 0.0006918929284438491, 0.00016274183872155845, 0.9999997615814209]}, {"id": 14, "label": "leg", "box": [0.4160684645175934, -0.3712984025478363, -0.2868354916572571, 0.23538754880428314, 0.23802898824214935, 0.5815413594245911, -1.0, 2.606130010462948e-06, 0.0, 0.0, 0.0, 1.0]}, {"id": 15, "label": "leg", "box": [-0.3984294831752777, -0.384716659784317, -0.29942557215690613, 0.2208516150712967, 0.2331886738538742, 0.5566278696060181, 0.0005052846390753984, 0.014693747274577618, -0.9998919367790222, 0.9999998807907104, 2.645798731488433e-16, 0.0005053392378613353]}], "edges": [{"params": [0.010207399725914001, -0.4033798575401306, 0.533094584941864, -0.9999940395355225, 0.0008141463040374219, 0.003365019802004099], "part_a": 1, "part_b": 0, "dist": 0.026995641814149044, "type": "REF_SYM"}, {"params": [-0.8410089015960693, 0.0006847083568572998, 0.002830028533935547], "part_a": 1, "part_b": 0, "dist": 0.03911406080311664, "type": "TRANS_SYM"}, {"params": [0.0088141318410635, 0.5951579213142395, 0.5476443767547607, 0.0005281534395180643, 0.9999794960021973, -0.006383203901350498, 3.0421886444091797], "part_a": 1, "part_b": 0, "dist": 0.030608189479241172, "type": "ROT_SYM"}, {"params": [0.01076921820640564, -0.4031708240509033, 0.1182945966720581, -0.7111918330192566, 0.00022520727361552417, 0.7029979228973389], "part_a": 2, "part_b": 0, "dist": 0.03682603110629027, "type": "REF_SYM"}, {"params": [-0.8421325087547302, 0.00026667118072509766, 0.8324300050735474], "part_a": 2, "part_b": 0, "dist": 0.04170417478904479, "type": "TRANS_SYM"}, {"params": [0.4312736392021179, -0.40351319313049316, 0.11687958240509033, -0.0013544309185817838, -0.0005039016250520945, 0.9999989867210388], "part_a": 2, "part_b": 1, "dist": 0.02715470685267934, "type": "REF_SYM"}, {"params": [-0.0011236369609832764, -0.00041803717613220215, 0.8295999765396118], "part_a": 2, "part_b": 1, "dist": 0.028098941486697882, "type": "TRANS_SYM"}, {"params": [-6.933956623077393, 3.047924518585205, 0.014282604679465294, -0.31369099020957947, -0.9495161771774292, -0.004109621047973633, 0.1026148796081543], "part_a": 2, "part_b": 1, "dist": 0.03786893084310177, "type": "ROT_SYM"}, {"params": [-0.4114568829536438, -0.4101791977882385, 0.11637824773788452, 0.0027734660543501377, 0.017077503725886345, 0.9998502731323242], "part_a": 3, "part_b": 0, "dist": 0.03158685885649584, "type": "REF_SYM"}, {"params": [0.0023196935653686523, 0.014283418655395508, 0.8362627029418945], "part_a": 3, "part_b": 0, "dist": 0.0314172065872965, "type": "TRANS_SYM"}, {"params": [-13.754583358764648, 1.2096385955810547, -0.11554960906505585, -0.04693024978041649, -0.9987786412239075, 0.015455104410648346, 0.062357328832149506], "part_a": 3, "part_b": 0, "dist": 0.03935839574457989, "type": "ROT_SYM"}, {"params": [0.009047552943229675, -0.41052156686782837, 0.11496323347091675, 0.7112208604812622, 0.011468467302620411, 0.7028751373291016], "part_a": 3, "part_b": 1, "dist": 0.040073111622950436, "type": "REF_SYM"}, {"params": [0.843328595161438, 0.013598710298538208, 0.833432674407959], "part_a": 3, "part_b": 1, "dist": 0.04373458970225967, "type": "TRANS_SYM"}, {"params": [0.009609371423721313, -0.4103125333786011, -0.29983675479888916, 0.9998519420623779, 0.016596170142292976, 0.0045380075462162495],