{"id": 0, "label": "chair", "box": [-0.012264415621757507, -0.1387021392583847, 0.07962555438280106, 1.072862982749939, 1.335257649421692, 1.5021969079971313, -1.0, -9.3195223598741e-05, -1.8661290596355684e-05, -9.504521585768089e-05, 0.980535626411438, 0.19634118676185608], "children": [{"id": 1, "label": "chair_back", "box": [-0.008458728902041912, 0.20646212995052338, -0.3710973262786865, 0.26255303621292114, 0.9181457757949829, 1.0118013620376587, -0.0048051015473902225, -0.4690003991127014, -0.8831849098205566, 0.000277506944257766, -0.883195698261261, 0.4690046012401581], "children": [{"id": 2, "label": "back_surface", "box": [-0.00838300958275795, 0.21521806716918945, -0.35457155108451843, 0.2217278629541397, 0.9184023141860962, 1.011635422706604, -0.0010726035106927156, -0.4689268171787262, -0.8832363486289978, -0.0005878997035324574, 0.8832370042800903, -0.46892642974853516], "children": [{"id": 3, "label": "back_single_surface", "box": [-0.00838300958275795, 0.21521806716918945, -0.35457155108451843, 0.2217278629541397, 0.9184023141860962, 1.011635422706604, -0.0010726035106927156, -0.4689268171787262, -0.8832363486289978, -0.0005878997035324574, 0.8832370042800903, -0.46892642974853516]}]}, {"id": 4, "label": "back_support", "box": [-0.008726092055439949, 0.10228955000638962, -0.42760127782821655, 0.04440861567854881, 0.06759195774793625, 1.00430428981781, 0.012615782208740711, 0.9948093891143799, 0.10097063332796097, -0.0012803669087588787, -0.10096251964569092, 0.9948893785476685]}], "edges": [{"part_a": 1, "type": "ADJ", "dist": 0.003683179364911361, "part_b": 0}]}, {"id": 5, "label": "chair_arm", "box": [0.48995938897132874, 0.0830807164311409, 0.08967188000679016, 0.06837201118469238, 0.2717322111129761, 0.9832236766815186, 0.9999999403953552, 0.00028007267974317074, -0.00014018992078490555, -0.0002272993588121608, 0.9569153785705566, 0.29036685824394226], "children": [{"id": 6, "label": "arm_horizontal_bar", "box": [0.48995938897132874, 0.0830807164311409, 0.08967188000679016, 0.06837201118469238, 0.2717322111129761, 0.9832236766815186, 0.9999999403953552, 0.00028007267974317074, -0.00014018992078490555, -0.0002272993588121608, 0.9569153785705566, 0.29036685824394226]}]}, {"id": 7, "label": "chair_arm", "box": [-0.5144945383071899, 0.08951114118099213, 0.04012893885374069, 0.06848086416721344, 0.2774451673030853, 1.021593689918518, -0.9999995231628418, 0.000978135853074491, -0.0001600680116098374, 0.0009207437979057431, 0.9765533208847046, 0.21527358889579773], "children": [{"id": 8, "label": "arm_horizontal_bar", "box": [-0.5144945383071899, 0.08951114118099213, 0.04012893885374069, 0.06848086416721344, 0.2774451673030853, 1.021593689918518, -0.9999995231628418, 0.000978135853074491, -0.0001600680116098374, 0.0009207437979057431, 0.9765533208847046, 0.21527358889579773]}]}, {"id": 9, "label": "chair_seat", "box": [-0.00838382262736559, -0.17364849150180817, 0.37675485014915466, 0.21819427609443665, 0.9929492473602295, 1.0124928951263428, 0.009109362959861755, 0.9920996427536011, -0.12512128055095673, 1.618991379159982e-16, 0.12512646615505219, 0.9921408295631409], "children": [{"id": 10, "label": "seat_surface", "box": [-0.008376432582736015, -0.17284363508224487, 0.3766533434391022, 0.21657173335552216, 0.9929492473602295, 1.0124928951263428, 0.009109362959861755, 0.9920996427536011, -0.12512128055095673, 1.618991379159982e-16, 0.12512646615505219, 0.9921408295631409], "children": [{"id": 11, "label": "seat_single_surface", "box": [-0.008376432582736015, -0.17284363508224487, 0.3766533434391022, 0.21657173335552216, 0.9929492473602295, 1.0124928951263428, 0.009109362959861755, 0.9920996427536011, -0.12512128055095673, 1.618991379159982e-16, 0.12512646615505219, 0.9921408295631409]}]}, {"id": 12, "label": "seat_support", "box": [-0.010059506632387638, -0.24144037067890167, 0.5201351046562195, 0.04425397142767906, 0.044254183769226074, 1.0043039321899414, 0.007719557266682386, 0.6087287068367004, -0.7933408617973328, -0.010059453547000885, -0.7932770848274231, -0.608777642250061]}], "edges": [{"part_a": 1, "type": "ADJ", "dist": 0.004052625287492912, "part_b": 0}]}, {"id": 13, "label": "chair_base", "box": [-0.012205902487039566, -0.2566832900047302, -0.06796751171350479, 0.8100900650024414, 1.0729024410247803, 1.3295340538024902, -0.00029081289540044963, 0.9999451041221619, -0.01047289464622736, 0.9999999403953552, 0.00029079694650135934, -3.045652647415409e-06], "children": [{"id": 14, "label": "regular_leg_base", "box": [-0.012205902487039566, -0.2566832900047302, -0.06796751171350479, 0.8100900650024414, 1.0729024410247803, 1.3295340538024902, -0.00029081289540044963, 0.9999451041221619, -0.01047289464622736, 0.9999999403953552, 0.00029079694650135934, -3.045652647415409e-06], "children": [{"id": 15, "label": "leg", "box": [0.4897814095020294, -0.2407299131155014, -0.5929406881332397, 0.06855998188257217, 0.21391800045967102, 0.8649404644966125, -0.9999998807907104, 0.0004708640626631677, -0.0002495652879588306, -0.0003884137258864939, -0.3233533501625061, 0.9462782144546509]}, {"id": 16, "label": "leg", "box": [0.4899079501628876, -0.4005235731601715, 0.5388749241828918, 0.0682540014386177, 0.11488881707191467, 0.5099632143974304, -0.9999998211860657, 0.00013982319796923548, -0.0005601746961474419, 0.0005529150948859751, -0.04741435870528221, -0.9988751411437988]}, {"id": 17, "label": "leg", "box": [-0.5143445730209351, -0.2736757695674896, -0.615814745426178, 0.06855884939432144, 0.19181452691555023, 0.794063150882721, 0.9999991655349731, 0.0006641273503191769, -0.0010820277966558933, -0.0012195517774671316, 0.2655850648880005, -0.964086651802063]}, {"id": 18, "label": "leg", "box": [-0.5144184827804565, -0.38609936833381653, 0.5336100459098816, 0.06825500726699829, 0.11988455057144165, 0.5400128364562988, -1.0, 0.0, -6.123234262925839e-17, 6.105291061078339e-17, -0.07649847120046616, -0.9970697164535522]}], "edges": [{"part_a": 2, "params": [-0.012191489338874817, -0.2599516808986664, -0.6212913393974304, 0.9993793964385986, 0.030107609927654266, 0.01828821748495102], "type": "REF_SYM", "dist": 0.03440208463659197, "part_b": 0}, {"part_a": 2, "params": [1.0043714046478271, 0.030257999897003174, 0.018379569053649902], "type": "TRANS_SYM", "dist": 0.026499224018054518, "part_b": 0}, {"part_a": 2, "params": [-0.012271224521100521, -0.2577836215496063, -0.6246204376220703, -0.005442904308438301, 0.27872809767723083, -0.9603546261787415, 3.136986255645752], "type": "ROT_SYM", "dist": 0.01935491978183041, "part_b": 0}, {"part_a": 3, "params": [-0.01253633201122284, -0.4013741612434387, 0.5426986217498779, 0.9998737573623657, -0.015388046391308308, 0.003962711431086063], "type": "REF_SYM", "dist": 0.024449832285144284, "part_b": 1}, {"part_a": 3, "params": [1.0045771598815918, -0.015460431575775146, 0.003981351852416992], "type": "TRANS_SYM", "dist": 0.021862783496346315, "part_b": 1}, {"part_a": 3, "params": [0.17708712816238403, -9.044024467468262, -13.727835655212402, -0.013281082734465599, 0.8389614224433899, -0.5440286993980408, 0.060193587094545364], "type": "ROT_SYM", "dist": 0.028350608414986725, "part_b": 1}]}]}], "edges": [{"part_a": 1, "type": "ADJ", "dist": 0.012411219538829397, "part_b": 0}, {"part_a": 2, "type": "ADJ", "dist": 0.0098220809096652, "part_b": 0}, {"part_a": 3, "type": "ADJ", "dist": 0.01666240292944564, "part_b": 0}, {"part_a": 3, "type": "ADJ", "dist": 0.026548225270384283, "part_b": 1}, {"part_a": 4, "type": "ADJ", "dist": 0.005733635039314446, "part_b": 0}, {"part_a": 4, "type": "ADJ", "dist": 0.005557719136071496, "part_b": 1}, {"part_a": 4, "type": "ADJ", "dist": 0.004939760243718016, "part_b": 2}, {"part_a": 4, "type": "ADJ", "dist": 0.006144074178832159, "part_b": 3}, {"part_a": 2, "params": [-0.012450575828552246, 0.11293160915374756, 0.07415375113487244, 0.9986643195152283, -0.009192770346999168, 0.05084312707185745], "type": "REF_SYM", "dist": 0.04124728482123354, "part_b": 1}, {"part_a": 2,