{"id": 0, "label": "chair", "box": [0.005405036732554436, 0.13316050171852112, 0.09857416152954102, 0.6565861701965332, 0.7024429440498352, 1.6905009746551514, -0.9993644952774048, 6.337611022686512e-17, -0.035645898431539536, 0.035645898431539536, 5.901074064473287e-17, -0.9993644952774048], "children": [{"id": 1, "label": "chair_back", "box": [0.008894854225218296, 0.39692336320877075, -0.2005954086780548, 0.11379566043615341, 0.4760911762714386, 1.1631089448928833, 0.04815927892923355, -0.005249571055173874, -0.9988258481025696, -0.9988390207290649, -0.0013659077230840921, -0.04815273731946945], "children": [{"id": 2, "label": "back_frame", "box": [0.008894854225218296, 0.39692336320877075, -0.2005954086780548, 0.11379566043615341, 0.4760911762714386, 1.1631089448928833, 0.04815927892923355, -0.005249571055173874, -0.9988258481025696, -0.9988390207290649, -0.0013659077230840921, -0.04815273731946945], "children": [{"id": 3, "label": "back_holistic_frame", "box": [0.008894854225218296, 0.39692336320877075, -0.2005954086780548, 0.11379566043615341, 0.4760911762714386, 1.1631089448928833, 0.04815927892923355, -0.005249571055173874, -0.9988258481025696, -0.9988390207290649, -0.0013659077230840921, -0.04815273731946945]}]}]}, {"id": 4, "label": "chair_base", "box": [0.003850930370390415, -0.4224618375301361, 0.1417115181684494, 0.5792844295501709, 0.5955920219421387, 0.6752929091453552, 2.5628460464943714e-10, -1.0, 4.95962958666496e-05, -0.00034791912185028195, 4.959629222867079e-05, 0.9999999403953552], "children": [{"id": 5, "label": "regular_leg_base", "box": [0.003850930370390415, -0.4224618375301361, 0.1417115181684494, 0.5792844295501709, 0.5955920219421387, 0.6752929091453552, 2.5628460464943714e-10, -1.0, 4.95962958666496e-05, -0.00034791912185028195, 4.959629222867079e-05, 0.9999999403953552], "children": [{"id": 6, "label": "leg", "box": [-0.27846741676330566, -0.44017741084098816, -0.11983131617307663, 0.07282900810241699, 0.0738677978515625, 0.5438663959503174, -0.04504118114709854, 0.0004374038253445178, -0.9989850521087646, -0.9989847540855408, 0.0008240771712735295, 0.0450415313243866]}, {"id": 7, "label": "leg", "box": [0.3040592670440674, -0.4374605119228363, -0.11972501873970032, 0.07224062085151672, 0.07421896606683731, 0.5493346452713013, -0.09481122344732285, 7.68681857152842e-05, -0.9954952597618103, 0.9954937100410461, -0.0017770192353054881, -0.09481120854616165]}, {"id": 8, "label": "leg", "box": [0.2853858768939972, -0.42619892954826355, 0.4028819501399994, 0.07234877347946167, 0.07445444166660309, 0.57188880443573, -0.08330006152391434, -6.05685418122448e-05, -0.9965245127677917, 0.996522068977356, -0.0022104852832853794, -0.08329972624778748]}, {"id": 9, "label": "leg", "box": [-0.2966996133327484, -0.42233431339263916, 0.40255802869796753, 0.07319717854261398, 0.0801146924495697, 0.5800536274909973, -0.009032869711518288, -0.0006079522427171469, 0.9999589920043945, 0.9998676776885986, -0.013533374294638634, 0.009023817256093025]}], "edges": [{"part_a": 1, "dist": 0.016566961252894075, "type": "REF_SYM", "params": [0.01294998824596405, -0.451357364654541, -0.11970295011997223, -0.9999937415122986, -0.0034052333794534206, -0.0009922637837007642], "part_b": 0}, {"part_a": 1, "dist": 0.01629283322932006, "type": "TRANS_SYM", "params": [-0.5825940370559692, -0.0019838809967041016, -0.0005780905485153198], "part_b": 0}, {"part_a": 1, "dist": 0.016723635589148515, "type": "ROT_SYM", "params": [0.015141459181904793, -0.45651060342788696, -0.8018900752067566, 0.0033928630873560905, -0.9999896287918091, 0.0030387823935598135, 0.8071210384368896], "part_b": 0}, {"part_a": 2, "dist": 0.019904578601666986, "type": "REF_SYM", "params": [0.003788366913795471, -0.4468056559562683, 0.1411464512348175, -0.7338114976882935, -0.01441854890435934, -0.6792001724243164], "part_b": 0}, {"part_a": 2, "dist": 0.016834017412054807, "type": "TRANS_SYM", "params": [-0.5642707347869873, -0.011087268590927124, -0.5222768783569336], "part_b": 0}, {"part_a": 2, "dist": 0.019105053687157855, "type": "ROT_SYM", "params": [-0.1386379450559616, -0.44601309299468994, 0.29498568177223206, 0.014160819351673126, 0.9998995661735535, -0.0005225292406976223, 2.1429357528686523], "part_b": 0}, {"part_a": 2, "dist": 0.020966505979803256, "type": "REF_SYM", "params": [0.2950853705406189, -0.44581371545791626, 0.14143548905849457, 0.03509528934955597, -0.017436105757951736, -0.9992319345474243], "part_b": 1}, {"part_a": 2, "dist": 0.016842897904047836, "type": "TRANS_SYM", "params": [0.018323242664337158, -0.009103387594223022, -0.5216987729072571], "part_b": 1}, {"part_a": 2, "dist": 0.016905063762903707, "type": "ROT_SYM", "params": [3.198751926422119, 0.513630747795105, 0.2344026416540146, -0.014497729018330574, -0.9997566938400269, 0.016623694449663162, 0.18007327616214752], "part_b": 1}, {"part_a": 3, "dist": 0.030140895866121276, "type": "REF_SYM", "params": [-0.2875145375728607, -0.4427500367164612, 0.14130491018295288, 0.0350395105779171, -0.03668970614671707, -0.9987121224403381], "part_b": 0}, {"part_a": 3, "dist": 0.017517616356714342, "type": "TRANS_SYM", "params": [0.018335044384002686, -0.01919853687286377, -0.5225937962532043], "part_b": 0}, {"part_a": 3, "dist": 0.022176345154613704, "type": "ROT_SYM", "params": [-0.16114701330661774, -0.44567087292671204, 0.14567679166793823, 0.012897227890789509, -0.9998153448104858, -0.014251109212636948, 2.2404727935791016], "part_b": 0}, {"part_a": 3, "dist": 0.022981374914929898, "type": "REF_SYM", "params": [0.0037824660539627075, -0.44175809621810913, 0.14159394800662994, 0.7547593712806702, -0.021621394902467728, -0.6556452512741089], "part_b": 1}, {"part_a": 3, "dist": 0.017830426642499304, "type": "TRANS_SYM", "params": [0.6009290218353271, -0.017214655876159668, -0.5220156908035278], "part_b": 1}, {"part_a": 3, "dist": 0.03678904078518574, "type": "ROT_SYM", "params": [0.30393046140670776, -0.48209086060523987, 0.4841441512107849, 0.015856649726629257, -0.9984864592552185, -0.05266357213258743, 1.432171106338501], "part_b": 1}, {"part_a": 3, "dist": 0.019086015820909165, "type": "REF_SYM", "params": [-0.005379155278205872, -0.4372063875198364, 0.4024433493614197, 0.9999029040336609, -0.013921042904257774, -0.0005439133965410292], "part_b": 2}, {"part_a": 3, "dist": 0.016385684956854104, "type": "TRANS_SYM", "params": [0.5826058387756348, -0.008111268281936646, -0.00031691789627075195], "part_b": 2}, {"part_a": 3, "dist": 0.018410278248659706, "type": "ROT_SYM", "params": [-0.00509223248809576, -0.4558693766593933, 0.8091748952865601, 0.004682487808167934, -0.9998425245285034, -0.017118023708462715, 1.2423605918884277], "part_b": 2}]}]}, {"id": 10, "label": "chair_seat", "box": [0.008642172440886497, -0.13374175131320953, 0.10951469093561172, 0.1647036224603653, 0.6549851298332214, 0.6728994250297546, -0.0020632764790207148, 0.9999978542327881, -2.6449861252331175e-05, 0.9997497200965881, 0.002063353545963764, 0.02227608487010002], "children": [{"id": 11, "label": "seat_support", "box": [0.19930830597877502, -0.1690601408481598, 0.0977325364947319, 0.09563856571912766, 0.09903187304735184, 0.6404189467430115, -0.5838495492935181, -0.8118590116500854, -0.0021516471169888973, -0.8118436932563782, 0.5838167071342468, 0.008237265050411224]}, {"id": 12, "label": "seat_support", "box": [-0.1814386546611786, -0.16871918737888336, 0.09603146463632584, 0.09459582716226578, 0.1009991243481636, 0.6440309286117554, -0.9999880194664001, -0.004891900811344385, -5.69945877941791e-05, 0.004892207216471434, -0.999876856803894, -0.01491021178662777]}, {"id": 13, "label": "seat_frame", "box": [0.00833970122039318, -0.1149749904870987, 0.14160701632499695, 0.13275383412837982, 0.5959594249725342, 0.6668326258659363, 0.010120460763573647, 0.9999424815177917, -0.0035436751786619425, -0.0003939370217267424, 0.003547843312844634, 0.999993622303009], "children": [{"id": 14, "label": "seat_frame_bar",