{"id": 0, "label": "chair", "box": [-0.009197968058288097, 0.029306408017873764, 0.08006543666124344, 0.6947360634803772, 1.7016880512237549, 0.6747819185256958, 0.9999988675117493, 0.0014319189358502626, -0.00039891424239613116, -0.0014323611976578832, 0.9999983310699463, -0.0011107594473287463], "children": [{"id": 1, "label": "chair_back", "box": [-0.00041210089693777263, 0.42490658164024353, -0.16257095336914062, 0.7231768369674683, 0.9457261562347412, 0.19249482452869415, 0.9999877214431763, 0.003122774651274085, 0.0038515895139425993, -0.0030646875966340303, 0.9998828768730164, -0.014996177516877651], "children": [{"id": 2, "label": "back_surface", "box": [-0.002065057633444667, 0.4348394572734833, -0.1641363650560379, 0.7214660048484802, 0.9567448496818542, 0.17305698990821838, 0.9999978542327881, -0.0019294783705845475, -0.0007614525966346264, 0.0019153505563735962, 0.9998337030410767, -0.01813788339495659], "children": [{"id": 3, "label": "back_single_surface", "box": [-0.008030972443521023, 0.44517192244529724, -0.17754290997982025, 0.6975405812263489, 0.9646322727203369, 0.16127049922943115, 0.9999887943267822, 0.0023138669785112143, 0.00413743918761611, -0.0022472043056041002, 0.9998687505722046, -0.016044732183218002]}]}]}, {"id": 4, "label": "chair_seat", "box": [0.004712224472314119, -0.0044983671978116035, 0.09132849425077438, 0.6722310781478882, 0.20841924846172333, 0.649287760257721, 0.9999885559082031, 0.0019728841725736856, 0.0043663387186825275, -0.002019221428781748, 0.9999414682388306, 0.010633516125380993], "children": [{"id": 5, "label": "seat_surface", "box": [0.007086734753102064, -0.0001304037868976593, 0.09786765277385712, 0.6883853673934937, 0.224521204829216, 0.6448339223861694, 0.9999968409538269, 0.0024929000064730644, -0.00027715638861991465, -0.0024883088190108538, 0.9998769760131836, 0.015486606396734715], "children": [{"id": 6, "label": "seat_single_surface", "box": [0.0007634887588210404, 0.010120888240635395, 0.0908890962600708, 0.6804515719413757, 0.21570520102977753, 0.6694801449775696, 0.9999427199363708, -0.003033724846318364, 0.010265487246215343, 0.002875862643122673, 0.9998779296875, 0.015357938595116138]}]}]}, {"id": 7, "label": "chair_base", "box": [-0.0013209182070568204, -0.42727378010749817, 0.07651880383491516, 0.655913233757019, 0.7921139001846313, 0.683231770992279, 0.9999904036521912, 0.00241616228595376, 0.003664321033284068, -0.0024279775097966194, 0.9999918937683105, 0.0032234115060418844], "children": [{"id": 8, "label": "regular_leg_base", "box": [0.005444630980491638, -0.4442293047904968, 0.07641752064228058, 0.6659291982650757, 0.7657414078712463, 0.663867712020874, 0.999995768070221, -0.0006466510822065175, -0.0028394036926329136, 0.0006730686873197556, 0.9999564290046692, 0.009312842041254044], "children": [{"id": 12, "label": "leg", "box": [-0.2636069357395172, -0.45433011651039124, -0.16577929258346558, 0.12850633263587952, 0.7787418961524963, 0.13357266783714294, 0.9999227523803711, -0.0119090611115098, 0.0035598815884441137, 0.011827307753264904, 0.9996843338012695, 0.022165751084685326]}, {"id": 11, "label": "leg", "box": [-0.25859618186950684, -0.4548816978931427, 0.35021302103996277, 0.12622791528701782, 0.7799461483955383, 0.12903271615505219, 0.9998863339424133, -0.011518195271492004, 0.00972848478704691, 0.011630760505795479, 0.9998651742935181, -0.01159436721354723]}, {"id": 9, "label": "leg", "box": [0.25783365964889526, -0.46041175723075867, -0.17265145480632782, 0.12844237685203552, 0.7613981366157532, 0.12562598288059235, 0.9999558925628662, 0.008591081947088242, 0.0038053428288549185, -0.008634693920612335, 0.9998955130577087, 0.011596713215112686]}, {"id": 10, "label": "leg", "box": [0.25774553418159485, -0.45267021656036377, 0.33689457178115845, 0.1280238926410675, 0.7770475745201111, 0.11562447249889374, 0.9999058246612549, 0.008414126932621002, -0.010842249728739262, -0.008465596474707127, 0.9999530911445618, -0.004710024688392878]}], "edges": [{"part_a": 0, "part_b": 1, "type": "ROT_SYM"}, {"part_a": 0, "part_b": 1, "type": "TRANS_SYM"}, {"part_a": 0, "part_b": 1, "type": "REF_SYM"}, {"part_a": 0, "part_b": 2, "type": "ROT_SYM"}, {"part_a": 0, "part_b": 2, "type": "TRANS_SYM"}, {"part_a": 0, "part_b": 2, "type": "REF_SYM"}, {"part_a": 0, "part_b": 3, "type": "ROT_SYM"}, {"part_a": 0, "part_b": 3, "type": "TRANS_SYM"}, {"part_a": 0, "part_b": 3, "type": "REF_SYM"}, {"part_a": 1, "part_b": 0, "type": "ROT_SYM"}, {"part_a": 1, "part_b": 0, "type": "TRANS_SYM"}, {"part_a": 1, "part_b": 0, "type": "REF_SYM"}, {"part_a": 1, "part_b": 2, "type": "ROT_SYM"}, {"part_a": 1, "part_b": 2, "type": "TRANS_SYM"}, {"part_a": 1, "part_b": 2, "type": "REF_SYM"}, {"part_a": 1, "part_b": 3, "type": "ROT_SYM"}, {"part_a": 1, "part_b": 3, "type": "TRANS_SYM"}, {"part_a": 1, "part_b": 3, "type": "REF_SYM"}, {"part_a": 2, "part_b": 0, "type": "ROT_SYM"}, {"part_a": 2, "part_b": 0, "type": "TRANS_SYM"}, {"part_a": 2, "part_b": 0, "type": "REF_SYM"}, {"part_a": 2, "part_b": 1, "type": "ROT_SYM"}, {"part_a": 2, "part_b": 1, "type": "TRANS_SYM"}, {"part_a": 2, "part_b": 1, "type": "REF_SYM"}, {"part_a": 2, "part_b": 3, "type": "ROT_SYM"}, {"part_a": 2, "part_b": 3, "type": "TRANS_SYM"}, {"part_a": 2, "part_b": 3, "type": "REF_SYM"}, {"part_a": 3, "part_b": 0, "type": "ROT_SYM"}, {"part_a": 3, "part_b": 0, "type": "TRANS_SYM"}, {"part_a": 3, "part_b": 0, "type": "REF_SYM"}, {"part_a": 3, "part_b": 1, "type": "ROT_SYM"}, {"part_a": 3, "part_b": 1, "type": "TRANS_SYM"}, {"part_a": 3, "part_b": 1, "type": "REF_SYM"}, {"part_a": 3, "part_b": 2, "type": "ROT_SYM"}, {"part_a": 3, "part_b": 2, "type": "TRANS_SYM"}, {"part_a": 3, "part_b": 2, "type": "REF_SYM"}]}]}], "edges": [{"part_a": 0, "part_b": 1, "type": "ADJ"}, {"part_a": 1, "part_b": 0, "type": "ADJ"}, {"part_a": 1, "part_b": 2, "type": "ADJ"}, {"part_a": 2, "part_b": 1, "type": "ADJ"}]}