{"id": 0, "label": "chair", "box": [-0.009293134324252605, -0.0932299792766571, 0.0634758472442627, 0.7367598414421082, 1.566999912261963, 0.7874159216880798, 0.9999867081642151, 0.0002385561674600467, 0.005153710953891277, -0.00014907310833223164, 0.9998493790626526, -0.017356252297759056], "children": [{"id": 1, "label": "chair_back", "box": [-0.0011391988955438137, 0.3676097095012665, -0.24123181402683258, 0.6477319598197937, 0.6548385620117188, 0.11449459940195084, 0.9999834895133972, 0.0057416316121816635, -0.0003516138531267643, -0.005748344585299492, 0.9951209425926208, -0.09849525988101959], "children": [{"id": 2, "label": "back_surface", "box": [-0.0022454876452684402, 0.44108185172080994, -0.2425355315208435, 0.6300851702690125, 0.6056269407272339, 0.12374623864889145, 0.9999641180038452, -0.008466611616313457, -0.00023390883870888501, 0.008346806280314922, 0.9897525906562805, -0.14254888892173767], "children": [{"id": 3, "label": "back_single_surface", "box": [-0.007514370605349541, 0.4053148925304413, -0.2358025461435318, 0.6592174768447876, 0.6772522926330566, 0.1301916390657425, 0.9999867081642151, 0.0036025780718773603, -0.003695392282679677, -0.003950678277760744, 0.9950816631317139, -0.09897898137569427]}]}, {"id": 0, "label": "back_surface", "box": [-0.0018828954780474305, 0.36826813220977783, -0.2547138035297394, 0.6329577565193176, 0.7457289695739746, 0.1289798468351364, 0.9999309182167053, 0.011755208484828472, 0.00025248536258004606, -0.01162799447774887, 0.9918370842933655, -0.12698054313659668], "children": [{"id": 0, "label": "back_single_surface", "box": [0.0001864079385995865, 0.36600610613822937, -0.23216937482357025, 0.6724697351455688, 0.7449864149093628, 0.127520352602005, 0.9999525547027588, 0.009550374001264572, -0.0019061231287196279, -0.00970823410898447, 0.9930194020271301, -0.1175510585308075]}]}], "edges": [{"part_a": 0, "part_b": 1, "type": "ADJ"}, {"part_a": 1, "part_b": 0, "type": "ADJ"}]}, {"id": 4, "label": "chair_seat", "box": [0.0017095806542783976, 0.06492272019386292, 0.07849414646625519, 0.749204695224762, 0.13454964756965637, 0.7145616412162781, 0.9999762177467346, 0.006544503383338451, 0.0021767658181488514, -0.006560872308909893, 0.9999496340751648, 0.007599407806992531], "children": [{"id": 7, "label": "seat_support", "box": [0.008158514276146889, 0.05047224462032318, 0.0683068111538887, 0.6817154884338379, 0.10014013946056366, 0.685264527797699, 0.999752938747406, 0.004079015925526619, 0.02185066044330597, -0.004401252605021, 0.9998819828033447, 0.014719496481120586]}, {"id": 5, "label": "seat_surface", "box": [0.009101738221943378, 0.10359032452106476, 0.07288721948862076, 0.6876237392425537, 0.09875430166721344, 0.6815366744995117, 0.9999105930328369, -0.0012430711649358273, 0.01331660058349371, 0.001188236172311008, 0.9999908208847046, 0.004124921280890703], "children": [{"id": 6, "label": "seat_single_surface", "box": [0.007943571545183659, 0.10723141580820084, 0.05584593489766121, 0.7182906270027161, 0.11517775803804398, 0.6566912531852722, 0.99986732006073, -0.007503188215196133, 0.014461321756243706, 0.007417314685881138, 0.9999545812606812, 0.005982630420476198]}]}], "edges": [{"part_a": 0, "part_b": 1, "type": "ADJ"}, {"part_a": 1, "part_b": 0, "type": "ADJ"}]}, {"id": 8, "label": "chair_base", "box": [-0.005416343919932842, -0.3971879780292511, 0.04555782675743103, 0.7050774693489075, 0.954804003238678, 0.7319524884223938, 0.9999726414680481, 0.002541555557399988, -0.006947590969502926, -0.002517986809834838, 0.9999910593032837, 0.0033990053925663233], "children": [{"id": 9, "label": "regular_leg_base", "box": [0.0014932535123080015, -0.3974500596523285, 0.04653042554855347, 0.694141685962677, 0.9155243635177612, 0.729721188545227, 0.9999868273735046, -7.732606900390238e-05, -0.005131980404257774, 5.997002517688088e-05, 0.9999942779541016, -0.003382007358595729], "children": [{"id": 14, "label": "bar_stretcher", "box": [-0.0006743426201865077, -0.356034517288208, 0.39501574635505676, 0.5704352259635925, 0.09945453703403473, 0.10089047253131866, 0.999943196773529, 0.010095805861055851, 0.0034277525264769793, -0.01013808324933052, 0.9998698830604553, 0.012549245730042458]}, {"id": 0, "label": "bar_stretcher", "box": [0.30586037039756775, -0.3928128182888031, 0.06206064671278, 0.09723527729511261, 0.10450422018766403, 0.5678369402885437, 0.9997978210449219, -0.012143854983150959, -0.016028165817260742, 0.012242212891578674, 0.9999067783355713, 0.006052727345377207]}, {"id": 13, "label": "leg", "box": [-0.29789143800735474, -0.40984219312667847, -0.2466266006231308, 0.08406133204698563, 0.9090055823326111, 0.10121732950210571, 0.9997783899307251, -0.01897219941020012, -0.009124320931732655, 0.019520170986652374, 0.9977410435676575, 0.06427904963493347]}, {"id": 12, "label": "leg", "box": [-0.3081737160682678, -0.3878592550754547, 0.37122842669487, 0.09469778090715408, 0.9029700756072998, 0.10110528022050858, 0.9998601675033569, -0.013846001587808132, -0.009381679818034172, 0.013772599399089813, 0.9998744130134583, -0.007843850180506706]}, {"id": 0, "label": "bar_stretcher", "box": [-0.2836693823337555, -0.4061869978904724, 0.0655551552772522, 0.11450661718845367, 0.10427110642194748, 0.557777464389801, 0.9998469352722168, 0.006634202785789967, 0.016189217567443848, -0.006664310581982136, 0.9999761581420898, 0.0018065028125420213]}, {"id": 10, "label": "leg", "box": [0.28801700472831726, -0.40413957834243774, -0.2465732991695404, 0.08644048869609833, 0.9148586392402649, 0.08685392886400223, 0.9991200566291809, 0.01757664419710636, 0.03808221220970154, -0.019930679351091385, 0.9978557229042053, 0.062343720346689224]}, {"id": 0, "label": "bar_stretcher", "box": [0.0019523756345734, -0.4027841091156006, -0.24890561401844025, 0.5556377172470093, 0.10066969692707062, 0.09428577125072479, 0.9999333620071411, 0.009257638826966286, 0.0068987710401415825, -0.009487388655543327, 0.9993751049041748, 0.034049954265356064]}, {"id": 11, "label": "leg", "box": [0.291104257106781, -0.3943209946155548, 0.3625590205192566, 0.08994033932685852, 0.9118295907974243, 0.09223450720310211, 0.9997179508209229, 0.017967792227864265, 0.015533316880464554, -0.017783276736736298, 0.9997706413269043, -0.01193618681281805]}], "edges": [{"part_a": 0, "part_b": 1, "type": "ROT_SYM"}, {"part_a": 0, "part_b": 3, "type": "ADJ"}, {"part_a": 0, "part_b": 6, "type": "ROT_SYM"}, {"part_a": 0, "part_b": 6, "type": "TRANS_SYM"}, {"part_a": 0, "part_b": 6, "type": "REF_SYM"}, {"part_a": 0, "part_b": 7, "type": "ADJ"}, {"part_a": 1, "part_b": 0, "type": "ROT_SYM"}, {"part_a": 1, "part_b": 4, "type": "ROT_SYM"}, {"part_a": 1, "part_b": 4, "type": "TRANS_SYM"}, {"part_a": 1, "part_b": 4, "type": "REF_SYM"}, {"part_a": 1, "part_b": 5, "type": "ADJ"}, {"part_a": 1, "part_b": 6, "type": "ROT_SYM"}, {"part_a": 1, "part_b": 7, "type": "ADJ"}, {"part_a": 2, "part_b": 3, "type": "ROT_SYM"}, {"part_a": 2, "part_b": 3, "type": "TRANS_SYM"}, {"part_a": 2, "part_b": 3, "type": "REF_SYM"}, {"part_a": 2, "part_b": 4, "type": "ADJ"}, {"part_a": 2, "part_b": 5, "type": "ROT_SYM"}, {"part_a": 2, "part_b": 5, "type": "TRANS_SYM"}, {"part_a": 2, "part_b": 5, "type": "REF_SYM"}, {"part_a": 2, "part_b": 6, "type": "ADJ"}, {"part_a": 2, "part_b": 7, "type": "ROT_SYM"}, {"part_a": 2, "part_b": 7, "type": "TRANS_SYM"}, {"part_a": 2, "part_b": 7, "type": "REF_SYM"}, {"part_a": 3, "part_b": 0, "type": "ADJ"}, {"part_a": 3, "part_b": 2, "type": "ROT_SYM"}, {"part_a": 3, "part_b": 2, "type": "TRANS_SYM"}, {"part_a": 3, "part_b": 2, "type": "REF_SYM"}, {"part_a": 3, "part_b": 4, "type": "ADJ"}, {"part_a": 3, "part_b": 5, "type": "ROT_SYM"}, {"part_a": 3, "part_b": 5, "type": "TRANS_SYM"}, {"part_a": 3, "part_b": 5, "type": "REF_SYM"}, {"part_a": 3, "part_b": 7, "type": "ROT_SYM"}, {"part_a": 3, "part_b": 7, "type": "TRANS_SYM"}, {"part_a": 3, "part_b": 7, "type": "REF_SYM"}, {"part_a": 4, "part_b": 0, "type": "ROT_SYM"}, {"part_a": 4, "part_b": 1,