{"id": 0, "label": "chair", "box": [-0.006673354189842939, -0.014964557252824306, 0.1251460760831833, 0.8878630995750427, 1.418411374092102, 0.9493938088417053, 0.9999956488609314, 0.00038522868999280035, 0.0029237824492156506, -0.00034103557118214667, 0.9998859167098999, -0.015100525692105293], "children": [{"id": 1, "label": "chair_back", "box": [0.0006364210858009756, 0.30828940868377686, -0.2610681354999542, 0.8617869019508362, 0.8061215281486511, 0.1526547521352768, 0.9999964833259583, -0.002034469973295927, 0.001725832000374794, 0.0021143837366253138, 0.9988622665405273, -0.04764139652252197], "children": [{"id": 2, "label": "back_surface", "box": [-0.003502745646983385, 0.3038232922554016, -0.27436962723731995, 0.7971819043159485, 0.7962286472320557, 0.11319786310195923, 0.9999770522117615, -0.006089359056204557, -0.0029711516108363867, 0.005903488490730524, 0.9982406497001648, -0.05899824947118759], "children": [{"id": 3, "label": "back_single_surface", "box": [-0.00056600192328915, 0.30694425106048584, -0.26538601517677307, 0.8107162714004517, 0.7816108465194702, 0.12132429331541061, 0.9999837875366211, -0.00567365437746048, 0.0005230707465671003, 0.005696413107216358, 0.9974961876869202, -0.07049118727445602]}]}]}, {"id": 4, "label": "chair_seat", "box": [0.0012237088521942496, -0.09540434181690216, 0.14444217085838318, 0.8976659774780273, 0.15926581621170044, 0.8511928915977478, 0.9999789595603943, 0.0021378982346504927, -0.0061287847347557545, -0.0020710944663733244, 0.9999386072158813, 0.010885719209909439], "children": [{"id": 5, "label": "seat_surface", "box": [0.004473378881812096, -0.10925333201885223, 0.14195044338703156, 0.8784778714179993, 0.15522803366184235, 0.863861083984375, 0.9999867677688599, -0.002102671889588237, -0.004703636281192303, 0.002143604913726449, 0.9999597668647766, 0.008714334107935429], "children": [{"id": 6, "label": "seat_single_surface", "box": [-0.0021577090956270695, -0.10619273036718369, 0.15227210521697998, 0.8757430911064148, 0.1649000346660614, 0.8876281380653381, 0.9999944567680359, 0.001263391342945397, -0.0030894442461431026, -0.0012283980613574386, 0.9999353885650635, 0.01130251120775938]}]}]}, {"id": 7, "label": "chair_base", "box": [0.002631425391882658, -0.45395922660827637, 0.12585793435573578, 0.881101131439209, 0.5753105282783508, 0.9182218909263611, 0.9999964237213135, -0.00016712149954400957, 0.002674440387636423, 0.00016801107267383486, 0.9999999403953552, -0.00033239659387618303], "children": [{"id": 8, "label": "regular_leg_base", "box": [-0.003054851433262229, -0.453054279088974, 0.12639880180358887, 0.8776719570159912, 0.6034167408943176, 0.8908675312995911, 0.9999997019767761, -0.0005941539420746267, 0.0005324087105691433, 0.0005931161576882005, 0.9999979138374329, 0.0019472484709694982], "children": [{"id": 11, "label": "leg", "box": [-0.3784911334514618, -0.46337175369262695, -0.26673752069473267, 0.0960797518491745, 0.5975428223609924, 0.10362669825553894, 0.9998976588249207, -0.014095601625740528, 0.002452507149428129, 0.013934512622654438, 0.9983043074607849, 0.05651919171214104]}, {"id": 9, "label": "leg", "box": [-0.3897901177406311, -0.4557642936706543, 0.5020421743392944, 0.0950288251042366, 0.6102449893951416, 0.10049667954444885, 0.9998639822006226, -0.00827894639223814, 0.014266855083405972, 0.008293963968753815, 0.9999651312828064, -0.0009938610019162297]}, {"id": 10, "label": "leg", "box": [0.3811423182487488, -0.450326532125473, -0.26686426997184753, 0.09766555577516556, 0.6046801209449768, 0.11332599818706512, 0.9996894598007202, 0.0037138760089874268, 0.0246425811201334, -0.0050463299266994, 0.9985156655311584, 0.05423131585121155]}, {"id": 12, "label": "leg", "box": [0.38839608430862427, -0.4556005001068115, 0.4961046278476715, 0.08736604452133179, 0.6122388243675232, 0.10577425360679626, 0.9999085664749146, 0.004284446127712727, -0.012827686965465546, -0.004457057919353247, 0.9998995065689087, -0.013457970693707466]}], "edges": [{"part_a": 0, "part_b": 1, "type": "ROT_SYM"}, {"part_a": 0, "part_b": 1, "type": "TRANS_SYM"}, {"part_a": 0, "part_b": 1, "type": "REF_SYM"}, {"part_a": 0, "part_b": 2, "type": "ROT_SYM"}, {"part_a": 0, "part_b": 2, "type": "TRANS_SYM"}, {"part_a": 0, "part_b": 2, "type": "REF_SYM"}, {"part_a": 0, "part_b": 3, "type": "ROT_SYM"}, {"part_a": 0, "part_b": 3, "type": "TRANS_SYM"}, {"part_a": 0, "part_b": 3, "type": "REF_SYM"}, {"part_a": 1, "part_b": 0, "type": "ROT_SYM"}, {"part_a": 1, "part_b": 0, "type": "TRANS_SYM"}, {"part_a": 1, "part_b": 0, "type": "REF_SYM"}, {"part_a": 1, "part_b": 2, "type": "ROT_SYM"}, {"part_a": 1, "part_b": 2, "type": "TRANS_SYM"}, {"part_a": 1, "part_b": 2, "type": "REF_SYM"}, {"part_a": 1, "part_b": 3, "type": "ROT_SYM"}, {"part_a": 1, "part_b": 3, "type": "TRANS_SYM"}, {"part_a": 1, "part_b": 3, "type": "REF_SYM"}, {"part_a": 2, "part_b": 0, "type": "ROT_SYM"}, {"part_a": 2, "part_b": 0, "type": "TRANS_SYM"}, {"part_a": 2, "part_b": 0, "type": "REF_SYM"}, {"part_a": 2, "part_b": 1, "type": "ROT_SYM"}, {"part_a": 2, "part_b": 1, "type": "TRANS_SYM"}, {"part_a": 2, "part_b": 1, "type": "REF_SYM"}, {"part_a": 2, "part_b": 3, "type": "ROT_SYM"}, {"part_a": 2, "part_b": 3, "type": "TRANS_SYM"}, {"part_a": 2, "part_b": 3, "type": "REF_SYM"}, {"part_a": 3, "part_b": 0, "type": "ROT_SYM"}, {"part_a": 3, "part_b": 0, "type": "TRANS_SYM"}, {"part_a": 3, "part_b": 0, "type": "REF_SYM"}, {"part_a": 3, "part_b": 1, "type": "ROT_SYM"}, {"part_a": 3, "part_b": 1, "type": "TRANS_SYM"}, {"part_a": 3, "part_b": 1, "type": "REF_SYM"}, {"part_a": 3, "part_b": 2, "type": "ROT_SYM"}, {"part_a": 3, "part_b": 2, "type": "TRANS_SYM"}, {"part_a": 3, "part_b": 2, "type": "REF_SYM"}]}]}], "edges": [{"part_a": 0, "part_b": 1, "type": "ADJ"}, {"part_a": 1, "part_b": 0, "type": "ADJ"}, {"part_a": 1, "part_b": 2, "type": "ADJ"}, {"part_a": 2, "part_b": 1, "type": "ADJ"}]}