{"id": 0, "label": "chair", "box": [0.0077834706753492355, -0.08077123016119003, 0.0483965203166008, 1.111411690711975, 1.2472114562988281, 1.197485089302063, 0.9998570680618286, -0.0062706973403692245, 0.015702025964856148, 0.005937574431300163, 0.9997581839561462, 0.021172763779759407], "children": [{"id": 1, "label": "chair_back", "box": [-0.000525169016327709, 0.13826575875282288, -0.29589369893074036, 1.0467945337295532, 0.8896243572235107, 0.2675001919269562, 0.999947190284729, 0.010265285149216652, -0.0005283036734908819, -0.009605897590517998, 0.9149524569511414, -0.4034472703933716], "children": [{"id": 2, "label": "back_surface", "box": [0.006187489256262779, 0.20143955945968628, -0.3196798264980316, 0.9824041724205017, 0.7452332973480225, 0.13637176156044006, 0.9998006820678711, -0.007467794697731733, 0.018516074866056442, 0.014761624857783318, 0.900928258895874, -0.43371692299842834], "children": [{"id": 3, "label": "back_single_surface", "box": [0.004654146730899811, 0.2059916853904724, -0.3255782425403595, 0.9111736416816711, 0.7881012558937073, 0.18149761855602264, 0.9999967813491821, 0.0005259092431515455, -0.0024930464569479227, -0.0016288014594465494, 0.8843737244606018, -0.46677663922309875]}]}, {"id": 6, "label": "back_frame", "box": [0.0035032653249800205, 0.13893193006515503, -0.31469205021858215, 1.0834699869155884, 0.8321342468261719, 0.1640966385602951, 0.999995768070221, -0.0028721506241708994, 0.00047452375292778015, 0.00284253410063684, 0.9282209277153015, -0.37201863527297974], "children": [{"id": 7, "label": "back_frame_vertical_bar", "box": [0.49626365303993225, 0.09236356616020203, -0.3553508520126343, 0.10499899089336395, 0.785485029220581, 0.18281450867652893, 0.9997787475585938, -0.0019165326375514269, -0.020948054268956184, -0.003982481546700001, 0.9605861306190491, -0.27795398235321045]}, {"id": 8, "label": "back_frame_vertical_bar", "box": [-0.4990377426147461, 0.08544780313968658, -0.349961519241333, 0.10698048770427704, 0.7510370016098022, 0.1876755952835083, 0.9999167323112488, -0.009955785237252712, -0.008210067637264729, 0.007112437393516302, 0.9560535550117493, -0.293105810880661]}, {"id": 9, "label": "back_frame_horizontal_bar", "box": [-0.005566006992012262, 0.48211869597435, -0.5093300342559814, 0.9609606266021729, 0.19638065993785858, 0.1174057126045227, 0.9999611973762512, -0.008357157930731773, 0.0027966320049017668, 0.008714061230421066, 0.9850043058395386, -0.17230945825576782]}], "edges": [{"part_a": 0, "part_b": 1, "type": "ROT_SYM"}, {"part_a": 0, "part_b": 1, "type": "TRANS_SYM"}, {"part_a": 0, "part_b": 1, "type": "REF_SYM"}, {"part_a": 0, "part_b": 2, "type": "ADJ"}, {"part_a": 1, "part_b": 0, "type": "ROT_SYM"}, {"part_a": 1, "part_b": 0, "type": "TRANS_SYM"}, {"part_a": 1, "part_b": 0, "type": "REF_SYM"}, {"part_a": 1, "part_b": 2, "type": "ADJ"}, {"part_a": 2, "part_b": 0, "type": "ADJ"}, {"part_a": 2, "part_b": 1, "type": "ADJ"}]}], "edges": [{"part_a": 0, "part_b": 1, "type": "ADJ"}, {"part_a": 1, "part_b": 0, "type": "ADJ"}]}, {"id": 10, "label": "chair_seat", "box": [-0.004561265930533409, -0.1578223705291748, 0.16791880130767822, 1.0699138641357422, 0.18537375330924988, 0.9946908354759216, 0.9999299049377441, 0.01180441677570343, 0.0009545835782773793, -0.011711617931723595, 0.9975943565368652, -0.06832531839609146], "children": [{"id": 14, "label": "seat_support", "box": [0.006754671689122915, -0.20409049093723297, 0.2422505021095276, 0.802463173866272, 0.08349230885505676, 0.5050545930862427, 0.9998531341552734, 0.0033351187594234943, 0.01681065373122692, -0.0008055915241129696, 0.9889442920684814, -0.14828534424304962]}, {"id": 15, "label": "seat_support", "box": [0.04801899194717407, -0.228541299700737, -0.025374652817845345, 0.8396892547607422, 0.0917121171951294, 0.15159784257411957, 0.998001754283905, 0.021885160356760025, 0.05927499756217003, -0.01779944822192192, 0.9974854588508606, -0.06859972327947617]}, {"id": 16, "label": "seat_frame", "box": [-0.005230582319200039, -0.25039803981781006, 0.17923668026924133, 1.12058687210083, 0.14483991265296936, 0.8761662244796753, 0.9999521970748901, -0.009769883938133717, -0.0003844087477773428, 0.00968711543828249, 0.9952800869941711, -0.0965593159198761], "children": [{"id": 17, "label": "seat_frame_bar", "box": [0.536200761795044, -0.22712723910808563, 0.1605260968208313, 0.11374469846487045, 0.12678185105323792, 0.7848711013793945, 0.9999768137931824, 0.003176254453137517, -0.006024009082466364, -0.003703644033521414, 0.9959654808044434, -0.08966098725795746]}, {"id": 18, "label": "seat_frame_bar", "box": [-0.49489498138427734, -0.22496488690376282, 0.14411312341690063, 0.11880744993686676, 0.10673309117555618, 0.8083759546279907, 0.9999959468841553, 0.0024271176662296057, 0.0014988338807597756, -0.002307102084159851, 0.9971463084220886, -0.07545782625675201]}], "edges": [{"part_a": 0, "part_b": 1, "type": "ROT_SYM"}, {"part_a": 0, "part_b": 1, "type": "TRANS_SYM"}, {"part_a": 0, "part_b": 1, "type": "REF_SYM"}, {"part_a": 1, "part_b": 0, "type": "ROT_SYM"}, {"part_a": 1, "part_b": 0, "type": "TRANS_SYM"}, {"part_a": 1, "part_b": 0, "type": "REF_SYM"}]}, {"id": 13, "label": "seat_support", "box": [-0.0038291774690151215, -0.13183996081352234, 0.5531482696533203, 0.9399223923683167, 0.08704423159360886, 0.1725364625453949, 0.9999905228614807, -0.003226091153919697, -0.002935912227258086, 0.002848915522918105, 0.9927127361297607, -0.12047132104635239]}, {"id": 11, "label": "seat_surface", "box": [0.00777841592207551, -0.11844855546951294, 0.1977337747812271, 1.0058876276016235, 0.19863511621952057, 0.8730877637863159, 0.9999920725822449, -0.0023146176245063543, -0.003237203462049365, 0.0021694940514862537, 0.9990231394767761, -0.04413674771785736], "children": [{"id": 12, "label": "seat_single_surface", "box": [0.0027547036297619343, -0.10825519263744354, 0.20537710189819336, 1.0426491498947144, 0.19935770332813263, 0.863227128982544, 0.9999974370002747, -0.002065368928015232, 0.0009372706990689039, 0.0021048507187515497, 0.9990167617797852, -0.04428481683135033]}]}], "edges": [{"part_a": 0, "part_b": 2, "type": "ADJ"}, {"part_a": 0, "part_b": 3, "type": "ROT_SYM"}, {"part_a": 0, "part_b": 3, "type": "REF_SYM"}, {"part_a": 0, "part_b": 4, "type": "ADJ"}, {"part_a": 1, "part_b": 0, "type": "ROT_SYM"}, {"part_a": 1, "part_b": 3, "type": "ROT_SYM"}, {"part_a": 1, "part_b": 3, "type": "TRANS_SYM"}, {"part_a": 1, "part_b": 3, "type": "REF_SYM"}, {"part_a": 2, "part_b": 0, "type": "ADJ"}, {"part_a": 2, "part_b": 3, "type": "ADJ"}, {"part_a": 2, "part_b": 4, "type": "ADJ"}, {"part_a": 3, "part_b": 1, "type": "ROT_SYM"}, {"part_a": 3, "part_b": 1, "type": "TRANS_SYM"}, {"part_a": 3, "part_b": 1, "type": "REF_SYM"}, {"part_a": 3, "part_b": 2, "type": "ADJ"}, {"part_a": 3, "part_b": 4, "type": "ADJ"}, {"part_a": 4, "part_b": 0, "type": "ADJ"}, {"part_a": 4, "part_b": 2, "type": "ADJ"}]}, {"id": 19, "label": "chair_base", "box": [0.0010955254547297955, -0.4241875112056732, 0.10266768932342529, 1.0367491245269775, 0.42575550079345703, 1.0204015970230103, 0.9999938607215881, -0.003304092912003398, 0.001191856455989182, 0.003300508251413703, 0.9999901056289673, 0.0029974300414323807], "children": [{"id": 20, "label": "regular_leg_base", "box": [0.005787108559161425, -0.48804813623428345, 0.13306087255477905, 1.0185238122940063, 0.44974297285079956, 0.901032030582428, 0.9999104738235474, -0.012576492503285408, 0.004579289350658655, 0.012565910816192627, 0.9999183416366577, 0.0023320955224335194], "children": [{"id": 23, "label": "leg", "box": [0.49659305810928345, -0.4381020963191986, 0.4332869052886963, 0.0890725776553154, 0.43480736017227173, 0.1311241090297699, 0.9991551041603088, 0.040080878883600235, 0.009089665487408638, -0.039095379412174225, 0.9951239824295044, -0.09055289626121521]}, {"id": 21, "label": "leg",