{"id": 0, "label": "chair", "box": [0.0035695654805749655, -0.018918568268418312, 0.06317616999149323, 1.1500256061553955, 1.2206474542617798, 1.2710784673690796, 0.9999529719352722, -0.004339261911809444, 0.008669795468449593, 0.003590700449422002, 0.9964115023612976, 0.08456471562385559], "children": [{"id": 1, "label": "chair_back", "box": [-0.0011768130352720618, 0.14193838834762573, -0.29943767189979553, 0.9649097323417664, 0.8967315554618835, 0.25059938430786133, 0.9996379017829895, 0.01012211013585329, 0.024933191016316414, 0.0071712033823132515, 0.792843759059906, -0.6093828082084656], "children": [{"id": 2, "label": "back_surface", "box": [-0.010199885815382004, 0.1678079068660736, -0.3231006860733032, 0.9050664305686951, 0.7686391472816467, 0.13537940382957458, 0.9992842674255371, 0.0016953222220763564, 0.037789877504110336, 0.02307967282831669, 0.7641862630844116, -0.6445825695991516], "children": [{"id": 3, "label": "back_single_surface", "box": [0.012755226343870163, 0.16453951597213745, -0.3200038969516754, 0.7872017025947571, 0.6712425351142883, 0.12621454894542694, 0.9997988939285278, -0.015921078622341156, 0.012195714749395847, 0.01987210474908352, 0.7044356465339661, -0.709489643573761]}]}, {"id": 4, "label": "back_frame", "box": [-0.0035439617931842804, 0.16854995489120483, -0.3071473240852356, 1.0741058588027954, 0.8637265563011169, 0.14656740427017212, 0.9999054074287415, -0.00898814294487238, 0.010413117706775665, 0.012987487018108368, 0.8663015961647034, -0.49935245513916016], "children": [{"id": 5, "label": "back_frame_vertical_bar", "box": [0.4622045159339905, 0.18250000476837158, -0.3443854749202728, 0.11538462340831757, 0.7062368988990784, 0.15494681894779205, 0.9993348717689514, -0.010616113431751728, -0.03488738834857941, -0.007294565439224243, 0.8791580200195312, -0.4764746427536011]}, {"id": 6, "label": "back_frame_vertical_bar", "box": [-0.4624822735786438, 0.15118087828159332, -0.34033697843551636, 0.13300782442092896, 0.7681272029876709, 0.17627711594104767, 0.9997760057449341, -0.008303701877593994, -0.0194681528955698, -0.002686933381482959, 0.8625863790512085, -0.5059027075767517]}, {"id": 7, "label": "back_frame_horizontal_bar", "box": [0.002477549482136965, 0.5255826711654663, -0.56160569190979, 0.8703546524047852, 0.22309193015098572, 0.07753191143274307, 0.9998927712440491, -0.0038028727285563946, 0.014142012223601341, 0.008433344773948193, 0.9390194416046143, -0.34376075863838196]}], "edges": [{"part_a": 0, "part_b": 1, "type": "ROT_SYM"}, {"part_a": 0, "part_b": 1, "type": "TRANS_SYM"}, {"part_a": 0, "part_b": 1, "type": "REF_SYM"}, {"part_a": 0, "part_b": 2, "type": "ADJ"}, {"part_a": 1, "part_b": 0, "type": "ROT_SYM"}, {"part_a": 1, "part_b": 0, "type": "TRANS_SYM"}, {"part_a": 1, "part_b": 0, "type": "REF_SYM"}, {"part_a": 1, "part_b": 2, "type": "ADJ"}, {"part_a": 2, "part_b": 0, "type": "ADJ"}, {"part_a": 2, "part_b": 1, "type": "ADJ"}]}], "edges": [{"part_a": 0, "part_b": 1, "type": "ADJ"}, {"part_a": 1, "part_b": 0, "type": "ADJ"}]}, {"id": 10, "label": "chair_seat", "box": [-0.002952639712020755, -0.15187160670757294, 0.22748662531375885, 0.9431759715080261, 0.21324171125888824, 0.9222380518913269, 0.9999133348464966, 0.013163398951292038, 0.0002533346996642649, -0.01315486803650856, 0.9996805787086487, -0.02157956175506115], "children": [{"id": 0, "label": "seat_support", "box": [0.011368446983397007, -0.17083381116390228, 0.1716948002576828, 0.7575183510780334, 0.09762941300868988, 0.4712209105491638, 0.99965900182724, 0.01701311394572258, 0.019810231402516365, -0.015898756682872772, 0.9983536601066589, -0.05511131137609482]}, {"id": 0, "label": "seat_support", "box": [-0.0212129894644022, -0.16872072219848633, 0.20270659029483795, 0.6215310096740723, 0.10975068062543869, 0.5286062359809875, 0.9999606013298035, 0.002975528361275792, -0.008365309797227383, -0.0036581228487193584, 0.9965590834617615, -0.08280495554208755]}, {"id": 0, "label": "seat_support", "box": [-0.04098830372095108, -0.10050547868013382, 0.5593349933624268, 0.8226412534713745, 0.1367078274488449, 0.1693921983242035, 0.9998489618301392, 0.0029516597278416157, -0.017127104103565216, -0.004187521990388632, 0.9973540306091309, -0.0725773274898529]}, {"id": 11, "label": "seat_surface", "box": [0.007650637533515692, -0.07781605422496796, 0.23003628849983215, 0.9809211492538452, 0.18688097596168518, 0.8491108417510986, 0.9998214244842529, -0.014711662195622921, -0.011859036050736904, 0.013948113657534122, 0.997973620891571, -0.06208151578903198], "children": [{"id": 12, "label": "seat_single_surface", "box": [-0.0065744840539991856, -0.1032395288348198, 0.23697718977928162, 1.0201787948608398, 0.17219550907611847, 0.8276554942131042, 0.9999969005584717, -0.00109908077865839, 0.00224829139187932, 0.0012223143130540848, 0.9984542727470398, -0.05556606873869896]}]}], "edges": [{"part_a": 0, "part_b": 3, "type": "ADJ"}, {"part_a": 2, "part_b": 3, "type": "ADJ"}, {"part_a": 3, "part_b": 0, "type": "ADJ"}, {"part_a": 3, "part_b": 1, "type": "ADJ"}, {"part_a": 3, "part_b": 2, "type": "ADJ"}]}, {"id": 15, "label": "chair_base", "box": [-0.00172950339037925, -0.36571475863456726, 0.10522926598787308, 1.0187147855758667, 0.44641000032424927, 1.026649832725525, 0.9999964833259583, -0.0016534854657948017, 0.002092920243740082, 0.0016239581163972616, 0.999900221824646, 0.014032097533345222], "children": [{"id": 16, "label": "regular_leg_base", "box": [0.01224573329091072, -0.28806331753730774, 0.10621273517608643, 1.0559470653533936, 0.5043143033981323, 1.0459345579147339, 0.9999628067016602, 0.006050374824553728, 0.006152487825602293, -0.006000994239002466, 0.9999499320983887, -0.008013224229216576], "children": [{"id": 0, "label": "runner", "box": [0.47246548533439636, -0.4235251545906067, 0.10639328509569168, 0.11344067752361298, 0.19431214034557343, 0.8796743750572205, 0.999974250793457, -0.006928369868546724, -0.0018672510050237179, 0.006924028042703867, 0.9999733567237854, -0.002321807434782386]}, {"id": 20, "label": "leg", "box": [-0.43944278359413147, -0.17615191638469696, -0.4135304093360901, 0.1611102670431137, 0.4241228997707367, 0.21195854246616364, 0.9998232126235962, 0.00511216651648283, -0.01809363067150116, -0.006464793346822262, 0.9971243739128113, -0.07550641149282455]}, {"id": 19, "label": "leg", "box": [-0.4670262038707733, -0.22575248777866364, 0.6339799165725708, 0.14445878565311432, 0.3656369149684906, 0.1828986555337906, 0.9998829960823059, 0.0008577972766943276, 0.015275436453521252, -0.00011917528172489256, 0.998833417892456, -0.0482889786362648]}, {"id": 0, "label": "runner", "box": [-0.42104578018188477, -0.4466445744037628, 0.1152452677488327, 0.18890249729156494, 0.16642220318317413, 0.8810770511627197, 0.9989734292030334, 0.027423957362771034, 0.03605552390217781, -0.028684057295322418, 0.9989787936210632, 0.034908927977085114]}, {"id": 17, "label": "leg", "box": [0.46926742792129517, -0.18475662171840668, -0.444873571395874, 0.1358366757631302, 0.40343257784843445, 0.19349946081638336, 0.9997166991233826, -0.013815687038004398, -0.019384166225790977, 0.012965659610927105, 0.9989774227142334, -0.043312277644872665]}, {"id": 0, "label": "bar_stretcher", "box": [0.3613835573196411, -0.20280742645263672, -0.04182234779000282, 0.29567232728004456, 0.3153424859046936, 0.5774909853935242, 0.9996448755264282, -0.025540905073285103, -0.007600761018693447, 0.023700103163719177, 0.9825299978256226, -0.18458911776542664]}, {"id": 18, "label": "leg", "box": [0.4839337170124054, -0.2311171591281891, 0.6054572463035583, 0.13784906268119812, 0.3896115720272064, 0.20462194085121155, 0.9998452067375183, 0.0003976359439548105, 0.017592761665582657, 0.0005399232031777501, 0.9985807538032532, -0.05325549840927124]}, {"id": 0, "label": "bar_stretcher",