{"id": 0, "label": "chair", "box": [0.008906513452529907, 0.21797502040863037, 0.11955200135707855, 1.1207619905471802, 1.2596509456634521, 1.3426740169525146, 0.0, 0.0, -1.0, -1.0, 1.8369701465288538e-16, 0.0], "children": [{"id": 1, "label": "chair_back", "box": [0.008807524107396603, 0.21797502040863037, -0.280233234167099, 0.3232477903366089, 1.259803056716919, 1.3426740169525146, -0.0017457909416407347, -6.112534516266343e-17, 0.9999984502792358, -0.9999984502792358, 6.133914818995124e-17, -0.0017457909416407347], "children": [{"id": 2, "label": "back_surface", "box": [0.008807524107396603, 0.21797502040863037, -0.280233234167099, 0.3232477903366089, 1.259803056716919, 1.3426740169525146, -0.0017457909416407347, -6.112534516266343e-17, 0.9999984502792358, -0.9999984502792358, 6.133914818995124e-17, -0.0017457909416407347], "children": [{"id": 3, "label": "back_single_surface", "box": [0.008807524107396603, 0.21797502040863037, -0.280233234167099, 0.3232477903366089, 1.259803056716919, 1.3426740169525146, -0.0017457909416407347, -6.112534516266343e-17, 0.9999984502792358, -0.9999984502792358, 6.133914818995124e-17, -0.0017457909416407347]}]}]}, {"id": 4, "label": "chair_arm", "box": [0.5240433812141418, 0.07785537838935852, 0.21879670023918152, 0.20302525162696838, 0.3971827030181885, 0.9532397389411926, 0.999983012676239, -0.004625472240149975, -0.003553639864549041, 0.005245626904070377, 0.9795575737953186, 0.20109553635120392], "children": [{"id": 5, "label": "arm_sofa_style", "box": [0.5240433812141418, 0.07785537838935852, 0.21879670023918152, 0.20302525162696838, 0.3971827030181885, 0.9532397389411926, 0.999983012676239, -0.004625472240149975, -0.003553639864549041, 0.005245626904070377, 0.9795575737953186, 0.20109553635120392]}]}, {"id": 6, "label": "chair_arm", "box": [-0.5186141729354858, 0.1136544793844223, 0.21847638487815857, 0.18549175560474396, 0.31917428970336914, 0.9685587286949158, -0.9997516870498657, -0.020690318197011948, -0.008276155218482018, 0.021960686892271042, -0.9778218865394592, -0.20828363299369812], "children": [{"id": 7, "label": "arm_sofa_style", "box": [-0.5186141729354858, 0.1136544793844223, 0.21847638487815857, 0.18549175560474396, 0.31917428970336914, 0.9685587286949158, -0.9997516870498657, -0.020690318197011948, -0.008276155218482018, 0.021960686892271042, -0.9778218865394592, -0.20828363299369812]}]}, {"id": 8, "label": "chair_seat", "box": [0.008910506963729858, -0.16018998622894287, 0.208342507481575, 0.5863440036773682, 0.943181037902832, 1.231389045715332, 7.498798786105971e-33, 1.0, -1.2246468525851679e-16, 6.123234262925839e-17, -1.2246468525851679e-16, -1.0], "children": [{"id": 9, "label": "seat_surface", "box": [0.008910506963729858, -0.16018998622894287, 0.208342507481575, 0.5863440036773682, 0.943181037902832, 1.231389045715332, 7.498798786105971e-33, 1.0, -1.2246468525851679e-16, 6.123234262925839e-17, -1.2246468525851679e-16, -1.0], "children": [{"id": 10, "label": "seat_single_surface", "box": [0.008910506963729858, -0.16018998622894287, 0.208342507481575, 0.5863440036773682, 0.943181037902832, 1.231389045715332, 7.498798786105971e-33, 1.0, -1.2246468525851679e-16, 6.123234262925839e-17, -1.2246468525851679e-16, -1.0]}]}]}], "edges": [{"dist": 0.009568642415385796, "type": "ADJ", "part_b": 0, "part_a": 1}, {"dist": 0.011083739052106198, "type": "ADJ", "part_b": 0, "part_a": 2}, {"dist": 0.007891753421308203, "type": "ADJ", "part_b": 0, "part_a": 3}, {"dist": 0.010326350602762773, "type": "ADJ", "part_b": 1, "part_a": 3}, {"dist": 0.01057012501160298, "type": "ADJ", "part_b": 2, "part_a": 3}, {"dist": 0.030559048552942548, "params": [0.008720725774765015, 0.14915256202220917, 0.23187905550003052, 0.9999514222145081, -0.008713559247553349, 0.004602679517120123], "type": "REF_SYM", "part_b": 1, "part_a": 2}, {"dist": 0.039360687227484356, "params": [1.1193814277648926, -0.009754270315170288, 0.005152404308319092], "type": "TRANS_SYM", "part_b": 1, "part_a": 2}, {"dist": 0.04731869046315612, "params": [0.08156689256429672, 8.568097114562988, 0.4680543839931488, -0.005426149349659681, -0.044105347245931625, 0.9990121722221375, 0.132731631398201], "type": "ROT_SYM", "part_b": 1, "part_a": 2}]}