{"id": 0, "label": "chair", "box": [0.0022095199674367905, -0.08745838701725006, 0.09972907602787018, 0.8030892610549927, 0.8152276277542114, 1.5783990621566772, 0.9999979138374329, -0.00026348925894126296, -0.0020232030656188726, 0.0020402884110808372, 0.12905079126358032, 0.9916358590126038], "children": [{"id": 1, "label": "chair_back", "box": [0.0035304706543684006, 0.3000848889350891, -0.2846439480781555, 0.08583585917949677, 0.5361906290054321, 0.7225885391235352, -1.5434389519406545e-17, -0.25206270813941956, -0.9677109122276306, -1.0, -6.280864909058437e-05, 1.6359967048629187e-05], "children": [{"id": 2, "label": "back_surface", "box": [0.003142997622489929, 0.2996219992637634, -0.2542940080165863, 0.027329273521900177, 0.39896199107170105, 0.5693153738975525, -1.543439117376777e-17, -0.25206273794174194, -0.9677109122276306, -1.0, 1.7974274721774708e-16, -3.086878234753554e-17], "children": [{"id": 3, "label": "back_single_surface", "box": [0.003142997622489929, 0.2996219992637634, -0.2542940080165863, 0.027329273521900177, 0.39896199107170105, 0.5693153738975525, -1.543439117376777e-17, -0.25206273794174194, -0.9677109122276306, -1.0, 1.7974274721774708e-16, -3.086878234753554e-17]}]}, {"id": 4, "label": "back_support", "box": [0.003127338131889701, 0.2992261052131653, -0.28794363141059875, 0.07782824337482452, 0.536192774772644, 0.7220540046691895, -0.012128297239542007, -0.24121607840061188, -0.9703956246376038, -0.9999264478683472, 0.002862277440726757, 0.011785891838371754]}], "edges": [{"dist": 0.007382105693846192, "part_a": 1, "type": "ADJ", "part_b": 0}]}, {"id": 5, "label": "chair_seat", "box": [0.00292050838470459, -0.009852499701082706, 0.14958800375461578, 0.07010500133037567, 0.6978319883346558, 0.8030869960784912, -6.123234262925839e-17, -1.0, -6.123234262925839e-17, 6.123234262925839e-17, 6.123234262925839e-17, -1.0], "children": [{"id": 6, "label": "seat_surface", "box": [0.00292050838470459, 0.010106000117957592, 0.15393349528312683, 0.030187999829649925, 0.689141035079956, 0.8030869960784912, -1.2246468525851679e-16, -1.0, 0.0, 0.0, 0.0, 1.0], "children": [{"id": 7, "label": "seat_single_surface", "box": [0.00292050838470459, 0.010106000117957592, 0.15393349528312683, 0.030187999829649925, 0.689141035079956, 0.8030869960784912, -1.2246468525851679e-16, -1.0, 0.0, 0.0, 0.0, 1.0]}]}, {"id": 8, "label": "seat_support", "box": [0.0024538792204111814, -0.02348927967250347, 0.1446126401424408, 0.04309890791773796, 0.6871378421783447, 0.7802765965461731, 1.7555346065734057e-09, -0.9999999403953552, 0.0004070920986123383, 0.0018876716494560242, 0.0004070913710165769, 0.999998152256012]}], "edges": [{"dist": 0.026352037879021715, "part_a": 1, "type": "ADJ", "part_b": 0}]}, {"id": 9, "label": "chair_base", "box": [0.0031419203151017427, -0.4423840045928955, 0.10426609218120575, 0.6358788013458252, 0.7433969974517822, 0.7979240417480469, -1.468088271394663e-06, -6.123224998502979e-17, 1.0, -1.0, 6.12324286560421e-17, -1.468088271394663e-06], "children": [{"id": 10, "label": "regular_leg_base", "box": [0.0031419203151017427, -0.4423840045928955, 0.10426609218120575, 0.6358788013458252, 0.7433969974517822, 0.7979240417480469, -1.468088271394663e-06, -6.123224998502979e-17, 1.0, -1.0, 6.12324286560421e-17, -1.468088271394663e-06], "children": [{"id": 11, "label": "leg", "box": [-0.34195974469184875, -0.4423840045928955, 0.39560818672180176, 0.052739597856998444, 0.05274036154150963, 0.7979240417480469, -0.6087427139282227, 0.0, -0.7933676838874817, -0.7933676838874817, 1.8369701465288538e-16, 0.6087427139282227]}, {"id": 12, "label": "leg", "box": [0.34824299812316895, -0.4423840045928955, 0.3956089913845062, 0.05273957923054695, 0.052739597856998444, 0.7979240417480469, -0.6088131666183472, 0.0, -0.7933136224746704, -0.7933136224746704, 1.8369701465288538e-16, 0.6088131666183472]}, {"id": 13, "label": "leg", "box": [0.2260580062866211, -0.4423840045928955, -0.18707600235939026, 0.05273972451686859, 0.052739743143320084, 0.7979240417480469, 0.38266295194625854, -1.8369701465288538e-16, -0.9238880276679993, 0.9238880276679993, 0.0, 0.38266295194625854]}, {"id": 14, "label": "leg", "box": [-0.22108642756938934, -0.4423840045928955, -0.1861555576324463, 0.052740197628736496, 0.052740197628736496, 0.7979240417480469, -0.9914502501487732, 6.869873291851314e-17, -0.13048520684242249, 0.13048520684242249, 5.2718903811911576e-17, -0.9914502501487732]}], "edges": [{"params": [0.0029588788747787476, -0.44241756200790405, 0.39576107263565063, -0.9999976754188538, 0.0021610346157103777, -8.060305844992399e-05], "dist": 0.011991186698288555, "part_a": 1, "type": "REF_SYM", "part_b": 0}, {"params": [-0.689936637878418, 0.0014909803867340088, -5.561113357543945e-05], "dist": 0.011397383402888525, "part_a": 1, "type": "TRANS_SYM", "part_b": 0}, {"params": [0.002990495413541794, -0.4426855146884918, 0.0010299684945493937, 0.001531486283056438, -0.9999971985816956, 0.0018267720006406307, 1.436446189880371], "dist": 0.011864230182040811, "part_a": 1, "type": "ROT_SYM", "part_b": 0}, {"params": [-0.05801264941692352, -0.4414936602115631, 0.10417968034744263, -0.6977624893188477, -0.00043830956565216184, 0.7163289785385132], "dist": 0.011575626780524472, "part_a": 2, "type": "REF_SYM", "part_b": 0}, {"params": [-0.5679936408996582, -0.0003567934036254883, 0.5831071734428406], "dist": 0.01188026691495997, "part_a": 2, "type": "TRANS_SYM", "part_b": 0}, {"params": [-0.8382012248039246, -1.443601369857788, -0.6566383242607117, 0.0016921423375606537, -0.9999980330467224, 0.001037238514982164, 0.7137330770492554], "dist": 0.011645170020215739, "part_a": 2, "type": "ROT_SYM", "part_b": 0}, {"params": [0.28695568442344666, -0.4422391653060913, 0.10420748591423035, 0.20467841625213623, -0.003101442940533161, 0.9788243770599365], "dist": 0.012198258676106223, "part_a": 2, "type": "REF_SYM", "part_b": 1}, {"params": [0.12194305658340454, -0.001847773790359497, 0.583162784576416], "dist": 0.01192052103093097, "part_a": 2, "type": "TRANS_SYM", "part_b": 1}, {"params": [1.0585262775421143, -0.44925037026405334, -0.057120420038700104, 0.005891351029276848, 0.9999776482582092, -0.0031579346396028996, 0.722605288028717], "dist": 0.011958395972501028, "part_a": 2, "type": "ROT_SYM", "part_b": 1}, {"params": [-0.281538188457489, -0.4418593645095825, 0.10481277108192444, -0.2035118043422699, 0.000630420574452728, 0.9790723323822021], "dist": 0.011545640816755444, "part_a": 3, "type": "REF_SYM", "part_b": 0}, {"params": [-0.12094256281852722, 0.0003746449947357178, 0.581840991973877], "dist": 0.011690229840967624, "part_a": 3, "type": "TRANS_SYM", "part_b": 0}, {"params": [-0.22027571499347687, -0.4418022036552429, 0.11754688620567322, 0.0003716629580594599, 0.9999999403953552, -7.993287727003917e-05, 2.7264950275421143], "dist": 0.011720109645944742, "part_a": 3, "type": "ROT_SYM", "part_b": 0}, {"params": [0.06343016028404236, -0.4426048696041107, 0.10484057664871216, 0.699134886264801, -0.001371664577163756, 0.7149884700775146], "dist": 0.011473350919150225, "part_a": 3, "type": "REF_SYM", "part_b": 1}, {"params": [0.5689941048622131, -0.001116335391998291, 0.5818966031074524], "dist": 0.011731606914716527, "part_a": 3, "type": "TRANS_SYM", "part_b": 1}, {"params": [0.5827515125274658, -0.44258788228034973, -0.40296605229377747, -0.0022790839429944754, 0.9999961853027344, 0.0015487176133319736, 1.0213550329208374], "dist": 0.011817332092318514, "part_a": 3, "type": "ROT_SYM", "part_b": 1}, {"params": [0.002458631992340088, -0.4416809678077698, -0.18674081563949585, 0.999994695186615, 0.0016361318994313478, -0.0028322821017354727], "dist": 0.011724620067544047, "part_a": 3, "type": "REF_SYM", "part_b": 2}, {"params": [0.4470510482788086, 0.0007314383983612061, -0.001266181468963623], "dist": 0.011953314700703406, "part_a": 3, "type": "TRANS_SYM",