{"id": 0, "label": "chair", "box": [0.0024245688691735268, -0.04207831993699074, 0.09913612902164459, 0.7482768297195435, 1.559878945350647, 0.8046076893806458, 0.9999818205833435, -0.005978335160762072, -0.0008156439289450645, 0.005952567793428898, 0.999573290348053, -0.02859680727124214], "children": [{"id": 1, "label": "chair_back", "box": [-0.007502858527004719, 0.3492477238178253, -0.23767149448394775, 0.6735811233520508, 0.8659912943840027, 0.07843219488859177, 0.9999568462371826, 0.001759347040206194, -0.009122484363615513, -0.0022654717322438955, 0.9984410405158997, -0.05577095225453377], "children": [{"id": 0, "label": "back_surface", "box": [-0.007992972619831562, 0.38239192962646484, -0.211663618683815, 0.6891114711761475, 0.7345293760299683, 0.12738943099975586, 0.9999116063117981, -0.002114004222676158, -0.013130026869475842, 0.0011751353740692139, 0.997468113899231, -0.0711057260632515], "children": [{"id": 0, "label": "back_single_surface", "box": [-0.0074835773557424545, 0.38966771960258484, -0.2228766530752182, 0.6847077012062073, 0.7533826231956482, 0.12940415740013123, 0.999965488910675, 0.007263164035975933, -0.0040273889899253845, -0.007474940270185471, 0.9984399676322937, -0.05533352494239807]}]}, {"id": 2, "label": "back_surface", "box": [-0.01053478755056858, 0.36896276473999023, -0.23375675082206726, 0.6578733921051025, 0.7956253886222839, 0.08334212005138397, 0.9999533295631409, 0.0028254243079572916, -0.009242688305675983, -0.003376199398189783, 0.9981849789619446, -0.06012818217277527], "children": [{"id": 3, "label": "back_single_surface", "box": [-0.008329781703650951, 0.3681824207305908, -0.23998314142227173, 0.6189231276512146, 0.7551667094230652, 0.10344725847244263, 0.9999943971633911, -0.0033440415281802416, 0.0003163273795507848, 0.0033543268218636513, 0.999123752117157, -0.04171884059906006]}]}], "edges": [{"part_a": 0, "part_b": 1, "type": "ADJ"}, {"part_a": 1, "part_b": 0, "type": "ADJ"}]}, {"id": 5, "label": "chair_seat", "box": [0.002700052224099636, -0.09874993562698364, 0.11817867308855057, 0.7675678730010986, 0.20638221502304077, 0.7559173107147217, 0.9999872446060181, 0.004988036118447781, -0.0007906946120783687, -0.004979020915925503, 0.9999268651008606, 0.01102109719067812], "children": [{"id": 8, "label": "seat_support", "box": [-0.0017122814897447824, -0.13573585450649261, 0.113816037774086, 0.7309651374816895, 0.11272123456001282, 0.7253407835960388, 0.9999329447746277, 0.006282894406467676, 0.009730605408549309, -0.006355777382850647, 0.9999518394470215, 0.0074773263186216354]}, {"id": 6, "label": "seat_surface", "box": [0.0021010867785662413, -0.0715358778834343, 0.12680655717849731, 0.7224245071411133, 0.06857240200042725, 0.7363050580024719, 0.9999798536300659, 0.0037982924841344357, 0.005091429688036442, -0.0038611809723079205, 0.9999156594276428, 0.01239946112036705], "children": [{"id": 7, "label": "seat_single_surface", "box": [-0.002314500045031309, -0.08343776315450668, 0.12230299413204193, 0.7339047789573669, 0.08586548268795013, 0.73589688539505, 0.999998927116394, -0.0013744396856054664, -0.0005128215998411179, 0.001376943662762642, 0.999987006187439, 0.00491452356800437]}]}], "edges": [{"part_a": 0, "part_b": 1, "type": "ADJ"}, {"part_a": 1, "part_b": 0, "type": "ADJ"}]}, {"id": 9, "label": "chair_base", "box": [-0.0027819520328193903, -0.4737081229686737, 0.09980671852827072, 0.7269213795661926, 0.6758481860160828, 0.7803044319152832, 0.9999969005584717, -0.0010689159389585257, 0.0022498376201838255, 0.0010703562293201685, 0.9999992251396179, -0.000639060977846384], "children": [{"id": 10, "label": "regular_leg_base", "box": [-4.135817289352417e-05, -0.47259321808815, 0.1002032607793808, 0.7250333428382874, 0.7084878087043762, 0.7586947679519653, 0.9999906420707703, -0.000681148434523493, 0.004273067228496075, 0.0006801734562031925, 0.9999997615814209, 0.000229620753088966], "children": [{"id": 14, "label": "leg", "box": [-0.308912456035614, -0.476238489151001, -0.2305210381746292, 0.08816400170326233, 0.7270799279212952, 0.08338911086320877, 0.9990243911743164, -0.017423171550035477, -0.04058004915714264, 0.0199373047798872, 0.9978522062301636, 0.06239774450659752]}, {"id": 11, "label": "leg", "box": [-0.3252904713153839, -0.481527179479599, 0.43325671553611755, 0.08930747210979462, 0.7181181311607361, 0.08893454074859619, 0.9996358156204224, -0.010175909847021103, 0.024994269013404846, 0.010218045674264431, 0.9999465942382812, -0.0015586900990456343]}, {"id": 13, "label": "leg", "box": [0.29278895258903503, -0.4761069715023041, -0.2261296808719635, 0.0875474214553833, 0.7160830497741699, 0.08381233364343643, 0.9978553056716919, 0.01001209206879139, 0.06468841433525085, -0.0136196818202734, 0.9983618855476379, 0.055570706725120544]}, {"id": 12, "label": "leg", "box": [0.3254387676715851, -0.47462940216064453, 0.43472781777381897, 0.0830237939953804, 0.7238211631774902, 0.0839296281337738, 0.9992932677268982, 0.011978143826127052, -0.03563139960169792, -0.012261328287422657, 0.999894917011261, -0.007739756256341934]}], "edges": [{"part_a": 0, "part_b": 1, "type": "ROT_SYM"}, {"part_a": 0, "part_b": 1, "type": "TRANS_SYM"}, {"part_a": 0, "part_b": 1, "type": "REF_SYM"}, {"part_a": 0, "part_b": 2, "type": "ROT_SYM"}, {"part_a": 0, "part_b": 2, "type": "TRANS_SYM"}, {"part_a": 0, "part_b": 2, "type": "REF_SYM"}, {"part_a": 0, "part_b": 3, "type": "ROT_SYM"}, {"part_a": 0, "part_b": 3, "type": "TRANS_SYM"}, {"part_a": 0, "part_b": 3, "type": "REF_SYM"}, {"part_a": 1, "part_b": 0, "type": "ROT_SYM"}, {"part_a": 1, "part_b": 0, "type": "TRANS_SYM"}, {"part_a": 1, "part_b": 0, "type": "REF_SYM"}, {"part_a": 1, "part_b": 2, "type": "ROT_SYM"}, {"part_a": 1, "part_b": 2, "type": "TRANS_SYM"}, {"part_a": 1, "part_b": 2, "type": "REF_SYM"}, {"part_a": 1, "part_b": 3, "type": "ROT_SYM"}, {"part_a": 1, "part_b": 3, "type": "TRANS_SYM"}, {"part_a": 1, "part_b": 3, "type": "REF_SYM"}, {"part_a": 2, "part_b": 0, "type": "ROT_SYM"}, {"part_a": 2, "part_b": 0, "type": "TRANS_SYM"}, {"part_a": 2, "part_b": 0, "type": "REF_SYM"}, {"part_a": 2, "part_b": 1, "type": "ROT_SYM"}, {"part_a": 2, "part_b": 1, "type": "TRANS_SYM"}, {"part_a": 2, "part_b": 1, "type": "REF_SYM"}, {"part_a": 2, "part_b": 3, "type": "ROT_SYM"}, {"part_a": 2, "part_b": 3, "type": "TRANS_SYM"}, {"part_a": 2, "part_b": 3, "type": "REF_SYM"}, {"part_a": 3, "part_b": 0, "type": "ROT_SYM"}, {"part_a": 3, "part_b": 0, "type": "TRANS_SYM"}, {"part_a": 3, "part_b": 0, "type": "REF_SYM"}, {"part_a": 3, "part_b": 1, "type": "ROT_SYM"}, {"part_a": 3, "part_b": 1, "type": "TRANS_SYM"}, {"part_a": 3, "part_b": 1, "type": "REF_SYM"}, {"part_a": 3, "part_b": 2, "type": "ROT_SYM"}, {"part_a": 3, "part_b": 2, "type": "TRANS_SYM"}, {"part_a": 3, "part_b": 2, "type": "REF_SYM"}]}]}], "edges": [{"part_a": 0, "part_b": 1, "type": "ADJ"}, {"part_a": 1, "part_b": 0, "type": "ADJ"}, {"part_a": 1, "part_b": 2, "type": "ADJ"}, {"part_a": 2, "part_b": 0, "type": "ADJ"}, {"part_a": 2, "part_b": 1, "type": "ADJ"}]}