{"id": 0, "label": "chair", "box": [0.016220325604081154, 0.021484246477484703, 0.05213116854429245, 1.0092144012451172, 1.0208550691604614, 1.7379975318908691, -0.0028210419695824385, -0.05478562042117119, -0.9984941482543945, -0.9996155500411987, 0.027696285396814346, 0.0013045638334006071], "children": [{"id": 1, "label": "chair_back", "box": [0.027254685759544373, 0.4188615381717682, -0.31578758358955383, 0.1825481802225113, 0.8176436424255371, 0.9032370448112488, -0.0015236616600304842, -0.21852092444896698, -0.9758310914039612, -0.9999988675117493, 0.0003268619766458869, 0.0014882019022479653], "children": [{"id": 2, "label": "back_surface", "box": [0.027254685759544373, 0.4188615381717682, -0.31578758358955383, 0.1825481802225113, 0.8176436424255371, 0.9032370448112488, -0.0015236616600304842, -0.21852092444896698, -0.9758310914039612, -0.9999988675117493, 0.0003268619766458869, 0.0014882019022479653], "children": [{"id": 3, "label": "back_single_surface", "box": [0.027254685759544373, 0.4188615381717682, -0.31578758358955383, 0.1825481802225113, 0.8176436424255371, 0.9032370448112488, -0.0015236616600304842, -0.21852092444896698, -0.9758310914039612, -0.9999988675117493, 0.0003268619766458869, 0.0014882019022479653]}]}]}, {"id": 4, "label": "chair_arm", "box": [0.48190897703170776, 0.14313800632953644, 0.08756349235773087, 0.09742400050163269, 0.4065040051937103, 0.6506350040435791, -1.0, 0.0, -6.123234262925839e-17, 7.498798786105971e-33, 1.0, -1.2246468525851679e-16], "children": [{"id": 5, "label": "arm_holistic_frame", "box": [0.48190897703170776, 0.14313800632953644, 0.08756349235773087, 0.09742400050163269, 0.4065040051937103, 0.6506350040435791, -1.0, 0.0, -6.123234262925839e-17, 7.498798786105971e-33, 1.0, -1.2246468525851679e-16]}]}, {"id": 6, "label": "chair_arm", "box": [-0.42737698554992676, 0.14313800632953644, 0.08756349235773087, 0.09742400050163269, 0.4065040051937103, 0.6506350040435791, -1.0, 0.0, -6.123234262925839e-17, 7.498798786105971e-33, 1.0, -1.2246468525851679e-16], "children": [{"id": 7, "label": "arm_holistic_frame", "box": [-0.42737698554992676, 0.14313800632953644, 0.08756349235773087, 0.09742400050163269, 0.4065040051937103, 0.6506350040435791, -1.0, 0.0, -6.123234262925839e-17, 7.498798786105971e-33, 1.0, -1.2246468525851679e-16]}]}, {"id": 8, "label": "chair_seat", "box": [0.02726556546986103, -0.052896417677402496, 0.16445334255695343, 0.15334449708461761, 0.7873895764350891, 0.8175020217895508, 8.640023588668555e-05, -0.9999756813049316, -0.006970804184675217, -6.025798597875109e-07, 0.006970804184675217, -0.9999756813049316], "children": [{"id": 9, "label": "seat_surface", "box": [0.02726556546986103, -0.052896417677402496, 0.16445334255695343, 0.15334449708461761, 0.7873895764350891, 0.8175020217895508, 8.640023588668555e-05, -0.9999756813049316, -0.006970804184675217, -6.025798597875109e-07, 0.006970804184675217, -0.9999756813049316], "children": [{"id": 10, "label": "seat_single_surface", "box": [0.02726556546986103, -0.052896417677402496, 0.16445334255695343, 0.15334449708461761, 0.7873895764350891, 0.8175020217895508, 8.640023588668555e-05, -0.9999756813049316, -0.006970804184675217, -6.025798597875109e-07, 0.006970804184675217, -0.9999756813049316]}]}]}, {"id": 11, "label": "chair_base", "box": [0.012852059677243233, -0.4695320129394531, 0.16333694756031036, 0.6900839805603027, 0.9962692856788635, 1.0267627239227295, -6.123234262925839e-17, -1.0, -6.123234262925839e-17, -0.6021780371665955, 8.575833381823937e-17, -0.7983618378639221], "children": [{"id": 12, "label": "star_leg_base", "box": [0.012852059677243233, -0.4695320129394531, 0.16333694756031036, 0.6900839805603027, 0.9962692856788635, 1.0267627239227295, -6.123234262925839e-17, -1.0, -6.123234262925839e-17, -0.6021780371665955, 8.575833381823937e-17, -0.7983618378639221], "children": [{"id": 13, "label": "central_support", "box": [0.003822623984888196, -0.4179629981517792, 0.14413584768772125, 0.2023092359304428, 0.21114031970500946, 0.5882909297943115, -0.00017827944247983396, 0.004757028538733721, -0.9999886751174927, -0.9999435544013977, 0.010623679496347904, 0.00022880912001710385]}, {"id": 14, "label": "star_leg_set", "box": [0.012852059677243233, -0.7126399874687195, 0.16333694756031036, 0.20386803150177002, 0.9962692856788635, 1.0267627239227295, -6.123234262925839e-17, -1.0, -6.123234262925839e-17, -0.6021780371665955, 8.575833381823937e-17, -0.7983618378639221], "children": [{"id": 15, "label": "leg", "box": [-0.0033413751516491175, -0.6752781867980957, -0.15401789546012878, 0.09816313534975052, 0.1323293149471283, 0.44908949732780457, 0.002777623478323221, 0.9976459741592407, -0.06851892173290253, 0.9999961256980896, -0.002754117827862501, 0.0004375167191028595]}, {"id": 16, "label": "leg", "box": [0.28202173113822937, -0.6623246669769287, 0.05181216448545456, 0.09978171437978745, 0.10660241544246674, 0.4455612599849701, 0.0067380438558757305, 0.9999751448631287, -0.002073544543236494, 0.29061776399612427, 2.585402580734808e-05, 0.9568392038345337]}, {"id": 17, "label": "leg", "box": [0.15672479569911957, -0.6624866127967834, 0.3601779341697693, 0.10044564306735992, 0.13698777556419373, 0.5079267024993896, -0.0044535803608596325, -0.9999672174453735, -0.006763597019016743, -0.8135748505592346, -0.0003094511339440942, 0.5814601182937622]}, {"id": 18, "label": "leg", "box": [-0.1818670779466629, -0.6664339900016785, 0.38049331307411194, 0.0998392403125763, 0.12603263556957245, 0.4539574086666107, -0.013857360929250717, 0.9996787905693054, 0.021218689158558846, 0.8047312498092651, -0.0014452229952439666, 0.5936375856399536]}, {"id": 19, "label": "leg", "box": [-0.28911224007606506, -0.6656127572059631, 0.050137270241975784, 0.09867460280656815, 0.12112613767385483, 0.44305306673049927, -0.01149082276970148, 0.9997072815895081, -0.02129087597131729, 0.3105434477329254, -0.01667160540819168, -0.9504129886627197]}, {"id": 20, "label": "caster", "box": [-0.4546475112438202, -0.7618024945259094, -0.022536002099514008, 0.0974230170249939, 0.09742400050163269, 0.10554301738739014, 1.0, -1.8369701465288538e-16, 0.0, 0.0, 0.0, 1.0], "children": [{"id": 21, "label": "caster_stem", "box": [-0.4546470046043396, -0.7374464869499207, 0.0018199863843619823, 0.04829519987106323, 0.048295218497514725, 0.0568310022354126, -0.1305396556854248, 6.870163135937952e-17, -0.9914430975914001, 0.9914430975914001, -5.2715131868318334e-17, -0.1305396556854248]}, {"id": 22, "label": "wheel", "box": [-0.4546475112438202, -0.7658619284629822, -0.022536054253578186, 0.09659038484096527, 0.09659039974212646, 0.0974230170249939, -7.993590543942966e-18, 0.9914423823356628, 0.1305452436208725, 6.07083336373734e-17, 0.1305452436208725, -0.9914423823356628]}], "edges": [{"type": "ADJ", "part_a": 1, "part_b": 0, "dist": 0.005844363034025318}]}, {"id": 23, "label": "caster", "box": [-0.005749499425292015, -0.7618024945259094, -0.36112549901008606, 0.0974230021238327, 0.0974230170249939, 0.10554301738739014, 1.0, -1.8369701465288538e-16, 0.0, 0.0, 0.0, 1.0], "children": [{"id": 24, "label": "caster_stem", "box": [-0.005750000011175871, -0.7374464869499207, -0.3367699980735779, 0.04829519987106323, 0.048295218497514725, 0.0568310022354126, -0.9914435744285583, 5.271538333122455e-17, 0.1305360049009323, -0.1305360049009323, 6.870143283603251e-17, -0.9914435744285583]}, {"id": 25, "label": "wheel", "box": [-0.005749499425292015, -0.765861988067627, -0.3611259460449219, 0.09659028798341751, 0.09659043699502945, 0.0974230021238327, -6.07083998118224e-17, 0.13053745031356812, 0.991443395614624, 7.993113260729523e-18, 0.991443395614624, -0.13053745031356812]}], "edges": [{"type": "ADJ", "part_a": 1, "part_b": 0, "dist": 0.0161315951599025}]}, {"id": 26, "label": "caster",