{"id": 0, "label": "chair", "box": [-0.0017549527110531926, -0.03582807630300522, 0.06155341863632202, 1.001800537109375, 1.5074748992919922, 1.0040653944015503, 0.9999800324440002, 0.0005078903632238507, 0.006301810033619404, -0.00030901923310011625, 0.9995031356811523, -0.031518708914518356], "children": [{"id": 1, "label": "chair_back", "box": [0.003397742286324501, 0.31018221378326416, -0.2747948467731476, 0.8438289165496826, 0.8131982088088989, 0.2084936499595642, 0.9998500347137451, -0.0014950113836675882, 0.01725332997739315, 0.0034577406477183104, 0.9934405088424683, -0.1142977774143219], "children": [{"id": 2, "label": "back_surface", "box": [-0.004290068056434393, 0.31355828046798706, -0.29177403450012207, 0.8416692614555359, 0.7500525116920471, 0.15390609204769135, 0.9999788403511047, -0.0019443663768470287, -0.0062055750750005245, 0.0009934856789186597, 0.9887306094169617, -0.14970245957374573], "children": [{"id": 3, "label": "back_single_surface", "box": [-0.001578970463015139, 0.30746951699256897, -0.2864564061164856, 0.8436266183853149, 0.7204267382621765, 0.16093876957893372, 0.9999879598617554, -0.0008500817930325866, 0.004830567631870508, 0.0016252865316346288, 0.9866538643836975, -0.1628236025571823]}]}]}, {"id": 6, "label": "chair_arm", "box": [-0.42840707302093506, 0.17543700337409973, 0.11854743957519531, 0.11349530518054962, 0.34181806445121765, 0.745651125907898, 0.9973408579826355, 0.03775709867477417, 0.062334928661584854, -0.0576326809823513, 0.9321328401565552, 0.3575008809566498], "children": [{"id": 7, "label": "arm_holistic_frame", "box": [-0.4317050576210022, 0.2018154412508011, 0.13306042551994324, 0.1374443918466568, 0.35299479961395264, 0.7824527025222778, 0.9984374642372131, 0.04512336477637291, 0.032963093370199203, -0.054803427308797836, 0.9059644341468811, 0.4197916090488434]}]}, {"id": 4, "label": "chair_arm", "box": [0.4371412694454193, 0.21548105776309967, 0.13309326767921448, 0.08438052982091904, 0.36665844917297363, 0.7232869863510132, 0.9957788586616516, -0.09045597910881042, -0.015563899651169777, 0.09111949801445007, 0.9538553953170776, 0.28610682487487793], "children": [{"id": 0, "label": "arm_sofa_style", "box": [0.42638835310935974, 0.18816936016082764, 0.13020339608192444, 0.15840785205364227, 0.41971176862716675, 0.728303849697113, 0.9966612458229065, -0.04287610948085785, -0.06948420405387878, 0.06506376713514328, 0.9312039017677307, 0.35864460468292236]}]}, {"id": 8, "label": "chair_seat", "box": [0.006387262139469385, -0.03696064651012421, 0.13927499949932098, 0.8609381914138794, 0.15295729041099548, 0.8044641613960266, 0.9999793767929077, 0.0012735764030367136, -0.006292582023888826, -0.001173160970211029, 0.9998723268508911, 0.0159357488155365], "children": [{"id": 9, "label": "seat_surface", "box": [0.002783119911327958, -0.07156404107809067, 0.13578906655311584, 0.8641507029533386, 0.16576974093914032, 0.8108673691749573, 0.9999978542327881, -0.0003867287887260318, -0.0020565080922096968, 0.0004263394221197814, 0.9998137354850769, 0.019295709207654], "children": [{"id": 10, "label": "seat_single_surface", "box": [-0.004008620046079159, -0.05160613730549812, 0.13972657918930054, 0.8406749963760376, 0.18134453892707825, 0.8238843083381653, 0.999997615814209, 0.0021223374642431736, -0.0005574593669734895, -0.0021116335410624743, 0.9998257756233215, 0.018547091633081436]}]}]}, {"id": 11, "label": "chair_base", "box": [0.01520252600312233, -0.5190687775611877, 0.08076193928718567, 0.9471493363380432, 0.7670294046401978, 0.8322583436965942, 0.993392288684845, 0.09287036955356598, -0.06743060797452927, -0.06551337987184525, 0.9412699937820435, 0.33123844861984253], "children": [{"id": 12, "label": "star_leg_base", "box": [-0.010595696046948433, -0.5642865896224976, 0.07083486765623093, 0.8684474229812622, 0.7058851718902588, 0.8282341957092285, 0.9648599028587341, -0.16975075006484985, -0.20057442784309387, 0.20329028367996216, 0.9658774137496948, 0.16048011183738708], "children": [{"id": 14, "label": "star_leg_set", "box": [0.01995786838233471, -0.6641961336135864, 0.10943423211574554, 1.0201537609100342, 0.21883337199687958, 0.9622910022735596, 0.9983547925949097, 0.003756508696824312, -0.0572163350880146, -0.005016287788748741, 0.9997478127479553, -0.02189013734459877], "children": [{"id": 17, "label": "leg", "box": [0.09710869938135147, -0.5889897346496582, 0.3244849443435669, 0.21759799122810364, 0.13073524832725525, 0.4577147662639618, 0.9184556007385254, 0.012697729282081127, -0.39532017707824707, 0.05944119766354561, 0.9837019443511963, 0.1696975976228714]}, {"id": 16, "label": "leg", "box": [0.25544267892837524, -0.5830885171890259, 0.08223185688257217, 0.406104177236557, 0.13619618117809296, 0.19520960748195648, 0.9894227981567383, -0.11830217391252518, -0.08394762128591537, 0.11724551022052765, 0.9929500818252563, -0.017424745485186577]}, {"id": 20, "label": "caster", "box": [-0.4132906198501587, -0.6988875865936279, -0.1852574646472931, 0.18071101605892181, 0.15512989461421967, 0.18098212778568268, 0.9964830279350281, 0.07076947391033173, 0.04486894607543945, -0.06957507878541946, 0.9971935749053955, -0.027646595612168312]}, {"id": 32, "label": "caster", "box": [-0.3613789677619934, -0.6956714987754822, 0.40255826711654663, 0.15693850815296173, 0.11729011684656143, 0.18437284231185913, 0.9990152716636658, 0.03817713260650635, -0.02260565757751465, -0.041008610278367996, 0.9890134930610657, -0.14202335476875305]}, {"id": 19, "label": "leg", "box": [-0.1790589690208435, -0.5713112950325012, -0.032447297126054764, 0.42547258734703064, 0.13839633762836456, 0.18190927803516388, 0.8275883793830872, 0.14985914528369904, 0.5409618616104126, -0.12224210798740387, 0.9886904954910278, -0.08687890321016312]}, {"id": 23, "label": "caster", "box": [0.14627747237682343, -0.7108027935028076, -0.3479391038417816, 0.22740040719509125, 0.10455906391143799, 0.1618400365114212, 0.9710434675216675, -0.00359612749889493, 0.23887601494789124, -0.008137458935379982, 0.9988086223602295, 0.048115625977516174]}, {"id": 29, "label": "caster", "box": [0.4781513214111328, -0.6943438053131104, 0.07453931123018265, 0.10852228850126266, 0.13177567720413208, 0.29331472516059875, 0.9923766851425171, -0.11321406811475754, 0.0486944280564785, 0.11434990167617798, 0.9932143092155457, -0.021200435236096382]}, {"id": 15, "label": "leg", "box": [0.0695137307047844, -0.569170355796814, -0.12613140046596527, 0.24704638123512268, 0.1523311734199524, 0.43975260853767395, 0.9644055962562561, -0.006984602194279432, 0.26433515548706055, 0.04178520664572716, 0.9911165833473206, -0.1262614130973816]}, {"id": 26, "label": "caster", "box": [0.19796127080917358, -0.7183756828308105, 0.5332127809524536, 0.2073986679315567, 0.07713477313518524, 0.16845111548900604, 0.9991302490234375, -0.010976978577673435, -0.04022727161645889, 0.016325870528817177, 0.9906900525093079, 0.13515427708625793]}, {"id": 18, "label": "leg", "box": [-0.2093890905380249, -0.5849449038505554, 0.249075785279274, 0.4631269872188568, 0.1608320027589798, 0.1856260597705841, 0.736627459526062, 0.1924910694360733, -0.6483264565467834, -0.1159234568476677, 0.9803892374038696, 0.15936999022960663]}], "edges": [{"part_a": 0, "part_b": 1, "type": "ROT_SYM"}, {"part_a": 0, "part_b": 1, "type": "REF_SYM"}, {"part_a": 0, "part_b": 4, "type": "ROT_SYM"}, {"part_a": 0, "part_b": 4, "type": "REF_SYM"}, {"part_a": 0, "part_b": 7, "type": "ROT_SYM"}, {"part_a": 0, "part_b": 7, "type": "REF_SYM"}, {"part_a": 0, "part_b": 8, "type": "ADJ"}, {"part_a": 0, "part_b": 9, "type": "ROT_SYM"}, {"part_a": 0, "part_b": 9, "type": "REF_SYM"}, {"part_a": 1, "part_b": 0, "type": "ROT_SYM"}, {"part_a": 1, "part_b": 0, "type": "REF_SYM"}, {"part_a": 1, "part_b": 4, "type": "ROT_SYM"}, {"part_a": 1, "part_b": 4, "type": "REF_SYM"}, {"part_a": 1, "part_b": 6, "type": "ADJ"}, {"part_a": 1, "part_b": 7, "type": "ROT_SYM"}, {"part_a": 1, "part_b": 7, "type": "REF_SYM"}, {"part_a": 1, "part_b": 9,