{"id": 0, "label": "chair", "box": [0.005040051881223917, -0.09255596250295639, -0.07928243279457092, 1.2367082834243774, 1.8521968126296997, 1.8524318933486938, -0.00015314984193537384, -0.75003582239151, -0.6613971590995789, -0.9971418380737305, 0.050084371119737625, -0.05656564608216286], "children": [{"id": 1, "label": "chair_seat", "box": [0.005040051881223917, -0.09255596250295639, -0.07928243279457092, 1.2367082834243774, 1.8521968126296997, 1.8524318933486938, -0.00015314984193537384, -0.75003582239151, -0.6613971590995789, -0.9971418380737305, 0.050084371119737625, -0.05656564608216286], "children": [{"id": 2, "label": "seat_surface", "box": [0.0041571930050849915, 0.21027754247188568, 0.1816745549440384, 0.436747282743454, 1.7888317108154297, 1.7946369647979736, -0.00015989791427273303, -0.7498282790184021, -0.6616324782371521, -0.8112266063690186, 0.38697487115859985, -0.43836265802383423], "children": [{"id": 3, "label": "seat_single_surface", "box": [0.0041571930050849915, 0.21027754247188568, 0.1816745549440384, 0.436747282743454, 1.7888317108154297, 1.7946369647979736, -0.00015989791427273303, -0.7498282790184021, -0.6616324782371521, -0.8112266063690186, 0.38697487115859985, -0.43836265802383423]}]}, {"id": 4, "label": "seat_support", "box": [0.0035524764098227024, -0.10894551873207092, -0.09140598028898239, 1.1962599754333496, 1.8520368337631226, 1.85257887840271, -0.004358805250376463, -0.7533872127532959, -0.6575626730918884, 0.9998457431793213, -0.01447244081646204, 0.0099537568166852]}], "edges": [{"part_a": 1, "dist": 0.004271292108117812, "part_b": 0, "type": "ADJ"}]}]}