{"id": 0, "label": "chair", "box": [0.011795722879469395, -0.025984661653637886, 0.06350623071193695, 0.9613623023033142, 1.4471739530563354, 0.9576659798622131, 0.999947190284729, -0.008897284977138042, 0.005148373078554869, 0.00911932997405529, 0.9989522695541382, -0.04484620317816734], "children": [{"id": 1, "label": "chair_back", "box": [-0.00724856136366725, 0.1873985081911087, -0.24662905931472778, 0.9944682121276855, 0.9193738698959351, 0.3149227797985077, 0.9999333024024963, -0.002211895538493991, -0.011335283517837524, 0.0006251019076444209, 0.9904152750968933, -0.13812050223350525], "children": [{"id": 2, "label": "back_surface", "box": [-0.0016389045631513, 0.15057463943958282, -0.2401401251554489, 1.0200331211090088, 0.9039020538330078, 0.3663167357444763, 0.9998222589492798, -0.011700962670147419, 0.014782465994358063, 0.013484100811183453, 0.991818904876709, -0.1269388347864151], "children": [{"id": 3, "label": "back_single_surface", "box": [0.001631713006645441, 0.17599952220916748, -0.2712443768978119, 0.9352635741233826, 0.9317640066146851, 0.3268211781978607, 0.999951183795929, 0.007692626677453518, 0.006203423719853163, -0.006695313844829798, 0.9890735149383545, -0.1472713202238083]}]}]}, {"id": 6, "label": "chair_arm", "box": [-0.39196041226387024, 0.02274174615740776, 0.15379589796066284, 0.18323522806167603, 0.43540090322494507, 0.6837117671966553, 0.9915391206741333, 0.09900554269552231, 0.08395276963710785, -0.09804674983024597, 0.995061457157135, -0.015477853827178478], "children": [{"id": 7, "label": "arm_sofa_style", "box": [-0.4100821912288666, -0.004892327822744846, 0.13773447275161743, 0.1497189998626709, 0.45480969548225403, 0.6629611849784851, 0.9907403588294983, 0.12630365788936615, 0.0498090460896492, -0.12570279836654663, 0.9919540882110596, -0.015029281377792358]}]}, {"id": 4, "label": "chair_arm", "box": [0.3839576840400696, 0.038078662008047104, 0.1381748467683792, 0.17082643508911133, 0.4366435110569, 0.6957212686538696, 0.992152214050293, -0.11393104493618011, -0.051514819264411926, 0.11263919621706009, 0.9932600259780884, -0.027330422773957253], "children": [{"id": 5, "label": "arm_sofa_style", "box": [0.36576318740844727, 0.011757997795939445, 0.1438150256872177, 0.16218160092830658, 0.4625805616378784, 0.634730339050293, 0.9894988536834717, -0.1328703761100769, -0.05689933896064758, 0.13112232089042664, 0.990801990032196, -0.03344249352812767]}]}, {"id": 8, "label": "chair_seat", "box": [-0.009952559135854244, -0.1246456503868103, 0.12801307439804077, 0.8737413287162781, 0.300630658864975, 0.8416856527328491, 0.9999375939369202, 0.00790954940021038, -0.007891679182648659, -0.007698792032897472, 0.9996221661567688, 0.026388540863990784], "children": [{"id": 11, "label": "seat_support", "box": [0.0010554954642429948, -0.1844610571861267, 0.13766686618328094, 0.781079888343811, 0.11849715560674667, 0.7499348521232605, 0.9999933838844299, 0.0035369666293263435, -0.000849518459290266, -0.003556465497240424, 0.9997016191482544, -0.024167638272047043]}, {"id": 9, "label": "seat_surface", "box": [-0.001053707324899733, -0.10233566164970398, 0.14397738873958588, 0.7467165589332581, 0.11230937391519547, 0.7672682404518127, 0.9999421834945679, 0.010565482079982758, -0.0020090413745492697, -0.010549871250987053, 0.9999152421951294, 0.007628430146723986], "children": [{"id": 10, "label": "seat_single_surface", "box": [0.0023792993742972612, -0.09500070661306381, 0.14806629717350006, 0.778276801109314, 0.1283646821975708, 0.7665233612060547, 0.9999938011169434, 0.002444443292915821, -0.002532116835936904, -0.0024345440324395895, 0.9999894499778748, 0.0039052849169820547]}]}], "edges": [{"part_a": 0, "part_b": 1, "type": "ADJ"}, {"part_a": 1, "part_b": 0, "type": "ADJ"}]}, {"id": 12, "label": "chair_base", "box": [0.0006529054371640086, -0.471680611371994, 0.09826525300741196, 0.8585101366043091, 0.5581285357475281, 0.848053514957428, 0.9999925494194031, -0.003281968180090189, 0.002028809627518058, 0.0032863635569810867, 0.9999922513961792, -0.0021669291891157627], "children": [{"id": 13, "label": "regular_leg_base", "box": [-0.009434602223336697, -0.4768657088279724, 0.0816243514418602, 0.8989081382751465, 0.564629316329956, 0.8677336573600769, 0.9998798370361328, 0.012186618521809578, 0.009585815481841564, -0.012059365399181843, 0.9998399019241333, -0.013222761452198029], "children": [{"id": 17, "label": "leg", "box": [-0.3928110897541046, -0.5113900899887085, -0.25392594933509827, 0.09067074954509735, 0.4964956045150757, 0.12096696346998215, 0.9990304708480835, -0.042111944407224655, 0.012833823449909687, 0.03668730705976486, 0.9575139284133911, 0.2860439121723175]}, {"id": 16, "label": "leg", "box": [-0.40942060947418213, -0.5043100714683533, 0.48883384466171265, 0.09985136240720749, 0.4979325532913208, 0.11236418783664703, 0.9991297721862793, -0.027089212089776993, 0.03171559423208237, 0.02943428047001362, 0.9966753721237183, -0.07597258687019348]}, {"id": 14, "label": "leg", "box": [0.35304123163223267, -0.493615984916687, -0.23186221718788147, 0.13023193180561066, 0.49565669894218445, 0.12706907093524933, 0.9969176054000854, 0.034054309129714966, 0.07067999243736267, -0.04926421865820885, 0.972851574420929, 0.22612594068050385]}, {"id": 15, "label": "leg", "box": [0.3742305040359497, -0.4920971691608429, 0.4722468852996826, 0.10718850046396255, 0.5373876690864563, 0.12172899395227432, 0.9988062381744385, 0.03855776786804199, -0.029990587383508682, -0.041133005172014236, 0.9950364828109741, -0.09061221778392792]}], "edges": [{"part_a": 0, "part_b": 2, "type": "ROT_SYM"}, {"part_a": 0, "part_b": 2, "type": "TRANS_SYM"}, {"part_a": 0, "part_b": 2, "type": "REF_SYM"}, {"part_a": 1, "part_b": 3, "type": "ROT_SYM"}, {"part_a": 1, "part_b": 3, "type": "TRANS_SYM"}, {"part_a": 1, "part_b": 3, "type": "REF_SYM"}, {"part_a": 2, "part_b": 0, "type": "ROT_SYM"}, {"part_a": 2, "part_b": 0, "type": "TRANS_SYM"}, {"part_a": 2, "part_b": 0, "type": "REF_SYM"}, {"part_a": 3, "part_b": 1, "type": "ROT_SYM"}, {"part_a": 3, "part_b": 1, "type": "TRANS_SYM"}, {"part_a": 3, "part_b": 1, "type": "REF_SYM"}]}]}], "edges": [{"part_a": 0, "part_b": 1, "type": "ADJ"}, {"part_a": 0, "part_b": 2, "type": "ADJ"}, {"part_a": 0, "part_b": 3, "type": "ADJ"}, {"part_a": 0, "part_b": 4, "type": "ADJ"}, {"part_a": 1, "part_b": 0, "type": "ADJ"}, {"part_a": 1, "part_b": 2, "type": "ROT_SYM"}, {"part_a": 1, "part_b": 2, "type": "REF_SYM"}, {"part_a": 1, "part_b": 3, "type": "ADJ"}, {"part_a": 2, "part_b": 0, "type": "ADJ"}, {"part_a": 2, "part_b": 1, "type": "ROT_SYM"}, {"part_a": 2, "part_b": 1, "type": "REF_SYM"}, {"part_a": 2, "part_b": 3, "type": "ADJ"}, {"part_a": 3, "part_b": 0, "type": "ADJ"}, {"part_a": 3, "part_b": 1, "type": "ADJ"}, {"part_a": 3, "part_b": 2, "type": "ADJ"}, {"part_a": 3, "part_b": 4, "type": "ADJ"}, {"part_a": 4, "part_b": 0, "type": "ADJ"}, {"part_a": 4, "part_b": 1, "type": "ADJ"}, {"part_a": 4, "part_b": 3, "type": "ADJ"}]}