{"id": 0, "label": "chair", "box": [-0.0006359964609146118, -0.07702108472585678, 0.03945278003811836, 0.8527060151100159, 0.8940463662147522, 1.4197412729263306, -1.0, 6.120538977617896e-17, 2.569223189384857e-18, 1.2846115946924285e-18, -0.020979300141334534, 0.9997799396514893], "children": [{"id": 1, "label": "chair_back", "box": [-0.0006558590102940798, 0.2939799427986145, -0.2704608738422394, 0.17805756628513336, 0.6940488815307617, 0.8529238700866699, -0.0017630698857828975, -0.12300650030374527, -0.9924042820930481, -1.5170259169289788e-17, 0.9924058318138123, -0.12300668656826019], "children": [{"id": 2, "label": "back_surface", "box": [-0.0019580144435167313, 0.49996739625930786, -0.3125821650028229, 0.10482136905193329, 0.24029402434825897, 0.6895161271095276, -0.007943027652800083, -0.35346588492393494, -0.9354137182235718, -0.0005947856698185205, -0.9354413747787476, 0.35348138213157654], "children": [{"id": 3, "label": "back_single_surface", "box": [-0.0019580144435167313, 0.49996739625930786, -0.3125821650028229, 0.10482136905193329, 0.24029402434825897, 0.6895161271095276, -0.007943027652800083, -0.35346588492393494, -0.9354137182235718, -0.0005947856698185205, -0.9354413747787476, 0.35348138213157654]}]}, {"id": 4, "label": "back_frame", "box": [-0.0006361980922520161, 0.2943626344203949, -0.26355093717575073, 0.15764105319976807, 0.69475257396698, 0.852762758731842, 0.0004576873907353729, -0.068996861577034, -0.9976167678833008, -2.704156985448539e-17, -0.9976168870925903, 0.0689968690276146], "children": [{"id": 5, "label": "back_frame_vertical_bar", "box": [-0.3853840231895447, 0.2945333421230316, -0.2621654272079468, 0.08324138820171356, 0.15527130663394928, 0.694777250289917, 0.9999999403953552, -2.480913644831162e-05, -0.00024508615024387836, 0.00024626535014249384, 0.07641946524381638, 0.9970757365226746]}, {"id": 6, "label": "back_frame_vertical_bar", "box": [0.38410869240760803, 0.2943630516529083, -0.26354581117630005, 0.08324160426855087, 0.15726859867572784, 0.6947529315948486, 0.9999999403953552, -2.4621282136649825e-05, -0.000246287789195776, 0.0002473999047651887, 0.06902898102998734, 0.9976146221160889]}], "edges": [{"part_b": 0, "dist": 0.021800097147288325, "params": [-0.0009609907865524292, 0.3110385537147522, -0.2642427682876587, -0.9998661875724792, 0.016355128958821297, 0.00025827676290646195], "type": "REF_SYM", "part_a": 1}, {"part_b": 0, "dist": 0.018534721903793194, "params": [-0.7701191902160645, 0.012597084045410156, 0.0001989305019378662], "type": "TRANS_SYM", "part_a": 1}, {"part_b": 0, "dist": 0.03248633381542373, "params": [0.23970073461532593, 0.8139058351516724, 11.545212745666504, 0.016891909763216972, 0.9989827275276184, -0.04181024432182312, 0.06511332839727402], "type": "ROT_SYM", "part_a": 1}]}], "edges": [{"part_b": 0, "dist": 0.0012386048561364516, "type": "ADJ", "part_a": 1}]}, {"id": 7, "label": "chair_seat", "box": [0.0007224977016448975, 0.022073999047279358, 0.03860500454902649, 0.15046599507331848, 0.8354330062866211, 0.8491100072860718, 1.2246468525851679e-16, 1.0, 0.0, 1.0, -1.2246468525851679e-16, 0.0], "children": [{"id": 8, "label": "seat_surface", "box": [0.008475497364997864, 0.07619550079107285, 0.0493524968624115, 0.042222995311021805, 0.756945013999939, 0.760619044303894, -6.123234262925839e-17, -1.0, -6.123234262925839e-17, 6.123234262925839e-17, -6.123234262925839e-17, 1.0], "children": [{"id": 9, "label": "seat_single_surface", "box": [0.008475497364997864, 0.07619550079107285, 0.0493524968624115, 0.042222995311021805, 0.756945013999939, 0.760619044303894, -6.123234262925839e-17, -1.0, -6.123234262925839e-17, 6.123234262925839e-17, -6.123234262925839e-17, 1.0]}]}, {"id": 10, "label": "seat_support", "box": [0.0007224977016448975, 0.0013375002890825272, 0.03860500454902649, 0.10899299383163452, 0.8354330062866211, 0.8491100072860718, 1.2246468525851679e-16, 1.0, 0.0, 1.0, -1.2246468525851679e-16, 0.0]}], "edges": [{"part_b": 0, "dist": 0.002022157546510553, "type": "ADJ", "part_a": 1}]}, {"id": 11, "label": "chair_base", "box": [-0.0006359964609146118, -0.3638544976711273, 0.02480749785900116, 0.8370689749717712, 0.8527059555053711, 0.8939310312271118, 0.0, -1.0, 0.0, -1.0, 0.0, 0.0], "children": [{"id": 12, "label": "regular_leg_base", "box": [-0.0006359964609146118, -0.3638544976711273, 0.02480749785900116, 0.8370689749717712, 0.8527059555053711, 0.8939310312271118, 0.0, -1.0, 0.0, -1.0, 0.0, 0.0], "children": [{"id": 13, "label": "leg", "box": [0.38193050026893616, -0.3638544976711273, 0.43798500299453735, 0.06757599115371704, 0.08501499891281128, 0.8370689749717712, 0.0, 0.0, -1.0, -1.0, 1.8369701465288538e-16, 0.0]}, {"id": 14, "label": "leg", "box": [0.38411054015159607, -0.39745795726776123, -0.32921209931373596, 0.0801912471652031, 0.08321501314640045, 0.768873393535614, -3.578618270694278e-05, 0.14183799922466278, -0.9898898601531982, -1.0, -5.059064733359264e-06, 3.5426783142611384e-05]}, {"id": 15, "label": "leg", "box": [-0.38538235425949097, -0.39363738894462585, -0.32865068316459656, 0.08019692450761795, 0.08329775184392929, 0.776595413684845, 0.00014321620983537287, 0.1418740600347519, -0.9898847341537476, 1.0, -0.00012644367234315723, 0.00012655729369726032]}, {"id": 16, "label": "leg", "box": [-0.38102251291275024, -0.3638544976711273, 0.43798500299453735, 0.06757599115371704, 0.08501499891281128, 0.8370689749717712, 0.0, 0.0, -1.0, -1.0, 1.8369701465288538e-16, 0.0]}], "edges": [{"part_b": 0, "dist": 0.04711238925623494, "params": [-0.0018234550952911377, 0.05762004852294922, 0.7708098888397217], "type": "TRANS_SYM", "part_a": 1}, {"part_b": 0, "dist": 0.03712511308551509, "params": [0.4331321120262146, -0.4155421853065491, 0.05647766590118408, 0.9995912909507751, 0.005966935772448778, 0.027957124635577202, 3.002760410308838], "type": "ROT_SYM", "part_a": 1}, {"part_b": 0, "dist": 0.04594983580225902, "params": [0.767540454864502, 0.04968109726905823, 0.7700867652893066], "type": "TRANS_SYM", "part_a": 2}, {"part_b": 0, "dist": 0.039366427107653666, "params": [-0.028957469388842583, -0.38044291734695435, 0.08263891935348511, 0.023711271584033966, -0.9990168213844299, -0.037458933889865875, 2.9939792156219482], "type": "ROT_SYM", "part_a": 2}, {"part_b": 1, "dist": 0.017834577686794726, "params": [-0.0005738288164138794, -0.4139295816421509, -0.33245140314102173, 0.9999462962150574, -0.01031829696148634, -0.0009398474940098822], "type": "REF_SYM", "part_a": 2}, {"part_b": 1, "dist": 0.016031209971901238, "params": [0.7693638801574707, -0.007938951253890991, -0.0007231235504150391], "type": "TRANS_SYM", "part_a": 2}, {"part_b": 1, "dist": 0.016374335972136778, "params": [-0.0005832102615386248, -0.4173448383808136, -0.3250845670700073, -0.0044865682721138, -0.9899624586105347, -0.14125937223434448, 3.101172924041748], "type": "ROT_SYM", "part_a": 2}, {"part_b": 0, "dist": 0.01769143928954803, "params": [0.00046221911907196045, -0.36414384841918945, 0.43819350004196167, 0.9999486207962036, 0.010121604427695274, -0.0005146929179318249], "type": "REF_SYM", "part_a": 3}, {"part_b": 0, "dist": 0.015725363442849714, "params": [0.7636449337005615, 0.007729709148406982, -0.0003930628299713135], "type": "TRANS_SYM", "part_a": 3}, {"part_b": 0, "dist": 0.01662349941472455, "params": [0.0034966664388775826, 1.1413086652755737, -9.759133338928223, -0.010198459029197693, 0.9987219572067261, 0.04950183257460594, 0.07440196722745895], "type": "ROT_SYM", "part_a": 3}, {"part_b": 1, "dist": 0.046714466561238975, "params": [0.7654683589935303, -0.049890339374542236, -0.7712029814720154], "type": "TRANS_SYM", "part_a": 3}, {"part_b": 2, "dist": 0.04548145272454441, "params": [-0.0038955509662628174, -0.041951388120651245, -0.7704798579216003], "type": "TRANS_SYM", "part_a": 3}, {"part_b": 2, "dist": 0.022460687161733623, "params": [2.517565965652466, 3.6404125690460205, -0.20453907549381256, 0.9049162268638611, -0.4250696003437042, 0.02103477716445923, 0.15752466022968292],