{"id": 0, "label": "chair", "box": [-0.009070104919373989, 0.037743013352155685, 0.04175838083028793, 0.8242953419685364, 1.1463383436203003, 1.2109988927841187, 0.9999183416366577, 0.011783160269260406, 0.004948384594172239, -0.012021129950881004, 0.9986168146133423, 0.05118570849299431], "children": [{"id": 1, "label": "chair_back", "box": [0.021688999608159065, 0.2475331574678421, -0.2706907391548157, 0.7513673901557922, 0.8668044805526733, 0.2725379765033722, 0.9994391202926636, 0.01926806941628456, 0.02739090844988823, -0.0010332276578992605, 0.835256814956665, -0.5498590469360352], "children": [{"id": 2, "label": "back_surface", "box": [0.01618359237909317, 0.3130725622177124, -0.25990286469459534, 0.6912500262260437, 0.6246544718742371, 0.22164441645145416, 0.9998248219490051, -0.015249872580170631, -0.010851401835680008, 0.0072121028788387775, 0.8489071726799011, -0.5284927487373352]}, {"id": 0, "label": "back_surface", "box": [-0.0018903143936768174, 0.20808005332946777, -0.2718053162097931, 0.7657949328422546, 0.7567834854125977, 0.27417245507240295, 0.9991140365600586, -0.041000112891197205, -0.009493855759501457, 0.02227228693664074, 0.7065311074256897, -0.7073314189910889], "children": [{"id": 0, "label": "back_single_surface", "box": [0.01621643267571926, 0.15979889035224915, -0.2576696574687958, 0.8468993902206421, 0.7710040211677551, 0.2760830521583557, 0.999312698841095, -0.031089862808585167, 0.020186640322208405, 0.03615619242191315, 0.6974256038665771, -0.7157445549964905]}]}]}, {"id": 9, "label": "chair_base", "box": [-0.0090840645134449, -0.6243109703063965, 0.04696114361286163, 0.18204782903194427, 0.10277454555034637, 0.20954777300357819, 0.9630575776100159, 0.021562747657299042, 0.2684308588504791, -0.008675066754221916, 0.998755931854248, -0.04910513758659363], "children": [{"id": 10, "label": "pedestal_base", "box": [0.059966977685689926, -0.624879777431488, 0.09894924610853195, 0.5474759936332703, 0.2696645259857178, 0.48265978693962097, 0.9773844480514526, 0.046062130481004715, 0.20639267563819885, -0.030660688877105713, 0.996543288230896, -0.07721024006605148], "children": [{"id": 11, "label": "pedestal", "box": [0.03712297976016998, -0.6483882069587708, 0.1500481218099594, 0.42480891942977905, 0.13865356147289276, 0.5000969767570496, 0.9779871702194214, 0.007874305360019207, 0.20851632952690125, -0.017310451716184616, 0.9989048838615417, 0.04346766322851181]}]}]}, {"id": 5, "label": "chair_seat", "box": [0.005788267124444246, -0.10013119131326675, 0.17486050724983215, 0.8766579031944275, 0.33305883407592773, 0.8309122920036316, 0.9999699592590332, -0.007693209685385227, -0.0009340454707853496, 0.007714666426181793, 0.9996402859687805, 0.025686470791697502], "children": [{"id": 8, "label": "seat_support", "box": [0.009917407296597958, -0.19026412069797516, 0.1688811182975769, 0.8664945363998413, 0.30096760392189026, 0.8883963823318481, 0.9997678995132446, 0.004804236814379692, -0.02100210450589657, -0.00532012153416872, 0.9996837973594666, -0.02457701414823532]}, {"id": 6, "label": "seat_surface", "box": [0.007353280205279589, 0.008795932866632938, 0.21258564293384552, 0.9151085615158081, 0.19125571846961975, 0.8507707118988037, 0.9999158382415771, -0.010058460757136345, -0.008197149261832237, 0.009994949214160442, 0.9999200105667114, -0.007752434816211462], "children": [{"id": 7, "label": "seat_single_surface", "box": [0.004528664983808994, -0.02617110311985016, 0.1953965127468109, 0.8759375810623169, 0.1415112167596817, 0.8307540416717529, 0.9999861121177673, 0.002267083153128624, -0.0047615207731723785, -0.002280305838212371, 0.9999935626983643, -0.002773403888568282]}]}], "edges": [{"part_a": 0, "part_b": 1, "type": "ADJ"}, {"part_a": 1, "part_b": 0, "type": "ADJ"}]}, {"id": 0, "label": "chair_base", "box": [-0.03916513919830322, -0.39589011669158936, 0.1647789031267166, 0.5489144921302795, 0.21659989655017853, 0.5434668660163879, 0.9951462149620056, 0.012052314355969429, 0.09766659885644913, -0.00688560726121068, 0.9985672235488892, -0.053066860884428024], "children": [{"id": 0, "label": "pedestal_base", "box": [-0.03206365182995796, -0.24994893372058868, 0.1307227611541748, 0.48941224813461304, 0.28191784024238586, 0.5964336395263672, 0.9869594573974609, 0.013147951103746891, 0.16043119132518768, -0.017208281904459, 0.9995651245117188, 0.023945733904838562]}]}], "edges": [{"part_a": 0, "part_b": 2, "type": "ADJ"}, {"part_a": 2, "part_b": 0, "type": "ADJ"}]}