{"id": 0, "label": "chair", "box": [-0.007627993822097778, 0.08216898143291473, 0.14235317707061768, 0.6602180004119873, 0.9741573929786682, 1.6341825723648071, 1.0, 6.123234262925839e-17, -8.197691065762952e-23, 4.098845532881476e-23, 6.69392250074452e-07, 1.0], "children": [{"id": 1, "label": "chair_back", "box": [-0.007627993822097778, 0.3655470013618469, -0.20950300991535187, 0.2704450786113739, 0.6602180004119873, 1.067426085472107, 6.123234262925839e-17, -9.983865538742975e-07, -1.0, 1.0, 0.0, 6.123234262925839e-17], "children": [{"id": 2, "label": "back_surface", "box": [-0.007627993822097778, 0.3655470013618469, -0.20950300991535187, 0.2704450786113739, 0.6602180004119873, 1.067426085472107, 6.123234262925839e-17, -9.983865538742975e-07, -1.0, 1.0, 0.0, 6.123234262925839e-17], "children": [{"id": 3, "label": "back_single_surface", "box": [-0.007627993822097778, 0.3655470013618469, -0.20950300991535187, 0.2704450786113739, 0.6602180004119873, 1.067426085472107, 6.123234262925839e-17, -9.983865538742975e-07, -1.0, 1.0, 0.0, 6.123234262925839e-17]}]}]}, {"id": 4, "label": "chair_seat", "box": [-0.007664056494832039, -0.18040256202220917, 0.14237257838249207, 0.1912793070077896, 0.6602728366851807, 0.9742159843444824, 0.0007265429594554007, -0.9999996423721313, -0.00047246975009329617, 0.9999997615814209, 0.0007265352178364992, 1.6512662114109844e-05], "children": [{"id": 5, "label": "seat_surface", "box": [-0.007664056494832039, -0.18040256202220917, 0.14237257838249207, 0.1912793070077896, 0.6602728366851807, 0.9742159843444824, 0.0007265429594554007, -0.9999996423721313, -0.00047246975009329617, 0.9999997615814209, 0.0007265352178364992, 1.6512662114109844e-05], "children": [{"id": 6, "label": "seat_single_surface", "box": [-0.007664056494832039, -0.18040256202220917, 0.14237257838249207, 0.1912793070077896, 0.6602728366851807, 0.9742159843444824, 0.0007265429594554007, -0.9999996423721313, -0.00047246975009329617, 0.9999997615814209, 0.0007265352178364992, 1.6512662114109844e-05]}]}]}, {"id": 7, "label": "chair_base", "box": [-0.0076287370175123215, -0.4873432219028473, 0.14235298335552216, 0.49515625834465027, 0.6602181792259216, 0.9741578698158264, -3.558423304281244e-12, 1.0, 1.886840095721709e-06, 1.0, 4.89474631444822e-17, 1.8858912653740845e-06], "children": [{"id": 8, "label": "regular_leg_base", "box": [-0.0076287370175123215, -0.4873432219028473, 0.14235298335552216, 0.49515625834465027, 0.6602181792259216, 0.9741578698158264, -3.558423304281244e-12, 1.0, 1.886840095721709e-06, 1.0, 4.89474631444822e-17, 1.8858912653740845e-06], "children": [{"id": 9, "label": "leg", "box": [-0.27957698702812195, -0.44584450125694275, -0.2435876429080963, 0.11631999909877777, 0.20233310759067535, 0.3818288743495941, -1.0, 0.0, -6.123234262925839e-17, 6.123233601181349e-17, 0.0001605111756362021, -1.0]}, {"id": 10, "label": "leg", "box": [0.26531198620796204, -0.47329121828079224, -0.24326008558273315, 0.11581097543239594, 0.20309077203273773, 0.4390089213848114, -0.9999822974205017, -0.0059451269917190075, 5.935032822890207e-05, 5.667790537700057e-05, 0.00044968267320655286, 0.9999998807907104]}, {"id": 11, "label": "leg", "box": [0.2629920244216919, -0.4873410165309906, 0.5290023684501648, 0.11422447115182877, 0.20128598809242249, 0.4951721429824829, 0.9999805688858032, 7.105608119672979e-07, -0.006232704967260361, 0.006232704967260361, -0.00011003714462276548, 0.9999805688858032]}, {"id": 12, "label": "leg", "box": [-0.2962057590484619, -0.49095895886421204, 0.5334026217460632, 0.09796399623155594, 0.19253100454807281, 0.47331205010414124, -0.999401330947876, 0.034594614058732986, 0.00046508005470968783, 0.00050331000238657, 0.0010963836684823036, 0.9999992847442627]}], "edges": [{"part_a": 1, "part_b": 0, "dist": 0.038719400907049915, "params": [-0.556818425655365, 0.027980118989944458, -0.0020719021558761597], "type": "TRANS_SYM"}, {"part_a": 1, "part_b": 0, "dist": 0.04164124141016771, "params": [0.31014084815979004, 8.044971466064453, -9.329533576965332, -0.01978275552392006, -0.6883142590522766, -0.725142776966095, 0.04481669142842293], "type": "ROT_SYM"}, {"part_a": 2, "part_b": 0, "dist": 0.04363206529983163, "params": [-0.5518127679824829, 0.045290619134902954, -0.782394528388977], "type": "TRANS_SYM"}, {"part_a": 2, "part_b": 1, "dist": 0.03469167401504761, "params": [0.2694232165813446, -0.49711018800735474, 0.1426740437746048, 0.006413146387785673, 0.022177860140800476, -0.9997335076332092], "type": "REF_SYM"}, {"part_a": 2, "part_b": 1, "dist": 0.03293608412154863, "params": [0.00500565767288208, 0.017310500144958496, -0.7803226709365845], "type": "TRANS_SYM"}, {"part_a": 2, "part_b": 1, "dist": 0.03623539218894587, "params": [0.2766256332397461, -0.4985145926475525, 0.1426876038312912, -0.9999631643295288, -0.006345123052597046, -0.005781205371022224, 3.1341474056243896], "type": "ROT_SYM"}, {"part_a": 3, "part_b": 1, "dist": 0.0383549731127555, "params": [0.5681849718093872, 0.021811485290527344, -0.7831437587738037], "type": "TRANS_SYM"}, {"part_a": 3, "part_b": 1, "dist": 0.03812918669506208, "params": [-24.977914810180664, 38.49129104614258, -16.742326736450195, 0.6277648210525513, 0.6211327314376831, 0.46915391087532043, 0.019632015377283096], "type": "ROT_SYM"}, {"part_a": 3, "part_b": 2, "dist": 0.04228762363186647, "params": [-0.014669254422187805, -0.5080159306526184, 0.5342459082603455, 0.9999555349349976, 0.007991745136678219, -0.005008995532989502], "type": "REF_SYM"}, {"part_a": 3, "part_b": 2, "dist": 0.04167724586745208, "params": [0.5631792545318604, 0.004500985145568848, -0.0028210878372192383], "type": "TRANS_SYM"}, {"part_a": 3, "part_b": 2, "dist": 0.042831790558645305, "params": [0.5723152756690979, -23.833581924438477, 40.21779251098633, 0.012119054794311523, -0.8672946691513062, -0.4976475238800049, 0.012236369773745537], "type": "ROT_SYM"}]}]}], "edges": [{"part_a": 1, "part_b": 0, "dist": 0.015062867191321397, "type": "ADJ"}, {"part_a": 2, "part_b": 1, "dist": 0.007286964271304811, "type": "ADJ"}]}