{"id": 0, "label": "chair", "box": [-0.001401457004249096, 0.05807212367653847, 0.12741073966026306, 0.8347077965736389, 1.6374884843826294, 0.8263563513755798, 0.9999738931655884, 0.0005767684197053313, 0.007200365420430899, -0.00044611666817218065, 0.9998354911804199, -0.01813359744846821], "children": [{"id": 1, "label": "chair_back", "box": [-0.004264365881681442, 0.3717172145843506, -0.21034665405750275, 0.827879011631012, 1.0743311643600464, 0.17116953432559967, 0.9999822378158569, 0.004801437724381685, 0.00353737804107368, -0.0047187600284814835, 0.9997238516807556, -0.02302156388759613], "children": [{"id": 2, "label": "back_surface", "box": [-0.0018258168129250407, 0.3589351177215576, -0.20801544189453125, 0.7984238266944885, 1.098941445350647, 0.1722908318042755, 0.9999996423721313, -0.000823136477265507, 0.000214259562199004, 0.0008285006042569876, 0.9996518492698669, -0.026371721178293228], "children": [{"id": 3, "label": "back_single_surface", "box": [0.0017870329320430756, 0.3694952428340912, -0.20287339389324188, 0.7905685901641846, 1.0620731115341187, 0.15774005651474, 0.9999823570251465, -0.0026670449879020452, -0.005313365254551172, 0.0025070332922041416, 0.9995498657226562, -0.02989734709262848]}]}]}, {"id": 4, "label": "chair_seat", "box": [-0.0008343232912011445, -0.17406727373600006, 0.15648679435253143, 0.8380889892578125, 0.2166987955570221, 0.8189079165458679, 0.9999575614929199, 0.0007534768083132803, -0.009181290864944458, -0.0007267073378898203, 0.9999954700469971, 0.002918643644079566], "children": [{"id": 5, "label": "seat_surface", "box": [-0.004919552709907293, -0.19311267137527466, 0.1597558706998825, 0.8303953409194946, 0.18959525227546692, 0.8055610060691833, 0.9999812841415405, 0.004980946891009808, -0.0035595328081399202, -0.004942967090755701, 0.9999316334724426, 0.010600319132208824], "children": [{"id": 6, "label": "seat_single_surface", "box": [-0.00042381693492643535, -0.18988600373268127, 0.15767860412597656, 0.7955297231674194, 0.20452675223350525, 0.7971358299255371, 0.9999693632125854, 0.001136344508267939, -0.007749510463327169, -0.0010754322865977883, 0.9999685287475586, 0.00785976741462946]}]}]}, {"id": 7, "label": "chair_base", "box": [-0.0023809310514479876, -0.5079720616340637, 0.13753525912761688, 0.8090461492538452, 0.5167557001113892, 0.7956120371818542, 0.9999876618385315, 0.00024211792333517224, 0.004959242884069681, -0.0002590747026260942, 0.999994158744812, 0.0034188644494861364], "children": [{"id": 8, "label": "regular_leg_base", "box": [-0.004446855280548334, -0.5309354066848755, 0.15669003129005432, 0.824644923210144, 0.4972396492958069, 0.7956860065460205, 0.9999804496765137, 0.00013928876433055848, 0.0062584299594163895, -7.851550617488101e-05, 0.9999528527259827, -0.009709818288683891], "children": [{"id": 9, "label": "leg", "box": [-0.3455337584018707, -0.5227518081665039, -0.19617454707622528, 0.10323520004749298, 0.532212495803833, 0.10402549058198929, 0.999729573726654, -0.010883812792599201, 0.020552439615130424, 0.010220002382993698, 0.9994314312934875, 0.03213176876306534]}, {"id": 12, "label": "leg", "box": [-0.355791300535202, -0.5154229402542114, 0.48698484897613525, 0.09884253889322281, 0.5440549850463867, 0.10159818828105927, 0.9999058246612549, -0.0048236120492219925, 0.012848255224525928, 0.0046934401616454124, 0.9999375939369202, 0.010142454877495766]}, {"id": 10, "label": "leg", "box": [0.34151384234428406, -0.5179712176322937, -0.1927821934223175, 0.10806042701005936, 0.5385843515396118, 0.10905127227306366, 0.9999480843544006, 0.0030492222867906094, 0.009724101051688194, -0.003334546461701393, 0.9995603561401367, 0.029462018981575966]}, {"id": 11, "label": "leg", "box": [0.35066232085227966, -0.517428994178772, 0.48051103949546814, 0.09909790754318237, 0.5414434671401978, 0.10189168900251389, 0.9998823404312134, 0.011632407084107399, -0.010003622621297836, -0.011636502109467983, 0.9999322295188904, -0.0003512892290018499]}], "edges": [{"part_a": 0, "part_b": 1, "type": "ROT_SYM"}, {"part_a": 0, "part_b": 1, "type": "TRANS_SYM"}, {"part_a": 0, "part_b": 1, "type": "REF_SYM"}, {"part_a": 0, "part_b": 2, "type": "ROT_SYM"}, {"part_a": 0, "part_b": 2, "type": "TRANS_SYM"}, {"part_a": 0, "part_b": 2, "type": "REF_SYM"}, {"part_a": 0, "part_b": 3, "type": "ROT_SYM"}, {"part_a": 0, "part_b": 3, "type": "TRANS_SYM"}, {"part_a": 0, "part_b": 3, "type": "REF_SYM"}, {"part_a": 1, "part_b": 0, "type": "ROT_SYM"}, {"part_a": 1, "part_b": 0, "type": "TRANS_SYM"}, {"part_a": 1, "part_b": 0, "type": "REF_SYM"}, {"part_a": 1, "part_b": 2, "type": "ROT_SYM"}, {"part_a": 1, "part_b": 2, "type": "TRANS_SYM"}, {"part_a": 1, "part_b": 2, "type": "REF_SYM"}, {"part_a": 1, "part_b": 3, "type": "ROT_SYM"}, {"part_a": 1, "part_b": 3, "type": "TRANS_SYM"}, {"part_a": 1, "part_b": 3, "type": "REF_SYM"}, {"part_a": 2, "part_b": 0, "type": "ROT_SYM"}, {"part_a": 2, "part_b": 0, "type": "TRANS_SYM"}, {"part_a": 2, "part_b": 0, "type": "REF_SYM"}, {"part_a": 2, "part_b": 1, "type": "ROT_SYM"}, {"part_a": 2, "part_b": 1, "type": "TRANS_SYM"}, {"part_a": 2, "part_b": 1, "type": "REF_SYM"}, {"part_a": 2, "part_b": 3, "type": "ROT_SYM"}, {"part_a": 2, "part_b": 3, "type": "TRANS_SYM"}, {"part_a": 2, "part_b": 3, "type": "REF_SYM"}, {"part_a": 3, "part_b": 0, "type": "ROT_SYM"}, {"part_a": 3, "part_b": 0, "type": "TRANS_SYM"}, {"part_a": 3, "part_b": 0, "type": "REF_SYM"}, {"part_a": 3, "part_b": 1, "type": "ROT_SYM"}, {"part_a": 3, "part_b": 1, "type": "TRANS_SYM"}, {"part_a": 3, "part_b": 1, "type": "REF_SYM"}, {"part_a": 3, "part_b": 2, "type": "ROT_SYM"}, {"part_a": 3, "part_b": 2, "type": "TRANS_SYM"}, {"part_a": 3, "part_b": 2, "type": "REF_SYM"}]}]}], "edges": [{"part_a": 0, "part_b": 1, "type": "ADJ"}, {"part_a": 1, "part_b": 0, "type": "ADJ"}, {"part_a": 1, "part_b": 2, "type": "ADJ"}, {"part_a": 2, "part_b": 1, "type": "ADJ"}]}