{"id": 0, "label": "chair", "box": [0.014492528513073921, -0.07928802073001862, 0.06558402627706528, 0.9412744641304016, 1.3980317115783691, 0.9728870987892151, 0.9999793767929077, -0.006420996971428394, 0.00012020978465443477, 0.006421747151762247, 0.9995434880256653, -0.029522735625505447], "children": [{"id": 1, "label": "chair_back", "box": [0.004491107072681189, 0.2668461203575134, -0.28477993607521057, 0.8587685227394104, 0.7787153124809265, 0.15772093832492828, 0.9999533891677856, -0.002106008818373084, -0.009421095252037048, 0.00043523198110051453, 0.984756350517273, -0.1739387810230255], "children": [{"id": 2, "label": "back_surface", "box": [-0.007151699624955654, 0.3043654263019562, -0.2775873839855194, 0.8274422883987427, 0.6428558230400085, 0.14678117632865906, 0.9999862909317017, 0.0016822288744151592, 0.004957430064678192, -0.000916028511710465, 0.9885815978050232, -0.15068380534648895], "children": [{"id": 3, "label": "back_single_surface", "box": [-0.0030339378863573074, 0.33452415466308594, -0.287465900182724, 0.8386636972427368, 0.6509541869163513, 0.156746506690979, 0.9999765157699585, 0.0066613382659852505, 0.001633007894270122, -0.00635324465110898, 0.9893594980239868, -0.14535292983055115]}]}, {"id": 0, "label": "back_surface", "box": [-0.01032889075577259, 0.30479368567466736, -0.3338204324245453, 0.8170043230056763, 0.7152219414710999, 0.10446003824472427, 0.9999921917915344, 0.002890058560296893, -0.0027051272336393595, -0.0032963526900857687, 0.9863218665122986, -0.16479767858982086], "children": [{"id": 0, "label": "back_single_surface", "box": [0.0007470919517800212, 0.28791868686676025, -0.3211018741130829, 0.8072320222854614, 0.7842440009117126, 0.1289350390434265, 0.999832034111023, 0.008152671158313751, 0.016412951052188873, -0.005097957327961922, 0.9839792251586914, -0.17821036279201508]}]}], "edges": [{"part_a": 0, "part_b": 1, "type": "ADJ"}, {"part_a": 1, "part_b": 0, "type": "ADJ"}]}, {"id": 5, "label": "chair_arm", "box": [0.4244225323200226, 0.1665751039981842, 0.11979188024997711, 0.11836930364370346, 0.3918629288673401, 0.7203090190887451, 0.9926404356956482, -0.09273864328861237, -0.07787466794252396, 0.11444146186113358, 0.9286643266677856, 0.3528253436088562], "children": [{"id": 6, "label": "arm_near_vertical_bar", "box": [0.43046948313713074, 0.04021628946065903, 0.39029863476753235, 0.08491764217615128, 0.4246586263179779, 0.14271561801433563, 0.9990541338920593, -0.04205149784684181, -0.01106941606849432, 0.03953060135245323, 0.9843576550483704, -0.17168961465358734]}, {"id": 7, "label": "arm_horizontal_bar", "box": [0.39771297574043274, 0.2109418660402298, 0.08752170950174332, 0.12314902245998383, 0.13192212581634521, 0.6611722111701965, 0.9994007349014282, 0.002573789795860648, -0.03451977297663689, -0.0028379710856825113, 0.9999670386314392, -0.007606240920722485]}, {"id": 0, "label": "arm_horizontal_bar", "box": [0.45937874913215637, 0.24901363253593445, 0.09228208661079407, 0.0826745256781578, 0.13889192044734955, 0.6075025200843811, 0.9986082911491394, -0.0025116626638919115, -0.05268033966422081, 0.004706457257270813, 0.9991241097450256, 0.04157992824912071]}], "edges": [{"part_a": 0, "part_b": 1, "type": "ADJ"}, {"part_a": 0, "part_b": 2, "type": "ADJ"}, {"part_a": 1, "part_b": 0, "type": "ADJ"}, {"part_a": 2, "part_b": 0, "type": "ADJ"}]}, {"id": 9, "label": "chair_arm", "box": [-0.3962799310684204, 0.13200004398822784, 0.10867568850517273, 0.10034377872943878, 0.4000953137874603, 0.693351686000824, 0.9964746832847595, 0.06293445080518723, 0.055474959313869476, -0.07206101715564728, 0.9806816577911377, 0.18185363709926605], "children": [{"id": 0, "label": "arm_horizontal_bar", "box": [-0.4605993628501892, 0.2693134546279907, 0.07851169258356094, 0.0640973448753357, 0.15500588715076447, 0.5819889903068542, 0.9987375140190125, 0.008482360281050205, 0.04951152205467224, -0.008074120618402958, 0.999931812286377, -0.00843954086303711]}, {"id": 10, "label": "arm_near_vertical_bar", "box": [-0.41155076026916504, 0.037440478801727295, 0.33149248361587524, 0.10621106624603271, 0.3872070014476776, 0.1789054274559021, 0.9990056753158569, 0.043892670422792435, -0.007819862104952335, -0.044360581785440445, 0.9610641598701477, -0.2727414667606354]}, {"id": 11, "label": "arm_horizontal_bar", "box": [-0.3987114131450653, 0.26389703154563904, 0.0896611213684082, 0.1058107241988182, 0.10448846220970154, 0.6689328551292419, 0.9990524649620056, -0.001090259407646954, 0.04350845143198967, 0.00013377537834458053, 0.9997584223747253, 0.021980728954076767]}], "edges": [{"part_a": 0, "part_b": 1, "type": "ADJ"}, {"part_a": 1, "part_b": 0, "type": "ADJ"}]}, {"id": 13, "label": "chair_seat", "box": [-0.005957888904958963, -0.12019156664609909, 0.15182097256183624, 0.7805274724960327, 0.2009018212556839, 0.699422299861908, 0.9997947216033936, 0.019657008349895477, 0.004910933785140514, -0.01953180506825447, 0.9995124340057373, -0.02435963600873947], "children": [{"id": 14, "label": "seat_surface", "box": [0.013582340441644192, -0.1204126849770546, 0.14316369593143463, 0.8891564607620239, 0.09899188578128815, 0.7133658528327942, 0.9999406933784485, -0.008540302515029907, 0.006759535986930132, 0.008714335039258003, 0.9996200799942017, -0.026149751618504524], "children": [{"id": 15, "label": "seat_single_surface", "box": [-0.0005903560086153448, -0.12530985474586487, 0.1722324788570404, 0.788467526435852, 0.08911750465631485, 0.6151842474937439, 0.9999998807907104, -0.00043771250057034194, -0.00031406228663399816, 0.0004357104189693928, 0.9999797940254211, -0.006346920505166054]}]}, {"id": 0, "label": "seat_frame", "box": [-0.011053171940147877, -0.1272221952676773, 0.1503368467092514, 0.8253593444824219, 0.1001422256231308, 0.7793967723846436, 0.999850869178772, 0.006588340271264315, -0.01596345193684101, -0.006719124037772417, 0.9999442100524902, -0.00815298780798912], "children": [{"id": 0, "label": "seat_frame_bar", "box": [0.40635955333709717, -0.12594886124134064, 0.13753598928451538, 0.11285305768251419, 0.10023834556341171, 0.7649624347686768, 0.9992722868919373, 0.018230820074677467, -0.033505089581012726, -0.018388958647847176, 0.999821126461029, -0.004417740739881992]}, {"id": 0, "label": "seat_frame_bar", "box": [-0.39104408025741577, -0.10332376509904861, 0.14489665627479553, 0.11304114758968353, 0.1348828226327896, 0.7368698120117188, 0.9997223019599915, -0.02136150933802128, 0.009953002445399761, 0.02140073850750923, 0.999763548374176, -0.0038516614586114883]}], "edges": [{"part_a": 0, "part_b": 1, "type": "ROT_SYM"}, {"part_a": 0, "part_b": 1, "type": "TRANS_SYM"}, {"part_a": 0, "part_b": 1, "type": "REF_SYM"}, {"part_a": 1, "part_b": 0, "type": "ROT_SYM"}, {"part_a": 1, "part_b": 0, "type": "TRANS_SYM"}, {"part_a": 1, "part_b": 0, "type": "REF_SYM"}]}], "edges": [{"part_a": 0, "part_b": 1, "type": "ADJ"}, {"part_a": 1, "part_b": 0, "type": "ADJ"}]}, {"id": 18, "label": "chair_base", "box": [-0.0025133679155260324, -0.42878809571266174, 0.07270754873752594, 0.8909426331520081, 0.6733330488204956, 0.899713933467865, 0.9999830722808838, -0.005540120881050825, -0.0018029139610007405, 0.005536152049899101, 0.9999822974205017, -0.002198990900069475], "children": [{"id": 19, "label": "regular_leg_base", "box": [-0.0017996876267716289, -0.4330478012561798, 0.0738070160150528, 0.8882083892822266, 0.6591686606407166, 0.9248769283294678, 0.9999971389770508, -0.0021963922772556543, 0.0009424788877367973, 0.0021946243941783905, 0.9999958276748657, 0.0018729136791080236], "children": [{"id": 22, "label": "leg", "box": [-0.38952624797821045, -0.4428863525390625, -0.3025752305984497, 0.08206343650817871, 0.6894510984420776, 0.10213163495063782, 0.9988272786140442, -0.02653280645608902, -0.0404980294406414, 0.03347145393490791, 0.9827961921691895, 0.18163497745990753]}, {"id": 23, "label": "leg",