{"id": 0, "label": "chair", "box": [-0.007746776100248098, 0.00427594967186451, 0.05631999671459198, 0.7873302698135376, 1.5489583015441895, 0.8685319423675537, 0.999943733215332, -0.006989754736423492, -0.007976125925779343, 0.006751279346644878, 0.9995406866073608, -0.029543744400143623], "children": [{"id": 1, "label": "chair_back", "box": [-0.0006573515711352229, 0.4491918981075287, -0.29431530833244324, 0.7155658006668091, 0.7878352403640747, 0.11077495664358139, 0.9999624490737915, -0.008034502156078815, 0.0032586564775556326, 0.008363083004951477, 0.9929701089859009, -0.11806968599557877], "children": [{"id": 2, "label": "back_surface", "box": [0.0034803012385964394, 0.48713502287864685, -0.2429005205631256, 0.471283495426178, 0.45339733362197876, 0.07492333650588989, 0.9999704360961914, -0.0024422062560915947, 0.007297100964933634, 0.0031885162461549044, 0.9945636987686157, -0.1040814146399498], "children": [{"id": 3, "label": "back_surface_horizontal_bar", "box": [-0.0022539515048265457, 0.431769996881485, -0.2135130912065506, 0.49153655767440796, 0.14289532601833344, 0.09639948606491089, 0.9999420642852783, -0.004907191265374422, -0.009583370760083199, 0.004671318922191858, 0.9996893405914307, -0.024481860920786858]}]}, {"id": 5, "label": "back_frame", "box": [0.007274451665580273, 0.4545511305332184, -0.27099770307540894, 0.7260885238647461, 0.7403408288955688, 0.13478036224842072, 0.9999957084655762, -0.000985327293165028, 0.002753699431195855, 0.0012506538769230247, 0.9951781630516052, -0.09807614237070084], "children": [{"id": 6, "label": "back_frame_vertical_bar", "box": [0.26957422494888306, 0.46077868342399597, -0.25559595227241516, 0.1401466727256775, 0.7231677174568176, 0.10082229226827621, 0.9995482563972473, 0.002428752137348056, 0.02995717152953148, -0.0002762098447419703, 0.9974298477172852, -0.07164978235960007]}, {"id": 7, "label": "back_frame_vertical_bar", "box": [-0.24986250698566437, 0.4807423949241638, -0.2664681375026703, 0.0991879254579544, 0.7297317385673523, 0.0762147530913353, 0.9995565414428711, -0.008378060534596443, -0.028576796874403954, 0.00648662680760026, 0.9978216290473938, -0.06564973294734955]}, {"id": 0, "label": "back_frame_horizontal_bar", "box": [0.014085451140999794, 0.7901486158370972, -0.2911202311515808, 0.5337738990783691, 0.1564866602420807, 0.07367268949747086, 0.9999995827674866, 0.0008405019179917872, -0.00037716832594014704, -0.0008619573200121522, 0.9981349110603333, -0.061040811240673065]}], "edges": [{"part_a": 0, "part_b": 1, "type": "ROT_SYM"}, {"part_a": 0, "part_b": 1, "type": "TRANS_SYM"}, {"part_a": 0, "part_b": 1, "type": "REF_SYM"}, {"part_a": 0, "part_b": 2, "type": "ADJ"}, {"part_a": 1, "part_b": 0, "type": "ROT_SYM"}, {"part_a": 1, "part_b": 0, "type": "TRANS_SYM"}, {"part_a": 1, "part_b": 0, "type": "REF_SYM"}, {"part_a": 1, "part_b": 2, "type": "ADJ"}, {"part_a": 2, "part_b": 0, "type": "ADJ"}, {"part_a": 2, "part_b": 1, "type": "ADJ"}]}], "edges": [{"part_a": 0, "part_b": 1, "type": "ADJ"}, {"part_a": 1, "part_b": 0, "type": "ADJ"}]}, {"id": 8, "label": "chair_seat", "box": [0.002946586115285754, 0.01044477242976427, 0.10205668210983276, 0.7403639554977417, 0.15025430917739868, 0.7401074767112732, 0.9999578595161438, -0.008837753906846046, 0.0024949624203145504, 0.008830921724438667, 0.999957263469696, 0.0027360834646970034], "children": [{"id": 9, "label": "seat_surface", "box": [0.004929152317345142, 0.026758631691336632, 0.10141907632350922, 0.7502555251121521, 0.13213108479976654, 0.7368583083152771, 0.9999784827232361, 0.0023979779798537493, -0.00610454473644495, -0.002425032202154398, 0.9999872446060181, -0.0044282847084105015], "children": [{"id": 10, "label": "seat_surface_bar", "box": [0.3077840209007263, 0.03202249854803085, 0.09912174195051193, 0.1318594366312027, 0.09530861675739288, 0.5289498567581177, 0.9994789958000183, 0.013246787711977959, -0.029432067647576332, -0.013020888902246952, 0.9998844265937805, 0.007853747345507145]}, {"id": 13, "label": "seat_surface_bar", "box": [0.025873081758618355, 0.025307226926088333, -0.22896403074264526, 0.562686562538147, 0.0821794867515564, 0.11116528511047363, 0.9999608993530273, 0.002723508281633258, -0.008418596349656582, -0.0026468161959201097, 0.9999550580978394, 0.009107603691518307]}, {"id": 14, "label": "seat_surface_bar", "box": [0.020598649978637695, 0.02485884539783001, 0.4035426378250122, 0.6120200157165527, 0.0949697494506836, 0.10432300716638565, 0.9999616146087646, 0.0012669195421040058, -0.008673346601426601, -0.001180152059532702, 0.9999492764472961, 0.010001729242503643]}, {"id": 18, "label": "seat_surface_bar", "box": [-0.25959983468055725, 0.04293917864561081, 0.07503721117973328, 0.1949838548898697, 0.08767278492450714, 0.4722483456134796, 0.9995697140693665, -0.024455856531858444, 0.016198070719838142, 0.024630121886730194, 0.9996399283409119, -0.010647814720869064]}], "edges": [{"part_a": 0, "part_b": 3, "type": "ROT_SYM"}, {"part_a": 1, "part_b": 2, "type": "ROT_SYM"}, {"part_a": 1, "part_b": 2, "type": "TRANS_SYM"}, {"part_a": 1, "part_b": 2, "type": "REF_SYM"}, {"part_a": 2, "part_b": 1, "type": "ROT_SYM"}, {"part_a": 2, "part_b": 1, "type": "TRANS_SYM"}, {"part_a": 2, "part_b": 1, "type": "REF_SYM"}, {"part_a": 3, "part_b": 0, "type": "ROT_SYM"}, {"part_a": 3, "part_b": 0, "type": "REF_SYM"}, {"part_a": 3, "part_b": 1, "type": "ROT_SYM"}, {"part_a": 3, "part_b": 2, "type": "ROT_SYM"}]}, {"id": 0, "label": "seat_surface", "box": [0.000748727354221046, 0.03648484870791435, 0.10206705331802368, 0.7714858055114746, 0.1193465068936348, 0.7372686862945557, 0.9999837279319763, -0.005678995978087187, 0.0005996129475533962, 0.005677374545484781, 0.9999803304672241, 0.00267119612544775], "children": [{"id": 0, "label": "seat_single_surface", "box": [0.002170436317101121, 0.039900410920381546, 0.09517649561166763, 0.706925094127655, 0.10722465813159943, 0.6339333653450012, 0.9998927712440491, -0.002292178338393569, -0.014464166946709156, 0.0022645913995802402, 0.9999955892562866, -0.0019233609782531857]}]}], "edges": [{"part_a": 0, "part_b": 1, "type": "ADJ"}, {"part_a": 1, "part_b": 0, "type": "ADJ"}]}, {"id": 24, "label": "chair_base", "box": [0.0009087489452213049, -0.3832722008228302, 0.08999921381473541, 0.7216671705245972, 0.8774431943893433, 0.7070634961128235, 0.9999576210975647, -0.00702121714130044, -0.005961374845355749, 0.0071004717610776424, 0.9998853206634521, 0.013379295356571674], "children": [{"id": 25, "label": "regular_leg_base", "box": [0.0031420057639479637, -0.3972150683403015, 0.06830345839262009, 0.6485716104507446, 0.8386120796203613, 0.6623257994651794, 0.9996263980865479, 0.00014965118316467851, 0.027333328500390053, -0.0003167826507706195, 0.9999812841415405, 0.006110340356826782], "children": [{"id": 30, "label": "bar_stretcher", "box": [0.06369752436876297, -0.6619670391082764, 0.29452595114707947, 0.343874990940094, 0.15315183997154236, 0.11701264977455139, 0.999930739402771, 0.010487057268619537, 0.005350069142878056, -0.009429666213691235, 0.9855093955993652, -0.1693585067987442]}, {"id": 26, "label": "leg", "box": [-0.2570381164550781, -0.3996541202068329, -0.19003067910671234, 0.1300373375415802, 0.7890211939811707, 0.13969635963439941, 0.9995606541633606, -0.025240695104002953, 0.015540369786322117, 0.023927103728055954, 0.9965408444404602, 0.07958560436964035]}, {"id": 29, "label": "leg", "box": [-0.26898279786109924, -0.3677610754966736, 0.30718162655830383, 0.11050720512866974, 0.8180177211761475, 0.12410161644220352, 0.999549388885498, -0.029790354892611504, -0.0036906213499605656, 0.029209347441792488, 0.9935871958732605, -0.10923077911138535]}, {"id": 27, "label": "leg", "box": [0.28025099635124207, -0.37137243151664734, -0.16660547256469727, 0.1186431497335434, 0.8206974267959595, 0.11254248768091202, 0.9995914101600647, 0.028061185032129288, 0.005441707093268633, -0.028383737429976463, 0.9969298839569092, 0.07297442853450775]}, {"id": 0,