{"id": 0, "label": "chair", "box": [0.009738892316818237, 0.014775247313082218, 0.043752528727054596, 0.9992239475250244, 1.3634133338928223, 1.0821045637130737, 0.999939501285553, 0.0025841202586889267, 0.01069189328700304, -0.0022453125566244125, 0.999498724937439, -0.03157981485128403], "children": [{"id": 1, "label": "chair_back", "box": [0.005950694438070059, 0.27963972091674805, -0.3068307340145111, 0.8508095741271973, 0.8672600388526917, 0.2527984082698822, 0.99944007396698, 0.0041671753861010075, 0.03319995477795601, 0.00622268533334136, 0.9517576098442078, -0.3067878186702728], "children": [{"id": 2, "label": "back_surface", "box": [-0.01043153740465641, 0.2576744854450226, -0.29692718386650085, 0.8206584453582764, 0.8386067748069763, 0.19016796350479126, 0.9998688697814941, -0.010012724436819553, -0.012727590277791023, 0.004516175948083401, 0.9271703958511353, -0.37461280822753906], "children": [{"id": 3, "label": "back_single_surface", "box": [0.0013116609770804644, 0.2756274342536926, -0.3031970262527466, 0.846913754940033, 0.8148589730262756, 0.18732386827468872, 0.9999775290489197, 0.0052719274535775185, -0.0041390713304281235, -0.006410312373191118, 0.9326063990592957, -0.36083826422691345]}]}]}, {"id": 6, "label": "chair_arm", "box": [-0.3878466784954071, 0.0719854012131691, 0.10861798375844955, 0.22322528064250946, 0.4560937285423279, 0.7430586814880371, 0.9789704084396362, 0.1847037822008133, 0.08661063760519028, -0.18420539796352386, 0.9827911853790283, -0.013781361281871796], "children": [{"id": 0, "label": "arm_sofa_style", "box": [-0.3974211812019348, 0.07598534971475601, 0.08316945284605026, 0.17667149007320404, 0.4175282120704651, 0.6705060005187988, 0.9766075015068054, 0.19946222007274628, 0.08032789081335068, -0.19994063675403595, 0.9798057079315186, -0.002124937018379569]}]}, {"id": 4, "label": "chair_arm", "box": [0.373547226190567, 0.09338144958019257, 0.09097058326005936, 0.2170964777469635, 0.4407840073108673, 0.7705671191215515, 0.9832931756973267, -0.17790555953979492, -0.03852514177560806, 0.17741765081882477, 0.9840094447135925, -0.01576092466711998], "children": [{"id": 5, "label": "arm_sofa_style", "box": [0.3706342875957489, 0.057813677936792374, 0.09348785877227783, 0.17718496918678284, 0.4172680377960205, 0.6481525301933289, 0.9829245805740356, -0.17698386311531067, -0.05035809427499771, 0.1761949509382248, 0.9841575026512146, -0.01973140425980091]}]}, {"id": 10, "label": "chair_seat", "box": [0.006410425063222647, -0.03970753774046898, 0.14758433401584625, 0.8120548725128174, 0.22846530377864838, 0.7749178409576416, 0.9999898672103882, 0.0021997783333063126, -0.003938445821404457, -0.0021264594979584217, 0.9998261332511902, 0.01852450892329216], "children": [{"id": 11, "label": "seat_surface", "box": [-0.002775604138150811, -0.037899162620306015, 0.1639655977487564, 0.7666158676147461, 0.18672725558280945, 0.6958762407302856, 0.9999866485595703, 0.0038412478752434254, -0.003463881555944681, -0.0037669239100068808, 0.9997678995132446, 0.021214032545685768], "children": [{"id": 12, "label": "seat_single_surface", "box": [0.008664289489388466, -0.0028627931606024504, 0.16001147031784058, 0.7779024839401245, 0.19856134057044983, 0.7610262036323547, 0.9999915361404419, 0.0030414669308811426, 0.0027665202505886555, -0.00303013832308352, 0.9999870657920837, -0.0040899221785366535]}]}]}, {"id": 13, "label": "chair_base", "box": [0.010812260210514069, -0.3603655993938446, 0.07145358622074127, 0.9637465476989746, 0.6354765892028809, 0.919992983341217, 0.9995018839836121, 0.00817854143679142, -0.03048141859471798, -0.006798537448048592, 0.9989591240882874, 0.045105427503585815], "children": [{"id": 0, "label": "star_leg_base", "box": [-0.0006062797619961202, -0.47332143783569336, 0.09848707169294357, 0.8396764397621155, 0.5678351521492004, 0.8742508292198181, 0.9895891547203064, 0.00618301797658205, -0.14378836750984192, -0.020805804058909416, 0.9947279095649719, -0.10041686147451401], "children": [{"id": 0, "label": "star_leg_set", "box": [0.020617583766579628, -0.4778350293636322, 0.07448595017194748, 0.9439108967781067, 0.3810686469078064, 0.9463398456573486, 0.9966198801994324, 0.0030377330258488655, -0.08209522813558578, -0.0026307650841772556, 0.9999837279319763, 0.005064981058239937], "children": [{"id": 0, "label": "leg", "box": [0.10491814464330673, -0.5387896299362183, 0.29719412326812744, 0.27885007858276367, 0.16340233385562897, 0.5141938328742981, 0.9056424498558044, 0.01742394268512726, -0.4236840307712555, 0.06620237231254578, 0.9810938239097595, 0.18185769021511078]}, {"id": 0, "label": "leg", "box": [0.23285044729709625, -0.5332247018814087, 0.09029312431812286, 0.41628754138946533, 0.17952780425548553, 0.2545861005783081, 0.9907968640327454, -0.1239633783698082, -0.05435661971569061, 0.12478192150592804, 0.9921125769615173, 0.011919592507183552]}, {"id": 0, "label": "caster", "box": [-0.3257475793361664, -0.6204895973205566, -0.17732824385166168, 0.2650035619735718, 0.21394167840480804, 0.25605082511901855, 0.985274612903595, 0.06961611658334732, 0.1561652421951294, -0.057902876287698746, 0.9952433705329895, -0.07834485173225403], "children": [{"id": 0, "label": "wheel", "box": [-0.31281688809394836, -0.6574195623397827, -0.2349952757358551, 0.1710856556892395, 0.1539718508720398, 0.12373317033052444, 0.7843031287193298, 0.0724382996559143, -0.6161341071128845, -0.04452000930905342, 0.9971709251403809, 0.060565035790205]}]}, {"id": 0, "label": "caster", "box": [-0.3248290419578552, -0.623336911201477, 0.34649884700775146, 0.1919679492712021, 0.16908788681030273, 0.2694553732872009, 0.9988828301429749, 0.04639732465147972, -0.008965720422565937, -0.04723723232746124, 0.9856532216072083, -0.1620381623506546]}, {"id": 0, "label": "leg", "box": [-0.1398719847202301, -0.5787857174873352, -0.029948867857456207, 0.44645094871520996, 0.16633455455303192, 0.2360033541917801, 0.7549327611923218, 0.19363591074943542, 0.6265633702278137, -0.11056773364543915, 0.9793198704719543, -0.1694326549768448]}, {"id": 0, "label": "caster", "box": [0.12884104251861572, -0.6341451406478882, -0.27440404891967773, 0.25658923387527466, 0.1708790808916092, 0.235342338681221, 0.9508715867996216, -0.009741384536027908, 0.30943217873573303, -0.010182872414588928, 0.9979798793792725, 0.06270941346883774]}, {"id": 0, "label": "caster", "box": [0.3565370738506317, -0.5895358324050903, 0.05821036547422409, 0.16914355754852295, 0.18953821063041687, 0.3388979434967041, 0.9923447370529175, -0.12344034761190414, -0.003800689708441496, 0.12336723506450653, 0.9922380447387695, -0.015625562518835068]}, {"id": 0, "label": "leg", "box": [0.06447646021842957, -0.5207914113998413, -0.07611187547445297, 0.31068935990333557, 0.21099787950515747, 0.5406159162521362, 0.9692954421043396, -0.005760439671576023, 0.2458317130804062, 0.03692743927240372, 0.9917983412742615, -0.12236177176237106]}, {"id": 0, "label": "caster", "box": [0.1412014365196228, -0.6290455460548401, 0.4812597632408142, 0.2978566586971283, 0.13053616881370544, 0.22355280816555023, 0.9997594952583313, -0.013031020760536194, -0.01763901859521866, 0.014257965609431267, 0.9973515272140503, 0.07132072001695633], "children": [{"id": 0, "label": "wheel", "box": [0.21272988617420197, -0.6573469638824463, 0.4405974745750427, 0.2036886066198349, 0.10885322093963623, 0.24179741740226746, 0.9748662114143372, 0.00843392126262188, -0.2226313352584839, 0.04082300513982773, 0.9756024479866028, 0.2157159149646759]}]}, {"id": 0, "label": "leg", "box": [-0.1635218858718872, -0.5443426370620728, 0.26615163683891296, 0.40840572118759155, 0.1847277581691742, 0.23090995848178864, 0.8034965395927429, 0.1406707614660263, -0.5784505605697632, -0.12429501861333847, 0.9899070858955383, 0.06807905435562134]}], "edges": [{"part_a": 0, "part_b": 1, "type": "ROT_SYM"}, {"part_a": 0, "part_b": 1, "type": "REF_SYM"}, {"part_a": 0, "part_b": 4, "type": "ROT_SYM"}, {"part_a": 0, "part_b": 4,