{"id": 0, "label": "chair", "box": [-0.0024470090866088867, -0.003609001636505127, -0.07056650519371033, 1.2156740427017212, 1.2395050525665283, 1.3547359704971313, -6.123234262925839e-17, -1.0, -6.123234262925839e-17, 6.123234262925839e-17, -6.123234262925839e-17, 1.0], "children": [{"id": 1, "label": "chair_back", "box": [-0.023571660742163658, 0.03680458292365074, -0.38419309258461, 0.5376057028770447, 1.1571773290634155, 1.298986554145813, -0.0667293444275856, -0.08271697163581848, -0.9943364858627319, -0.00016768723435234278, 0.996558666229248, -0.0828905701637268], "children": [{"id": 2, "label": "back_surface", "box": [-0.023571660742163658, 0.03680458292365074, -0.38419309258461, 0.5376057028770447, 1.1571773290634155, 1.298986554145813, -0.0667293444275856, -0.08271697163581848, -0.9943364858627319, -0.00016768723435234278, 0.996558666229248, -0.0828905701637268], "children": [{"id": 3, "label": "back_single_surface", "box": [-0.023571660742163658, 0.03680458292365074, -0.38419309258461, 0.5376057028770447, 1.1571773290634155, 1.298986554145813, -0.0667293444275856, -0.08271697163581848, -0.9943364858627319, -0.00016768723435234278, 0.996558666229248, -0.0828905701637268]}]}]}, {"id": 4, "label": "chair_arm", "box": [0.4524599015712738, 0.0381423644721508, 0.1465015560388565, 0.3700226843357086, 0.8129991292953491, 1.142653226852417, 0.9955428838729858, -0.09254652261734009, -0.018151182681322098, 0.01838645711541176, 0.0016901647904887795, 0.9998295307159424], "children": [{"id": 5, "label": "arm_sofa_style", "box": [0.4524599015712738, 0.0381423644721508, 0.1465015560388565, 0.3700226843357086, 0.8129991292953491, 1.142653226852417, 0.9955428838729858, -0.09254652261734009, -0.018151182681322098, 0.01838645711541176, 0.0016901647904887795, 0.9998295307159424]}]}, {"id": 6, "label": "chair_arm", "box": [-0.4825403690338135, 0.03466325253248215, 0.16920199990272522, 0.31468209624290466, 0.7599679827690125, 1.1440476179122925, 0.9957209825515747, 0.09241065382957458, 0.0, 0.0, 0.0, 1.0], "children": [{"id": 7, "label": "arm_sofa_style", "box": [-0.4825403690338135, 0.03466325253248215, 0.16920199990272522, 0.31468209624290466, 0.7599679827690125, 1.1440476179122925, 0.9957209825515747, 0.09241065382957458, 0.0, 0.0, 0.0, 1.0]}]}, {"id": 8, "label": "chair_seat", "box": [-0.0024207192473113537, -0.20784753561019897, 0.05944749712944031, 0.6355952024459839, 0.7144010066986084, 0.9794769883155823, 3.400037530809641e-05, 1.0, 0.0, 1.0, -3.400037530809641e-05, 0.0], "children": [{"id": 9, "label": "seat_surface", "box": [-0.02072042226791382, 0.080380380153656, 0.11655239760875702, 0.15732821822166443, 0.6844266653060913, 0.9124302268028259, 0.0018067527562379837, 0.9831932783126831, 0.1825588196516037, -0.9999672770500183, 0.0003364794247318059, 0.00808434933423996], "children": [{"id": 10, "label": "seat_single_surface", "box": [-0.02072042226791382, 0.080380380153656, 0.11655239760875702, 0.15732821822166443, 0.6844266653060913, 0.9124302268028259, 0.0018067527562379837, 0.9831932783126831, 0.1825588196516037, -0.9999672770500183, 0.0003364794247318059, 0.00808434933423996]}]}, {"id": 11, "label": "seat_support", "box": [-0.002445582766085863, -0.4742776155471802, 0.14997220039367676, 0.4160405695438385, 0.7145018577575684, 1.0881587266921997, 0.0006158496253192425, -0.8995178937911987, 0.43688341975212097, -0.9999998211860657, -0.0005975639796815813, 0.00017929269233718514]}], "edges": [{"part_b": 0, "dist": 0.007384525966810898, "type": "ADJ", "part_a": 1}]}, {"id": 12, "label": "chair_base", "box": [-0.002611488103866577, -0.5660600066184998, 0.04764050245285034, 0.09077203273773193, 0.8958269953727722, 1.0929970741271973, -6.123234262925839e-17, -1.0, -6.123234262925839e-17, 6.123234262925839e-17, -6.123234262925839e-17, 1.0], "children": [{"id": 13, "label": "foot_base", "box": [-0.002611488103866577, -0.5660600066184998, 0.04764050245285034, 0.09077203273773193, 0.8958269953727722, 1.0929970741271973, -6.123234262925839e-17, -1.0, -6.123234262925839e-17, 6.123234262925839e-17, -6.123234262925839e-17, 1.0], "children": [{"id": 14, "label": "foot", "box": [-0.4819224774837494, -0.5660600066184998, 0.4283665120601654, 0.09077203273773193, 0.13375726342201233, 0.13375727832317352, -6.123234262925839e-17, -1.0, -6.123234262925839e-17, 0.9991309642791748, -5.862690898817357e-17, -0.04168087616562843]}, {"id": 15, "label": "foot", "box": [-0.369447261095047, -0.5660600066184998, -0.3330857455730438, 0.09077203273773193, 0.1337573379278183, 0.13375800848007202, -6.123234262925839e-17, -1.0, -6.123234262925839e-17, -0.6770200729370117, -3.609311199417449e-18, 0.7359645962715149]}, {"id": 16, "label": "foot", "box": [0.36660048365592957, -0.5660600066184998, -0.33308547735214233, 0.09077203273773193, 0.13375727832317352, 0.13375727832317352, 6.123234262925839e-17, 1.0, 6.123234262925839e-17, 0.9991310238838196, -5.862694869284297e-17, -0.041680239140987396]}, {"id": 17, "label": "foot", "box": [0.47669899463653564, -0.5660600066184998, 0.428366482257843, 0.09077203273773193, 0.13375720381736755, 0.13375788927078247, -6.123234262925839e-17, -1.0, -6.123234262925839e-17, -0.29886680841445923, 7.673401832841245e-17, -0.9542948603630066]}], "edges": [{"part_b": 0, "dist": 0.037451026764943426, "params": [-0.42610931396484375, -0.5517092943191528, 0.047320470213890076, -0.14574271440505981, 0.000520896865054965, 0.9893224835395813], "type": "REF_SYM", "part_a": 1}, {"part_b": 0, "dist": 0.03790965738006655, "params": [-0.11213544011116028, 0.00040078163146972656, 0.7611914873123169], "type": "TRANS_SYM", "part_a": 1}, {"part_b": 0, "dist": 0.03932472763394379, "params": [-0.05725814402103424, -0.5518546104431152, 0.04729744791984558, -0.7448680996894836, 0.0006059600273147225, 0.6672114729881287], "type": "REF_SYM", "part_a": 2}, {"part_b": 0, "dist": 0.039588403955529636, "params": [-0.8498377799987793, 0.0006913542747497559, 0.7612375020980835], "type": "TRANS_SYM", "part_a": 2}, {"part_b": 1, "dist": 0.037047245452040016, "params": [-0.0011904239654541016, -0.5520550012588501, -0.3332982659339905, -0.9999999403953552, 0.0003938887093681842, 6.241621304070577e-05], "type": "REF_SYM", "part_a": 2}, {"part_b": 1, "dist": 0.0385090752089592, "params": [-0.7377023100852966, 0.0002905726432800293, 4.604458808898926e-05], "type": "TRANS_SYM", "part_a": 2}, {"part_b": 0, "dist": 0.0390913673608149, "params": [-0.0032753050327301025, -0.5515064001083374, 0.4282471835613251, -0.9999997615814209, -5.165135462448234e-06, -0.0006911324453540146], "type": "REF_SYM", "part_a": 3}, {"part_b": 0, "dist": 0.037394640641133785, "params": [-0.9578034281730652, -4.947185516357422e-06, -0.0006619691848754883], "type": "TRANS_SYM", "part_a": 3}, {"part_b": 1, "dist": 0.03893622215049606, "params": [0.05279241502285004, -0.5517067909240723, 0.04765145480632782, -0.7429654002189636, -0.00035645486786961555, -0.6693297624588013], "type": "REF_SYM", "part_a": 3}, {"part_b": 1, "dist": 0.037664276829285394, "params": [-0.8456679582595825, -0.000405728816986084, -0.7618534564971924], "type": "TRANS_SYM", "part_a": 3}, {"part_b": 2, "dist": 0.04125913359013403, "params": [0.42164355516433716, -0.5518521070480347, 0.047628432512283325, -0.14030417799949646, -0.0009048617212101817, -0.9901080131530762], "type": "REF_SYM", "part_a": 3}, {"part_b": 2, "dist": 0.040888685817258186, "params": [-0.10796567797660828, -0.0006963014602661133, -0.761899471282959], "type": "TRANS_SYM", "part_a": 3}]}]}], "edges": [{"part_b": 0, "dist": 0.010594355634780108, "type": "ADJ", "part_a": 1}, {"part_b": 0, "dist": 0.006454644899916788, "type": "ADJ", "part_a": 2}, {"part_b": 0, "dist": 0.005414092603188339, "type": "ADJ", "part_a": 3}, {"part_b": 1, "dist": 0.012561183030664048, "type": "ADJ", "part_a": 3}, {"part_b": 2, "dist": 0.009941866642241911, "type": "ADJ", "part_a": 3}, {"part_b": 0, "dist": 0.005534390505272569, "type": "ADJ", "part_a": 4}, {"part_b": 1, "dist": 0.00620177541124197,