{"id": 0, "label": "chair", "box": [0.000988252111710608, 0.06814645975828171, 0.05443635210394859, 1.129960060119629, 1.1833853721618652, 1.1601744890213013, 0.9999762773513794, 0.0044374484568834305, -0.005271540954709053, -0.004518443718552589, 0.9998703598976135, -0.015453385189175606], "children": [{"id": 1, "label": "chair_back", "box": [-0.011319086886942387, 0.19661468267440796, -0.34454965591430664, 0.9097527265548706, 0.8856968283653259, 0.2661437392234802, 0.9999737739562988, -0.0011716808658093214, 0.007150138262659311, 0.002254225080832839, 0.9881722331047058, -0.15333177149295807], "children": [{"id": 2, "label": "back_surface", "box": [-0.009950888343155384, 0.2208961844444275, -0.34948575496673584, 0.9340677261352539, 0.810794472694397, 0.23206166923046112, 0.9999611377716064, 0.008725352585315704, -0.0012642404763028026, -0.008815999142825603, 0.9880982041358948, -0.15357151627540588], "children": [{"id": 3, "label": "back_single_surface", "box": [-0.0028431450482457876, 0.1937786340713501, -0.3359917998313904, 0.9430474638938904, 0.8846896886825562, 0.25101327896118164, 0.9999964833259583, 0.0026112038176506758, -0.0005422761896625161, -0.0026626044418662786, 0.9890814423561096, -0.14734597504138947]}]}]}, {"id": 6, "label": "chair_arm", "box": [-0.45330798625946045, 0.030394671484827995, 0.09168122708797455, 0.28113919496536255, 0.7080610990524292, 1.0098508596420288, 0.9989272356033325, 0.03222375735640526, 0.03325812891125679, -0.03169813007116318, 0.9993659853935242, -0.016212591901421547], "children": [{"id": 7, "label": "arm_sofa_style", "box": [-0.45376908779144287, 0.010510902851819992, 0.08158005028963089, 0.2597355246543884, 0.7026627063751221, 1.0400729179382324, 0.9993072152137756, 0.02668394334614277, 0.025943933054804802, -0.027059324085712433, 0.9995325803756714, 0.014227100647985935]}]}, {"id": 4, "label": "chair_arm", "box": [0.4743784964084625, 0.025622300803661346, 0.08082591742277145, 0.23642906546592712, 0.694230854511261, 1.053294062614441, 0.9995245337486267, -0.029296446591615677, -0.009613575413823128, 0.02912294864654541, 0.9994188547134399, -0.0177165474742651], "children": [{"id": 5, "label": "arm_sofa_style", "box": [0.44730231165885925, 0.018357764929533005, 0.07579609751701355, 0.26421502232551575, 0.6917791366577148, 1.05393385887146, 0.9995108246803284, -0.023780260235071182, -0.020314257591962814, 0.02360484004020691, 0.9996823668479919, -0.00883198156952858]}]}, {"id": 8, "label": "chair_seat", "box": [0.02659798599779606, -0.11171207576990128, 0.1410786211490631, 0.9072802662849426, 0.48164135217666626, 0.9506011009216309, 0.9999639391899109, 0.007901756092905998, -0.003122080583125353, -0.0077411760576069355, 0.9987945556640625, 0.04847201332449913], "children": [{"id": 9, "label": "seat_surface", "box": [-0.009769590571522713, -0.1553524136543274, 0.1742405891418457, 0.89902663230896, 0.4323503375053406, 0.9190734624862671, 0.9999380707740784, 0.004327659495174885, -0.010254664346575737, -0.00409949105232954, 0.9997459053993225, 0.02216777205467224], "children": [{"id": 10, "label": "seat_single_surface", "box": [-0.0007224379805848002, -0.15228423476219177, 0.19220593571662903, 0.9023804664611816, 0.38153335452079773, 0.8817337155342102, 0.9999868869781494, 0.0005559860146604478, 0.005093639716506004, -0.0005193009856157005, 0.9999739527702332, -0.007200608961284161]}]}]}, {"id": 11, "label": "chair_base", "box": [0.008579486049711704, -0.39386001229286194, 0.08279217779636383, 1.005418300628662, 0.22320489585399628, 0.9322919249534607, 0.9995579719543457, -0.0002129938657162711, -0.029730618000030518, 0.0003018735151272267, 0.9999955296516418, 0.002985042054206133]}], "edges": [{"part_a": 0, "part_b": 1, "type": "ADJ"}, {"part_a": 0, "part_b": 2, "type": "ADJ"}, {"part_a": 0, "part_b": 3, "type": "ADJ"}, {"part_a": 0, "part_b": 4, "type": "ADJ"}, {"part_a": 1, "part_b": 0, "type": "ADJ"}, {"part_a": 1, "part_b": 2, "type": "ROT_SYM"}, {"part_a": 1, "part_b": 2, "type": "REF_SYM"}, {"part_a": 1, "part_b": 3, "type": "ADJ"}, {"part_a": 1, "part_b": 4, "type": "ADJ"}, {"part_a": 2, "part_b": 0, "type": "ADJ"}, {"part_a": 2, "part_b": 1, "type": "ROT_SYM"}, {"part_a": 2, "part_b": 1, "type": "TRANS_SYM"}, {"part_a": 2, "part_b": 1, "type": "REF_SYM"}, {"part_a": 2, "part_b": 3, "type": "ADJ"}, {"part_a": 2, "part_b": 4, "type": "ADJ"}, {"part_a": 3, "part_b": 0, "type": "ADJ"}, {"part_a": 3, "part_b": 1, "type": "ADJ"}, {"part_a": 3, "part_b": 2, "type": "ADJ"}, {"part_a": 3, "part_b": 4, "type": "ADJ"}, {"part_a": 4, "part_b": 0, "type": "ADJ"}, {"part_a": 4, "part_b": 1, "type": "ADJ"}, {"part_a": 4, "part_b": 2, "type": "ADJ"}, {"part_a": 4, "part_b": 3, "type": "ADJ"}]}