{"id": 0, "label": "chair", "box": [0.015314019285142422, 0.0912524089217186, 0.05781730264425278, 0.8795669078826904, 0.9208016991615295, 1.542130470275879, -0.9999999403953552, -1.890878593258094e-05, -0.00024513056268915534, -0.0002458587696310133, 0.0769091323018074, 0.9970380663871765], "children": [{"id": 1, "label": "chair_back", "box": [0.01789218932390213, 0.45887184143066406, -0.36757710576057434, 0.12834163010120392, 0.7436946034431458, 0.7820531725883484, 0.0008099143160507083, -0.07534122467041016, -0.9971574544906616, -4.850484856433468e-06, -0.9971578121185303, 0.07534124702215195], "children": [{"id": 2, "label": "back_surface", "box": [0.013816113583743572, 0.38421592116355896, -0.36212101578712463, 0.09090247750282288, 0.13567852973937988, 0.5841234922409058, 0.005387881305068731, 0.009693820960819721, 0.9999384880065918, -0.9999854564666748, 3.3151532988995314e-05, 0.005387813318520784], "children": [{"id": 3, "label": "back_surface_vertical_bar", "box": [0.013816113583743572, 0.38421592116355896, -0.36212101578712463, 0.09090247750282288, 0.13567852973937988, 0.5841234922409058, 0.005387881305068731, 0.009693820960819721, 0.9999384880065918, -0.9999854564666748, 3.3151532988995314e-05, 0.005387813318520784]}]}, {"id": 4, "label": "back_frame", "box": [0.01791803166270256, 0.45887085795402527, -0.36757299304008484, 0.12787728011608124, 0.7436901330947876, 0.7819993495941162, -5.862216858076863e-05, -0.07554084062576294, -0.9971427321434021, -4.893034656561213e-06, -0.9971427321434021, 0.07554084062576294], "children": [{"id": 5, "label": "back_frame_vertical_bar", "box": [-0.3339376151561737, 0.38407817482948303, -0.3621540069580078, 0.07204436510801315, 0.09074289351701736, 0.584263265132904, 0.9998833537101746, -0.009119640104472637, -0.0122541394084692, -0.012341774068772793, -0.009616052731871605, -0.9998775720596313]}, {"id": 6, "label": "back_frame_vertical_bar", "box": [0.3660549819469452, 0.3829021155834198, -0.36056333780288696, 0.07477778196334839, 0.0882205069065094, 0.5843746662139893, 0.9998010396957397, 0.0191532950848341, -0.005568594206124544, 0.005569609347730875, 3.367295846601337e-07, 0.9999845027923584]}, {"id": 7, "label": "back_frame_horizontal_bar", "box": [0.015347410924732685, 0.4590268135070801, -0.3650955855846405, 0.12679815292358398, 0.7434830665588379, 0.7651821374893188, -0.00029304373310878873, -0.0836743488907814, -0.9964931011199951, -6.627304628636921e-06, -0.9964931607246399, 0.083674356341362]}], "edges": [{"dist": 0.009089096089211273, "type": "ADJ", "part_a": 2, "part_b": 0}, {"dist": 0.0096325596062091, "type": "ADJ", "part_a": 2, "part_b": 1}, {"params": [0.01692672073841095, 0.3819413483142853, -0.36146077513694763, -0.9999350905418396, 0.011388387531042099, 0.00015118262672331184], "dist": 0.020506023360969846, "type": "REF_SYM", "part_a": 1, "part_b": 0}, {"params": [-0.7052780389785767, 0.008032500743865967, 0.00010663270950317383], "dist": 0.01867480854718855, "type": "TRANS_SYM", "part_a": 1, "part_b": 0}, {"params": [0.016912735998630524, 0.3792197108268738, -0.35091084241867065, 0.002583744702860713, 0.999984085559845, 0.005017371382564306, 3.081700086593628], "dist": 0.019759007601448313, "type": "ROT_SYM", "part_a": 1, "part_b": 0}]}], "edges": [{"dist": 0.009295852422815441, "type": "ADJ", "part_a": 1, "part_b": 0}]}, {"id": 8, "label": "chair_seat", "box": [0.015343524515628815, -0.010541251860558987, 0.056956786662340164, 0.22247305512428284, 0.8807348012924194, 0.9276818633079529, 0.0006179147167131305, -0.9998986721038818, -0.014222979545593262, -0.9999986290931702, -0.0006398302502930164, 0.001536352327093482], "children": [{"id": 9, "label": "seat_surface", "box": [0.01525855902582407, 0.05556051805615425, 0.058111850172281265, 0.11213841289281845, 0.8797062039375305, 0.9257497191429138, -0.014584853313863277, 0.9998936057090759, 2.0317793314461596e-06, 0.9998936057090759, 0.014584854245185852, -0.00013420228788163513], "children": [{"id": 10, "label": "seat_single_surface", "box": [0.01525855902582407, 0.05556051805615425, 0.058111850172281265, 0.11213841289281845, 0.8797062039375305, 0.9257497191429138, -0.014584853313863277, 0.9998936057090759, 2.0317793314461596e-06, 0.9998936057090759, 0.014584854245185852, -0.00013420228788163513]}]}, {"id": 11, "label": "seat_support", "box": [0.008051276206970215, -0.052312348037958145, 0.06768354028463364, 0.1298687756061554, 0.8005868792533875, 0.8357139229774475, -0.009053999558091164, -0.999934732913971, -0.006968608126044273, 0.9999589920043945, -0.009053779765963554, -6.306646537268534e-05]}], "edges": [{"dist": 0.00456645945862396, "type": "ADJ", "part_a": 1, "part_b": 0}]}, {"id": 12, "label": "chair_base", "box": [0.015347694046795368, -0.3677428364753723, 0.058131009340286255, 0.5687476396560669, 0.7651926279067993, 0.8114140033721924, 6.054779078112915e-05, -1.0, 1.2246468525851679e-16, 1.0, 6.054779078112915e-05, 6.123234262925839e-17], "children": [{"id": 13, "label": "regular_leg_base", "box": [0.015347694046795368, -0.3677428364753723, 0.058131009340286255, 0.5687476396560669, 0.7651926279067993, 0.8114140033721924, 6.054779078112915e-05, -1.0, 1.2246468525851679e-16, 1.0, 6.054779078112915e-05, 6.123234262925839e-17], "children": [{"id": 14, "label": "leg", "box": [0.3131745755672455, -0.3702792227268219, -0.2908243238925934, 0.12030312418937683, 0.16953255236148834, 0.5644749402999878, -0.00018188351532444358, -0.012065756134688854, 0.9999271631240845, 1.0, -6.0361813666531816e-05, 0.00018116839055437595]}, {"id": 15, "label": "leg", "box": [-0.282601922750473, -0.36903253197669983, -0.29071372747421265, 0.12032566219568253, 0.17491859197616577, 0.5681750178337097, 9.09666960069444e-06, 0.012519408017396927, -0.9999216198921204, 0.999949038028717, -0.01009297464042902, -0.00011727106175385416]}, {"id": 16, "label": "leg", "box": [-0.2807374596595764, -0.3693394958972931, 0.4014565944671631, 0.12477365136146545, 0.17299777269363403, 0.5655129551887512, -0.00012308935401961207, 7.564760373668378e-09, -1.0, -1.0, 1.2246468525851679e-16, 0.00012308935401961207]}, {"id": 17, "label": "leg", "box": [0.315816730260849, -0.3687078654766083, 0.40692949295043945, 0.1138170063495636, 0.16773858666419983, 0.5676921010017395, -6.173232367870994e-17, 6.072823891163388e-17, 1.0, 0.9999663829803467, 0.008199009113013744, 6.123234262925839e-17]}], "edges": [{"params": [0.014640748500823975, -0.3882417678833008, -0.2907707989215851, 0.9999939203262329, -0.0020455955527722836, -0.0028151320293545723], "dist": 0.02393655806524411, "type": "REF_SYM", "part_a": 1, "part_b": 0}, {"params": [0.598957896232605, -0.0012252330780029297, -0.0016861557960510254], "dist": 0.025243395856004776, "type": "TRANS_SYM", "part_a": 1, "part_b": 0}, {"params": [0.014608674682676792, -0.37948474287986755, -0.29049938917160034, -0.006247640587389469, 0.9999797344207764, 0.0011819264618679881, 3.139866352081299], "dist": 0.024420355346946667, "type": "ROT_SYM", "part_a": 1, "part_b": 0}, {"params": [0.5994085073471069, -0.0051116943359375, -0.6983194351196289], "dist": 0.024147687368066318, "type": "TRANS_SYM", "part_a": 2, "part_b": 0}, {"params": [16.615720748901367, 0.6360591650009155, 14.152681350708008, -0.002832256257534027, -0.9999839067459106, 0.004921858664602041, 0.042250052094459534], "dist": 0.026729671594752424, "type": "ROT_SYM", "part_a": 2, "part_b": 0}, {"params": [-0.2850635051727295, -0.38568592071533203, 0.05838891863822937, 0.0006467882776632905, -0.005578832235187292, -0.9999842643737793], "dist": 0.025177184524043147, "type": "REF_SYM", "part_a": 2, "part_b": 1}, {"params": [0.00045058131217956543, -0.0038864612579345703, -0.6966332793235779], "dist": 0.02483642026491163, "type": "TRANS_SYM", "part_a": 2, "part_b": 1}, {"params": [-0.2915042042732239, -0.39469099044799805, 0.05835386738181114, -0.007881619967520237, 0.9999461770057678, 0.006751696579158306, 3.1042075157165527], "dist": 0.025905543337591735, "type": "ROT_SYM",