{"id": 0, "label": "chair", "box": [0.021033568307757378, -0.07771673798561096, -0.03279131278395653, 1.0761326551437378, 1.5019185543060303, 1.6241673231124878, -5.53368378064133e-17, -0.9037191271781921, -0.42812585830688477, 0.7737133502960205, -0.27123308181762695, 0.572538435459137], "children": [{"id": 1, "label": "chair_back", "box": [-0.024978727102279663, 0.34914782643318176, -0.44950079917907715, 0.5514914393424988, 0.8912719488143921, 0.9587365984916687, -0.042165253311395645, -0.25188061594963074, -0.9668393135070801, 0.04658594727516174, -0.9671430587768555, 0.2499280720949173], "children": [{"id": 2, "label": "back_surface", "box": [-0.024978727102279663, 0.34914782643318176, -0.44950079917907715, 0.5514914393424988, 0.8912719488143921, 0.9587365984916687, -0.042165253311395645, -0.25188061594963074, -0.9668393135070801, 0.04658594727516174, -0.9671430587768555, 0.2499280720949173], "children": [{"id": 3, "label": "back_single_surface", "box": [-0.024978727102279663, 0.34914782643318176, -0.44950079917907715, 0.5514914393424988, 0.8912719488143921, 0.9587365984916687, -0.042165253311395645, -0.25188061594963074, -0.9668393135070801, 0.04658594727516174, -0.9671430587768555, 0.2499280720949173]}]}]}, {"id": 4, "label": "chair_arm", "box": [0.5571691989898682, 0.196034237742424, -0.03157934918999672, 0.28045332431793213, 0.4866825044155121, 0.8188483715057373, 0.9205964207649231, -0.32962706685066223, -0.20939970016479492, -0.28530389070510864, -0.9338457584381104, 0.21571704745292664], "children": [{"id": 5, "label": "arm_sofa_style", "box": [0.5571691989898682, 0.196034237742424, -0.03157934918999672, 0.28045332431793213, 0.4866825044155121, 0.8188483715057373, 0.9205964207649231, -0.32962706685066223, -0.20939970016479492, -0.28530389070510864, -0.9338457584381104, 0.21571704745292664]}]}, {"id": 6, "label": "chair_arm", "box": [-0.5554395914077759, 0.19603481888771057, -0.03157897666096687, 0.28045687079429626, 0.4866825044155121, 0.8188483715057373, 0.9205964207649231, 0.32962706685066223, 0.20939970016479492, 0.28530389070510864, -0.9338457584381104, 0.21571704745292664], "children": [{"id": 7, "label": "arm_sofa_style", "box": [-0.5554395914077759, 0.19603481888771057, -0.03157897666096687, 0.28045687079429626, 0.4866825044155121, 0.8188483715057373, 0.9205964207649231, 0.32962706685066223, 0.20939970016479492, 0.28530389070510864, -0.9338457584381104, 0.21571704745292664]}]}, {"id": 8, "label": "chair_seat", "box": [-0.005415641702711582, -0.15502962470054626, 0.12201623618602753, 0.6435845494270325, 1.2239874601364136, 1.4611725807189941, -0.0006167987594380975, -0.9999997019767761, -0.00042322027729824185, 0.9983974695205688, -0.0005918614915572107, -0.05658745393157005], "children": [{"id": 9, "label": "seat_surface", "box": [-0.005415641702711582, -0.15502962470054626, 0.12201623618602753, 0.6435845494270325, 1.2239874601364136, 1.4611725807189941, -0.0006167987594380975, -0.9999997019767761, -0.00042322027729824185, 0.9983974695205688, -0.0005918614915572107, -0.05658745393157005], "children": [{"id": 10, "label": "seat_single_surface", "box": [-0.005415641702711582, -0.15502962470054626, 0.12201623618602753, 0.6435845494270325, 1.2239874601364136, 1.4611725807189941, -0.0006167987594380975, -0.9999997019767761, -0.00042322027729824185, 0.9983974695205688, -0.0005918614915572107, -0.05658745393157005]}]}]}, {"id": 11, "label": "chair_base", "box": [0.0008949458133429289, -0.4933539927005768, 0.15454170107841492, 0.044907987117767334, 1.0385563373565674, 1.0392054319381714, -6.123234262925839e-17, -1.0, -6.123234262925839e-17, 0.9913861751556396, -6.872456080595949e-17, 0.1309710592031479], "children": [{"id": 12, "label": "pedestal_base", "box": [0.0008949458133429289, -0.4933539927005768, 0.15454170107841492, 0.044907987117767334, 1.0385563373565674, 1.0392054319381714, -6.123234262925839e-17, -1.0, -6.123234262925839e-17, 0.9913861751556396, -6.872456080595949e-17, 0.1309710592031479], "children": [{"id": 13, "label": "central_support", "box": [0.0008398575591854751, -0.4849110245704651, 0.154583141207695, 0.02814079076051712, 0.11539069563150406, 0.11543949693441391, 0.0023065879940986633, -0.9999971985816956, -0.0005475236102938652, 0.0019067944958806038, -0.0005431259050965309, 0.9999980330467224]}, {"id": 14, "label": "pedestal", "box": [0.0008113182848319411, -0.4952530860900879, 0.15449555218219757, 0.042270299047231674, 1.0385103225708008, 1.039587140083313, 0.0019395705312490463, -0.9999963045120239, 0.0018961968598887324, 0.7937507033348083, 0.002692882902920246, 0.6082372665405273]}], "edges": [{"part_b": 0, "dist": 0.004457607725264985, "part_a": 1, "type": "ADJ"}]}]}], "edges": [{"part_b": 0, "dist": 0.018854989229309938, "part_a": 1, "type": "ADJ"}, {"part_b": 0, "dist": 0.006409069624067154, "part_a": 2, "type": "ADJ"}, {"part_b": 0, "dist": 0.010550746924999485, "part_a": 3, "type": "ADJ"}, {"part_b": 1, "dist": 0.01745457355310567, "part_a": 3, "type": "ADJ"}, {"part_b": 2, "dist": 0.008929622131766216, "part_a": 3, "type": "ADJ"}, {"part_b": 3, "dist": 0.013002362208719935, "part_a": 4, "type": "ADJ"}, {"part_b": 1, "dist": 0.0288679837684939, "part_a": 2, "type": "REF_SYM", "params": [0.0005710124969482422, 0.18891297280788422, -0.017184417694807053, 0.9999980926513672, -0.0006897835992276669, 0.0018370130565017462]}, {"part_b": 1, "dist": 0.04608670586100891, "part_a": 2, "type": "ROT_SYM", "params": [0.0033835996873676777, -0.14288660883903503, 0.12632818520069122, 0.005437483079731464, -0.9998696446418762, 0.015203118324279785, 2.6535871028900146]}]}