{"id": 0, "label": "chair", "box": [-0.017139872536063194, -0.1225973442196846, 0.050386857241392136, 0.8871808648109436, 1.1564449071884155, 1.2641011476516724, -2.370999174772237e-09, 0.0008737520547583699, -0.9999996423721313, 0.00120363081805408, 0.9999988675117493, 0.0008737514144740999], "children": [{"id": 1, "label": "chair_back", "box": [-0.01766757294535637, 0.17415162920951843, -0.31066665053367615, 0.16923940181732178, 0.5644955039024353, 1.261641025543213, 0.00021228380501270294, 0.010538807138800621, -0.9999444484710693, 0.0018833637004718184, -0.9999427199363708, -0.010538388974964619], "children": [{"id": 2, "label": "back_surface", "box": [-0.01766757294535637, 0.17415162920951843, -0.31066665053367615, 0.16923940181732178, 0.5644955039024353, 1.261641025543213, 0.00021228380501270294, 0.010538807138800621, -0.9999444484710693, 0.0018833637004718184, -0.9999427199363708, -0.010538388974964619], "children": [{"id": 3, "label": "back_single_surface", "box": [-0.01766757294535637, 0.17415162920951843, -0.31066665053367615, 0.16923940181732178, 0.5644955039024353, 1.261641025543213, 0.00021228380501270294, 0.010538807138800621, -0.9999444484710693, 0.0018833637004718184, -0.9999427199363708, -0.010538388974964619]}]}]}, {"id": 4, "label": "chair_arm", "box": [0.5469520092010498, 0.17483220994472504, 0.10447743535041809, 0.13711883127689362, 0.5726226568222046, 0.7808484435081482, 0.9999821782112122, 0.005785513203591108, -0.0014652094105258584, -0.005808865651488304, 0.9998474717140198, -0.01646975427865982], "children": [{"id": 5, "label": "arm_sofa_style", "box": [0.5469520092010498, 0.17483220994472504, 0.10447743535041809, 0.13711883127689362, 0.5726226568222046, 0.7808484435081482, 0.9999821782112122, 0.005785513203591108, -0.0014652094105258584, -0.005808865651488304, 0.9998474717140198, -0.01646975427865982]}]}, {"id": 6, "label": "chair_arm", "box": [-0.5679266452789307, 0.17705713212490082, 0.11354754120111465, 0.1621798276901245, 0.5558027625083923, 0.755247950553894, 0.9999977350234985, -0.000928135123103857, -0.0019165597623214126, -0.0009281330276280642, -0.9999995827674866, 1.966559011634672e-06], "children": [{"id": 7, "label": "arm_sofa_style", "box": [-0.5679266452789307, 0.17705713212490082, 0.11354754120111465, 0.1621798276901245, 0.5558027625083923, 0.755247950553894, 0.9999977350234985, -0.000928135123103857, -0.0019165597623214126, -0.0009281330276280642, -0.9999995827674866, 1.966559011634672e-06]}]}, {"id": 8, "label": "chair_seat", "box": [-0.01721206121146679, -0.1107165664434433, 0.05063250660896301, 0.22149039804935455, 0.8867509961128235, 1.2606236934661865, -0.024019543081521988, -0.9997115135192871, 0.0, 0.0, 0.0, 1.0], "children": [{"id": 9, "label": "seat_surface", "box": [-0.016792505979537964, -0.049497999250888824, 0.12388550490140915, 0.07627800107002258, 0.74024498462677, 1.0349030494689941, -1.2246468525851679e-16, -1.0, 0.0, 0.0, 0.0, 1.0], "children": [{"id": 10, "label": "seat_single_surface", "box": [-0.016792505979537964, -0.049497999250888824, 0.12388550490140915, 0.07627800107002258, 0.74024498462677, 1.0349030494689941, -1.2246468525851679e-16, -1.0, 0.0, 0.0, 0.0, 1.0]}]}, {"id": 11, "label": "seat_support", "box": [-0.01571948640048504, -0.15604455769062042, 0.04922749474644661, 0.1753435879945755, 0.8842977285385132, 1.26081120967865, -0.016678929328918457, 0.9998597502708435, -0.0015087458305060863, -0.0001890997082227841, 0.0015058012213557959, 0.9999988675117493]}], "edges": [{"part_b": 0, "part_a": 1, "dist": 0.0036352829953245724, "type": "ADJ"}]}, {"id": 12, "label": "chair_base", "box": [-0.01669001579284668, -0.43871521949768066, 0.04929941147565842, 0.5222114324569702, 0.8840895295143127, 1.2143059968948364, 6.238159062581021e-22, -1.0, -1.018768671201542e-05, -6.123234262925839e-17, -1.018768671201542e-05, 1.0], "children": [{"id": 13, "label": "regular_leg_base", "box": [-0.01669001579284668, -0.43871521949768066, 0.04929941147565842, 0.5222114324569702, 0.8840895295143127, 1.2143059968948364, 6.238159062581021e-22, -1.0, -1.018768671201542e-05, -6.123234262925839e-17, -1.018768671201542e-05, 1.0], "children": [{"id": 14, "label": "leg", "box": [-0.5724045634269714, -0.4394664466381073, -0.3383919298648834, 0.11432872712612152, 0.11477085947990417, 0.5208732485771179, 0.9996978044509888, -0.024525027722120285, 0.001680346205830574, -0.001998922321945429, -0.012971104122698307, 0.9999138712882996]}, {"id": 15, "label": "leg", "box": [0.5326372981071472, -0.4387536644935608, 0.4395189583301544, 0.1065126582980156, 0.1147824302315712, 0.5220575332641602, -0.010598800145089626, -0.006553622428327799, -0.9999223351478577, 0.999940037727356, -0.0028161804657429457, -0.010580530390143394]}, {"id": 16, "label": "leg", "box": [0.5343814492225647, -0.4505082666873932, -0.33534249663352966, 0.1140885055065155, 0.1147518903017044, 0.49865028262138367, -0.999958872795105, -0.006040637381374836, 0.006762239150702953, 0.006762363016605377, -4.541890419318406e-08, 0.9999771118164062]}, {"id": 17, "label": "leg", "box": [-0.5569803714752197, -0.4454463720321655, 0.4340176582336426, 0.11485515534877777, 0.13367444276809692, 0.5087413787841797, 0.006921747699379921, -2.7523396965989377e-06, -0.9999760389328003, 0.9999760389328003, -3.4945733204949647e-06, 0.006921747699379921]}], "edges": [{"params": [-0.016360431909561157, -0.45214563608169556, 0.049661412835121155, -0.8178927302360535, -0.0015458744019269943, -0.5753687024116516], "part_b": 0, "part_a": 1, "dist": 0.02636032957729857, "type": "REF_SYM"}, {"params": [-1.1102294921875, -0.0020984113216400146, -0.7810208797454834], "part_b": 0, "part_a": 1, "dist": 0.02234670375213968, "type": "TRANS_SYM"}, {"params": [-0.016869693994522095, -0.456251323223114, -0.3406963348388672, -0.999984860420227, 0.005510954186320305, -0.00027531260275281966], "part_b": 0, "part_a": 2, "dist": 0.02205637281230617, "type": "REF_SYM"}, {"params": [-1.1092109680175781, 0.006112903356552124, -0.00030538439750671387], "part_b": 0, "part_a": 2, "dist": 0.02154302504088943, "type": "TRANS_SYM"}, {"params": [-0.010496752336621284, 0.5449057221412659, -0.6941676735877991, -0.005505155771970749, -0.9999790787696838, -0.003409032477065921, 1.99803626537323], "part_b": 0, "part_a": 2, "dist": 0.027970701164873872, "type": "ROT_SYM"}, {"params": [0.5382450222969055, -0.4552021026611328, 0.04981410503387451, 0.0013045301893725991, 0.010517086833715439, 0.9999437928199768], "part_b": 1, "part_a": 2, "dist": 0.02387960810932021, "type": "REF_SYM"}, {"params": [0.001018524169921875, 0.008211314678192139, 0.7807155251502991], "part_b": 1, "part_a": 2, "dist": 0.022641611573317955, "type": "TRANS_SYM"}, {"params": [-0.571094274520874, -0.45574745535850525, 0.04910232126712799, -0.0009766231523826718, 0.006545797921717167, -0.9999780654907227], "part_b": 0, "part_a": 3, "dist": 0.021596407515084876, "type": "REF_SYM"}, {"params": [-0.0007616877555847168, 0.005105197429656982, -0.7799026966094971], "part_b": 0, "part_a": 3, "dist": 0.021609128659111146, "type": "TRANS_SYM"}, {"params": [2.876143217086792, 0.10975483059883118, 0.03204801678657532, 0.1283484697341919, -0.9914739727973938, 0.022495267912745476, 0.2223697453737259], "part_b": 0, "part_a": 3, "dist": 0.02739593452007107, "type": "ROT_SYM"}, {"params": [-0.0159795880317688, -0.45469826459884644, 0.4396127760410309, 0.9999784231185913, 0.006492710672318935, 0.0010078337509185076], "part_b": 1, "part_a": 3, "dist": 0.023373146705332363, "type": "REF_SYM"}, {"params": [1.1094677448272705, 0.007203608751296997, 0.0011181831359863281], "part_b": 1, "part_a": 3, "dist": 0.02233157734298109, "type": "TRANS_SYM"}, {"params": [-0.016252629458904266, -0.45464253425598145, 0.7284327149391174, -0.0016037608729675412, -0.9999930262565613, -0.0033808096777647734, 2.181533098220825], "part_b": 1, "part_a": 3, "dist": 0.029819529516438525,