{"id": 0, "label": "chair", "box": [0.001014221110381186, 0.018509577959775925, 0.11195637285709381, 0.7768089771270752, 1.653228521347046, 0.7629400491714478, 0.9999869465827942, -0.0003527648514136672, -0.005092207342386246, 0.00031352482619695365, 0.9999702572822571, -0.007704642601311207], "children": [{"id": 1, "label": "chair_back", "box": [-0.003837823634967208, 0.3541002571582794, -0.19109182059764862, 0.7802845239639282, 0.9905733466148376, 0.1784253567457199, 0.9999853372573853, 0.005417012143880129, -0.0001593408960616216, -0.005419354885816574, 0.999541163444519, -0.029801439493894577], "children": [{"id": 2, "label": "back_surface", "box": [-0.006261209025979042, 0.3629882335662842, -0.20161569118499756, 0.7837698459625244, 1.0322189331054688, 0.1817997395992279, 0.9999998807907104, 0.00020923319971188903, 0.0004312236269470304, -0.0001981028908630833, 0.9996709227561951, -0.025651363655924797], "children": [{"id": 3, "label": "back_single_surface", "box": [-4.131905734539032e-05, 0.37248772382736206, -0.19834086298942566, 0.7871201038360596, 1.0069518089294434, 0.16850592195987701, 0.9999942779541016, -0.0018018829869106412, -0.0028681571129709482, 0.001723023597151041, 0.9996268153190613, -0.02726377733051777]}]}]}, {"id": 4, "label": "chair_seat", "box": [0.0006172023131512105, -0.09996850043535233, 0.13686975836753845, 0.7179774641990662, 0.18940429389476776, 0.7131075859069824, 0.9999978542327881, -0.00010931468568742275, -0.00206175958737731, 0.00013268717157188803, 0.9999356865882874, 0.011339458636939526], "children": [{"id": 5, "label": "seat_surface", "box": [0.0006172190769575536, -0.11046779155731201, 0.14447720348834991, 0.7366193532943726, 0.17786210775375366, 0.7030306458473206, 0.9999701380729675, 0.0015605066437274218, -0.007570341695100069, -0.0014646045165136456, 0.9999188184738159, 0.012657186016440392], "children": [{"id": 6, "label": "seat_single_surface", "box": [0.00044045221875421703, -0.11704551428556442, 0.13941596448421478, 0.7363781929016113, 0.17034666240215302, 0.7349755167961121, 0.9999964833259583, 0.0002632278483361006, 0.0026392778381705284, -0.0003084845666307956, 0.99985271692276, 0.017161663621664047]}]}]}, {"id": 7, "label": "chair_base", "box": [0.002274751430377364, -0.4778424799442291, 0.11093906313180923, 0.734609067440033, 0.6376264691352844, 0.7576550245285034, 0.9999802708625793, 0.002412277739495039, 0.005806952714920044, -0.0024271977599710226, 0.9999938011169434, 0.0025636947248131037], "children": [{"id": 8, "label": "regular_leg_base", "box": [-0.00048031655023805797, -0.4802568554878235, 0.11524684727191925, 0.735693097114563, 0.6344171762466431, 0.7589291930198669, 0.9999993443489075, -0.0011064717546105385, -0.00027555672568269074, 0.0011063729180023074, 0.9999993443489075, -0.00035874510649591684], "children": [{"id": 9, "label": "leg", "box": [-0.31139853596687317, -0.4927594065666199, -0.19482238590717316, 0.10545814037322998, 0.6328033804893494, 0.10300139337778091, 0.9997628927230835, -0.008576223626732826, -0.020017199218273163, 0.009541550651192665, 0.9987708926200867, 0.04863852635025978]}, {"id": 12, "label": "leg", "box": [-0.31667816638946533, -0.48323503136634827, 0.44302260875701904, 0.10498151183128357, 0.6440979242324829, 0.10474671423435211, 0.9996781945228577, -0.009608590975403786, 0.023476943373680115, 0.009801357984542847, 0.9999191164970398, -0.008109633810818195]}, {"id": 10, "label": "leg", "box": [0.2897123098373413, -0.4874139428138733, -0.19496004283428192, 0.1102067232131958, 0.6443605422973633, 0.10726697742938995, 0.9992243647575378, 0.007710274774581194, 0.03861658647656441, -0.00942460261285305, 0.9989689588546753, 0.04441011697053909]}, {"id": 11, "label": "leg", "box": [0.31767234206199646, -0.48224493861198425, 0.43948638439178467, 0.1078697219491005, 0.6525911688804626, 0.10329242050647736, 0.9995335340499878, 0.013376442715525627, -0.02745603397488594, -0.013661935925483704, 0.9998542666435242, -0.010237074457108974]}], "edges": [{"part_a": 0, "part_b": 1, "type": "ROT_SYM"}, {"part_a": 0, "part_b": 1, "type": "TRANS_SYM"}, {"part_a": 0, "part_b": 1, "type": "REF_SYM"}, {"part_a": 0, "part_b": 2, "type": "ROT_SYM"}, {"part_a": 0, "part_b": 2, "type": "TRANS_SYM"}, {"part_a": 0, "part_b": 2, "type": "REF_SYM"}, {"part_a": 0, "part_b": 3, "type": "ROT_SYM"}, {"part_a": 0, "part_b": 3, "type": "TRANS_SYM"}, {"part_a": 0, "part_b": 3, "type": "REF_SYM"}, {"part_a": 1, "part_b": 0, "type": "ROT_SYM"}, {"part_a": 1, "part_b": 0, "type": "TRANS_SYM"}, {"part_a": 1, "part_b": 0, "type": "REF_SYM"}, {"part_a": 1, "part_b": 2, "type": "ROT_SYM"}, {"part_a": 1, "part_b": 2, "type": "TRANS_SYM"}, {"part_a": 1, "part_b": 2, "type": "REF_SYM"}, {"part_a": 1, "part_b": 3, "type": "ROT_SYM"}, {"part_a": 1, "part_b": 3, "type": "TRANS_SYM"}, {"part_a": 1, "part_b": 3, "type": "REF_SYM"}, {"part_a": 2, "part_b": 0, "type": "ROT_SYM"}, {"part_a": 2, "part_b": 0, "type": "TRANS_SYM"}, {"part_a": 2, "part_b": 0, "type": "REF_SYM"}, {"part_a": 2, "part_b": 1, "type": "ROT_SYM"}, {"part_a": 2, "part_b": 1, "type": "TRANS_SYM"}, {"part_a": 2, "part_b": 1, "type": "REF_SYM"}, {"part_a": 2, "part_b": 3, "type": "ROT_SYM"}, {"part_a": 2, "part_b": 3, "type": "TRANS_SYM"}, {"part_a": 2, "part_b": 3, "type": "REF_SYM"}, {"part_a": 3, "part_b": 0, "type": "ROT_SYM"}, {"part_a": 3, "part_b": 0, "type": "TRANS_SYM"}, {"part_a": 3, "part_b": 0, "type": "REF_SYM"}, {"part_a": 3, "part_b": 1, "type": "ROT_SYM"}, {"part_a": 3, "part_b": 1, "type": "TRANS_SYM"}, {"part_a": 3, "part_b": 1, "type": "REF_SYM"}, {"part_a": 3, "part_b": 2, "type": "ROT_SYM"}, {"part_a": 3, "part_b": 2, "type": "TRANS_SYM"}, {"part_a": 3, "part_b": 2, "type": "REF_SYM"}]}]}], "edges": [{"part_a": 0, "part_b": 1, "type": "ADJ"}, {"part_a": 1, "part_b": 0, "type": "ADJ"}, {"part_a": 1, "part_b": 2, "type": "ADJ"}, {"part_a": 2, "part_b": 1, "type": "ADJ"}]}