{"id": 0, "label": "chair", "box": [0.0001159907114924863, -0.04628120735287666, 0.0804191529750824, 0.8557001948356628, 0.9075652956962585, 1.4971891641616821, 1.0, -4.18293711845763e-06, -9.73869173321873e-05, 9.738084190757945e-05, -0.0014279793249443173, 0.9999989867210388], "children": [{"id": 1, "label": "chair_back", "box": [7.198200182756409e-05, 0.3531269431114197, -0.26278042793273926, 0.07620854675769806, 0.7249996066093445, 0.8557111024856567, 1.7587142053798743e-07, -0.21072669327259064, -0.9775450229644775, 6.695370393572375e-05, -0.9775450229644775, 0.21072669327259064], "children": [{"id": 2, "label": "back_surface", "box": [7.198200182756409e-05, 0.3531269431114197, -0.26278042793273926, 0.07620854675769806, 0.7249996066093445, 0.8557111024856567, 1.7587142053798743e-07, -0.21072669327259064, -0.9775450229644775, 6.695370393572375e-05, -0.9775450229644775, 0.21072669327259064], "children": [{"id": 3, "label": "back_single_surface", "box": [7.198200182756409e-05, 0.3531269431114197, -0.26278042793273926, 0.07620854675769806, 0.7249996066093445, 0.8557111024856567, 1.7587142053798743e-07, -0.21072669327259064, -0.9775450229644775, 6.695370393572375e-05, -0.9775450229644775, 0.21072669327259064]}]}]}, {"id": 4, "label": "chair_seat", "box": [0.0003336191293783486, -0.05665750056505203, 0.153375506401062, 0.15750499069690704, 0.7604010105133057, 0.8550699949264526, -6.064994522603229e-06, -1.0, 0.0, 0.0, 0.0, 1.0], "children": [{"id": 5, "label": "seat_surface", "box": [0.0003336191293783486, -0.05665750056505203, 0.153375506401062, 0.15750499069690704, 0.7604010105133057, 0.8550699949264526, -6.064994522603229e-06, -1.0, 0.0, 0.0, 0.0, 1.0], "children": [{"id": 6, "label": "seat_single_surface", "box": [0.0003336191293783486, -0.05665750056505203, 0.153375506401062, 0.15750499069690704, 0.7604010105133057, 0.8550699949264526, -6.064994522603229e-06, -1.0, 0.0, 0.0, 0.0, 1.0]}]}]}, {"id": 7, "label": "chair_base", "box": [7.419241592288017e-05, -0.42681846022605896, 0.07927529513835907, 0.7300644516944885, 0.8543956279754639, 0.9100199341773987, 0.0029691762756556273, -0.9999908804893494, 0.003063963493332267, -0.9999955296516418, -0.0029703546315431595, -0.0003800767008215189], "children": [{"id": 8, "label": "regular_leg_base", "box": [7.419241592288017e-05, -0.42681846022605896, 0.07927529513835907, 0.7300644516944885, 0.8543956279754639, 0.9100199341773987, 0.0029691762756556273, -0.9999908804893494, 0.003063963493332267, -0.9999955296516418, -0.0029703546315431595, -0.0003800767008215189], "children": [{"id": 9, "label": "leg", "box": [0.35938650369644165, -0.41757822036743164, 0.5062131285667419, 0.0634247437119484, 0.06374902278184891, 0.716746985912323, -0.9999293088912964, -0.0008836584165692329, 0.011858569458127022, 0.011844928376376629, 0.014107913710176945, 0.9998303055763245]}, {"id": 10, "label": "leg", "box": [-0.36046677827835083, -0.4239124357700348, 0.44665127992630005, 0.06388070434331894, 0.17457564175128937, 0.7044261693954468, -0.999996542930603, -1.0759921842407039e-08, -0.002619500271975994, -0.0026194921229034662, 0.002482364419847727, 0.9999935030937195]}, {"id": 11, "label": "leg", "box": [-0.3781099021434784, -0.44375136494636536, -0.2602075934410095, 0.07885509729385376, 0.10314134508371353, 0.7287077307701111, 0.009378635324537754, 0.2067756950855255, -0.9783434271812439, 0.9999027848243713, -0.012037026695907116, 0.007041247561573982]}, {"id": 12, "label": "leg", "box": [0.3745439648628235, -0.4310864508152008, -0.25780951976776123, 0.07873925566673279, 0.10349428653717041, 0.7525978088378906, -1.2731137634984261e-17, 0.20791524648666382, -0.9781468510627747, 1.0, -0.00013618315279018134, -2.894714089052286e-05]}], "edges": [{"type": "REF_SYM", "part_a": 1, "params": [-0.0016474425792694092, -0.4267379343509674, 0.5047082901000977, 0.9999627470970154, -0.008238086476922035, 0.0025657827500253916], "dist": 0.016522615959877862, "part_b": 0}, {"type": "TRANS_SYM", "part_a": 1, "params": [0.7278104424476624, -0.005995988845825195, 0.0018674731254577637], "dist": 0.015707944859659918, "part_b": 0}, {"type": "ROT_SYM", "part_a": 1, "params": [-0.0034115947782993317, -0.4700741767883301, 1.5017815828323364, 0.013362954370677471, -0.9997915029525757, -0.015438010916113853, 0.6994200944900513], "dist": 0.018464734676276115, "part_b": 0}, {"type": "ROT_SYM", "part_a": 3, "params": [-0.34711596369743347, -0.22665221989154816, -0.22154109179973602, -0.12514503300189972, -0.9871246218681335, -0.09961746633052826, 1.591617226600647], "dist": 0.03605256242651966, "part_b": 1}, {"type": "REF_SYM", "part_a": 3, "params": [0.00024051964282989502, -0.43974506855010986, -0.2554740607738495, -0.9999961853027344, 0.0025351785589009523, 0.0010320789879187942], "dist": 0.014989684402393065, "part_b": 2}, {"type": "TRANS_SYM", "part_a": 3, "params": [-0.755335807800293, 0.0019149184226989746, 0.000779569149017334], "dist": 0.014972150235215458, "part_b": 2}, {"type": "ROT_SYM", "part_a": 3, "params": [0.14312998950481415, 8.508761405944824, 60.79343032836914, 0.0020319640170782804, 0.991512656211853, -0.1299944967031479, 0.012241239659488201], "dist": 0.01522349649536413, "part_b": 2}]}]}], "edges": [{"type": "ADJ", "part_a": 1, "dist": 0.008506069031832028, "part_b": 0}, {"type": "ADJ", "part_a": 2, "dist": 0.013543186992831802, "part_b": 1}]}