{"id": 0, "label": "chair", "box": [-0.00445718364790082, -0.02400166355073452, 0.10179183632135391, 0.8880722522735596, 1.4171258211135864, 0.935554027557373, 0.9999874830245972, 8.365268149645999e-05, -0.005007670260965824, -8.066040027188137e-05, 0.9999998211860657, 0.0005977375549264252], "children": [{"id": 1, "label": "chair_back", "box": [0.0025258923415094614, 0.3300693929195404, -0.2726927399635315, 0.8282943367958069, 0.7129719853401184, 0.14888174831867218, 0.9999967217445374, -0.002399047836661339, 0.0009157393942587078, 0.002451786072924733, 0.9980261325836182, -0.06275298446416855], "children": [{"id": 2, "label": "back_surface", "box": [-0.00024219602346420288, 0.3390868008136749, -0.27459415793418884, 0.7878929376602173, 0.7269248366355896, 0.12532952427864075, 0.9999790191650391, -0.003561597317457199, -0.0054100980050861835, 0.003147326409816742, 0.9971979856491089, -0.07474122941493988], "children": [{"id": 3, "label": "back_single_surface", "box": [0.0016439728206023574, 0.3428018093109131, -0.2582780420780182, 0.8247275948524475, 0.718895435333252, 0.13258115947246552, 0.999988853931427, 0.0001912610896397382, 0.004721298813819885, 0.00018258803174830973, 0.9968701601028442, -0.07905631512403488]}]}]}, {"id": 4, "label": "chair_seat", "box": [0.004243765491992235, -0.00942240934818983, 0.12788425385951996, 0.8754851222038269, 0.12939587235450745, 0.8275119662284851, 0.9999959468841553, 0.0028418099973350763, -0.000239818575209938, -0.002837397390976548, 0.9998558759689331, 0.016741016879677773], "children": [{"id": 5, "label": "seat_surface", "box": [0.0015438856789842248, -0.045404694974422455, 0.12351379543542862, 0.847678005695343, 0.139775350689888, 0.836060643196106, 0.9999817609786987, -0.002993334084749222, -0.005248628556728363, 0.0030635592993348837, 0.9999052286148071, 0.01342315785586834], "children": [{"id": 6, "label": "seat_single_surface", "box": [-0.0038235727697610855, -0.03653554990887642, 0.13121752440929413, 0.8418715000152588, 0.13639816641807556, 0.8238304853439331, 0.9999961256980896, 0.000542163266800344, -0.0027436099480837584, -0.0004806271172128618, 0.9997494220733643, 0.022380050271749496]}]}]}, {"id": 7, "label": "chair_base", "box": [0.003778238547965884, -0.38858646154403687, 0.09522803872823715, 0.870450496673584, 0.6906725764274597, 0.9223722219467163, 0.9999915957450867, 0.0031638802029192448, 0.002622484229505062, -0.003156071063131094, 0.9999905824661255, -0.0029764228966087103], "children": [{"id": 8, "label": "regular_leg_base", "box": [0.005691009573638439, -0.3929404616355896, 0.09392931312322617, 0.8750040531158447, 0.7043182849884033, 0.9222244620323181, 0.9999988675117493, -0.0008575006504543126, 0.001232671202160418, 0.0008563031442463398, 0.9999991655349731, 0.0009716828935779631], "children": [{"id": 11, "label": "leg", "box": [-0.3701213002204895, -0.4153984785079956, -0.2897064685821533, 0.09376463294029236, 0.7069755792617798, 0.12326648831367493, 0.9994973540306091, -0.024310080334544182, -0.020349500700831413, 0.026966935023665428, 0.9894229769706726, 0.142530620098114]}, {"id": 10, "label": "leg", "box": [-0.3739674985408783, -0.4090988337993622, 0.46867233514785767, 0.10546186566352844, 0.6984218955039978, 0.12121640890836716, 0.9989258646965027, -0.01691635511815548, 0.04313959926366806, 0.019094351679086685, 0.9985371828079224, -0.050585389137268066]}, {"id": 12, "label": "leg", "box": [0.35736992955207825, -0.41105917096138, -0.2763659358024597, 0.11010365188121796, 0.7022740840911865, 0.12678715586662292, 0.9976397752761841, 0.01484479010105133, 0.06704161316156387, -0.023797612637281418, 0.9905887246131897, 0.1347874104976654]}, {"id": 9, "label": "leg", "box": [0.37108516693115234, -0.40799883008003235, 0.45738163590431213, 0.09667626768350601, 0.6931028962135315, 0.12653255462646484, 0.9995235800743103, 0.010493708774447441, -0.029026582837104797, -0.012042678892612457, 0.9984837174415588, -0.05371434614062309]}], "edges": [{"part_a": 0, "part_b": 1, "type": "ROT_SYM"}, {"part_a": 0, "part_b": 1, "type": "REF_SYM"}, {"part_a": 0, "part_b": 2, "type": "ROT_SYM"}, {"part_a": 0, "part_b": 2, "type": "TRANS_SYM"}, {"part_a": 0, "part_b": 2, "type": "REF_SYM"}, {"part_a": 0, "part_b": 3, "type": "ROT_SYM"}, {"part_a": 1, "part_b": 0, "type": "ROT_SYM"}, {"part_a": 1, "part_b": 0, "type": "REF_SYM"}, {"part_a": 1, "part_b": 2, "type": "ROT_SYM"}, {"part_a": 1, "part_b": 3, "type": "ROT_SYM"}, {"part_a": 1, "part_b": 3, "type": "TRANS_SYM"}, {"part_a": 1, "part_b": 3, "type": "REF_SYM"}, {"part_a": 2, "part_b": 0, "type": "ROT_SYM"}, {"part_a": 2, "part_b": 0, "type": "TRANS_SYM"}, {"part_a": 2, "part_b": 0, "type": "REF_SYM"}, {"part_a": 2, "part_b": 1, "type": "ROT_SYM"}, {"part_a": 2, "part_b": 3, "type": "ROT_SYM"}, {"part_a": 2, "part_b": 3, "type": "REF_SYM"}, {"part_a": 3, "part_b": 0, "type": "ROT_SYM"}, {"part_a": 3, "part_b": 1, "type": "ROT_SYM"}, {"part_a": 3, "part_b": 1, "type": "TRANS_SYM"}, {"part_a": 3, "part_b": 1, "type": "REF_SYM"}, {"part_a": 3, "part_b": 2, "type": "ROT_SYM"}, {"part_a": 3, "part_b": 2, "type": "REF_SYM"}]}]}], "edges": [{"part_a": 0, "part_b": 1, "type": "ADJ"}, {"part_a": 1, "part_b": 0, "type": "ADJ"}, {"part_a": 1, "part_b": 2, "type": "ADJ"}, {"part_a": 2, "part_b": 1, "type": "ADJ"}]}