{"id": 0, "label": "chair", "box": [-0.0015518590807914734, -0.0712500587105751, 0.12114057689905167, 0.7030350565910339, 0.8761341571807861, 1.5300512313842773, -1.0, -2.507684484953643e-06, -6.104093336034566e-05, -6.109242531238124e-05, 0.041047390550374985, 0.999157190322876], "children": [{"id": 1, "label": "chair_back", "box": [-0.005654544103890657, 0.30378490686416626, -0.25792738795280457, 0.14040546119213104, 0.5802061557769775, 0.7574270367622375, -5.10376958118286e-05, -0.15788118541240692, -0.9874581098556519, -0.9999488592147827, -0.009977234527468681, 0.00164690800011158], "children": [{"id": 2, "label": "back_surface", "box": [-0.005654544103890657, 0.30378490686416626, -0.25792738795280457, 0.14040546119213104, 0.5802061557769775, 0.7574270367622375, -5.10376958118286e-05, -0.15788118541240692, -0.9874581098556519, -0.9999488592147827, -0.009977234527468681, 0.00164690800011158], "children": [{"id": 3, "label": "back_single_surface", "box": [-0.005654544103890657, 0.30378490686416626, -0.25792738795280457, 0.14040546119213104, 0.5802061557769775, 0.7574270367622375, -5.10376958118286e-05, -0.15788118541240692, -0.9874581098556519, -0.9999488592147827, -0.009977234527468681, 0.00164690800011158]}]}]}, {"id": 4, "label": "chair_seat", "box": [-0.001593402004800737, -0.12557411193847656, 0.1449139416217804, 0.16314581036567688, 0.7030559778213501, 0.8306097984313965, 0.0006038916762918234, -0.9999998211860657, -0.0001500151993241161, -0.9999998211860657, -0.0006038988940417767, 4.786950012203306e-05], "children": [{"id": 5, "label": "seat_surface", "box": [-0.001593402004800737, -0.12557411193847656, 0.1449139416217804, 0.16314581036567688, 0.7030559778213501, 0.8306097984313965, 0.0006038916762918234, -0.9999998211860657, -0.0001500151993241161, -0.9999998211860657, -0.0006038988940417767, 4.786950012203306e-05], "children": [{"id": 6, "label": "seat_single_surface", "box": [-0.001593402004800737, -0.12557411193847656, 0.1449139416217804, 0.16314581036567688, 0.7030559778213501, 0.8306097984313965, 0.0006038916762918234, -0.9999998211860657, -0.0001500151993241161, -0.9999998211860657, -0.0006038988940417767, 4.786950012203306e-05]}]}]}, {"id": 7, "label": "chair_base", "box": [-0.0015735030174255371, -0.5120394825935364, 0.12779600918293, 0.6151729822158813, 0.6670330166816711, 0.8286640644073486, 1.2246468525851679e-16, 1.0, 0.0, 1.0, -1.2246468525851679e-16, 0.0], "children": [{"id": 8, "label": "regular_leg_base", "box": [-0.0015735030174255371, -0.5120394825935364, 0.12779600918293, 0.6151729822158813, 0.6670330166816711, 0.8286640644073486, 1.2246468525851679e-16, 1.0, 0.0, 1.0, -1.2246468525851679e-16, 0.0], "children": [{"id": 9, "label": "leg", "box": [0.2315710037946701, -0.5120394825935364, -0.23245450854301453, 0.062314003705978394, 0.06238178163766861, 0.6214865446090698, -1.0, 0.0, -6.123234262925839e-17, -6.106473598482045e-17, -0.07393882423639297, 0.9972627758979797]}, {"id": 10, "label": "leg", "box": [-0.23578500747680664, -0.5120394825935364, -0.23245450854301453, 0.0623139888048172, 0.06238178163766861, 0.6214865446090698, -1.0, 0.0, -6.123234262925839e-17, -6.106473598482045e-17, -0.07393882423639297, 0.9972627758979797]}, {"id": 11, "label": "leg", "box": [0.30078598856925964, -0.5120394825935364, 0.5109705328941345, 0.062314003705978394, 0.062315016984939575, 0.6151729822158813, 1.0, -1.8369701465288538e-16, 0.0, 0.0, 0.0, 1.0]}, {"id": 12, "label": "leg", "box": [-0.3039330244064331, -0.5120394825935364, 0.5109705328941345, 0.062314003705978394, 0.062315016984939575, 0.6151729822158813, 1.0, -1.8369701465288538e-16, 0.0, 0.0, 0.0, 1.0]}], "edges": [{"part_b": 0, "part_a": 1, "type": "REF_SYM", "dist": 0.019327082585455405, "params": [-0.005933426320552826, -0.5039538145065308, -0.23567748069763184, 0.9999879598617554, 0.004858371801674366, -0.0007174951024353504]}, {"part_b": 0, "part_a": 1, "type": "TRANS_SYM", "dist": 0.014979379476987204, "params": [0.46711522340774536, 0.002269446849822998, -0.0003351569175720215]}, {"part_b": 0, "part_a": 1, "type": "ROT_SYM", "dist": 0.016711952882915524, "params": [-0.009153565391898155, -0.2785949409008026, -3.1572751998901367, -0.003887925995513797, 0.9976118803024292, 0.06896048784255981, 0.1590801626443863]}, {"part_b": 0, "part_a": 2, "type": "REF_SYM", "dist": 0.032647905866752716, "params": [0.2622864544391632, -0.4990650415420532, 0.13974632322788239, -0.09189207851886749, -0.009952289052307606, -0.9957192540168762]}, {"part_b": 0, "part_a": 2, "type": "TRANS_SYM", "dist": 0.03288657241817965, "params": [-0.06932450830936432, -0.007508128881454468, -0.7511827945709229]}, {"part_b": 0, "part_a": 2, "type": "ROT_SYM", "dist": 0.01858163188047697, "params": [2.554567813873291, 0.06423115730285645, -0.07461727410554886, 0.31869152188301086, -0.9475465416908264, -0.02431427873671055, 0.3167746067047119]}, {"part_b": 1, "part_a": 2, "type": "REF_SYM", "dist": 0.037524603687779934, "params": [0.028728827834129333, -0.5001997947692871, 0.1399139016866684, -0.5812917351722717, -0.010595083236694336, -0.813626229763031]}, {"part_b": 1, "part_a": 2, "type": "TRANS_SYM", "dist": 0.03355621494096378, "params": [-0.5364397764205933, -0.009777575731277466, -0.750847578048706]}, {"part_b": 1, "part_a": 2, "type": "ROT_SYM", "dist": 0.02656280813532445, "params": [1.615771770477295, -0.3110097050666809, -1.002895712852478, 0.12992778420448303, -0.9904883503913879, -0.0452948734164238, 0.4614310562610626]}, {"part_b": 0, "part_a": 3, "type": "REF_SYM", "dist": 0.03237671977103452, "params": [-0.04001680761575699, -0.49690306186676025, 0.13979361951351166, 0.580224871635437, -0.012825556099414825, -0.8143553733825684]}, {"part_b": 0, "part_a": 3, "type": "TRANS_SYM", "dist": 0.0324784808321111, "params": [0.5352820158004761, -0.011832118034362793, -0.7512773275375366]}, {"part_b": 0, "part_a": 3, "type": "ROT_SYM", "dist": 0.02599919460994731, "params": [-0.31277862191200256, -0.4647649824619293, -0.05323619395494461, 0.02031627483665943, 0.9988459348678589, 0.04351960867643356, 1.8841187953948975]}, {"part_b": 1, "part_a": 3, "type": "REF_SYM", "dist": 0.034871690036896656, "params": [-0.2735744118690491, -0.49803778529167175, 0.13996119797229767, 0.09038747102022171, -0.018698330968618393, -0.9957311153411865]}, {"part_b": 1, "part_a": 3, "type": "TRANS_SYM", "dist": 0.0327455502250162, "params": [0.06816676259040833, -0.014101564884185791, -0.7509422302246094]}, {"part_b": 1, "part_a": 3, "type": "ROT_SYM", "dist": 0.03191299577953677, "params": [-0.5953090190887451, -0.4785018265247345, 0.11267460882663727, 0.009901008568704128, 0.9988113641738892, 0.04772677272558212, 1.7224775552749634]}, {"part_b": 2, "part_a": 3, "type": "REF_SYM", "dist": 0.015431020999314114, "params": [-0.005354553461074829, -0.4931489825248718, 0.5153850317001343, 0.9999743700027466, -0.007151557598263025, -0.0001564491103636101]}, {"part_b": 2, "part_a": 3, "type": "TRANS_SYM", "dist": 0.014534239233442065, "params": [0.6046065092086792, -0.004323989152908325, -9.459257125854492e-05]}, {"part_b": 2, "part_a": 3, "type": "ROT_SYM", "dist": 0.022310505539764852, "params": [-0.0053374283015728, -0.4915190041065216, 0.35805198550224304, 0.016813214868307114, 0.9996906518936157, -0.0183281060308218, 2.1821253299713135]}]}]}], "edges": [{"part_b": 0, "part_a": 1, "type": "ADJ", "dist": 0.014326030733356941}, {"part_b": 1, "part_a": 2, "type": "ADJ", "dist": 0.005792640835560347}]}