{"id": 0, "label": "chair", "box": [0.012766480445861816, 0.041927456855773926, 0.1620752513408661, 1.0175024271011353, 1.2002509832382202, 1.2821677923202515, 7.798330043168198e-21, -1.0, -0.00012735639757011086, 1.0, 0.0, 6.123234262925839e-17], "children": [{"id": 1, "label": "chair_back", "box": [0.01276906207203865, 0.3053373694419861, -0.3175542652606964, 0.322870671749115, 0.4908197820186615, 1.2002596855163574, -3.509660018607974e-05, 0.00010760890290839598, -1.0, -1.3166098142392002e-05, -1.0, -0.00010760844452306628], "children": [{"id": 2, "label": "back_surface", "box": [0.012766439467668533, 0.34797054529190063, -0.23752596974372864, 0.10572434961795807, 0.40336504578590393, 1.2002509832382202, 5.566240588450455e-07, -0.1642840951681137, -0.9864130616188049, -3.599128604037105e-07, 0.9864130616188049, -0.1642840951681137], "children": [{"id": 3, "label": "back_single_surface", "box": [0.012766439467668533, 0.34797054529190063, -0.23752596974372864, 0.10572434961795807, 0.40336504578590393, 1.2002509832382202, 5.566240588450455e-07, -0.1642840951681137, -0.9864130616188049, -3.599128604037105e-07, 0.9864130616188049, -0.1642840951681137]}]}, {"id": 4, "label": "back_support", "box": [0.012766607105731964, 0.3053323030471802, -0.3392665684223175, 0.279446005821228, 0.49082058668136597, 1.2002569437026978, -3.509660018607974e-05, 0.00010760890290839598, -1.0, -6.819990350237504e-09, -1.0, -0.00010760890290839598]}], "edges": [{"part_b": 0, "part_a": 1, "dist": 0.007152873655743627, "type": "ADJ"}]}, {"id": 5, "label": "chair_seat", "box": [0.012773475609719753, -0.08602160215377808, 0.16197825968265533, 0.32478106021881104, 1.2003110647201538, 1.2829725742340088, 0.00024185850634239614, -0.9999934434890747, -0.0036165800411254168, -1.0, -0.00024185692018363625, -8.747006745579711e-07], "children": [{"id": 6, "label": "seat_surface", "box": [0.012766480445861816, -0.06660431623458862, 0.1620875895023346, 0.2900242209434509, 1.2002509832382202, 1.2821223735809326, -8.469263926563885e-25, -1.0, -0.00016632112965453416, -1.0, -8.469263926563885e-25, 1.0184231545881538e-20], "children": [{"id": 7, "label": "seat_single_surface", "box": [0.012766480445861816, -0.06660431623458862, 0.1620875895023346, 0.2900242209434509, 1.2002509832382202, 1.2821223735809326, -8.469263926563885e-25, -1.0, -0.00016632112965453416, -1.0, -8.469263926563885e-25, 1.0184231545881538e-20]}]}, {"id": 8, "label": "seat_frame", "box": [0.012771623209118843, -0.2131742388010025, 0.16211234033107758, 0.07054171711206436, 1.2000068426132202, 1.2820487022399902, 0.0037591364234685898, 0.9999929070472717, -0.00020100340771023184, -0.9999929070472717, 0.0037591364234685898, -7.603808853673399e-07], "children": [{"id": 9, "label": "seat_frame_bar", "box": [0.6043256521224976, -0.21271058917045593, 0.16197556257247925, 0.017283696681261063, 0.058686286211013794, 1.2809690237045288, 0.9999972581863403, 0.002342073479667306, 2.129416498064529e-05, -0.0023420744109898806, 0.9999972581863403, 3.902611570083536e-05]}, {"id": 10, "label": "seat_frame_bar", "box": [-0.5818091034889221, -0.22233836352825165, 0.16240639984607697, 0.008636057376861572, 0.03848493844270706, 1.2667880058288574, -0.9942837357521057, -0.10676994919776917, -0.0002780774957500398, -0.10676901042461395, 0.9942553639411926, 0.0075256479904055595]}, {"id": 11, "label": "seat_frame_bar", "box": [0.017811868339776993, -0.22189666330814362, -0.44873276352882385, 0.05514392629265785, 0.08389098197221756, 1.1823248863220215, 0.0007238508551381528, -0.9307276606559753, -0.3657122850418091, 0.0003300836542621255, 0.36571258306503296, -0.9307277798652649]}, {"id": 12, "label": "seat_frame_bar", "box": [0.012380257248878479, -0.21317265927791595, 0.1626790165901184, 0.07054171711206436, 1.1941523551940918, 1.2813318967819214, 0.0037591364234685898, 0.9999929070472717, -0.00020100340771023184, -0.9999927282333374, 0.0037589981220662594, -0.0006850012578070164]}], "edges": [{"part_b": 0, "part_a": 2, "dist": 0.0029185164350187163, "type": "ADJ"}, {"part_b": 1, "part_a": 2, "dist": 0.023510451141604757, "type": "ADJ"}, {"part_b": 0, "part_a": 3, "dist": 0.0013590983426297854, "type": "ADJ"}, {"part_b": 1, "part_a": 3, "dist": 0.0008855050655451715, "type": "ADJ"}, {"part_b": 2, "part_a": 3, "dist": 0.0020011458511256853, "type": "ADJ"}, {"part_b": 0, "part_a": 1, "dist": 0.01382783800564492, "params": [0.013989150524139404, -0.2123371809720993, 0.1657055914402008, 0.9998472929000854, 0.013084201142191887, -0.011583104729652405], "type": "REF_SYM"}, {"part_b": 0, "part_a": 1, "dist": 0.008687158965317257, "params": [1.1950398683547974, 0.015638530254364014, -0.013844385743141174], "type": "TRANS_SYM"}, {"part_b": 0, "part_a": 1, "dist": 0.0069409734751925325, "params": [0.05988745018839836, -2.8905563354492188, 0.15956926345825195, -0.011552584357559681, -0.0022263196296989918, -0.999930739402771, 0.4390192925930023], "type": "ROT_SYM"}, {"part_b": 0, "part_a": 2, "dist": 0.034740332990216956, "params": [0.2508542835712433, -0.7275561094284058, -0.048953115940093994, 0.5141626000404358, 0.7084002494812012, -0.4835348129272461, 1.9529149532318115], "type": "ROT_SYM"}, {"part_b": 1, "part_a": 2, "dist": 0.030611924549298473, "params": [-0.2584638297557831, -0.20983538031578064, -0.14142492413520813, -0.7189984917640686, -0.0228286050260067, 0.6946366429328918], "type": "REF_SYM"}]}], "edges": [{"part_b": 0, "part_a": 1, "dist": 0.005170447407557921, "type": "ADJ"}]}, {"id": 13, "label": "chair_base", "box": [0.012184944935142994, -0.3414056897163391, 0.16194850206375122, 0.2525045573711395, 1.1948505640029907, 1.2807341814041138, 0.0012990104733034968, 0.999998927116394, -0.0006369975162670016, 0.9999991655349731, -0.0012989743845537305, 5.7073135394603014e-05], "children": [{"id": 14, "label": "regular_leg_base", "box": [0.012184944935142994, -0.3414056897163391, 0.16194850206375122, 0.2525045573711395, 1.1948505640029907, 1.2807341814041138, 0.0012990104733034968, 0.999998927116394, -0.0006369975162670016, 0.9999991655349731, -0.0012989743845537305, 5.7073135394603014e-05], "children": [{"id": 15, "label": "leg", "box": [0.5955952405929565, -0.34357133507728577, 0.7862378358840942, 0.0347316637635231, 0.041764456778764725, 0.23222751915454865, 0.8281334638595581, -0.08311236649751663, -0.5543350577354431, 0.5585407018661499, 0.03909001499414444, 0.8285555243492126]}, {"id": 16, "label": "leg", "box": [-0.5708508491516113, -0.33525773882865906, 0.79193514585495, 0.025307653471827507, 0.038334380835294724, 0.2434891015291214, 0.4427579343318939, -0.017684221267700195, -0.8964667916297913, -0.8962053656578064, 0.022439833730459213, -0.44307148456573486]}, {"id": 17, "label": "leg", "box": [-0.5696192383766174, -0.34277668595314026, -0.4625649154186249, 0.030314190313220024, 0.030824288725852966, 0.2255997508764267, 0.9997921586036682, 0.018836718052625656, 0.007795840501785278, -0.007828752510249615, 0.0016741122817620635, 0.9999679327011108]}, {"id": 18, "label": "leg", "box": [0.5943044424057007, -0.3442588150501251, -0.4644491970539093, 0.02932373434305191, 0.030288275331258774, 0.22583076357841492, 0.7586730122566223, -0.03604649007320404, 0.6504736542701721, -0.6505500078201294, 0.011172858998179436, 0.7593812346458435]}, {"id": 19, "label": "runner", "box": [0.008089850656688213, -0.45076894760131836, -0.4673859179019928, 0.021423712372779846, 0.04506799578666687, 1.1789908409118652, -0.000324663968058303, 0.004511711653321981, -0.9999897480010986, 0.01226715836673975, 0.9999145865440369, 0.004507389850914478]}, {"id": 20, "label": "runner", "box": [0.013994568958878517, -0.4524014890193939, 0.7934284806251526, 0.021054748445749283, 0.030327511951327324, 1.167767882347107, -0.0007819084567017853, 0.23149901628494263, -0.9728348255157471, -4.1092986066360027e-05, -0.972835123538971, -0.23149904608726501]}], "edges": [{"part_b": 2, "part_a": 4, "dist": 0.005199674411122552, "type": "ADJ"}, {"part_b": 3, "part_a": 4,