{"id": 0, "label": "chair", "box": [0.024184495210647583, 0.056031495332717896, 0.11085247993469238, 0.7375169992446899, 0.9606109857559204, 1.5965330600738525, 1.0, 6.123234262925839e-17, 0.0, 0.0, 0.0, 1.0], "children": [{"id": 1, "label": "chair_back", "box": [0.0241754911839962, 0.40302154421806335, -0.32065099477767944, 0.09760400652885437, 0.7375030517578125, 0.9025559425354004, 0.0, 0.0, -1.0, -1.0, -4.506566256168298e-06, 0.0], "children": [{"id": 2, "label": "back_surface", "box": [0.0241754911839962, 0.40302154421806335, -0.32065099477767944, 0.09760400652885437, 0.7375030517578125, 0.9025559425354004, 0.0, 0.0, -1.0, -1.0, -4.506566256168298e-06, 0.0], "children": [{"id": 3, "label": "back_single_surface", "box": [0.0241754911839962, 0.40302154421806335, -0.32065099477767944, 0.09760400652885437, 0.7375030517578125, 0.9025559425354004, 0.0, 0.0, -1.0, -1.0, -4.506566256168298e-06, 0.0]}]}]}, {"id": 4, "label": "chair_seat", "box": [0.024184495210647583, -0.25654950737953186, 0.11085247993469238, 0.6338090300559998, 0.7375169992446899, 0.9606109857559204, -7.498798786105971e-33, -1.0, 1.2246468525851679e-16, 1.0, 0.0, 6.123234262925839e-17], "children": [{"id": 5, "label": "seat_surface", "box": [0.011021003127098083, 0.01872449927031994, 0.15528351068496704, 0.08326099812984467, 0.7066899538040161, 0.8672490119934082, -6.123234262925839e-17, -1.0, -6.123234262925839e-17, -1.0, 6.123234262925839e-17, -1.2246468525851679e-16], "children": [{"id": 6, "label": "seat_single_surface", "box": [0.011021003127098083, 0.01872449927031994, 0.15528351068496704, 0.08326099812984467, 0.7066899538040161, 0.8672490119934082, -6.123234262925839e-17, -1.0, -6.123234262925839e-17, -1.0, 6.123234262925839e-17, -1.2246468525851679e-16]}]}, {"id": 7, "label": "seat_support", "box": [0.024184495210647583, -0.28960850834846497, 0.11085247993469238, 0.5676910281181335, 0.7375169992446899, 0.9606109857559204, 0.0, -1.0, 0.0, -1.0, 0.0, 0.0]}], "edges": [{"part_b": 0, "part_a": 1, "type": "ADJ", "dist": 0.005065324648649088}]}, {"id": 8, "label": "chair_base", "box": [0.024184495210647583, -0.5994998216629028, 0.11085497587919235, 0.28548356890678406, 0.7375169992446899, 0.9606103301048279, -1.1639616655680593e-21, -1.0, 1.9008935851161368e-05, 1.0, 0.0, 6.123234262925839e-17], "children": [{"id": 9, "label": "regular_leg_base", "box": [0.024184495210647583, -0.5994998216629028, 0.11085497587919235, 0.28548356890678406, 0.7375169992446899, 0.9606103301048279, -1.1639616655680593e-21, -1.0, 1.9008935851161368e-05, 1.0, 0.0, 6.123234262925839e-17], "children": [{"id": 10, "label": "leg", "box": [-0.3115288019180298, -0.6219805479049683, 0.5534441471099854, 0.06659231334924698, 0.07549375295639038, 0.2405024915933609, -0.9998436570167542, 8.585663596223517e-17, 0.017682643607258797, 0.017682643607258797, 6.093058254919015e-05, 0.9998436570167542]}, {"id": 11, "label": "leg", "box": [-0.31437045335769653, -0.6212843060493469, -0.3332940936088562, 0.07087953388690948, 0.07999034225940704, 0.24298249185085297, 0.9989498257637024, -0.043278537690639496, 0.015041375532746315, -0.016321027651429176, -0.029367998242378235, 0.9994354248046875]}, {"id": 12, "label": "leg", "box": [0.36421334743499756, -0.631660521030426, -0.3307870626449585, 0.05769041180610657, 0.07722363620996475, 0.22116494178771973, 0.9999775886535645, -0.0011037670774385333, 0.00660671666264534, -0.006606720387935638, -8.37289988453449e-08, 0.9999781847000122]}, {"id": 13, "label": "leg", "box": [0.359414279460907, -0.5994901061058044, 0.5588515400886536, 0.06467779725790024, 0.06725030392408371, 0.28548502922058105, 0.013993216678500175, 4.7353147238027304e-05, -0.999902069568634, -0.999902069568634, -6.229393534340488e-08, -0.013993216678500175]}], "edges": [{"params": [-0.3152725398540497, -0.6272337436676025, 0.11036339402198792, -0.00011875470954691991, -0.004441077820956707, 0.9999901652336121], "part_b": 0, "part_a": 1, "type": "REF_SYM", "dist": 0.03549021324937982}, {"params": [-0.00010567903518676758, -0.003952085971832275, 0.8898846507072449], "part_b": 0, "part_a": 1, "type": "TRANS_SYM", "dist": 0.03410731310731069}, {"params": [8.072243690490723, -0.8483795523643494, 0.12253998219966888, 0.14387597143650055, 0.9895848631858826, 0.004636080004274845, 0.10670235008001328], "part_b": 0, "part_a": 1, "type": "ROT_SYM", "dist": 0.03514120520669808}]}]}], "edges": [{"part_b": 0, "part_a": 1, "type": "ADJ", "dist": 0.014407901387466525}, {"part_b": 1, "part_a": 2, "type": "ADJ", "dist": 0.013591908686127889}]}