{"id": 0, "label": "chair", "box": [-0.01120685413479805, 0.003929817583411932, 0.05862708017230034, 0.9305133819580078, 1.1989229917526245, 1.0472800731658936, 0.9999393224716187, -0.010637065395712852, -0.002867218339815736, 0.010663039050996304, 0.9999008178710938, 0.009201191365718842], "children": [{"id": 1, "label": "chair_back", "box": [0.004289260134100914, 0.21453435719013214, -0.31810957193374634, 0.858815610408783, 0.8924250602722168, 0.2541131377220154, 0.9999992847442627, 0.0003646925906650722, 0.0011367647675797343, 0.00034127896651625633, 0.8251346945762634, -0.5649359226226807], "children": [{"id": 2, "label": "back_surface", "box": [-0.010939723812043667, 0.20240944623947144, -0.30969884991645813, 0.8402783274650574, 0.8609417080879211, 0.20107074081897736, 0.9999362230300903, -0.0036899675615131855, -0.01067537534981966, -0.003967587370425463, 0.7701578736305237, -0.637840986251831], "children": [{"id": 3, "label": "back_single_surface", "box": [0.008478938601911068, 0.1887548863887787, -0.32014280557632446, 0.8528067469596863, 0.9245625734329224, 0.2361549735069275, 0.9999908208847046, -0.003867285791784525, -0.0018641616916283965, 0.0019391312962397933, 0.7942760586738586, -0.607554018497467]}]}]}, {"id": 5, "label": "chair_seat", "box": [0.0073136379942297935, -0.046686965972185135, 0.16174101829528809, 0.8402677178382874, 0.30524176359176636, 0.8181898593902588, 0.9999798536300659, 0.006100767757743597, -0.0017761148046702147, -0.006119138095527887, 0.9999258518218994, -0.010528352111577988], "children": [{"id": 8, "label": "seat_support", "box": [0.007500915788114071, -0.15215787291526794, 0.16370952129364014, 0.8546176552772522, 0.24717280268669128, 0.8729243874549866, 0.9995260238647461, 0.005312497727572918, -0.030323591083288193, -0.00544826639816165, 0.9999755024909973, -0.004396457225084305]}, {"id": 6, "label": "seat_surface", "box": [0.015595896169543266, -0.013467250391840935, 0.1978471726179123, 0.8699595928192139, 0.17977643013000488, 0.8131859302520752, 0.9999368190765381, -0.00999502930790186, -0.005141798406839371, 0.009860844351351261, 0.9996263980865479, -0.025491846725344658], "children": [{"id": 7, "label": "seat_single_surface", "box": [0.0033322207164019346, -0.0413656160235405, 0.180720716714859, 0.8443195819854736, 0.13157521188259125, 0.8162751793861389, 0.9999951124191284, 0.0015325287822633982, -0.0027279462665319443, -0.001539026852697134, 0.9999960064888, -0.002381568541750312]}]}], "edges": [{"part_a": 0, "part_b": 1, "type": "ADJ"}, {"part_a": 1, "part_b": 0, "type": "ADJ"}]}, {"id": 9, "label": "chair_base", "box": [-0.0017504451097920537, -0.31444352865219116, 0.0902319848537445, 0.9803733825683594, 0.5751237869262695, 0.98476243019104, 0.9999935626983643, -0.0005510395276360214, -0.0035519085358828306, 0.0005281404592096806, 0.9999790787696838, -0.006444684229791164], "children": [{"id": 10, "label": "regular_leg_base", "box": [0.004127570427954197, -0.38282230496406555, 0.10850341618061066, 0.9634543061256409, 0.5259847044944763, 0.9083350896835327, 0.9999635219573975, 0.002517885062843561, -0.00816019531339407, -0.0026335613802075386, 0.9998958110809326, -0.01419602707028389], "children": [{"id": 11, "label": "leg", "box": [0.4250016212463379, -0.3875065743923187, 0.21776562929153442, 0.14717388153076172, 0.36834263801574707, 0.43028801679611206, 0.9990801811218262, 0.024448255077004433, -0.03522894158959389, -0.023016495630145073, 0.9989148378372192, 0.04048943147063255]}, {"id": 12, "label": "leg", "box": [-0.4073823392391205, -0.4350374639034271, 0.20865285396575928, 0.17092224955558777, 0.338884562253952, 0.4255470931529999, 0.9998950362205505, 0.013729499652981758, -0.004633883014321327, -0.013580829836428165, 0.9994357824325562, 0.03071923367679119]}, {"id": 13, "label": "leg", "box": [0.41829726099967957, -0.3732094466686249, -0.1616157591342926, 0.13899126648902893, 0.45694106817245483, 0.3220929205417633, 0.9964490532875061, 0.03316154703497887, -0.07739222794771194, -0.03933606669306755, 0.9960446953773499, -0.07967216521501541]}, {"id": 14, "label": "leg", "box": [-0.434203177690506, -0.40115657448768616, -0.10023370385169983, 0.12041512876749039, 0.39686137437820435, 0.38289588689804077, 0.9993876218795776, 0.020174840465188026, 0.028591275215148926, -0.014624450355768204, 0.9830946326255798, -0.18251310288906097]}], "edges": [{"part_a": 0, "part_b": 1, "type": "ROT_SYM"}, {"part_a": 0, "part_b": 1, "type": "TRANS_SYM"}, {"part_a": 0, "part_b": 1, "type": "REF_SYM"}, {"part_a": 1, "part_b": 0, "type": "ROT_SYM"}, {"part_a": 1, "part_b": 0, "type": "TRANS_SYM"}, {"part_a": 1, "part_b": 0, "type": "REF_SYM"}, {"part_a": 2, "part_b": 3, "type": "ROT_SYM"}, {"part_a": 2, "part_b": 3, "type": "TRANS_SYM"}, {"part_a": 2, "part_b": 3, "type": "REF_SYM"}, {"part_a": 3, "part_b": 2, "type": "ROT_SYM"}, {"part_a": 3, "part_b": 2, "type": "TRANS_SYM"}, {"part_a": 3, "part_b": 2, "type": "REF_SYM"}]}]}], "edges": [{"part_a": 0, "part_b": 1, "type": "ADJ"}, {"part_a": 1, "part_b": 0, "type": "ADJ"}, {"part_a": 1, "part_b": 2, "type": "ADJ"}, {"part_a": 2, "part_b": 0, "type": "ADJ"}, {"part_a": 2, "part_b": 1, "type": "ADJ"}]}