{"id": 0, "label": "chair", "box": [0.0009698585490696132, -0.04536595568060875, 0.10344986617565155, 0.7592212557792664, 1.5085490942001343, 0.8435953855514526, 0.999995768070221, -0.0024986027274280787, -0.0015041129663586617, 0.002470634179189801, 0.9998291730880737, -0.01831793412566185], "children": [{"id": 10, "label": "chair_back", "box": [-0.0026962989941239357, 0.3266787827014923, -0.23635347187519073, 0.7245297431945801, 0.8294430375099182, 0.1213233470916748, 0.9999905228614807, 0.0036128333304077387, -0.0024270431604236364, -0.00374465505592525, 0.9983839988708496, -0.056704651564359665], "children": [{"id": 11, "label": "back_surface", "box": [-0.0011983209988102317, 0.3946053981781006, -0.20658621191978455, 0.6204739809036255, 0.6723582744598389, 0.11863730102777481, 0.9998899698257446, -0.007567679975181818, -0.01276223175227642, 0.006726404186338186, 0.997880756855011, -0.0647205337882042], "children": [{"id": 0, "label": "back_single_surface", "box": [-0.00502766901627183, 0.3573738932609558, -0.1997644603252411, 0.6357913017272949, 0.7512677907943726, 0.13630594313144684, 0.9999630451202393, 0.007261059712618589, -0.0046072849072515965, -0.007562123239040375, 0.9975813627243042, -0.06909622251987457]}]}, {"id": 0, "label": "back_support", "box": [-0.007908747531473637, 0.31926456093788147, -0.2288506180047989, 0.7334734201431274, 0.8485809564590454, 0.12420063465833664, 0.9999585747718811, 0.002093195915222168, -0.008860268630087376, -0.002663744380697608, 0.997889518737793, -0.06488016992807388]}], "edges": [{"part_a": 0, "part_b": 1, "type": "ADJ"}, {"part_a": 1, "part_b": 0, "type": "ADJ"}]}, {"id": 1, "label": "chair_seat", "box": [-0.00130675476975739, -0.09982775151729584, 0.1382337510585785, 0.7722145318984985, 0.15223202109336853, 0.7320423722267151, 0.9999994039535522, -0.0002335087483515963, 0.001095702638849616, 0.00021885013848077506, 0.9999107718467712, 0.01335938647389412], "children": [{"id": 2, "label": "seat_surface", "box": [0.004413536749780178, -0.1040906012058258, 0.13635693490505219, 0.7629895806312561, 0.1499796062707901, 0.7565584182739258, 0.9999954700469971, -0.002750562969595194, -0.001210761140100658, 0.0027596852742135525, 0.9999673366546631, 0.007598188240081072], "children": [{"id": 3, "label": "seat_single_surface", "box": [-0.0003814361698459834, -0.1035076454281807, 0.1413968950510025, 0.7555524110794067, 0.14420782029628754, 0.7678073644638062, 0.9999944567680359, 0.00147412926889956, 0.002995086833834648, -0.0015167987439781427, 0.9998967051506042, 0.014294507913291454]}]}]}, {"id": 4, "label": "chair_base", "box": [-0.0016797615680843592, -0.4502936899662018, 0.10783296823501587, 0.7688906788825989, 0.6525527238845825, 0.8276427388191223, 0.9999942779541016, -0.00011608323256950825, 0.0033766611013561487, 0.00011608222121139988, 1.0, 4.950849756824027e-07], "children": [{"id": 5, "label": "regular_leg_base", "box": [0.001264873193576932, -0.44869619607925415, 0.09945950657129288, 0.7705088257789612, 0.6812503933906555, 0.8087663054466248, 0.9999980926513672, -0.0014507535379379988, 0.0013364421902224422, 0.0014498904347419739, 0.9999987483024597, 0.0006464718608185649], "children": [{"id": 9, "label": "leg", "box": [-0.32466012239456177, -0.458422988653183, -0.23808933794498444, 0.09802184998989105, 0.6893479824066162, 0.09795113652944565, 0.9991849660873413, -0.01702309586107731, -0.036600515246391296, 0.020065132528543472, 0.996228039264679, 0.08442213386297226]}, {"id": 7, "label": "leg", "box": [-0.34162139892578125, -0.45473814010620117, 0.4558417797088623, 0.09605134278535843, 0.6923747658729553, 0.09885367006063461, 0.9994907379150391, -0.012934652157127857, 0.029172776266932487, 0.013395803049206734, 0.9997875094413757, -0.015667971223592758]}, {"id": 8, "label": "leg", "box": [0.31629422307014465, -0.4584224224090576, -0.23488610982894897, 0.09654273837804794, 0.6930574178695679, 0.09556698799133301, 0.9982600212097168, 0.009521779604256153, 0.05819182097911835, -0.014417762868106365, 0.9963358044624329, 0.08430369943380356]}, {"id": 6, "label": "leg", "box": [0.34368374943733215, -0.4554270803928375, 0.45304247736930847, 0.09058476984500885, 0.6903206706047058, 0.09775633364915848, 0.9993649125099182, 0.012216481380164623, -0.033475328236818314, -0.012973685748875141, 0.9996627569198608, -0.022496741265058517]}], "edges": [{"part_a": 0, "part_b": 1, "type": "ROT_SYM"}, {"part_a": 0, "part_b": 1, "type": "TRANS_SYM"}, {"part_a": 0, "part_b": 1, "type": "REF_SYM"}, {"part_a": 0, "part_b": 2, "type": "ROT_SYM"}, {"part_a": 0, "part_b": 2, "type": "TRANS_SYM"}, {"part_a": 0, "part_b": 2, "type": "REF_SYM"}, {"part_a": 0, "part_b": 3, "type": "ROT_SYM"}, {"part_a": 0, "part_b": 3, "type": "TRANS_SYM"}, {"part_a": 0, "part_b": 3, "type": "REF_SYM"}, {"part_a": 1, "part_b": 0, "type": "ROT_SYM"}, {"part_a": 1, "part_b": 0, "type": "TRANS_SYM"}, {"part_a": 1, "part_b": 0, "type": "REF_SYM"}, {"part_a": 1, "part_b": 2, "type": "ROT_SYM"}, {"part_a": 1, "part_b": 2, "type": "TRANS_SYM"}, {"part_a": 1, "part_b": 2, "type": "REF_SYM"}, {"part_a": 1, "part_b": 3, "type": "ROT_SYM"}, {"part_a": 1, "part_b": 3, "type": "TRANS_SYM"}, {"part_a": 1, "part_b": 3, "type": "REF_SYM"}, {"part_a": 2, "part_b": 0, "type": "ROT_SYM"}, {"part_a": 2, "part_b": 0, "type": "TRANS_SYM"}, {"part_a": 2, "part_b": 0, "type": "REF_SYM"}, {"part_a": 2, "part_b": 1, "type": "ROT_SYM"}, {"part_a": 2, "part_b": 1, "type": "TRANS_SYM"}, {"part_a": 2, "part_b": 1, "type": "REF_SYM"}, {"part_a": 2, "part_b": 3, "type": "ROT_SYM"}, {"part_a": 2, "part_b": 3, "type": "TRANS_SYM"}, {"part_a": 2, "part_b": 3, "type": "REF_SYM"}, {"part_a": 3, "part_b": 0, "type": "ROT_SYM"}, {"part_a": 3, "part_b": 0, "type": "TRANS_SYM"}, {"part_a": 3, "part_b": 0, "type": "REF_SYM"}, {"part_a": 3, "part_b": 1, "type": "ROT_SYM"}, {"part_a": 3, "part_b": 1, "type": "TRANS_SYM"}, {"part_a": 3, "part_b": 1, "type": "REF_SYM"}, {"part_a": 3, "part_b": 2, "type": "ROT_SYM"}, {"part_a": 3, "part_b": 2, "type": "TRANS_SYM"}, {"part_a": 3, "part_b": 2, "type": "REF_SYM"}]}]}], "edges": [{"part_a": 0, "part_b": 1, "type": "ADJ"}, {"part_a": 1, "part_b": 0, "type": "ADJ"}, {"part_a": 1, "part_b": 2, "type": "ADJ"}, {"part_a": 2, "part_b": 1, "type": "ADJ"}]}