{"id": 0, "label": "chair", "box": [-0.0019160062074661255, 0.10859498381614685, 0.1111300066113472, 0.6077879667282104, 0.6077880263328552, 1.7655880451202393, 1.0, 6.123234262925839e-17, 0.0, 0.0, 0.0, 1.0], "children": [{"id": 1, "label": "chair_back", "box": [-0.0019170076120644808, 0.4533706605434418, -0.1521300971508026, 0.08192663639783859, 0.6077902913093567, 1.076001763343811, 1.3516183798856218e-06, 0.0006242218660190701, 0.9999998211860657, -1.0, -4.062609605171019e-06, 1.3541546195483534e-06], "children": [{"id": 2, "label": "back_surface", "box": [-0.0019170076120644808, 0.4533706605434418, -0.1521300971508026, 0.08192663639783859, 0.6077902913093567, 1.076001763343811, 1.3516183798856218e-06, 0.0006242218660190701, 0.9999998211860657, -1.0, -4.062609605171019e-06, 1.3541546195483534e-06], "children": [{"id": 3, "label": "back_single_surface", "box": [-0.0019170076120644808, 0.4533706605434418, -0.1521300971508026, 0.08192663639783859, 0.6077902913093567, 1.076001763343811, 1.3516183798856218e-06, 0.0006242218660190701, 0.9999998211860657, -1.0, -4.062609605171019e-06, 1.3541546195483534e-06]}]}]}, {"id": 4, "label": "chair_seat", "box": [-0.001945740426890552, -0.12435489147901535, 0.11110707372426987, 0.12194304913282394, 0.608215868473053, 0.6086471676826477, 0.00757956225425005, -0.9999704957008362, -0.0012444161111488938, -0.0006245615659281611, -0.0012491856468841434, 0.9999990463256836], "children": [{"id": 5, "label": "seat_surface", "box": [-0.009956725873053074, -0.0705009400844574, 0.1426531821489334, 0.012500254437327385, 0.4877593219280243, 0.5654793381690979, -0.005410917103290558, 0.9999849200248718, -0.0009314716444350779, 0.001914567081257701, -0.0009211238357238472, -0.9999977350234985], "children": [{"id": 6, "label": "seat_single_surface", "box": [-0.009956725873053074, -0.0705009400844574, 0.1426531821489334, 0.012500254437327385, 0.4877593219280243, 0.5654793381690979, -0.005410917103290558, 0.9999849200248718, -0.0009314716444350779, 0.001914567081257701, -0.0009211238357238472, -0.9999977350234985]}]}, {"id": 7, "label": "seat_support", "box": [-0.0019162279786542058, -0.12454303354024887, 0.11102135479450226, 0.11725357919931412, 0.608867347240448, 0.6091147661209106, 0.007917532697319984, -0.999919593334198, -0.009907095693051815, -0.999968409538269, -0.007924100384116173, 0.0006238174391910434]}], "edges": [{"dist": 0.0051562585027908414, "part_b": 0, "part_a": 1, "type": "ADJ"}]}, {"id": 8, "label": "chair_base", "box": [-0.0019160856027156115, -0.4677473306655884, 0.11112948507070541, 0.6077924370765686, 0.6077935099601746, 0.6129051446914673, -1.0, 6.582668903983512e-17, 8.177172276191413e-06, 8.177172276191413e-06, -3.2707509944884805e-06, 1.0], "children": [{"id": 9, "label": "regular_leg_base", "box": [-0.0019160856027156115, -0.4677473306655884, 0.11112948507070541, 0.6077924370765686, 0.6077935099601746, 0.6129051446914673, -1.0, 6.582668903983512e-17, 8.177172276191413e-06, 8.177172276191413e-06, -3.2707509944884805e-06, 1.0], "children": [{"id": 10, "label": "leg", "box": [0.2568209171295166, -0.46814021468162537, -0.15146605670452118, 0.08261550217866898, 0.09031202644109726, 0.6121183633804321, -0.00010308647324563935, -2.8447484510252252e-05, -1.0, 1.0, 3.3781532238208456e-06, -0.00010308657510904595]}, {"id": 11, "label": "leg", "box": [-0.26429039239883423, -0.467746764421463, -0.15616454184055328, 0.07320860028266907, 0.08304198831319809, 0.6129046082496643, 0.00010300793655915186, -1.3118688912072685e-05, -1.0, -1.0, 1.1650367765732485e-16, -0.00010300793655915186]}, {"id": 12, "label": "leg", "box": [-0.26028430461883545, -0.4699777364730835, 0.3745797574520111, 0.08089514076709747, 0.09105430543422699, 0.608443021774292, 5.9551442973315716e-05, 1.6653984857839532e-05, -1.0, 1.0, -2.533930228310055e-06, 5.955139931757003e-05]}, {"id": 13, "label": "leg", "box": [0.2631814777851105, -0.4681367874145508, 0.3701331615447998, 0.07962559163570404, 0.09000264108181, 0.6122959852218628, -0.9999902248382568, -0.003328531514853239, -0.002905355766415596, -0.0029035317711532116, -0.0005526863969862461, 0.9999956488609314]}, {"id": 14, "label": "bar_stretcher", "box": [0.25714099407196045, -0.6410881280899048, 0.10916195064783096, 0.08680474013090134, 0.08967399597167969, 0.4517306387424469, -2.174917875306981e-19, -0.9999936819076538, 0.0035519106313586235, 1.0, 0.0, 6.123234262925839e-17]}, {"id": 15, "label": "bar_stretcher", "box": [0.0037530905101448298, -0.6449819803237915, 0.11051037907600403, 0.07110798358917236, 0.0898442268371582, 0.47238287329673767, -6.123234262925839e-17, -1.0, -6.123234262925839e-17, -0.018442926928400993, 6.235122683046702e-17, -0.999829888343811]}, {"id": 16, "label": "bar_stretcher", "box": [-0.2642819881439209, -0.6462565660476685, 0.10687839984893799, 0.08257874101400375, 0.0830560028553009, 0.47737208008766174, -1.593097644000964e-19, -0.9999966025352478, 0.0026017259806394577, 1.0, 0.0, 6.123234262925839e-17]}], "edges": [{"dist": 0.002972631008634182, "part_b": 0, "part_a": 4, "type": "ADJ"}, {"dist": 0.007746175716561714, "part_b": 3, "part_a": 4, "type": "ADJ"}, {"dist": 0.009146750291286887, "part_b": 4, "part_a": 5, "type": "ADJ"}, {"dist": 0.015049021468409335, "part_b": 1, "part_a": 6, "type": "ADJ"}, {"dist": 0.00981838564251234, "part_b": 2, "part_a": 6, "type": "ADJ"}, {"dist": 0.004871085781358031, "part_b": 5, "part_a": 6, "type": "ADJ"}, {"dist": 0.020611075978701793, "part_b": 4, "params": [-0.002315998077392578, -0.645136833190918, 0.10754378139972687, 0.999999463558197, 0.0010142552200704813, -0.0002280735643580556], "part_a": 6, "type": "REF_SYM"}, {"dist": 0.02519091188403819, "part_b": 4, "params": [0.5343084335327148, 0.0005419254302978516, -0.00012186169624328613], "part_a": 6, "type": "TRANS_SYM"}, {"dist": 0.03204760207648965, "part_b": 4, "params": [-0.0006352176424115896, -0.6179159879684448, -0.8929900527000427, 6.704164843540639e-05, 0.018421225249767303, 0.9998303055763245, 2.8031301498413086], "part_a": 6, "type": "ROT_SYM"}, {"dist": 0.03893793139533424, "part_b": 5, "params": [-0.1333240121603012, -0.5935940146446228, 0.24180647730827332, -0.043678827583789825, -0.997546911239624, 0.05470244586467743, 1.563920259475708], "part_a": 6, "type": "ROT_SYM"}, {"dist": 0.02164990888694868, "part_b": 0, "params": [-0.0027127116918563843, -0.47581809759140015, -0.1586524099111557, 0.9999064803123474, 0.009004849940538406, 0.01029204297810793], "part_a": 1, "type": "REF_SYM"}, {"dist": 0.02062819198842087, "part_b": 0, "params": [0.5303611755371094, 0.004776269197463989, 0.005459010601043701], "part_a": 1, "type": "TRANS_SYM"}, {"dist": 0.023060937832593973, "part_b": 0, "params": [0.03394173085689545, 0.5628907680511475, -3.2460238933563232, -0.009184564463794231, 0.9998807311058044, 0.012418918311595917, 0.17066265642642975], "part_a": 1, "type": "ROT_SYM"}, {"dist": 0.021247831588481696, "part_b": 0, "params": [-0.0024749785661697388, -0.4741806387901306, 0.11256397515535355, 0.702392041683197, 0.001990082673728466, -0.7117875814437866], "part_a": 2, "type": "REF_SYM"}, {"dist": 0.020334675056423453, "part_b": 0, "params": [0.5298857688903809, 0.001501321792602539, -0.536973774433136], "part_a": 2, "type": "TRANS_SYM"}, {"dist": 0.022281199747514052, "part_b": 0, "params": [-2.825620174407959, 0.5503979325294495, -2.688737392425537, 0.002978817792609334, 0.9999788999557495, 0.00577713456004858, 0.1888236701488495], "part_a": 2, "type": "ROT_SYM"}, {"dist": 0.0182518624186931, "part_b": 1, "params": [-0.2676555812358856, -0.4765687584877014, 0.1098344698548317, -0.0008765278034843504, -0.006037405226379633, -0.9999814033508301], "part_a": 2, "type": "REF_SYM"}, {"dist": 0.02022659825964664, "part_b": 1, "params": [-0.000475466251373291, -0.00327494740486145, -0.5424327850341797], "part_a": 2, "type": "TRANS_SYM"}, {"dist": 0.020367843472168346, "part_b": 1,