{"id": 0, "label": "chair", "box": [-0.009874681942164898, 0.07120878249406815, 0.039828505367040634, 1.3681169748306274, 1.1268980503082275, 1.180083990097046, 0.99995356798172, -0.009509162977337837, 0.0015744069823995233, 0.009472951292991638, 0.9997218251228333, 0.021599240601062775], "children": [{"id": 1, "label": "chair_back", "box": [-0.008215362206101418, 0.11058831214904785, -0.38267287611961365, 1.1660252809524536, 1.2670211791992188, 0.3006495535373688, 0.9998378753662109, 0.00880188774317503, 0.015708358958363533, -0.00816518347710371, 0.9991604685783386, -0.04014672338962555], "children": [{"id": 2, "label": "back_surface", "box": [-0.0004042274958919734, 0.11068132519721985, -0.3665909469127655, 1.188109040260315, 1.2078173160552979, 0.34168756008148193, 0.9999573230743408, 0.0015798225067555904, 0.009103463031351566, -0.0011743397917598486, 0.9990142583847046, -0.044376030564308167], "children": [{"id": 3, "label": "back_single_surface", "box": [0.0022590698208659887, 0.10557806491851807, -0.3624052107334137, 1.2219228744506836, 1.2250078916549683, 0.35262778401374817, 0.9999701380729675, -0.004806507844477892, 0.006056330632418394, 0.005044273100793362, 0.99919193983078, -0.03987531363964081]}]}]}, {"id": 6, "label": "chair_arm", "box": [-0.5595353841781616, -0.027256259694695473, 0.11645533889532089, 0.2786127030849457, 1.0570119619369507, 1.0188649892807007, 0.9996486306190491, 0.019036084413528442, 0.01844552718102932, -0.01905449666082859, 0.9998180866241455, 0.0008230175590142608], "children": [{"id": 7, "label": "arm_sofa_style", "box": [-0.564278244972229, -0.007268168497830629, 0.12022821605205536, 0.2661554217338562, 1.0375607013702393, 1.014127492904663, 0.9995587468147278, 0.021687762811779976, 0.02029666118323803, -0.02190561406314373, 0.9997041821479797, 0.01057319063693285]}]}, {"id": 4, "label": "chair_arm", "box": [0.5534611940383911, 0.01693727634847164, 0.12045437097549438, 0.26421546936035156, 1.0945944786071777, 1.0187921524047852, 0.9994400143623352, -0.027308829128742218, -0.019338194280862808, 0.02727118320763111, 0.9996256828308105, -0.002207750454545021], "children": [{"id": 5, "label": "arm_sofa_style", "box": [0.5474388599395752, 0.016725104302167892, 0.12703897058963776, 0.2857230603694916, 1.073801040649414, 1.0099189281463623, 0.9992868304252625, -0.02519809454679489, -0.028123624622821808, 0.02519305795431137, 0.9996824860572815, -0.000533436716068536]}]}, {"id": 8, "label": "chair_seat", "box": [0.011660926043987274, -0.18203869462013245, 0.11405792087316513, 0.9921295046806335, 0.7121192216873169, 1.0574918985366821, 0.9999635219573975, -0.0063696191646158695, 0.005691717378795147, 0.006186018232256174, 0.9994778633117676, 0.031712885946035385], "children": [{"id": 11, "label": "seat_support", "box": [0.014556298032402992, -0.40126168727874756, 0.1667141616344452, 0.9637036919593811, 0.3514387905597687, 1.0129289627075195, 0.9999432563781738, 0.008098135702311993, 0.006920025683939457, -0.006785200443118811, 0.9850274920463562, -0.17226392030715942]}, {"id": 9, "label": "seat_surface", "box": [-0.0025057850871235132, 0.02653241716325283, 0.20127542316913605, 0.9500440955162048, 0.25233060121536255, 0.9136958718299866, 0.9999806880950928, 0.004974412731826305, -0.003722412744536996, -0.0044035762548446655, 0.9901179075241089, 0.140168234705925], "children": [{"id": 10, "label": "seat_single_surface", "box": [-0.008880390785634518, 0.04356689006090164, 0.1871815025806427, 0.8967368006706238, 0.2330922782421112, 0.9112323522567749, 0.9999842643737793, -0.004603143781423569, -0.0032041326630860567, 0.005014155525714159, 0.9897038340568542, 0.1430426985025406]}]}], "edges": [{"part_a": 0, "part_b": 1, "type": "ADJ"}, {"part_a": 1, "part_b": 0, "type": "ADJ"}]}], "edges": [{"part_a": 0, "part_b": 1, "type": "ADJ"}, {"part_a": 0, "part_b": 2, "type": "ADJ"}, {"part_a": 0, "part_b": 3, "type": "ADJ"}, {"part_a": 1, "part_b": 0, "type": "ADJ"}, {"part_a": 1, "part_b": 2, "type": "REF_SYM"}, {"part_a": 1, "part_b": 3, "type": "ADJ"}, {"part_a": 2, "part_b": 0, "type": "ADJ"}, {"part_a": 2, "part_b": 1, "type": "REF_SYM"}, {"part_a": 2, "part_b": 3, "type": "ADJ"}, {"part_a": 3, "part_b": 0, "type": "ADJ"}, {"part_a": 3, "part_b": 1, "type": "ADJ"}, {"part_a": 3, "part_b": 2, "type": "ADJ"}]}