{"id": 0, "label": "chair", "box": [-0.010206553153693676, 0.10987944155931473, 0.09153494238853455, 0.6469249725341797, 0.7101023197174072, 1.7222316265106201, 1.0, -3.020410144216612e-09, 6.320568900264334e-06, -6.320568900264334e-06, -5.842741302330978e-05, 1.0], "children": [{"id": 1, "label": "chair_back", "box": [-0.009287402965128422, 0.3711213171482086, -0.226406991481781, 0.0741259902715683, 0.5686624050140381, 1.1997822523117065, 0.0, 0.0, -1.0, -0.9999983906745911, 0.001807205961085856, 0.0], "children": [{"id": 2, "label": "back_surface", "box": [-0.012240178883075714, 0.397945374250412, -0.22342750430107117, 0.010103002190589905, 0.426322340965271, 0.8019251227378845, 0.0, 0.0, -1.0, -1.0, 3.418104097363539e-05, 0.0], "children": [{"id": 3, "label": "back_single_surface", "box": [-0.012240178883075714, 0.397945374250412, -0.22342750430107117, 0.010103002190589905, 0.426322340965271, 0.8019251227378845, 0.0, 0.0, -1.0, -1.0, 3.418104097363539e-05, 0.0]}]}, {"id": 4, "label": "back_support", "box": [-0.009287375025451183, 0.3711200952529907, -0.22640931606292725, 0.07418329268693924, 0.5686624050140381, 1.199782371520996, 6.320568900264334e-06, 5.842741302330978e-05, -1.0, 0.9999983906745911, -0.0018067887285724282, 6.214992481545778e-06]}], "edges": [{"part_b": 0, "part_a": 1, "type": "ADJ", "dist": 0.009638158210618303}]}, {"id": 5, "label": "chair_seat", "box": [-0.007709331810474396, -0.08039595931768417, 0.10594840347766876, 0.1824125349521637, 0.6469025015830994, 0.6808557510375977, -1.6956475519691594e-05, 0.9985161423683167, 0.054456572979688644, 0.999963104724884, -0.00045071053318679333, 0.008575595915317535], "children": [{"id": 6, "label": "seat_surface", "box": [-0.010501815937459469, -0.017116757109761238, 0.10879774391651154, 0.0779990404844284, 0.646950364112854, 0.6755335927009583, 0.0016641179099678993, -0.9998714327812195, -0.015947233885526657, -0.999998152256012, -0.00167932384647429, 0.0009401717106811702], "children": [{"id": 7, "label": "seat_single_surface", "box": [-0.010501815937459469, -0.017116757109761238, 0.10879774391651154, 0.0779990404844284, 0.646950364112854, 0.6755335927009583, 0.0016641179099678993, -0.9998714327812195, -0.015947233885526657, -0.999998152256012, -0.00167932384647429, 0.0009401717106811702]}]}, {"id": 8, "label": "seat_support", "box": [-0.0022129847202450037, -0.1060851439833641, 0.1235416829586029, 0.12513978779315948, 0.6448557376861572, 0.6506091356277466, -0.0022900872863829136, -0.9998648166656494, -0.01628122106194496, -0.9995678663253784, 0.00276593747548759, -0.029264746233820915]}], "edges": [{"part_b": 0, "part_a": 1, "type": "ADJ", "dist": 0.010490158134016932}]}, {"id": 9, "label": "chair_base", "box": [-0.010866685770452023, -0.45125746726989746, 0.07916250824928284, 0.59840989112854, 0.6003466248512268, 0.6852650046348572, 0.9999997615814209, -0.0006708789151161909, 0.0, -0.0006708789151161909, -0.9999997615814209, 0.0], "children": [{"id": 10, "label": "regular_leg_base", "box": [-0.010866685770452023, -0.45125746726989746, 0.07916250824928284, 0.59840989112854, 0.6003466248512268, 0.6852650046348572, 0.9999997615814209, -0.0006708789151161909, 0.0, -0.0006708789151161909, -0.9999997615814209, 0.0], "children": [{"id": 11, "label": "leg", "box": [0.23639900982379913, -0.47442299127578735, -0.24406200647354126, 0.03881599009037018, 0.07188199460506439, 0.553305983543396, 6.123234262925839e-17, 6.123234262925839e-17, -1.0, 1.0, 0.0, 6.123234262925839e-17]}, {"id": 12, "label": "leg", "box": [0.2552167475223541, -0.452415406703949, 0.38950854539871216, 0.06470289826393127, 0.06608770787715912, 0.5976850986480713, -0.014241443946957588, -0.0008916509686969221, -0.9998981952667236, 0.9998986124992371, 3.5542554542189464e-05, -0.014241481199860573]}, {"id": 13, "label": "leg", "box": [-0.2713291347026825, -0.45107197761535645, 0.3857930600643158, 0.07163598388433456, 0.07700806111097336, 0.6003528237342834, -0.0016864514909684658, 0.0006008276250213385, -0.9999983906745911, 0.9999985694885254, 0.000178101661731489, -0.0016863447381183505]}, {"id": 14, "label": "leg", "box": [-0.256536066532135, -0.4619390666484833, -0.24407178163528442, 0.038814377039670944, 0.0736805647611618, 0.5782718658447266, 0.01000248920172453, -1.2249517099999243e-18, -0.9999499917030334, -0.9999495148658752, 0.0009848007466644049, -0.010002484545111656]}, {"id": 15, "label": "bar_stretcher", "box": [-0.26052549481391907, -0.3148469924926758, 0.07592499256134033, 0.026893004775047302, 0.05106198787689209, 0.6059319972991943, -1.0, -6.123234262925839e-17, 0.0, -6.123234262925839e-17, 1.0, 0.0]}, {"id": 16, "label": "bar_stretcher", "box": [0.24226948618888855, -0.3204669952392578, 0.08537149429321289, 0.02837298810482025, 0.05274999141693115, 0.6248250007629395, 1.0, -6.123234262925839e-17, 1.2246468525851679e-16, 6.123234262925839e-17, 1.0, 6.123234262925839e-17]}], "edges": [{"part_b": 2, "part_a": 4, "type": "ADJ", "dist": 0.006499167765683124}, {"part_b": 3, "part_a": 4, "type": "ADJ", "dist": 0.007676231004419154}, {"part_b": 0, "part_a": 5, "type": "ADJ", "dist": 0.007115455333665896}, {"part_b": 1, "part_a": 5, "type": "ADJ", "dist": 0.008123135958313694}, {"part_b": 0, "part_a": 1, "params": [0.24707219004631042, -0.47142869234085083, 0.07324732840061188, -0.03187917172908783, -0.018306314945220947, -0.9993240833282471], "type": "REF_SYM", "dist": 0.03898900425214789}, {"part_b": 0, "part_a": 1, "params": [-0.020225897431373596, -0.01161453127861023, -0.634026050567627], "type": "TRANS_SYM", "dist": 0.038501352630454844}, {"part_b": 0, "part_a": 1, "params": [0.07934007793664932, -0.478956937789917, 0.07845340669155121, -0.0029797900933772326, 0.999833881855011, 0.017982792109251022, 2.167771816253662], "type": "ROT_SYM", "dist": 0.0397526575901049}, {"part_b": 0, "part_a": 2, "params": [-0.019781090319156647, -0.4655601978302002, 0.0732523649930954, 0.6290985941886902, -0.02860943041741848, -0.7767988443374634], "type": "REF_SYM", "dist": 0.043457862442222404}, {"part_b": 0, "part_a": 2, "params": [0.5134806632995605, -0.02335149049758911, -0.6340360641479492], "type": "TRANS_SYM", "dist": 0.04097558682618373}, {"part_b": 0, "part_a": 2, "params": [-1.3028141260147095, -0.5152890086174011, -0.9647689461708069, -0.006824956275522709, 0.999619722366333, -0.026718001812696457, 0.4846135973930359], "type": "ROT_SYM", "dist": 0.04007709732834395}, {"part_b": 1, "part_a": 2, "params": [-0.009668141603469849, -0.4597529172897339, 0.3902653753757477, 0.999758243560791, -0.021986093372106552, -1.8869452105718665e-05], "type": "REF_SYM", "dist": 0.021985345974222723}, {"part_b": 1, "part_a": 2, "params": [0.533706545829773, -0.011736959218978882, -1.0073184967041016e-05], "type": "TRANS_SYM", "dist": 0.016555743718431704}, {"part_b": 1, "part_a": 2, "params": [-0.009516838937997818, -0.47194817662239075, 0.09155833721160889, -0.013687332160770893, 0.9998230338096619, -0.012910528108477592, 1.45743727684021], "type": "ROT_SYM", "dist": 0.019671859024670106}, {"part_b": 0, "part_a": 3, "params": [-0.009484894573688507, -0.4739900231361389, -0.24379950761795044, 0.999913215637207, -0.01316993497312069, 0.0001372428669128567], "type": "REF_SYM", "dist": 0.0195219660496953}, {"part_b": 0, "part_a": 3, "params": [0.49288827180862427, -0.006491869688034058, 6.765127182006836e-05], "type": "TRANS_SYM", "dist": 0.017594896471717365}, {"part_b": 0, "part_a": 3, "params": [-0.01657969132065773, -0.27460968494415283, 70.07717895507812, -0.012871675193309784, -0.999912679195404, 0.002996410010382533, 0.00700816884636879], "type": "ROT_SYM", "dist": 0.017575458450271933}, {"part_b": 1, "part_a": 3, "params": [0.000628054141998291, -0.4681827425956726, 0.07321350276470184, 0.6290378570556641, 0.006279982626438141, 0.7773492336273193], "type": "REF_SYM", "dist": 0.036082323020279604}, {"part_b": 1, "part_a": 3, "params": [0.5131141543388367, 0.005122661590576172, 0.6340936422348022], "type": "TRANS_SYM",