{"id": 0, "label": "chair", "box": [-0.007271754089742899, -0.027557872235774994, 0.09643685072660446, 0.6878184080123901, 1.6699175834655762, 0.6975200772285461, 0.9999477863311768, -0.0007608301821164787, -0.010188649408519268, 0.0007916272152215242, 0.9999951124191284, 0.0030189889948815107], "children": [{"id": 1, "label": "chair_back", "box": [0.0014933354686945677, 0.3811560869216919, -0.19489914178848267, 0.6551980376243591, 0.9031664133071899, 0.1388225108385086, 0.9999805092811584, 0.0036481174174696207, 0.005069187842309475, -0.0035251241642981768, 0.9997042417526245, -0.024063583463430405], "children": [{"id": 2, "label": "back_surface", "box": [-0.002885180991142988, 0.39099350571632385, -0.19086617231369019, 0.676193356513977, 0.8629933595657349, 0.1179690882563591, 0.9999600648880005, -0.00426811259239912, -0.007850469090044498, 0.003997277934104204, 0.9994071125984192, -0.03419715538620949], "children": [{"id": 3, "label": "back_single_surface", "box": [-0.006250160280615091, 0.3845885694026947, -0.19231100380420685, 0.6813382506370544, 0.8676351308822632, 0.12039396166801453, 0.9999338388442993, -0.004561450332403183, -0.010564305819571018, 0.004285314120352268, 0.9996523857116699, -0.02601531706750393]}]}]}, {"id": 4, "label": "chair_seat", "box": [0.004733985289931297, -0.048208002001047134, 0.10590706020593643, 0.672101616859436, 0.18261243402957916, 0.6598266363143921, 0.9999969005584717, -0.002051339950412512, -0.0014216036070138216, 0.002056653145700693, 0.9999908804893494, 0.0037460995372384787], "children": [{"id": 5, "label": "seat_surface", "box": [0.007058284245431423, -0.06018517538905144, 0.11417059600353241, 0.6815413236618042, 0.18320760130882263, 0.634515106678009, 0.9999809265136719, 0.00013646177831105888, -0.006177766714245081, -5.611922824755311e-05, 0.9999154806137085, 0.013003419153392315], "children": [{"id": 6, "label": "seat_single_surface", "box": [-0.004343789536505938, -0.0561906136572361, 0.11287365853786469, 0.6845530867576599, 0.16658279299736023, 0.6700809001922607, 0.999920129776001, -0.0030602626502513885, 0.012265398167073727, 0.0028324415907263756, 0.9998239278793335, 0.018548808991909027]}]}]}, {"id": 7, "label": "chair_base", "box": [-0.0028357559349387884, -0.4679736793041229, 0.09618775546550751, 0.6454705595970154, 0.7335139513015747, 0.6740836501121521, 0.9999969601631165, 0.0014740482438355684, 0.0019713041838258505, -0.0014803638914600015, 0.9999938011169434, 0.003206147812306881], "children": [{"id": 8, "label": "regular_leg_base", "box": [-0.00162052595987916, -0.48233461380004883, 0.09320823103189468, 0.6624289155006409, 0.7516947388648987, 0.6618726849555969, 0.9999998211860657, 0.0002546525502111763, 0.0005946688470430672, -0.0002587985363788903, 0.9999756217002869, 0.006982263643294573], "children": [{"id": 12, "label": "leg", "box": [-0.2834714949131012, -0.48844772577285767, -0.18244218826293945, 0.09760688245296478, 0.7604052424430847, 0.09734625369310379, 0.9999254941940308, -0.011979582719504833, -0.0023482211399823427, 0.012030481360852718, 0.9996627569198608, 0.023014139384031296]}, {"id": 9, "label": "leg", "box": [-0.2793702483177185, -0.48586195707321167, 0.3820919692516327, 0.10382159799337387, 0.7685093283653259, 0.10229663550853729, 0.9998970627784729, -0.010241696611046791, 0.010048821568489075, 0.010321523994207382, 0.999915361404419, -0.007924451492726803]}, {"id": 11, "label": "leg", "box": [0.2686570882797241, -0.48551374673843384, -0.1862546056509018, 0.10598467290401459, 0.7497140765190125, 0.09886776655912399, 0.9997566342353821, 0.005670360289514065, 0.02132052555680275, -0.005946653429418802, 0.9998989105224609, 0.012918004766106606]}, {"id": 10, "label": "leg", "box": [0.28421539068222046, -0.4843631386756897, 0.3676062226295471, 0.10265262424945831, 0.7531615495681763, 0.09458901733160019, 0.9997957348823547, 0.007477902341634035, -0.01877756603062153, -0.007476728409528732, 0.9999720454216003, 0.00013272094656713307]}], "edges": [{"part_a": 0, "part_b": 1, "type": "ROT_SYM"}, {"part_a": 0, "part_b": 1, "type": "TRANS_SYM"}, {"part_a": 0, "part_b": 1, "type": "REF_SYM"}, {"part_a": 0, "part_b": 2, "type": "ROT_SYM"}, {"part_a": 0, "part_b": 2, "type": "TRANS_SYM"}, {"part_a": 0, "part_b": 2, "type": "REF_SYM"}, {"part_a": 0, "part_b": 3, "type": "ROT_SYM"}, {"part_a": 0, "part_b": 3, "type": "TRANS_SYM"}, {"part_a": 0, "part_b": 3, "type": "REF_SYM"}, {"part_a": 1, "part_b": 0, "type": "ROT_SYM"}, {"part_a": 1, "part_b": 0, "type": "TRANS_SYM"}, {"part_a": 1, "part_b": 0, "type": "REF_SYM"}, {"part_a": 1, "part_b": 2, "type": "ROT_SYM"}, {"part_a": 1, "part_b": 2, "type": "TRANS_SYM"}, {"part_a": 1, "part_b": 2, "type": "REF_SYM"}, {"part_a": 1, "part_b": 3, "type": "ROT_SYM"}, {"part_a": 1, "part_b": 3, "type": "TRANS_SYM"}, {"part_a": 1, "part_b": 3, "type": "REF_SYM"}, {"part_a": 2, "part_b": 0, "type": "ROT_SYM"}, {"part_a": 2, "part_b": 0, "type": "TRANS_SYM"}, {"part_a": 2, "part_b": 0, "type": "REF_SYM"}, {"part_a": 2, "part_b": 1, "type": "ROT_SYM"}, {"part_a": 2, "part_b": 1, "type": "TRANS_SYM"}, {"part_a": 2, "part_b": 1, "type": "REF_SYM"}, {"part_a": 2, "part_b": 3, "type": "ROT_SYM"}, {"part_a": 2, "part_b": 3, "type": "TRANS_SYM"}, {"part_a": 2, "part_b": 3, "type": "REF_SYM"}, {"part_a": 3, "part_b": 0, "type": "ROT_SYM"}, {"part_a": 3, "part_b": 0, "type": "TRANS_SYM"}, {"part_a": 3, "part_b": 0, "type": "REF_SYM"}, {"part_a": 3, "part_b": 1, "type": "ROT_SYM"}, {"part_a": 3, "part_b": 1, "type": "TRANS_SYM"}, {"part_a": 3, "part_b": 1, "type": "REF_SYM"}, {"part_a": 3, "part_b": 2, "type": "ROT_SYM"}, {"part_a": 3, "part_b": 2, "type": "TRANS_SYM"}, {"part_a": 3, "part_b": 2, "type": "REF_SYM"}]}]}], "edges": [{"part_a": 0, "part_b": 1, "type": "ADJ"}, {"part_a": 1, "part_b": 0, "type": "ADJ"}, {"part_a": 1, "part_b": 2, "type": "ADJ"}, {"part_a": 2, "part_b": 1, "type": "ADJ"}]}