{"id": 0, "label": "chair", "box": [-0.0012802269775420427, 0.07620535045862198, 0.04162329435348511, 1.103987455368042, 1.362675428390503, 1.033695936203003, 0.9999291896820068, -0.006983816623687744, -0.009636216796934605, 0.00687377480790019, 0.9999113082885742, -0.011405834928154945], "children": [{"id": 1, "label": "chair_back", "box": [0.0036708007100969553, 0.23358312249183655, -0.2542448937892914, 1.0205767154693604, 0.9224876165390015, 0.3869493901729584, 0.9998981356620789, 0.00927609484642744, 0.01084814127534628, -0.007558299694210291, 0.9888283014297485, -0.14886745810508728], "children": [{"id": 2, "label": "back_surface", "box": [0.006900953594595194, 0.2315293699502945, -0.21526376903057098, 1.0408735275268555, 0.9031800627708435, 0.4011789560317993, 0.99998539686203, -0.004810485057532787, -0.0024684916716068983, 0.004463407211005688, 0.9921137690544128, -0.1252613216638565], "children": [{"id": 3, "label": "back_single_surface", "box": [0.006230357568711042, 0.25478464365005493, -0.24235637485980988, 1.0122549533843994, 0.8510514497756958, 0.3488999009132385, 0.9999990463256836, 0.0008038287051022053, 0.0011605791514739394, -0.0006600103224627674, 0.9928942322731018, -0.1189984604716301]}]}]}, {"id": 4, "label": "chair_arm", "box": [0.5082738995552063, 0.11821259558200836, 0.17764222621917725, 0.11514393985271454, 0.3335397243499756, 0.6798061728477478, 0.9713478684425354, -0.22868295013904572, -0.06471016258001328, 0.23492860794067383, 0.965076208114624, 0.11591565608978271], "children": [{"id": 5, "label": "arm_horizontal_bar", "box": [0.45362159609794617, 0.2418856918811798, 0.07752562314271927, 0.08507617563009262, 0.16067755222320557, 0.6155940890312195, 0.9994149804115295, -0.014087690971791744, -0.031165048480033875, 0.013704078271985054, 0.9998281598091125, -0.012488647364079952]}, {"id": 0, "label": "arm_horizontal_bar", "box": [0.5082108974456787, 0.297735333442688, 0.11547365039587021, 0.06750074774026871, 0.1797560751438141, 0.6449057459831238, 0.9971863031387329, -0.0724053755402565, -0.019415635615587234, 0.0731920525431633, 0.9963712096214294, 0.04344331845641136]}]}, {"id": 7, "label": "chair_arm", "box": [-0.4418034553527832, 0.14086927473545074, 0.16216538846492767, 0.15174347162246704, 0.35902178287506104, 0.8026512861251831, 0.9980613589286804, 0.05257426202297211, 0.033308859914541245, -0.05613809823989868, 0.9915333986282349, 0.11708994209766388], "children": [{"id": 8, "label": "arm_horizontal_bar", "box": [-0.4517444968223572, 0.2657478451728821, 0.07391034811735153, 0.11127093434333801, 0.16407886147499084, 0.6433948874473572, 0.9991220831871033, 0.027741340920329094, 0.03139368072152138, -0.02676367200911045, 0.9991564750671387, -0.031145239248871803]}]}, {"id": 10, "label": "chair_seat", "box": [0.0009166148956865072, -0.0745183601975441, 0.15584197640419006, 0.9021421074867249, 0.19362187385559082, 0.8324891924858093, 0.9999789595603943, 0.0064802709966897964, 0.0003349932376295328, -0.006481536664068699, 0.999971330165863, 0.003923860378563404], "children": [{"id": 11, "label": "seat_surface", "box": [-0.003331846324726939, -0.090525783598423, 0.16030718386173248, 0.8887437582015991, 0.19023822247982025, 0.8349257111549377, 0.9999886751174927, 0.0038056185003370047, -0.0028567968402057886, -0.0037794141098856926, 0.9999512434005737, 0.009122668765485287], "children": [{"id": 12, "label": "seat_single_surface", "box": [-0.002494480926543474, -0.07401855289936066, 0.15436002612113953, 0.8761590719223022, 0.1947437822818756, 0.8420966267585754, 0.9999998807907104, 0.00014977646060287952, -0.0005460248212330043, -0.0001459732447983697, 0.9999758005142212, 0.006958639714866877]}]}]}, {"id": 13, "label": "chair_base", "box": [-0.0092530008405447, -0.3258350193500519, 0.1049266904592514, 1.0685242414474487, 0.4756680727005005, 1.0782129764556885, 0.9999215006828308, 0.0023078108206391335, 0.012316766194999218, -0.0009851099457591772, 0.9943299889564514, -0.1063341498374939]}], "edges": [{"part_a": 0, "part_b": 1, "type": "ADJ"}, {"part_a": 0, "part_b": 2, "type": "ADJ"}, {"part_a": 0, "part_b": 3, "type": "ADJ"}, {"part_a": 1, "part_b": 0, "type": "ADJ"}, {"part_a": 1, "part_b": 2, "type": "ROT_SYM"}, {"part_a": 1, "part_b": 2, "type": "TRANS_SYM"}, {"part_a": 1, "part_b": 2, "type": "REF_SYM"}, {"part_a": 1, "part_b": 3, "type": "ADJ"}, {"part_a": 2, "part_b": 0, "type": "ADJ"}, {"part_a": 2, "part_b": 1, "type": "ROT_SYM"}, {"part_a": 2, "part_b": 1, "type": "TRANS_SYM"}, {"part_a": 2, "part_b": 1, "type": "REF_SYM"}, {"part_a": 2, "part_b": 3, "type": "ADJ"}, {"part_a": 3, "part_b": 0, "type": "ADJ"}, {"part_a": 3, "part_b": 1, "type": "ADJ"}, {"part_a": 3, "part_b": 2, "type": "ADJ"}, {"part_a": 3, "part_b": 4, "type": "ADJ"}, {"part_a": 4, "part_b": 2, "type": "ADJ"}, {"part_a": 4, "part_b": 3, "type": "ADJ"}]}