{"id": 0, "label": "chair", "box": [-0.002180708572268486, 0.058248769491910934, 0.17688633501529694, 0.8924944996833801, 0.9745507836341858, 1.4366403818130493, 1.0, -1.1269724382145796e-05, -3.718701918842271e-05, -3.720859604072757e-05, -0.0019205359276384115, -0.999998152256012], "children": [{"id": 1, "label": "chair_back", "box": [-0.0021819754038006067, 0.3569619953632355, -0.23918195068836212, 0.1419679969549179, 0.8373900055885315, 0.8924739956855774, 5.1605697080958635e-05, -6.12354991504759e-17, 1.0, 6.123234262925839e-17, 1.0, 6.123234262925839e-17], "children": [{"id": 2, "label": "back_surface", "box": [-0.0021819754038006067, 0.3569619953632355, -0.23918195068836212, 0.1419679969549179, 0.8373900055885315, 0.8924739956855774, 5.1605697080958635e-05, -6.12354991504759e-17, 1.0, 6.123234262925839e-17, 1.0, 6.123234262925839e-17], "children": [{"id": 3, "label": "back_single_surface", "box": [-0.0021819754038006067, 0.3569619953632355, -0.23918195068836212, 0.1419679969549179, 0.8373900055885315, 0.8924739956855774, 5.1605697080958635e-05, -6.12354991504759e-17, 1.0, 6.123234262925839e-17, 1.0, 6.123234262925839e-17]}]}]}, {"id": 4, "label": "chair_seat", "box": [-0.0021977280266582966, -0.01881268061697483, 0.1434781849384308, 0.07669400423765182, 0.8896086812019348, 0.8928536176681519, 0.01180583517998457, 0.9999291300773621, -0.0015319075901061296, 0.0002756666799541563, 0.0015287596033886075, 0.9999988079071045], "children": [{"id": 5, "label": "seat_surface", "box": [-0.0021977280266582966, -0.01881268061697483, 0.1434781849384308, 0.07669400423765182, 0.8896086812019348, 0.8928536176681519, 0.01180583517998457, 0.9999291300773621, -0.0015319075901061296, 0.0002756666799541563, 0.0015287596033886075, 0.9999988079071045], "children": [{"id": 6, "label": "seat_single_surface", "box": [-0.0021977280266582966, -0.01881268061697483, 0.1434781849384308, 0.07669400423765182, 0.8896086812019348, 0.8928536176681519, 0.01180583517998457, 0.9999291300773621, -0.0015319075901061296, 0.0002756666799541563, 0.0015287596033886075, 0.9999988079071045]}]}]}, {"id": 7, "label": "chair_base", "box": [-0.0019205063581466675, -0.35465043783187866, 0.17917849123477936, 0.6108357906341553, 0.8919390439987183, 0.9715694189071655, -1.18295008928329e-19, -0.999998152256012, 0.0019319041166454554, 1.0, 0.0, 6.123234262925839e-17], "children": [{"id": 8, "label": "regular_leg_base", "box": [-0.0019205063581466675, -0.35465043783187866, 0.17917849123477936, 0.6108357906341553, 0.8919390439987183, 0.9715694189071655, -1.18295008928329e-19, -0.999998152256012, 0.0019319041166454554, 1.0, 0.0, 6.123234262925839e-17], "children": [{"id": 9, "label": "leg", "box": [0.3727944791316986, -0.3530026078224182, 0.5629063844680786, 0.13899901509284973, 0.1615593433380127, 0.6320279836654663, -1.0, 0.0, -6.123234262925839e-17, 6.073027046721831e-17, -0.12779510021209717, -0.9918006062507629]}, {"id": 10, "label": "leg", "box": [-0.37791550159454346, -0.35451698303222656, 0.2486400008201599, 0.1399490237236023, 0.6092280149459839, 0.8336299657821655, 1.0, -6.123234262925839e-17, 1.2246468525851679e-16, 6.123234262925839e-17, 1.0, 6.123234262925839e-17]}, {"id": 11, "label": "leg", "box": [-0.37839049100875854, -0.35892176628112793, -0.18749427795410156, 0.13899901509284973, 0.16152074933052063, 0.62007075548172, -1.0, 0.0, -6.123234262925839e-17, 6.073133587584727e-17, -0.12766008079051971, -0.9918179512023926]}, {"id": 12, "label": "leg", "box": [0.3730293810367584, -0.35542479157447815, -0.18312974274158478, 0.14197686314582825, 0.16638998687267303, 0.6273345351219177, -0.9999998211860657, -4.5637207790605316e-07, -0.0005582240992225707, 0.0005543670849874616, -0.11816477030515671, -0.9929938316345215]}], "edges": [{"part_a": 2, "part_b": 1, "type": "ADJ", "dist": 0.04055693860039304}, {"part_a": 1, "part_b": 0, "params": [-0.0017781853675842285, -0.37048083543777466, 0.5664263963699341, 0.9999646544456482, -0.007881467230618, 0.0029298337176442146], "type": "REF_SYM", "dist": 0.022833876966852764}, {"part_a": 1, "part_b": 0, "params": [0.748613715171814, -0.005900382995605469, 0.0021933913230895996], "type": "TRANS_SYM", "dist": 0.022229652462874817}, {"part_a": 1, "part_b": 0, "params": [0.006234152242541313, -0.4145202040672302, 0.36236104369163513, 0.004296271596103907, 0.9878813028335571, -0.1551518589258194, 2.1251354217529297], "type": "ROT_SYM", "dist": 0.03923382024108746}, {"part_a": 2, "part_b": 0, "params": [0.7512520551681519, -0.001756519079208374, 0.7500960826873779], "type": "TRANS_SYM", "dist": 0.02252359793526976}, {"part_a": 2, "part_b": 0, "params": [-0.5851514935493469, -0.32241562008857727, 0.777275562286377, -0.03470195084810257, -0.9949183464050293, 0.09451586753129959, 1.141228437423706], "type": "ROT_SYM", "dist": 0.04878385003863746}, {"part_a": 2, "part_b": 1, "params": [-0.37740421295166016, -0.3696025609970093, 0.1913783848285675, 0.0035275353584438562, 0.005540526006370783, 0.9999784231185913], "type": "REF_SYM", "dist": 0.04781299677724755}, {"part_a": 2, "part_b": 1, "params": [0.002638310194015503, 0.004143863916397095, 0.7479026913642883], "type": "TRANS_SYM", "dist": 0.023285397159524573}, {"part_a": 2, "part_b": 1, "params": [-2.1976702213287354, 0.5283709168434143, 0.0937746986746788, -0.5395443439483643, -0.8365198969841003, 0.0955318957567215, 0.36412185430526733], "type": "ROT_SYM", "dist": 0.04623578701418845}, {"part_a": 3, "part_b": 0, "params": [-0.0014820396900177002, -0.005372375249862671, 0.7443742156028748], "type": "TRANS_SYM", "dist": 0.024648353031222047}, {"part_a": 3, "part_b": 1, "params": [-0.0010371655225753784, -0.36779463291168213, 0.1942393183708191, -0.7108471393585205, 0.0005003798869438469, 0.7033463716506958], "type": "REF_SYM", "dist": 0.04317880578444903}, {"part_a": 3, "part_b": 1, "params": [-0.7500957250595093, 0.0005280077457427979, 0.7421808242797852], "type": "TRANS_SYM", "dist": 0.023839748031514615}, {"part_a": 3, "part_b": 1, "params": [0.646439254283905, -0.26022273302078247, 0.848671555519104, -0.12377023696899414, 0.9809303283691406, -0.14985550940036774, 1.0375171899795532], "type": "ROT_SYM", "dist": 0.03855873920473298}, {"part_a": 3, "part_b": 2, "params": [-0.00235632061958313, -0.36986657977104187, -0.17971204221248627, -0.9999595284461975, -0.004803435876965523, -0.007601138204336166], "type": "REF_SYM", "dist": 0.024784863458471473}, {"part_a": 3, "part_b": 2, "params": [-0.7527340650558472, -0.003615856170654297, -0.005721867084503174], "type": "TRANS_SYM", "dist": 0.024760758193263094}, {"part_a": 3, "part_b": 2, "params": [-0.006281707901507616, -0.3001699149608612, 0.29536208510398865, -0.0008285726653411984, 0.9905850887298584, -0.13689646124839783, 1.3296523094177246], "type": "ROT_SYM", "dist": 0.03522266348691922}]}]}], "edges": [{"part_a": 1, "part_b": 0, "type": "ADJ", "dist": 0.003890394513777119}, {"part_a": 2, "part_b": 0, "type": "ADJ", "dist": 0.019305913979422978}, {"part_a": 2, "part_b": 1, "type": "ADJ", "dist": 0.008327761207997872}]}