{"id": 0, "label": "chair", "box": [-0.0038325877394527197, -0.0018324838019907475, 0.1042729914188385, 0.9105039834976196, 1.409120798110962, 0.9504178166389465, 0.999995768070221, -0.0014964708825573325, 0.0024907260667532682, 0.0015069793444126844, 0.999989926815033, -0.004222548566758633], "children": [{"id": 1, "label": "chair_back", "box": [0.0024487997870892286, 0.3121149241924286, -0.265995055437088, 0.8924866914749146, 0.7892988324165344, 0.210147887468338, 0.9999971985816956, -0.0016864322824403644, -0.0016752701485529542, 0.0015310242306441069, 0.9960491061210632, -0.08879140019416809], "children": [{"id": 2, "label": "back_surface", "box": [-0.00393405556678772, 0.3183594048023224, -0.2640777826309204, 0.8944467306137085, 0.8131617903709412, 0.21838383376598358, 0.9999969005584717, 0.0013707998441532254, -0.002074579242616892, -0.0015328272711485624, 0.996775209903717, -0.08022986352443695], "children": [{"id": 3, "label": "back_single_surface", "box": [0.0035942676477134228, 0.34339460730552673, -0.25210317969322205, 0.8779488205909729, 0.7849961519241333, 0.18920162320137024, 0.999988317489624, 0.0031955798622220755, 0.003633956192061305, -0.0028321638237684965, 0.995381772518158, -0.09595360606908798]}]}]}, {"id": 4, "label": "chair_seat", "box": [0.0018248165724799037, -0.04169566556811333, 0.15015755593776703, 0.8929110169410706, 0.16255724430084229, 0.8487533330917358, 0.999981701374054, 0.00604007113724947, -0.0003116581356152892, -0.0060329497791826725, 0.9997963309288025, 0.019257638603448868], "children": [{"id": 5, "label": "seat_surface", "box": [-0.0014621958835050464, -0.07305745780467987, 0.15035344660282135, 0.8579837083816528, 0.15778367221355438, 0.8506486415863037, 0.9999995827674866, 0.0008142180740833282, 0.0004711836518254131, -0.0008209937368519604, 0.9998936653137207, 0.01456301286816597], "children": [{"id": 6, "label": "seat_single_surface", "box": [-0.0019445786019787192, -0.05331796407699585, 0.15470358729362488, 0.8637502789497375, 0.15333445370197296, 0.834550678730011, 0.999998152256012, 0.0004035314777866006, -0.0018926510820165277, -0.00036956529947929084, 0.9998395442962646, 0.017912521958351135]}]}]}, {"id": 7, "label": "chair_base", "box": [-0.001488306443206966, -0.3793065845966339, 0.10003671795129776, 0.9044170379638672, 0.6601148247718811, 0.9515748620033264, 0.9999953508377075, 0.002883218927308917, -0.0009877643315121531, -0.002886431524530053, 0.9999905228614807, -0.0032665219623595476], "children": [{"id": 8, "label": "regular_leg_base", "box": [0.003518343437463045, -0.372590035200119, 0.10170160979032516, 0.8953381776809692, 0.6633549928665161, 0.9357243776321411, 0.9999787211418152, 0.0028730714693665504, 0.005862471181899309, -0.0028586601838469505, 0.9999929070472717, -0.002465109806507826], "children": [{"id": 11, "label": "leg", "box": [-0.36602261662483215, -0.3932083249092102, -0.2759176194667816, 0.11828826367855072, 0.6388290524482727, 0.17230907082557678, 0.9997490644454956, -0.022371258586645126, -0.0011565723689273, 0.022294044494628906, 0.9886001348495483, 0.14890547096729279]}, {"id": 10, "label": "leg", "box": [-0.3848024010658264, -0.40115052461624146, 0.4758892059326172, 0.12590377032756805, 0.624859094619751, 0.14862102270126343, 0.9988963007926941, -0.01741684414446354, 0.04362255707383156, 0.020662963390350342, 0.9969615936279297, -0.07510414719581604]}, {"id": 12, "label": "leg", "box": [0.3620300889015198, -0.40411701798439026, -0.27578654885292053, 0.13261106610298157, 0.6205509901046753, 0.17267264425754547, 0.9989469051361084, 0.02223539538681507, 0.04013323411345482, -0.028431249782443047, 0.9865285158157349, 0.16109982132911682]}, {"id": 9, "label": "leg", "box": [0.3794514238834381, -0.40456897020339966, 0.4786544442176819, 0.11888904869556427, 0.6226476430892944, 0.15101958811283112, 0.9996680021286011, 0.024614669382572174, -0.007621073164045811, -0.025164688006043434, 0.9962037205696106, -0.08333583921194077]}], "edges": [{"part_a": 0, "part_b": 1, "type": "ROT_SYM"}, {"part_a": 0, "part_b": 2, "type": "ROT_SYM"}, {"part_a": 0, "part_b": 2, "type": "TRANS_SYM"}, {"part_a": 0, "part_b": 2, "type": "REF_SYM"}, {"part_a": 1, "part_b": 0, "type": "ROT_SYM"}, {"part_a": 1, "part_b": 3, "type": "ROT_SYM"}, {"part_a": 1, "part_b": 3, "type": "TRANS_SYM"}, {"part_a": 1, "part_b": 3, "type": "REF_SYM"}, {"part_a": 2, "part_b": 0, "type": "ROT_SYM"}, {"part_a": 2, "part_b": 0, "type": "TRANS_SYM"}, {"part_a": 2, "part_b": 0, "type": "REF_SYM"}, {"part_a": 2, "part_b": 3, "type": "ROT_SYM"}, {"part_a": 3, "part_b": 1, "type": "ROT_SYM"}, {"part_a": 3, "part_b": 1, "type": "TRANS_SYM"}, {"part_a": 3, "part_b": 1, "type": "REF_SYM"}, {"part_a": 3, "part_b": 2, "type": "ROT_SYM"}]}]}], "edges": [{"part_a": 0, "part_b": 1, "type": "ADJ"}, {"part_a": 1, "part_b": 0, "type": "ADJ"}, {"part_a": 1, "part_b": 2, "type": "ADJ"}, {"part_a": 2, "part_b": 1, "type": "ADJ"}]}