{"id": 0, "label": "chair", "box": [0.00854510348290205, 0.11087305843830109, 0.056182388216257095, 1.1935086250305176, 1.2064383029937744, 1.5292644500732422, 0.9983683228492737, 0.015998346731066704, -0.054815031588077545, -0.00527130626142025, 0.981672465801239, 0.1905030608177185], "children": [{"id": 1, "label": "chair_back", "box": [-0.013883592560887337, 0.3415939211845398, -0.32794418931007385, 1.3144680261611938, 0.8643550276756287, 0.3687383830547333, 0.9999346137046814, -0.003042761003598571, -0.011024300009012222, 0.001421494991518557, 0.989549458026886, -0.14418697357177734], "children": [{"id": 2, "label": "back_surface", "box": [-0.009183532558381557, 0.3025347590446472, -0.27237778902053833, 1.3291499614715576, 0.9456139802932739, 0.5495325922966003, 0.9999576807022095, -0.008675655350089073, -0.0030620726756751537, 0.008366083726286888, 0.9959341883659363, -0.08969462662935257], "children": [{"id": 3, "label": "back_single_surface", "box": [0.006075493525713682, 0.27861762046813965, -0.26933619379997253, 1.227095365524292, 0.8526027202606201, 0.477293998003006, 0.9998970627784729, 0.007783333770930767, 0.012053440324962139, -0.006653792690485716, 0.9958222508430481, -0.09107019007205963]}]}]}, {"id": 4, "label": "chair_seat", "box": [0.04939194396138191, -0.12549491226673126, 0.14040154218673706, 1.297020435333252, 0.979830801486969, 1.3376591205596924, 0.999677836894989, -0.010847174562513828, -0.022947341203689575, 0.01046268455684185, 0.9998039603233337, -0.016809558495879173], "children": [{"id": 5, "label": "seat_surface", "box": [-0.011895832605659962, -0.06968376040458679, 0.11928288638591766, 1.3524246215820312, 0.8031165599822998, 1.1624099016189575, 0.999931812286377, -0.00614661630243063, -0.00993228331208229, 0.006520321127027273, 0.9992548823356628, 0.03804166987538338], "children": [{"id": 6, "label": "seat_single_surface", "box": [0.02150450460612774, -0.10585968941450119, 0.08696679025888443, 1.315445899963379, 0.7773679494857788, 1.21436607837677, 0.9996761679649353, -0.0025947883259505033, -0.025315972045063972, 0.002791790524497628, 0.9999660849571228, 0.007749507203698158]}]}]}], "edges": [{"part_a": 0, "part_b": 1, "type": "ADJ"}, {"part_a": 1, "part_b": 0, "type": "ADJ"}]}