{"id": 0, "label": "chair", "box": [-0.005971139296889305, 0.022369008511304855, 0.11535776406526566, 0.7728136777877808, 1.6319880485534668, 0.797770082950592, 0.9999353885650635, -0.0029796254821121693, 0.010971777141094208, 0.003447381081059575, 0.9990749955177307, -0.042863525450229645], "children": [{"id": 1, "label": "chair_back", "box": [-0.006889563985168934, 0.2862507998943329, -0.1968340128660202, 0.7736949324607849, 1.1417044401168823, 0.22572113573551178, 0.9999648928642273, 0.006253744941204786, 0.00557544594630599, -0.005903903860598803, 0.9981388449668884, -0.0606963150203228], "children": [{"id": 2, "label": "back_surface", "box": [-0.007448354735970497, 0.2807639241218567, -0.15801934897899628, 0.7417563199996948, 1.1324058771133423, 0.23019306361675262, 0.9999948143959045, -0.001431065145879984, 0.0028926092199981213, 0.0015941942110657692, 0.9983612895011902, -0.05720295011997223], "children": [{"id": 3, "label": "back_single_surface", "box": [-0.006252300459891558, 0.28500378131866455, -0.1655944585800171, 0.7318520545959473, 1.1194366216659546, 0.19666826725006104, 0.9999924898147583, 0.003849723609164357, -0.0004527872952166945, -0.00387161155231297, 0.9976745843887329, -0.0680476650595665]}]}]}, {"id": 4, "label": "chair_seat", "box": [-0.0017280784668400884, -0.1936216950416565, 0.1676865816116333, 0.7585251927375793, 0.2424357384443283, 0.739976704120636, 0.999977707862854, -0.0009045232436619699, -0.006622305605560541, 0.0008797947084531188, 0.9999926686286926, -0.003736090147867799], "children": [{"id": 5, "label": "seat_surface", "box": [-0.008628638461232185, -0.21046246588230133, 0.17166811227798462, 0.7606584429740906, 0.18664038181304932, 0.7321599125862122, 0.9999678134918213, 0.005520818289369345, -0.005825175903737545, -0.0054418910294771194, 0.999894380569458, 0.013479359447956085], "children": [{"id": 6, "label": "seat_single_surface", "box": [-0.0007385237840935588, -0.21686069667339325, 0.16448751091957092, 0.7188572287559509, 0.1884309947490692, 0.7270705103874207, 0.9999954104423523, 0.0007665867451578379, -0.0029312812257558107, -0.000730786588974297, 0.9999253749847412, 0.012194769456982613]}]}]}, {"id": 7, "label": "chair_base", "box": [-0.0019219755195081234, -0.5128101110458374, 0.13741013407707214, 0.7561811804771423, 0.5256370306015015, 0.7353382706642151, 0.9999622702598572, 0.0004315258120186627, 0.008677737787365913, -0.00046993998694233596, 0.9999901056289673, 0.004425195977091789], "children": [{"id": 8, "label": "regular_leg_base", "box": [-0.002435107482597232, -0.5279771089553833, 0.14436912536621094, 0.7765064835548401, 0.5055318474769592, 0.7457891702651978, 0.9999828934669495, 0.002102762460708618, 0.005460877902805805, -0.0020312306005507708, 0.9999125003814697, -0.013071629218757153], "children": [{"id": 9, "label": "leg", "box": [-0.32911497354507446, -0.5281273126602173, -0.17043986916542053, 0.10875203460454941, 0.5379232168197632, 0.11166571080684662, 0.9998221397399902, -0.013740184716880322, 0.012917030602693558, 0.013080256059765816, 0.998670756816864, 0.049855947494506836]}, {"id": 12, "label": "leg", "box": [-0.3363996744155884, -0.5157913565635681, 0.46126818656921387, 0.10301844030618668, 0.5521705746650696, 0.10725568979978561, 0.9997695088386536, -0.005289413500577211, 0.02080712839961052, 0.005092937499284744, 0.9999420642852783, 0.009484419599175453]}, {"id": 10, "label": "leg", "box": [0.3148888945579529, -0.5189178586006165, -0.1689532846212387, 0.11937438696622849, 0.5494252443313599, 0.11684846132993698, 0.999869704246521, 0.014309444464743137, 0.007474178448319435, -0.014588363468647003, 0.9991443753242493, 0.03870144113898277]}, {"id": 11, "label": "leg", "box": [0.33683133125305176, -0.5203995704650879, 0.4643837511539459, 0.10564720630645752, 0.5495612025260925, 0.10558231920003891, 0.9997560977935791, 0.018560880795121193, -0.01196717843413353, -0.01864141784608364, 0.9998040795326233, -0.006653863936662674]}], "edges": [{"part_a": 0, "part_b": 1, "type": "ROT_SYM"}, {"part_a": 0, "part_b": 1, "type": "TRANS_SYM"}, {"part_a": 0, "part_b": 1, "type": "REF_SYM"}, {"part_a": 0, "part_b": 2, "type": "ROT_SYM"}, {"part_a": 0, "part_b": 2, "type": "TRANS_SYM"}, {"part_a": 0, "part_b": 2, "type": "REF_SYM"}, {"part_a": 0, "part_b": 3, "type": "ROT_SYM"}, {"part_a": 0, "part_b": 3, "type": "TRANS_SYM"}, {"part_a": 0, "part_b": 3, "type": "REF_SYM"}, {"part_a": 1, "part_b": 0, "type": "ROT_SYM"}, {"part_a": 1, "part_b": 0, "type": "TRANS_SYM"}, {"part_a": 1, "part_b": 0, "type": "REF_SYM"}, {"part_a": 1, "part_b": 2, "type": "ROT_SYM"}, {"part_a": 1, "part_b": 2, "type": "TRANS_SYM"}, {"part_a": 1, "part_b": 2, "type": "REF_SYM"}, {"part_a": 1, "part_b": 3, "type": "ROT_SYM"}, {"part_a": 1, "part_b": 3, "type": "TRANS_SYM"}, {"part_a": 1, "part_b": 3, "type": "REF_SYM"}, {"part_a": 2, "part_b": 0, "type": "ROT_SYM"}, {"part_a": 2, "part_b": 0, "type": "TRANS_SYM"}, {"part_a": 2, "part_b": 0, "type": "REF_SYM"}, {"part_a": 2, "part_b": 1, "type": "ROT_SYM"}, {"part_a": 2, "part_b": 1, "type": "TRANS_SYM"}, {"part_a": 2, "part_b": 1, "type": "REF_SYM"}, {"part_a": 2, "part_b": 3, "type": "ROT_SYM"}, {"part_a": 2, "part_b": 3, "type": "TRANS_SYM"}, {"part_a": 2, "part_b": 3, "type": "REF_SYM"}, {"part_a": 3, "part_b": 0, "type": "ROT_SYM"}, {"part_a": 3, "part_b": 0, "type": "TRANS_SYM"}, {"part_a": 3, "part_b": 0, "type": "REF_SYM"}, {"part_a": 3, "part_b": 1, "type": "ROT_SYM"}, {"part_a": 3, "part_b": 1, "type": "TRANS_SYM"}, {"part_a": 3, "part_b": 1, "type": "REF_SYM"}, {"part_a": 3, "part_b": 2, "type": "ROT_SYM"}, {"part_a": 3, "part_b": 2, "type": "TRANS_SYM"}, {"part_a": 3, "part_b": 2, "type": "REF_SYM"}]}]}], "edges": [{"part_a": 0, "part_b": 1, "type": "ADJ"}, {"part_a": 1, "part_b": 0, "type": "ADJ"}, {"part_a": 1, "part_b": 2, "type": "ADJ"}, {"part_a": 2, "part_b": 0, "type": "ADJ"}, {"part_a": 2, "part_b": 1, "type": "ADJ"}]}