{"id": 0, "label": "chair", "box": [0.025990044698119164, -0.13225150108337402, -0.11338591575622559, 1.0056785345077515, 1.2233998775482178, 1.6063145399093628, -0.0006768074817955494, -0.8746235966682434, -0.48480215668678284, 0.9999996423721313, -0.0008314352598972619, 0.00010393036063760519], "children": [{"id": 1, "label": "chair_back", "box": [0.03007926605641842, 0.21718177199363708, -0.4443356394767761, 0.13863782584667206, 0.9166919589042664, 1.2156447172164917, 0.0005154466489329934, -0.25684940814971924, -0.9664512872695923, 0.00020958486129529774, 0.9664514064788818, -0.2568493187427521], "children": [{"id": 2, "label": "back_surface", "box": [0.030530007556080818, 0.29732051491737366, -0.44085490703582764, 0.08960051089525223, 0.7580834627151489, 1.2146400213241577, 2.2736032860848354e-06, -0.2593142092227936, -0.9657930135726929, 2.174500441092398e-15, 0.9657930135726929, -0.2593142092227936], "children": [{"id": 3, "label": "back_single_surface", "box": [0.030530007556080818, 0.29732051491737366, -0.44085490703582764, 0.08960051089525223, 0.7580834627151489, 1.2146400213241577, 2.2736032860848354e-06, -0.2593142092227936, -0.9657930135726929, 2.174500441092398e-15, 0.9657930135726929, -0.2593142092227936]}]}, {"id": 4, "label": "back_support", "box": [0.017294026911258698, -0.04096892476081848, -0.4111291766166687, 0.01709173060953617, 0.01709398254752159, 1.154943823814392, -0.0003535885480232537, -0.9239036440849304, -0.3826250433921814, 0.000618632766418159, -0.38262519240379333, 0.9239034652709961]}, {"id": 5, "label": "back_support", "box": [0.017262790352106094, 0.5930169820785522, -0.5779345035552979, 0.01709023490548134, 0.0170931164175272, 1.1550053358078003, -0.00011072402412537485, -0.13110555708408356, -0.9913684129714966, 0.0004967240383848548, -0.991368293762207, 0.1311054825782776]}, {"id": 6, "label": "back_frame", "box": [0.017342980951070786, 0.2072058469057083, -0.4810543358325958, 0.03848535567522049, 0.9170435667037964, 1.1901296377182007, -0.0007411970873363316, -0.23283104598522186, -0.9725168943405151, 0.00020647338533308357, 0.9725171327590942, -0.23283125460147858], "children": [{"id": 7, "label": "back_holistic_frame", "box": [0.017342980951070786, 0.2072058469057083, -0.4810543358325958, 0.03848535567522049, 0.9170435667037964, 1.1901296377182007, -0.0007411970873363316, -0.23283104598522186, -0.9725168943405151, 0.00020647338533308357, 0.9725171327590942, -0.23283125460147858]}]}], "edges": [{"part_a": 1, "dist": 0.011280778741921437, "type": "ADJ", "part_b": 0}, {"part_a": 2, "dist": 0.009295736222707553, "type": "ADJ", "part_b": 0}, {"part_a": 3, "dist": 0.011465944482998426, "type": "ADJ", "part_b": 0}, {"part_a": 3, "dist": 0.005583287490541709, "type": "ADJ", "part_b": 1}, {"part_a": 3, "dist": 0.003602730087743613, "type": "ADJ", "part_b": 2}, {"part_a": 2, "dist": 0.00911036809859841, "type": "REF_SYM", "params": [0.018820326775312424, 0.2759226858615875, -0.49455463886260986, -0.01004850398749113, -0.9670813679695129, 0.254268616437912], "part_b": 1}, {"part_a": 2, "dist": 0.00570879584167216, "type": "TRANS_SYM", "params": [-0.006590573117136955, -0.6342855095863342, 0.16676869988441467], "part_b": 1}, {"part_a": 2, "dist": 0.009390363758404264, "type": "ROT_SYM", "params": [-0.9813266396522522, -0.021419242024421692, -1.6173763275146484, 0.9999494552612305, -0.00975795742124319, 0.002448441693559289, 0.5502405762672424], "part_b": 1}]}, {"id": 8, "label": "chair_seat", "box": [0.01707899570465088, -0.1549283266067505, 0.2293485403060913, 0.17977486550807953, 0.9550902843475342, 1.2056159973144531, -7.594927539000584e-18, -0.9922779202461243, 0.124034583568573, -6.075949972134348e-17, 0.124034583568573, 0.9922779202461243], "children": [{"id": 9, "label": "seat_surface", "box": [0.01707899570465088, -0.1127762496471405, 0.22407953441143036, 0.09481499344110489, 0.9550902843475342, 1.2056159973144531, -7.594954835960799e-18, -0.9922778606414795, 0.12403502315282822, -6.075949310389858e-17, 0.12403502315282822, 0.9922778606414795], "children": [{"id": 10, "label": "seat_single_surface", "box": [0.01707899570465088, -0.1127762496471405, 0.22407953441143036, 0.09481499344110489, 0.9550902843475342, 1.2056159973144531, -7.594954835960799e-18, -0.9922778606414795, 0.12403502315282822, -6.075949310389858e-17, 0.12403502315282822, 0.9922778606414795]}]}, {"id": 11, "label": "seat_support", "box": [0.014785677194595337, -0.2014659345149994, -0.04193636029958725, 0.018537458032369614, 0.030554274097085, 1.151426076889038, -0.00019075819000136107, 0.9945441484451294, -0.10431654751300812, 0.003906781319528818, 0.10431649535894394, 0.9945364594459534]}, {"id": 12, "label": "seat_support", "box": [0.021704483777284622, -0.16642744839191437, 0.2390371859073639, 0.01804879680275917, 0.018356263637542725, 1.1380728483200073, -6.118851529168288e-17, 0.9992842078208923, -0.03782876580953598, 0.0009303692495450377, -0.03782874718308449, -0.9992837905883789]}, {"id": 13, "label": "seat_support", "box": [0.02362467348575592, -0.12919478118419647, 0.5812630653381348, 0.017761260271072388, 0.031105268746614456, 1.0724211931228638, -0.0003391535428818315, 0.03423630818724632, -0.9994137287139893, -0.0023383651860058308, -0.9994110465049744, -0.03423542529344559]}, {"id": 14, "label": "seat_frame", "box": [0.017384178936481476, -0.20892497897148132, 0.09376873075962067, 0.08270834386348724, 0.5484854578971863, 1.190871238708496, -0.003690925892442465, -0.9961646795272827, 0.08742046356201172, -0.0003646184632088989, -0.08741971850395203, -0.9961714744567871], "children": [{"id": 15, "label": "seat_frame_bar", "box": [0.5942401885986328, -0.21152673661708832, 0.0937638059258461, 0.03841102495789528, 0.08262883871793747, 0.5484848618507385, 0.9992705583572388, 0.0378982350230217, -0.004699130542576313, 0.03816516697406769, -0.9953683018684387, 0.08823491632938385]}, {"id": 16, "label": "seat_frame_bar", "box": [-0.5611371994018555, -0.20231381058692932, 0.09360747039318085, 0.034979287534952164, 0.05513065308332443, 0.5328682065010071, -0.9997727274894714, 0.021317133679986, -0.00024129495432134718, -0.021191513165831566, -0.992520272731781, 0.12022655457258224]}], "edges": [{"part_a": 1, "dist": 0.01374172679626804, "type": "REF_SYM", "params": [0.017136812210083008, -0.19069895148277283, 0.09527471661567688, 0.9999861717224121, -0.0021848585456609726, 0.004782103002071381], "part_b": 0}, {"part_a": 1, "dist": 0.013956906601889913, "type": "TRANS_SYM", "params": [1.1719183921813965, -0.0025605112314224243, 0.00560431182384491], "part_b": 0}, {"part_a": 1, "dist": 0.014051635844805977, "type": "ROT_SYM", "params": [0.08982840180397034, 19.232030868530273, 2.792041301727295, 0.0034613641910254955, -0.12541553378105164, 0.9920982718467712, 0.05974805727601051], "part_b": 0}]}], "edges": [{"part_a": 1, "dist": 0.007073986278195972, "type": "ADJ", "part_b": 0}, {"part_a": 2, "dist": 0.005769013978672726, "type": "ADJ", "part_b": 0}, {"part_a": 3, "dist": 0.0067610797433549415, "type": "ADJ", "part_b": 0}, {"part_a": 4, "dist": 0.01567756935049942, "type": "ADJ", "part_b": 0}, {"part_a": 4, "dist": 0.004514081403043145, "type": "ADJ", "part_b": 1}, {"part_a": 4, "dist": 0.004344199945489778, "type": "ADJ", "part_b": 2}, {"part_a": 2, "dist": 0.01078378232664588, "type": "REF_SYM", "params": [0.019287608563899994, -0.18391573429107666, 0.09936323761940002, -0.0137864388525486, -0.12436478585004807, -0.9921407699584961], "part_b": 1}, {"part_a": 2, "dist": 0.005900192896257512, "type": "TRANS_SYM", "params": [-0.0038850251585245132, -0.0350460559129715, -0.27958574891090393], "part_b": 1}, {"part_a": 2, "dist": 0.0062774773746309635, "type": "ROT_SYM", "params": [0.018885983154177666, -0.20869581401348114, 0.10247073322534561, -0.9999967217445374, -0.0016799438744783401, 0.001934282248839736, 2.7907280921936035], "part_b": 1}, {"part_a": 3, "dist": 0.009724872323161996, "type": "REF_SYM",