{"id": 0, "label": "chair", "box": [0.0003109406679868698, 0.02095421962440014, 0.08599110692739487, 0.7237284183502197, 1.6871254444122314, 0.7737019658088684, 0.9999631643295288, -0.007503113709390163, 0.004165546502918005, 0.007590057328343391, 0.9997450709342957, -0.0212642103433609], "children": [{"id": 1, "label": "chair_back", "box": [0.0028435138519853354, 0.38025999069213867, -0.26052385568618774, 0.6708905696868896, 0.9310506582260132, 0.09716983139514923, 0.9999990463256836, -0.00115369469858706, 0.0007500218343921006, 0.001192731549963355, 0.9985229969024658, -0.054318130016326904], "children": [{"id": 2, "label": "back_surface", "box": [-0.009219988249242306, 0.4264298975467682, -0.27749788761138916, 0.5536272525787354, 0.6550372242927551, 0.09677697718143463, 0.9999821782112122, -0.005773428361862898, 0.0015483320457860827, 0.005844591651111841, 0.9986934661865234, -0.05076608806848526], "children": [{"id": 3, "label": "back_surface_vertical_bar", "box": [-0.03462979570031166, 0.46281227469444275, -0.28978314995765686, 0.14541687071323395, 0.5026886463165283, 0.06188349798321724, 0.9999648332595825, -0.006901321467012167, -0.004765095189213753, 0.006331139709800482, 0.9938266277313232, -0.11076373606920242]}, {"id": 5, "label": "back_surface_horizontal_bar", "box": [0.010711886920034885, 0.7303669452667236, -0.2643287181854248, 0.477426677942276, 0.10583243519067764, 0.061360593885183334, 0.9999722242355347, 0.0031413170509040356, 0.00676552951335907, -0.0030283560045063496, 0.9998569488525391, -0.01664259098470211]}]}, {"id": 7, "label": "back_frame", "box": [0.0004619080282282084, 0.3794797360897064, -0.24377238750457764, 0.7487759590148926, 0.9347121715545654, 0.11607114970684052, 0.9999719858169556, 0.0034501554910093546, -0.006643407046794891, -0.0038814465515315533, 0.9978093504905701, -0.0660414770245552], "children": [{"id": 8, "label": "back_frame_vertical_bar", "box": [0.29088616371154785, 0.37250468134880066, -0.24862003326416016, 0.11961063742637634, 0.8169419169425964, 0.10423607379198074, 0.9998658299446106, -0.008684528060257435, 0.013892081566154957, 0.009380288422107697, 0.9986633658409119, -0.05082826316356659]}, {"id": 9, "label": "back_frame_vertical_bar", "box": [-0.28898030519485474, 0.37896159291267395, -0.23963023722171783, 0.11618311703205109, 0.8620926737785339, 0.11251793056726456, 0.9998379349708557, -0.004045152571052313, -0.017544889822602272, 0.0034444115590304136, 0.9994112849235535, -0.03413629159331322]}], "edges": [{"part_a": 0, "part_b": 1, "type": "ROT_SYM"}, {"part_a": 0, "part_b": 1, "type": "TRANS_SYM"}, {"part_a": 0, "part_b": 1, "type": "REF_SYM"}, {"part_a": 1, "part_b": 0, "type": "ROT_SYM"}, {"part_a": 1, "part_b": 0, "type": "TRANS_SYM"}, {"part_a": 1, "part_b": 0, "type": "REF_SYM"}]}], "edges": [{"part_a": 0, "part_b": 1, "type": "ADJ"}, {"part_a": 1, "part_b": 0, "type": "ADJ"}]}, {"id": 10, "label": "chair_seat", "box": [-0.010888142511248589, -0.12466204911470413, 0.11659408360719681, 0.6849862933158875, 0.12854839861392975, 0.7445776462554932, 0.9999951720237732, 0.0031065798830240965, 0.00018757075304165483, -0.0031097240280359983, 0.9997928738594055, 0.02011306956410408], "children": [{"id": 11, "label": "seat_surface", "box": [0.006583954207599163, -0.11457882821559906, 0.10378973931074142, 0.7037240862846375, 0.0951881930232048, 0.7137049436569214, 0.9999025464057922, -0.013560120016336441, 0.003330061212182045, 0.013545864261686802, 0.99989914894104, 0.004266608972102404], "children": [{"id": 12, "label": "seat_single_surface", "box": [-0.004640590399503708, -0.08638439327478409, 0.11165174841880798, 0.7182921767234802, 0.09474866092205048, 0.7143377065658569, 0.9998984336853027, 0.0030882395803928375, 0.013916977681219578, -0.0032030160073190928, 0.9999610185623169, 0.00823249015957117]}]}, {"id": 13, "label": "seat_frame", "box": [-0.008574988692998886, -0.1212821826338768, 0.09839320182800293, 0.700840950012207, 0.034782279282808304, 0.7015825510025024, 0.9999796152114868, 0.003823262872174382, 0.005115473177284002, -0.003909940365701914, 0.9998471140861511, 0.01704283617436886], "children": [{"id": 17, "label": "seat_frame_bar", "box": [-0.009807368740439415, -0.09971442073583603, 0.12701919674873352, 0.707647979259491, 0.07956419885158539, 0.6631585955619812, 0.9999868869781494, 0.0051252637058496475, 0.00021052798547316343, -0.0051278588362038136, 0.9998728036880493, 0.01510377787053585]}]}], "edges": [{"part_a": 0, "part_b": 1, "type": "ADJ"}, {"part_a": 1, "part_b": 0, "type": "ADJ"}]}, {"id": 18, "label": "chair_base", "box": [0.0007956175250001252, -0.4751884639263153, 0.0875013917684555, 0.7059083580970764, 0.7036058306694031, 0.7243813276290894, 0.9999985098838806, 0.0013779534492641687, 0.0010339312721043825, -0.001373384497128427, 0.99998939037323, -0.004406904336065054], "children": [{"id": 19, "label": "regular_leg_base", "box": [-0.005801321938633919, -0.4773732125759125, 0.09913090616464615, 0.691866934299469, 0.724657416343689, 0.7185419797897339, 0.9999954104423523, -0.001134913181886077, 0.0028094688896089792, 0.0011237867875024676, 0.9999915361404419, 0.00395873561501503], "children": [{"id": 23, "label": "leg", "box": [-0.29984116554260254, -0.48107096552848816, -0.21276703476905823, 0.08834626525640488, 0.7458859086036682, 0.08557464927434921, 0.99947589635849, -0.016828199848532677, -0.027653859928250313, 0.017961420118808746, 0.9989872574806213, 0.04125456139445305]}, {"id": 22, "label": "leg", "box": [-0.307674378156662, -0.48547637462615967, 0.41753146052360535, 0.09315215051174164, 0.7369861602783203, 0.09053569287061691, 0.9997601509094238, -0.009623118676245213, 0.019673578441143036, 0.00967373140156269, 0.9999501705169678, -0.0024790477473288774]}, {"id": 20, "label": "leg", "box": [0.2789658308029175, -0.483146071434021, -0.21096031367778778, 0.09275513142347336, 0.7260099053382874, 0.08581458032131195, 0.99882972240448, 0.008626905269920826, 0.047589510679244995, -0.01012102048844099, 0.9994605183601379, 0.031244808807969093]}, {"id": 21, "label": "leg", "box": [0.3100862503051758, -0.48136112093925476, 0.41652560234069824, 0.0877741351723671, 0.7413075566291809, 0.08306711912155151, 0.9995226860046387, 0.011012854054570198, -0.028864573687314987, -0.01110194530338049, 0.9999340772628784, -0.0029280937742441893]}], "edges": [{"part_a": 0, "part_b": 1, "type": "ROT_SYM"}, {"part_a": 0, "part_b": 1, "type": "TRANS_SYM"}, {"part_a": 0, "part_b": 1, "type": "REF_SYM"}, {"part_a": 0, "part_b": 2, "type": "ROT_SYM"}, {"part_a": 0, "part_b": 2, "type": "TRANS_SYM"}, {"part_a": 0, "part_b": 2, "type": "REF_SYM"}, {"part_a": 0, "part_b": 3, "type": "ROT_SYM"}, {"part_a": 0, "part_b": 3, "type": "TRANS_SYM"}, {"part_a": 0, "part_b": 3, "type": "REF_SYM"}, {"part_a": 1, "part_b": 0, "type": "ROT_SYM"}, {"part_a": 1, "part_b": 0, "type": "TRANS_SYM"}, {"part_a": 1, "part_b": 0, "type": "REF_SYM"}, {"part_a": 1, "part_b": 2, "type": "ROT_SYM"}, {"part_a": 1, "part_b": 2, "type": "TRANS_SYM"}, {"part_a": 1, "part_b": 2, "type": "REF_SYM"}, {"part_a": 1, "part_b": 3, "type": "ROT_SYM"}, {"part_a": 1, "part_b": 3, "type": "TRANS_SYM"}, {"part_a": 1, "part_b": 3, "type": "REF_SYM"}, {"part_a": 2, "part_b": 0, "type": "ROT_SYM"}, {"part_a": 2, "part_b": 0, "type": "TRANS_SYM"}, {"part_a": 2, "part_b": 0, "type": "REF_SYM"}, {"part_a": 2, "part_b": 1, "type": "ROT_SYM"}, {"part_a": 2, "part_b": 1, "type": "TRANS_SYM"}, {"part_a": 2, "part_b": 1, "type": "REF_SYM"}, {"part_a": 2, "part_b": 3, "type": "ROT_SYM"}, {"part_a": 2, "part_b": 3, "type": "TRANS_SYM"}, {"part_a": 2, "part_b": 3, "type": "REF_SYM"}, {"part_a": 3, "part_b": 0, "type": "ROT_SYM"}, {"part_a": 3, "part_b": 0, "type": "TRANS_SYM"}, {"part_a": 3, "part_b": 0, "type": "REF_SYM"}, {"part_a": 3, "part_b": 1, "type": "ROT_SYM"}, {"part_a": 3, "part_b": 1, "type": "TRANS_SYM"}, {"part_a": 3, "part_b": 1, "type": "REF_SYM"}, {"part_a": 3, "part_b": 2, "type": "ROT_SYM"}, {"part_a": 3, "part_b": 2,