{"id": 0, "label": "chair", "box": [0.012948498129844666, 0.01199197769165039, 0.1388385146856308, 0.8629109859466553, 0.8629109859466553, 1.5173259973526, -6.123234262925839e-17, 6.123234262925839e-17, 1.0, 1.0, 0.0, 6.123234262925839e-17], "children": [{"id": 1, "label": "chair_back", "box": [0.012948498129844666, 0.33325499296188354, -0.18586499989032745, 0.21350398659706116, 0.8629109859466553, 0.8747999668121338, 6.123234262925839e-17, 6.123234262925839e-17, -1.0, 1.0, 0.0, 6.123234262925839e-17], "children": [{"id": 2, "label": "back_surface", "box": [0.012948498129844666, 0.33325499296188354, -0.18586499989032745, 0.21350398659706116, 0.8629109859466553, 0.8747999668121338, 6.123234262925839e-17, 6.123234262925839e-17, -1.0, 1.0, 0.0, 6.123234262925839e-17], "children": [{"id": 3, "label": "back_single_surface", "box": [0.012948498129844666, 0.33325499296188354, -0.18586499989032745, 0.21350398659706116, 0.8629109859466553, 0.8747999668121338, 6.123234262925839e-17, 6.123234262925839e-17, -1.0, 1.0, 0.0, 6.123234262925839e-17]}]}]}, {"id": 4, "label": "chair_seat", "box": [0.012948498129844666, -0.17001351714134216, 0.13883790373802185, 0.16829842329025269, 0.8629109859466553, 0.8629228472709656, -4.846915690249183e-21, 1.0, 7.915613969089463e-05, 1.0, 0.0, 6.123234262925839e-17], "children": [{"id": 5, "label": "seat_surface", "box": [0.012948498129844666, -0.17001351714134216, 0.13883790373802185, 0.16829842329025269, 0.8629109859466553, 0.8629228472709656, -4.846915690249183e-21, 1.0, 7.915613969089463e-05, 1.0, 0.0, 6.123234262925839e-17], "children": [{"id": 6, "label": "seat_single_surface", "box": [0.012948498129844666, -0.17001351714134216, 0.13883790373802185, 0.16829842329025269, 0.8629109859466553, 0.8629228472709656, -4.846915690249183e-21, 1.0, 7.915613969089463e-05, 1.0, 0.0, 6.123234262925839e-17]}]}]}, {"id": 7, "label": "chair_base", "box": [0.012948498129844666, -0.48359569907188416, 0.13883769512176514, 0.5261059999465942, 0.862959623336792, 0.8629879951477051, -3.5588338942460496e-09, 1.0, 6.097460936871357e-05, 1.0, -1.517062031552996e-10, 6.0853857576148584e-05], "children": [{"id": 8, "label": "regular_leg_base", "box": [0.012948498129844666, -0.48359569907188416, 0.13883769512176514, 0.5261059999465942, 0.862959623336792, 0.8629879951477051, -3.5588338942460496e-09, 1.0, 6.097460936871357e-05, 1.0, -1.517062031552996e-10, 6.0853857576148584e-05], "children": [{"id": 9, "label": "leg", "box": [0.3919803500175476, -0.475329726934433, -0.2429131716489792, 0.10484832525253296, 0.10496839880943298, 0.48244109749794006, -1.0, -4.920968601610641e-17, 2.9651324439328164e-05, 2.9649298085132614e-05, -0.011688699945807457, 0.9999316930770874]}, {"id": 10, "label": "leg", "box": [0.39202386140823364, -0.48398613929748535, 0.5205836296081543, 0.10476235300302505, 0.10516086965799332, 0.5257189273834229, -1.0, 1.4875423115512376e-10, -5.9669753682101145e-05, -5.966620665276423e-05, 0.010903683491051197, 0.9999405741691589]}, {"id": 11, "label": "leg", "box": [-0.36604902148246765, -0.49012452363967896, 0.5178245306015015, 0.10491600632667542, 0.10493901371955872, 0.5130929946899414, -1.0, 6.123234262925839e-17, -1.2246468525851679e-16, 1.2246468525851679e-16, 6.123234262925839e-17, -1.0]}, {"id": 12, "label": "leg", "box": [-0.3688957095146179, -0.46783071756362915, -0.24292932450771332, 0.10496971756219864, 0.104969821870327, 0.47010210156440735, 5.917312591918744e-05, 0.012140351347625256, -0.9999263286590576, 0.9999222159385681, -0.012470249086618423, -9.223147935699672e-05]}], "edges": [{"part_b": 0, "dist": 0.028202701288905577, "params": [0.39517396688461304, -0.4910678267478943, 0.13941100239753723, -0.0013584874104708433, 0.019695401191711426, -0.9998050928115845], "part_a": 1, "type": "REF_SYM"}, {"part_b": 0, "dist": 0.02515763971535817, "params": [-0.0010403096675872803, 0.015082448720932007, -0.7656360268592834], "part_a": 1, "type": "TRANS_SYM"}, {"part_b": 0, "dist": 0.03768356804980144, "params": [0.15892377495765686, -0.4872804880142212, 0.1396951973438263, -0.010962427593767643, 0.9998953342437744, -0.009440894238650799, 2.0357506275177], "part_a": 1, "type": "ROT_SYM"}, {"part_b": 0, "dist": 0.026583780828679023, "params": [0.01254206895828247, -0.49125897884368896, 0.13851836323738098, 0.7072067856788635, 0.01431102305650711, -0.7068618535995483], "part_a": 2, "type": "REF_SYM"}, {"part_b": 0, "dist": 0.024208607369847937, "params": [0.7642235159873962, 0.015464812517166138, -0.763850748538971], "part_a": 2, "type": "TRANS_SYM"}, {"part_b": 0, "dist": 0.043746465910297495, "params": [-0.7782589197158813, 0.5056478381156921, -0.6509759426116943, -0.012112066149711609, 0.9998933672904968, 0.008159032091498375, 0.9026365280151367], "part_a": 2, "type": "ROT_SYM"}, {"part_b": 1, "dist": 0.02129894678211419, "params": [0.01306222379207611, -0.49880021810531616, 0.5213363766670227, 0.9999971389770508, 0.0004996482166461647, 0.0023328859824687243], "part_a": 2, "type": "REF_SYM"}, {"part_b": 1, "dist": 0.022083603297414798, "params": [0.7652637958526611, 0.00038236379623413086, 0.0017852783203125], "part_a": 2, "type": "TRANS_SYM"}, {"part_b": 1, "dist": 0.029869812664426676, "params": [0.013653188943862915, -0.49388983845710754, 0.27361181378364563, 0.004093750845640898, 0.9999915361404419, -2.13902530958876e-05, 1.9924612045288086], "part_a": 2, "type": "ROT_SYM"}, {"part_b": 0, "dist": 0.02362581128058009, "params": [0.012999758124351501, -0.48053833842277527, -0.24337227642536163, 0.9999693632125854, -0.00782949198037386, -9.104696073336527e-05], "part_a": 3, "type": "REF_SYM"}, {"part_b": 0, "dist": 0.022761990479249337, "params": [0.7633081674575806, -0.005976498126983643, -6.949901580810547e-05], "part_a": 3, "type": "TRANS_SYM"}, {"part_b": 0, "dist": 0.03517108272954334, "params": [0.014725780114531517, 0.514048159122467, -1.7118324041366577, 0.00783518049865961, 0.9999626874923706, -0.0036445322912186384, 0.5097655653953552], "part_a": 3, "type": "ROT_SYM"}, {"part_b": 1, "dist": 0.02968129613732105, "params": [0.013519912958145142, -0.4880795478820801, 0.13944575190544128, 0.7064096927642822, -0.019462646916508675, 0.707535445690155], "part_a": 3, "type": "REF_SYM"}, {"part_b": 1, "dist": 0.027343421073465553, "params": [0.7643484473228455, -0.02105894684791565, 0.7655665278434753], "part_a": 3, "type": "TRANS_SYM"}, {"part_b": 1, "dist": 0.03905156964053376, "params": [-0.3863104581832886, -0.5264846086502075, 0.539283275604248, 0.03430173546075821, -0.9992471933364868, -0.018121637403964996, 1.5243213176727295], "part_a": 3, "type": "ROT_SYM"}, {"part_b": 2, "dist": 0.03238655563790994, "params": [-0.3691120147705078, -0.48827075958251953, 0.13855311274528503, -0.0011980095878243446, -0.028061505407094955, 0.9996055364608765], "part_a": 3, "type": "REF_SYM"}, {"part_b": 2, "dist": 0.026409896527889422, "params": [-0.0009153783321380615, -0.02144131064414978, 0.7637812495231628], "part_a": 3, "type": "TRANS_SYM"}, {"part_b": 2, "dist": 0.034455417356339516, "params": [-2.382789134979248, -0.528489351272583, 0.1352434605360031, 0.013603475876152515, -0.999685525894165, -0.021065915003418922, 0.3749144375324249], "part_a": 3, "type": "ROT_SYM"}]}]}], "edges": [{"part_b": 0, "dist": 0.010135128975665906, "part_a": 1, "type": "ADJ"}, {"part_b": 1, "dist": 0.014465420165314994, "part_a": 2, "type": "ADJ"}]}