{"id": 0, "label": "chair", "box": [-0.004130366258323193, 0.02888452261686325, 0.1326451301574707, 0.8865619897842407, 1.535513997077942, 0.8961320519447327, 0.999985933303833, 0.0005388830322772264, 0.0052741398103535175, -0.0004624004359357059, 0.9998948574066162, -0.014491928741335869], "children": [{"id": 1, "label": "chair_back", "box": [0.0011059264652431011, 0.33695441484451294, -0.24635879695415497, 0.861110508441925, 0.903637707233429, 0.1710699200630188, 0.999990701675415, 0.0034233934711664915, 0.0026390126440674067, -0.003359216032549739, 0.9997075200080872, -0.023951152339577675], "children": [{"id": 2, "label": "back_surface", "box": [-0.002752572763711214, 0.3271276354789734, -0.23901940882205963, 0.8471933007240295, 0.9417726397514343, 0.15404793620109558, 0.999970018863678, -0.004095823038369417, -0.006573998369276524, 0.003919204231351614, 0.9996369481086731, -0.026657937094569206], "children": [{"id": 3, "label": "back_single_surface", "box": [-0.002508428180590272, 0.3417196273803711, -0.23672056198120117, 0.8185878396034241, 0.9016615152359009, 0.13915987312793732, 0.9999654293060303, -0.00806468352675438, -0.0020266366191208363, 0.007977600209414959, 0.999174952507019, -0.03982233628630638]}]}]}, {"id": 4, "label": "chair_seat", "box": [0.005193810909986496, -0.12656855583190918, 0.14171966910362244, 0.9386100769042969, 0.19662325084209442, 0.8874933123588562, 0.9999289512634277, 0.002955957781523466, -0.01154954545199871, -0.002902829088270664, 0.9999851584434509, 0.004614132456481457], "children": [{"id": 5, "label": "seat_surface", "box": [0.0024463243316859007, -0.1378946453332901, 0.15116198360919952, 0.8820714354515076, 0.18219824135303497, 0.8851037621498108, 0.9999977946281433, 0.001959187211468816, -0.0007962379604578018, -0.0019516953034326434, 0.9999548196792603, 0.009303130209445953], "children": [{"id": 6, "label": "seat_single_surface", "box": [-0.0026010421570390463, -0.14212559163570404, 0.14872510731220245, 0.886936366558075, 0.18877314031124115, 0.895133912563324, 0.9999905824661255, 0.0007243951549753547, -0.00428251875564456, -0.0006945361965335906, 0.9999755024909973, 0.006969671696424484]}]}]}, {"id": 7, "label": "chair_base", "box": [-0.0003823078877758235, -0.47655075788497925, 0.14060556888580322, 0.869635820388794, 0.5383192896842957, 0.8744629621505737, 0.9999983310699463, -0.000687183637637645, 0.0017016485799103975, 0.0006867201300337911, 0.9999997615814209, 0.00027300507645122707], "children": [{"id": 8, "label": "regular_leg_base", "box": [-0.00472305016592145, -0.48073437809944153, 0.14724865555763245, 0.873146116733551, 0.5462854504585266, 0.8669672608375549, 0.9999915361404419, 0.002682114951312542, 0.0031338930130004883, -0.002670415909960866, 0.9999895095825195, -0.003731329692527652], "children": [{"id": 12, "label": "leg", "box": [-0.36557838320732117, -0.491484135389328, -0.2273537665605545, 0.10504202544689178, 0.5499521493911743, 0.11052463203668594, 0.9997670650482178, -0.01326325349509716, 0.017026960849761963, 0.012527580372989178, 0.9990133047103882, 0.04260919988155365]}, {"id": 11, "label": "leg", "box": [-0.38139402866363525, -0.4811515808105469, 0.5037758350372314, 0.09956509619951248, 0.564864993095398, 0.1043156310915947, 0.9999374151229858, -0.007283885031938553, 0.008495270274579525, 0.007210544776171446, 0.9999367594718933, 0.008631972596049309]}, {"id": 9, "label": "leg", "box": [0.37583717703819275, -0.4752660393714905, -0.23507137596607208, 0.10391058027744293, 0.5607553124427795, 0.12226594984531403, 0.9998833537101746, 0.00041858747135847807, 0.015270866453647614, -0.0008144073653966188, 0.9996636509895325, 0.02592293545603752]}, {"id": 10, "label": "leg", "box": [0.3786613643169403, -0.47983047366142273, 0.49903756380081177, 0.09706705063581467, 0.5583592057228088, 0.10738912969827652, 0.9999575614929199, 0.005833552218973637, -0.007132639177143574, -0.00585608184337616, 0.9999779462814331, -0.0031419016886502504]}], "edges": [{"part_a": 0, "part_b": 1, "type": "ROT_SYM"}, {"part_a": 0, "part_b": 1, "type": "TRANS_SYM"}, {"part_a": 0, "part_b": 1, "type": "REF_SYM"}, {"part_a": 0, "part_b": 2, "type": "ROT_SYM"}, {"part_a": 0, "part_b": 2, "type": "TRANS_SYM"}, {"part_a": 0, "part_b": 2, "type": "REF_SYM"}, {"part_a": 0, "part_b": 3, "type": "ROT_SYM"}, {"part_a": 0, "part_b": 3, "type": "TRANS_SYM"}, {"part_a": 0, "part_b": 3, "type": "REF_SYM"}, {"part_a": 1, "part_b": 0, "type": "ROT_SYM"}, {"part_a": 1, "part_b": 0, "type": "TRANS_SYM"}, {"part_a": 1, "part_b": 0, "type": "REF_SYM"}, {"part_a": 1, "part_b": 2, "type": "ROT_SYM"}, {"part_a": 1, "part_b": 2, "type": "TRANS_SYM"}, {"part_a": 1, "part_b": 2, "type": "REF_SYM"}, {"part_a": 1, "part_b": 3, "type": "ROT_SYM"}, {"part_a": 1, "part_b": 3, "type": "TRANS_SYM"}, {"part_a": 1, "part_b": 3, "type": "REF_SYM"}, {"part_a": 2, "part_b": 0, "type": "ROT_SYM"}, {"part_a": 2, "part_b": 0, "type": "TRANS_SYM"}, {"part_a": 2, "part_b": 0, "type": "REF_SYM"}, {"part_a": 2, "part_b": 1, "type": "ROT_SYM"}, {"part_a": 2, "part_b": 1, "type": "TRANS_SYM"}, {"part_a": 2, "part_b": 1, "type": "REF_SYM"}, {"part_a": 2, "part_b": 3, "type": "ROT_SYM"}, {"part_a": 2, "part_b": 3, "type": "TRANS_SYM"}, {"part_a": 2, "part_b": 3, "type": "REF_SYM"}, {"part_a": 3, "part_b": 0, "type": "ROT_SYM"}, {"part_a": 3, "part_b": 0, "type": "TRANS_SYM"}, {"part_a": 3, "part_b": 0, "type": "REF_SYM"}, {"part_a": 3, "part_b": 1, "type": "ROT_SYM"}, {"part_a": 3, "part_b": 1, "type": "TRANS_SYM"}, {"part_a": 3, "part_b": 1, "type": "REF_SYM"}, {"part_a": 3, "part_b": 2, "type": "ROT_SYM"}, {"part_a": 3, "part_b": 2, "type": "TRANS_SYM"}, {"part_a": 3, "part_b": 2, "type": "REF_SYM"}]}]}], "edges": [{"part_a": 0, "part_b": 1, "type": "ADJ"}, {"part_a": 1, "part_b": 0, "type": "ADJ"}, {"part_a": 1, "part_b": 2, "type": "ADJ"}, {"part_a": 2, "part_b": 1, "type": "ADJ"}]}