{"id": 0, "label": "chair", "box": [-0.006561825983226299, -0.025630654767155647, 0.08030403405427933, 0.9562352299690247, 1.5229376554489136, 0.8857710361480713, 0.9999324679374695, -0.011396285146474838, -0.0022866670042276382, 0.01134021021425724, 0.9996666312217712, -0.023195896297693253], "children": [{"id": 1, "label": "chair_back", "box": [0.0009996868902817369, 0.23998239636421204, -0.2561778128147125, 0.9303309321403503, 0.8992499113082886, 0.2745663523674011, 0.9999135136604309, 0.008606592193245888, 0.00994490459561348, -0.007104948628693819, 0.9898071885108948, -0.14223690330982208], "children": [{"id": 2, "label": "back_surface", "box": [0.0002506338059902191, 0.26321932673454285, -0.23927778005599976, 0.9569846987724304, 0.8510197401046753, 0.263111412525177, 0.9999812841415405, -0.004053830169141293, -0.00458306772634387, 0.0034438585862517357, 0.9920183420181274, -0.1260465532541275], "children": [{"id": 3, "label": "back_single_surface", "box": [0.008312391117215157, 0.266802042722702, -0.2496567815542221, 0.9303898811340332, 0.8316267132759094, 0.24129174649715424, 0.9999920725822449, -0.001691094716079533, 0.0036021892447024584, 0.00208145659416914, 0.9937868714332581, -0.11128024756908417]}]}]}, {"id": 4, "label": "chair_arm", "box": [0.36860549449920654, 0.11687247455120087, 0.1398261934518814, 0.19821752607822418, 0.36934489011764526, 0.8198283314704895, 0.9800911545753479, -0.08457491546869278, -0.17963406443595886, 0.1473318636417389, 0.9162846207618713, 0.37244588136672974], "children": [{"id": 5, "label": "arm_horizontal_bar", "box": [0.39991089701652527, 0.2067076563835144, 0.08126141130924225, 0.08723598718643188, 0.1253940463066101, 0.5646346807479858, 0.9989190101623535, -0.004045610781759024, -0.04630818963050842, 0.004789659287780523, 0.9998610615730286, 0.01596764661371708]}, {"id": 0, "label": "arm_holistic_frame", "box": [0.41490843892097473, 0.12176484614610672, 0.11304929852485657, 0.11202588677406311, 0.2728344798088074, 0.5776975154876709, 0.9884544014930725, -0.12904022634029388, -0.07941325753927231, 0.14436045289039612, 0.9612350463867188, 0.23491954803466797]}]}, {"id": 8, "label": "chair_arm", "box": [-0.34996044635772705, 0.07371748238801956, 0.1532975435256958, 0.22082388401031494, 0.3548765182495117, 0.8101013898849487, 0.9939419031143188, 0.07309570163488388, 0.08207659423351288, -0.09186210483312607, 0.9624977707862854, 0.2552633285522461], "children": [{"id": 9, "label": "arm_horizontal_bar", "box": [-0.38328999280929565, 0.20927399396896362, 0.07241522520780563, 0.13171662390232086, 0.12290345132350922, 0.6072257161140442, 0.9992654919624329, -0.008740953169763088, 0.03731109946966171, 0.007575842086225748, 0.9994827508926392, 0.031254883855581284]}]}, {"id": 12, "label": "chair_seat", "box": [0.00851235631853342, -0.081497423350811, 0.1274736076593399, 0.8811784982681274, 0.11903851479291916, 0.7523828148841858, 0.9999436736106873, 0.004936094395816326, -0.00939836073666811, -0.004867221228778362, 0.999961256980896, 0.007336989976465702], "children": [{"id": 0, "label": "seat_surface", "box": [-0.007653433363884687, -0.07124098390340805, 0.14146648347377777, 0.4893147051334381, 0.03885917738080025, 0.43944722414016724, 0.9999380707740784, -0.005601025186479092, 0.009616594761610031, 0.0058349063619971275, 0.9996836185455322, -0.024467280134558678], "children": [{"id": 0, "label": "seat_single_surface", "box": [-0.0030789519660174847, -0.03521851822733879, 0.12618838250637054, 0.7213460206985474, 0.09049882739782333, 0.6651018261909485, 0.999997615814209, -0.0020411782898008823, 0.0007710427744314075, 0.0020428847055882215, 0.9999954700469971, -0.0022187652066349983]}]}, {"id": 0, "label": "seat_support", "box": [-0.006320792715996504, -0.11662913113832474, 0.46467581391334534, 0.778560221195221, 0.1419156789779663, 0.1417219191789627, 0.9995326995849609, 0.004832391161471605, -0.030183622613549232, -0.00813326146453619, 0.9938745498657227, -0.11021441221237183]}, {"id": 13, "label": "seat_surface", "box": [-0.005440215114504099, -0.053457584232091904, 0.13436098396778107, 0.8719201683998108, 0.13674920797348022, 0.8064225912094116, 0.9999656081199646, 0.001231686444953084, -0.008204588666558266, -0.0011734911240637302, 0.9999741911888123, 0.0070940786972641945], "children": [{"id": 14, "label": "seat_single_surface", "box": [0.005070555489510298, -0.04082311689853668, 0.1562587171792984, 0.8359026312828064, 0.13290153443813324, 0.7821958065032959, 0.9999926686286926, -0.0001731658267090097, -0.0038340045139193535, 0.00019073569274041802, 0.9999895095825195, 0.004582753870636225]}]}], "edges": [{"part_a": 1, "part_b": 2, "type": "ADJ"}, {"part_a": 2, "part_b": 1, "type": "ADJ"}]}, {"id": 17, "label": "chair_base", "box": [-0.005212278570979834, -0.5572260618209839, 0.1329699158668518, 0.950226366519928, 0.5339385271072388, 1.0416860580444336, 0.9995564818382263, 0.027854755520820618, -0.010535335168242455, -0.029720481485128403, 0.9105768799781799, -0.4122699797153473], "children": [{"id": 18, "label": "regular_leg_base", "box": [0.009720745496451855, -0.5313724279403687, 0.17281468212604523, 0.9424664378166199, 0.5198689103126526, 1.0788359642028809, 0.999569833278656, 0.011317159049212933, -0.027058368548750877, -0.02231999672949314, 0.8920221328735352, -0.45144039392471313], "children": [{"id": 22, "label": "runner", "box": [0.4438011348247528, -0.6496920585632324, 0.08468080312013626, 0.11751856654882431, 0.11719367653131485, 0.9027502536773682, 0.9998619556427002, 0.015460520051419735, -0.006087045650929213, -0.01553006749600172, 0.9998127222061157, -0.011548957787454128]}, {"id": 20, "label": "leg", "box": [-0.436191201210022, -0.39076900482177734, 0.5398651361465454, 0.09463969618082047, 0.6058780550956726, 0.14433500170707703, 0.9999083876609802, -0.01213051751255989, 0.006008227821439505, 0.012014998123049736, 0.9997491240501404, 0.018903637304902077]}, {"id": 23, "label": "runner", "box": [-0.016016604378819466, -0.6332129836082458, -0.38318347930908203, 0.8165713548660278, 0.09871987253427505, 0.19833143055438995, 0.9999998807907104, 6.985682557569817e-05, 0.0004942839732393622, -8.092550706351176e-05, 0.9997484683990479, 0.022428886964917183]}, {"id": 19, "label": "leg", "box": [0.4304288625717163, -0.37088143825531006, 0.5198808908462524, 0.09339458495378494, 0.5842857360839844, 0.1570645123720169, 0.9998198747634888, 0.0029067769646644592, -0.018755266442894936, -0.002650947542861104, 0.9999033212661743, 0.013650879263877869]}, {"id": 21, "label": "runner", "box": [-0.4187229573726654, -0.6437198519706726, 0.061389002948999405, 0.11159150302410126, 0.1110127791762352, 0.8882776498794556, 0.9977201223373413, 0.06305539608001709, 0.02405540831387043, -0.06284677237272263, 0.9979795813560486, -0.00933329202234745]}], "edges": [{"part_a": 0, "part_b": 2, "type": "ADJ"}, {"part_a": 0, "part_b": 3, "type": "ADJ"}, {"part_a": 0, "part_b": 4, "type": "ROT_SYM"}, {"part_a": 0, "part_b": 4, "type": "TRANS_SYM"}, {"part_a": 0, "part_b": 4, "type": "REF_SYM"}, {"part_a": 1, "part_b": 3, "type": "ROT_SYM"}, {"part_a": 1, "part_b": 3, "type": "TRANS_SYM"}, {"part_a": 1, "part_b": 3, "type": "REF_SYM"}, {"part_a": 1, "part_b": 4, "type": "ADJ"}, {"part_a": 2, "part_b": 0, "type": "ADJ"}, {"part_a": 2, "part_b": 4, "type": "ADJ"}, {"part_a": 2, "part_b": 4, "type": "ROT_SYM"}, {"part_a": 3, "part_b": 0, "type": "ADJ"}, {"part_a": 3, "part_b": 1, "type": "ROT_SYM"}, {"part_a": 3, "part_b": 1, "type": "TRANS_SYM"}, {"part_a": 3, "part_b": 1, "type": "REF_SYM"}, {"part_a": 4, "part_b": 0, "type": "ROT_SYM"}, {"part_a": 4, "part_b": 0, "type": "TRANS_SYM"}, {"part_a": 4, "part_b": 0, "type": "REF_SYM"}, {"part_a": 4, "part_b": 1, "type": "ADJ"}, {"part_a": 4, "part_b": 2, "type": "ADJ"}, {"part_a": 4, "part_b": 2, "type": "ROT_SYM"}, {"part_a": 4, "part_b": 2, "type": "REF_SYM"}]}]}], "edges": [{"part_a": 0, "part_b": 1, "type": "ADJ"}, {"part_a": 0, "part_b": 2, "type": "ADJ"}, {"part_a": 0,