{"id": 0, "label": "chair", "box": [-0.0002426672726869583, -0.005018865689635277, 0.061140406876802444, 0.8324404954910278, 1.6191123723983765, 0.856494128704071, 0.9999980926513672, 0.0006325346766971052, 0.0018596857553347945, -0.0005755214369855821, 0.9995346069335938, -0.030499758198857307], "children": [{"id": 1, "label": "chair_back", "box": [-0.0017209314974024892, 0.3632846772670746, -0.2693535089492798, 0.7804554104804993, 0.8447372913360596, 0.13428470492362976, 0.9999786615371704, 0.00637901620939374, 0.0014180438593029976, -0.006191149819642305, 0.9942641258239746, -0.10677327960729599], "children": [{"id": 2, "label": "back_surface", "box": [0.0022562239319086075, 0.4086545407772064, -0.2551303803920746, 0.5970851182937622, 0.5006004571914673, 0.08449747413396835, 0.9999288320541382, -0.00999322161078453, 0.006515807937830687, 0.01061184424906969, 0.9946161508560181, -0.10308311134576797], "children": [{"id": 3, "label": "back_single_surface", "box": [-0.0013734429376199841, 0.4226455092430115, -0.2562733292579651, 0.5851543545722961, 0.5147273540496826, 0.07577893882989883, 0.9999838471412659, -0.0009991162223741412, -0.005600254982709885, 0.00040558166801929474, 0.994472324848175, -0.10499848425388336]}]}, {"id": 4, "label": "back_frame", "box": [-0.0062996805645525455, 0.41670525074005127, -0.2823541760444641, 0.7763737440109253, 0.8537153005599976, 0.12557606399059296, 0.9999836087226868, 0.00118550774641335, 0.0056076995097100735, -0.0005578993586823344, 0.9938622713088989, -0.11062311381101608], "children": [{"id": 5, "label": "back_frame_vertical_bar", "box": [0.30587247014045715, 0.39471763372421265, -0.27417871356010437, 0.11282720416784286, 0.8638297915458679, 0.09558454155921936, 0.998989462852478, 0.004772336222231388, 0.04469180852174759, -0.0007860054611228406, 0.9960498809814453, -0.08879196643829346]}, {"id": 6, "label": "back_frame_vertical_bar", "box": [-0.3146142363548279, 0.3905028700828552, -0.2745405435562134, 0.10079985857009888, 0.8567404747009277, 0.10367780923843384, 0.9981591105461121, -0.006055630277842283, -0.0603468157351017, 0.001360644237138331, 0.9969883561134338, -0.0775393545627594]}, {"id": 7, "label": "back_frame_horizontal_bar", "box": [-0.00039820928941480815, 0.7673937678337097, -0.3034854531288147, 0.612383246421814, 0.1549554318189621, 0.0987180843949318, 0.9999337792396545, 0.005156085826456547, -0.010289531201124191, -0.0057481201365590096, 0.9982789158821106, -0.058362968266010284]}], "edges": [{"part_a": 0, "part_b": 1, "type": "ROT_SYM"}, {"part_a": 0, "part_b": 1, "type": "TRANS_SYM"}, {"part_a": 0, "part_b": 1, "type": "REF_SYM"}, {"part_a": 0, "part_b": 2, "type": "ADJ"}, {"part_a": 1, "part_b": 0, "type": "ROT_SYM"}, {"part_a": 1, "part_b": 0, "type": "TRANS_SYM"}, {"part_a": 1, "part_b": 0, "type": "REF_SYM"}, {"part_a": 1, "part_b": 2, "type": "ADJ"}, {"part_a": 2, "part_b": 0, "type": "ADJ"}, {"part_a": 2, "part_b": 1, "type": "ADJ"}]}], "edges": [{"part_a": 0, "part_b": 1, "type": "ADJ"}, {"part_a": 1, "part_b": 0, "type": "ADJ"}]}, {"id": 8, "label": "chair_seat", "box": [0.002623181324452162, -0.010366332717239857, 0.10493640601634979, 0.7882732152938843, 0.12818442285060883, 0.7606608867645264, 0.9999815821647644, 0.0056424555368721485, 0.002243845025077462, -0.005671899300068617, 0.9998949766159058, 0.013339314609766006], "children": [{"id": 0, "label": "seat_surface", "box": [0.0068656811490654945, -0.024870891124010086, 0.1573011875152588, 0.6790533661842346, 0.06507599353790283, 0.630810022354126, 0.9999207258224487, -0.0010988317662850022, 0.012547013349831104, 0.0014176054392009974, 0.9996756911277771, -0.025425788015127182], "children": [{"id": 0, "label": "seat_single_surface", "box": [-0.005297998897731304, -0.03632698580622673, 0.13814115524291992, 0.7414611577987671, 0.08205490559339523, 0.7155527472496033, 0.999999463558197, 0.0007817542064003646, -0.0007044168305583298, -0.0007833223207853734, 0.9999971985816956, -0.0022286430466920137]}]}, {"id": 9, "label": "seat_surface", "box": [0.00991219561547041, 0.021766796708106995, 0.10772258788347244, 0.7361451387405396, 0.0872306376695633, 0.7083472609519958, 0.9999354481697083, 0.00367046264000237, 0.010755680501461029, -0.003814323805272579, 0.99990314245224, 0.0133855314925313], "children": [{"id": 10, "label": "seat_single_surface", "box": [0.0019814122933894396, 0.017243120819330215, 0.11427205801010132, 0.7281383872032166, 0.08614066988229752, 0.7367021441459656, 0.9999868273735046, -0.005131673067808151, -0.00030941725708544254, 0.005136858206242323, 0.999784529209137, 0.02011331170797348]}]}], "edges": [{"part_a": 0, "part_b": 1, "type": "ADJ"}, {"part_a": 1, "part_b": 0, "type": "ADJ"}]}, {"id": 14, "label": "chair_base", "box": [-0.004177674651145935, -0.3872566819190979, 0.06828295439481735, 0.7838137149810791, 0.7887182235717773, 0.8250822424888611, 0.9999715089797974, 0.007521364372223616, -0.0006271917372941971, -0.0075165508314967155, 0.9999447464942932, 0.007353819441050291], "children": [{"id": 15, "label": "regular_leg_base", "box": [-0.006932348944246769, -0.38557183742523193, 0.06628511101007462, 0.8067464828491211, 0.8081476092338562, 0.8226889371871948, 0.9999884366989136, -0.0003991363919340074, -0.00479517225176096, 0.000414017733419314, 0.9999951124191284, 0.0031028101220726967], "children": [{"id": 21, "label": "bar_stretcher", "box": [0.0030222106724977493, -0.2353002429008484, 0.44449397921562195, 0.6370941400527954, 0.11199571192264557, 0.08516029268503189, 0.9999878406524658, 0.004640013445168734, -0.0016777081182226539, -0.004681064747273922, 0.9996675848960876, -0.02535410411655903]}, {"id": 20, "label": "bar_stretcher", "box": [0.3362778425216675, -0.2748429775238037, 0.07142176479101181, 0.10190775990486145, 0.12885558605194092, 0.5925007462501526, 0.999667763710022, -0.014390714466571808, -0.02138497680425644, 0.014272215776145458, 0.9998820424079895, -0.005683611612766981]}, {"id": 17, "label": "leg", "box": [-0.3420221209526062, -0.4048607051372528, -0.2655175030231476, 0.08262163400650024, 0.7611767053604126, 0.10828737169504166, 0.9985638856887817, -0.022677108645439148, -0.04853829741477966, 0.027007948607206345, 0.9955288171768188, 0.09051503241062164]}, {"id": 16, "label": "leg", "box": [-0.3457617461681366, -0.39223188161849976, 0.41061893105506897, 0.10004166513681412, 0.771941065788269, 0.1085897907614708, 0.9998587965965271, -0.016698874533176422, -0.001882377895526588, 0.016642287373542786, 0.9995002150535583, -0.026876455172896385]}, {"id": 22, "label": "bar_stretcher", "box": [-0.3271791636943817, -0.31449076533317566, 0.07102584093809128, 0.10854922980070114, 0.1114848405122757, 0.5693042874336243, 0.9997908473014832, -0.004539778456091881, 0.019943030551075935, 0.004708277527242899, 0.99995356798172, -0.008410235866904259]}, {"id": 18, "label": "leg", "box": [0.32707682251930237, -0.41461142897605896, -0.2654516398906708, 0.09181603789329529, 0.7442007660865784, 0.10215144604444504, 0.9980210065841675, 0.017533883452415466, 0.06038713827729225, -0.022965574637055397, 0.9956350326538086, 0.09046260267496109]}, {"id": 0, "label": "bar_stretcher", "box": [0.0019149682484567165, -0.28581446409225464, -0.24583396315574646, 0.6036657094955444, 0.10323067754507065, 0.10261920094490051, 0.9999601244926453, 0.0029400805942714214, 0.008432303555309772, -0.0031976921018213034, 0.9995234608650208, 0.03070157580077648]}, {"id": 19, "label": "leg", "box": [0.34699147939682007, -0.39550644159317017, 0.41516950726509094, 0.09167301654815674, 0.7574615478515625, 0.10458370298147202, 0.9997574090957642, 0.015239142812788486, 0.015903150662779808, -0.014538340270519257, 0.9989567995071411, -0.04328905791044235]}], "edges": [{"part_a": 0, "part_b": 3, "type": "ADJ"}, {"part_a": 0, "part_b": 6, "type": "ROT_SYM"}, {"part_a": 0, "part_b": 6, "type": "TRANS_SYM"}, {"part_a": 0, "part_b": 6, "type": "REF_SYM"}, {"part_a": 0, "part_b": 7, "type": "ADJ"}, {"part_a": 1, "part_b": 4,