{"id": 0, "label": "chair", "box": [-0.002778748283162713, 0.18218690156936646, 0.10094659775495529, 0.8426026105880737, 1.4994813203811646, 0.8968106508255005, 0.9999991655349731, -0.0010484145022928715, 0.0007195125799626112, 0.0010597496293485165, 0.9998723864555359, -0.01593860611319542], "children": [{"id": 1, "label": "chair_back", "box": [-0.004780682735145092, 0.4584992527961731, -0.23517458140850067, 0.8861430883407593, 0.9504174590110779, 0.23021991550922394, 0.9999902844429016, 0.002274848520755768, -0.0037742562126368284, -0.0024003179278224707, 0.9994332194328308, -0.033578839153051376], "children": [{"id": 2, "label": "back_surface", "box": [-0.012296682223677635, 0.4478343725204468, -0.22400303184986115, 0.8979322910308838, 0.9110276699066162, 0.23646728694438934, 0.9999990463256836, 0.0013817264698445797, -0.00013089601998217404, -0.001383899711072445, 0.9998300671577454, -0.018385371193289757], "children": [{"id": 3, "label": "back_single_surface", "box": [-0.005997068248689175, 0.44760051369667053, -0.22608302533626556, 0.9006425142288208, 0.9277095794677734, 0.2215789556503296, 0.9999948740005493, 0.0030295997858047485, 0.001054662512615323, -0.0030077043920755386, 0.9997919201850891, -0.020177431404590607]}]}]}, {"id": 4, "label": "chair_seat", "box": [0.0111140888184309, -0.0631476640701294, 0.11995920538902283, 0.7641122937202454, 0.2589761018753052, 0.802627682685852, 0.9999911785125732, -0.0039870478212833405, 0.0013184205163270235, 0.003929207567125559, 0.9991393089294434, 0.041294388473033905], "children": [{"id": 5, "label": "seat_surface", "box": [-0.0019449325045570731, -0.0684930607676506, 0.13882485032081604, 0.8248913288116455, 0.2231506109237671, 0.8200440406799316, 0.9999866485595703, 0.003033895045518875, -0.004183416720479727, -0.002927335910499096, 0.9996769428253174, 0.025246843695640564], "children": [{"id": 6, "label": "seat_single_surface", "box": [-0.0016304482705891132, -0.06410034000873566, 0.1392855942249298, 0.8374672532081604, 0.2192445993423462, 0.817867636680603, 0.9999864101409912, 1.9920975319109857e-05, -0.005211364012211561, 8.13084770925343e-05, 0.9998113512992859, 0.019423818215727806]}]}]}, {"id": 7, "label": "chair_base", "box": [0.0001260116696357727, -0.38218507170677185, 0.12722572684288025, 0.7625876665115356, 0.43452104926109314, 0.8381015062332153, 0.9989029765129089, 0.017620541155338287, 0.04338693246245384, -0.015550285577774048, 0.9987454414367676, -0.047599732875823975]}], "edges": [{"part_a": 0, "part_b": 1, "type": "ADJ"}, {"part_a": 1, "part_b": 0, "type": "ADJ"}, {"part_a": 1, "part_b": 2, "type": "ADJ"}, {"part_a": 2, "part_b": 1, "type": "ADJ"}]}