{"id": 0, "label": "chair", "box": [0.004296993836760521, 0.11763069778680801, 0.12397439777851105, 0.9004541635513306, 1.1640377044677734, 1.5029159784317017, 1.0, -1.2537100264192746e-12, 1.3873047066681465e-07, -1.3873047066681465e-07, -6.93876359036949e-07, 1.0], "children": [{"id": 1, "label": "chair_back", "box": [0.004297178238630295, 0.4498041272163391, -0.31331631541252136, 0.2894926071166992, 0.8385703563690186, 0.9004570245742798, -2.993480666191317e-05, 2.9962064218125306e-05, -1.0, 1.2801828574993124e-07, -1.0, -2.9962069675093517e-05], "children": [{"id": 2, "label": "back_surface", "box": [0.004297178238630295, 0.4498041272163391, -0.31331631541252136, 0.2894926071166992, 0.8385703563690186, 0.9004570245742798, -2.993480666191317e-05, 2.9962064218125306e-05, -1.0, 1.2801828574993124e-07, -1.0, -2.9962069675093517e-05], "children": [{"id": 3, "label": "back_single_surface", "box": [0.004297178238630295, 0.4498041272163391, -0.31331631541252136, 0.2894926071166992, 0.8385703563690186, 0.9004570245742798, -2.993480666191317e-05, 2.9962064218125306e-05, -1.0, 1.2801828574993124e-07, -1.0, -2.9962069675093517e-05]}]}]}, {"id": 4, "label": "chair_arm", "box": [0.37843239307403564, 0.2174626737833023, 0.2191513627767563, 0.1519727259874344, 0.29708534479141235, 0.8363369703292847, 0.9997180700302124, -0.02276718243956566, -0.006739990785717964, -0.02303444966673851, -0.9988239407539368, -0.042663201689720154], "children": [{"id": 5, "label": "arm_near_vertical_bar", "box": [0.380004346370697, 0.17654792964458466, 0.37518128752708435, 0.15047845244407654, 0.19608356058597565, 0.21815450489521027, 0.9991108775138855, -0.04207960516214371, 0.0026090433821082115, 0.0025324150919914246, -0.0018742344109341502, -0.9999950528144836]}, {"id": 6, "label": "arm_horizontal_bar", "box": [0.39933034777641296, 0.3093840777873993, 0.22180671989917755, 0.11189085245132446, 0.14961078763008118, 0.8399109244346619, 0.01360390055924654, -0.9990304112434387, -0.04187121242284775, -0.99857497215271, -0.01573495753109455, 0.05099411681294441]}], "edges": [{"dist": 0.008928072457084012, "part_b": 0, "part_a": 1, "type": "ADJ"}]}, {"id": 7, "label": "chair_arm", "box": [-0.3897845149040222, 0.20485499501228333, 0.23295900225639343, 0.10471299290657043, 0.27386802434921265, 0.8477579951286316, -1.0, -6.123234262925839e-17, 0.0, -6.123234262925839e-17, 1.0, 0.0], "children": [{"id": 8, "label": "arm_near_vertical_bar", "box": [-0.3941460847854614, 0.177156001329422, 0.40977105498313904, 0.09516756236553192, 0.09516776353120804, 0.2184699922800064, -0.6087868809700012, 0.0, -0.7933338284492493, -0.7933338284492493, 1.8369701465288538e-16, 0.6087868809700012]}, {"id": 9, "label": "arm_horizontal_bar", "box": [-0.3892990052700043, 0.30973100662231445, 0.23295900225639343, 0.06411600112915039, 0.10374200344085693, 0.8477579951286316, 1.2246468525851679e-16, 1.0, 0.0, 1.0, -1.2246468525851679e-16, 0.0]}], "edges": [{"dist": 0.0062640649967731785, "part_b": 0, "part_a": 1, "type": "ADJ"}]}, {"id": 10, "label": "chair_seat", "box": [0.0042899721302092075, -0.09254584461450577, 0.12334980070590973, 0.36601293087005615, 0.9006938338279724, 1.164526343345642, -0.0008214637637138367, 0.9999889135360718, -0.004640440456569195, -0.9999996423721313, -0.0008211903623305261, 6.082844629418105e-05], "children": [{"id": 11, "label": "seat_surface", "box": [0.0042899721302092075, -0.09254584461450577, 0.12334980070590973, 0.36601293087005615, 0.9006938338279724, 1.164526343345642, -0.0008214637637138367, 0.9999889135360718, -0.004640440456569195, -0.9999996423721313, -0.0008211903623305261, 6.082844629418105e-05], "children": [{"id": 12, "label": "seat_single_surface", "box": [0.0042899721302092075, -0.09254584461450577, 0.12334980070590973, 0.36601293087005615, 0.9006938338279724, 1.164526343345642, -0.0008214637637138367, 0.9999889135360718, -0.004640440456569195, -0.9999996423721313, -0.0008211903623305261, 6.082844629418105e-05]}]}]}, {"id": 13, "label": "chair_base", "box": [0.004296496510505676, -0.4190389811992645, 0.12397348880767822, 0.42957597970962524, 0.9004529714584351, 1.1640369892120361, 0.0, 1.0, 0.0, 1.0, 0.0, 6.123234262925839e-17], "children": [{"id": 14, "label": "regular_leg_base", "box": [0.004296496510505676, -0.4190389811992645, 0.12397348880767822, 0.42957597970962524, 0.9004529714584351, 1.1640369892120361, 0.0, 1.0, 0.0, 1.0, 0.0, 6.123234262925839e-17], "children": [{"id": 15, "label": "leg", "box": [-0.35926273465156555, -0.43956321477890015, -0.33046838641166687, 0.17436665296554565, 0.2556484639644623, 0.38853687047958374, 0.9999657273292542, -0.00015092582907527685, -0.008274679072201252, 0.008274679072201252, -2.1866647871270355e-16, 0.9999657869338989]}, {"id": 16, "label": "leg", "box": [0.36761674284935, -0.423933207988739, -0.3253238797187805, 0.1748410165309906, 0.2656046450138092, 0.42032304406166077, -0.9999839663505554, 0.0035552948247641325, 0.004402640741318464, 0.004401103593409061, -0.00044011184945702553, 0.9999902248382568]}, {"id": 17, "label": "leg", "box": [0.39411553740501404, -0.42222514748573303, 0.5956054925918579, 0.12086381763219833, 0.22077104449272156, 0.4232240915298462, 1.0, -0.00016926339594647288, -6.123234262925839e-17, -3.476104820654413e-12, -2.0537020972710707e-08, 1.0]}, {"id": 18, "label": "leg", "box": [-0.38516825437545776, -0.41904017329216003, 0.590262770652771, 0.12178904563188553, 0.23142483830451965, 0.4295838177204132, 0.9999980926513672, 0.00012298770889174193, -0.0019370019435882568, 0.001937007182277739, -4.248149707564153e-05, 0.999998152256012]}, {"id": 19, "label": "runner", "box": [-0.007752999663352966, -0.55350661277771, 0.5955194234848022, 0.16064196825027466, 0.22060003876686096, 0.7049560546875, -6.123234262925839e-17, 1.0, -2.9054142942186445e-05, -6.123056253658018e-17, -2.9054142942186445e-05, -1.0]}, {"id": 20, "label": "runner", "box": [-0.010218036361038685, -0.5833684206008911, -0.33061856031417847, 0.10093941539525986, 0.254832923412323, 0.6278149485588074, 3.404787236087079e-17, -1.0, -0.000169419203302823, -0.0004325126938056201, -0.00016941918875090778, 0.9999998807907104]}], "edges": [{"dist": 0.01449195389893185, "part_b": 2, "part_a": 4, "type": "ADJ"}, {"dist": 0.01063302399085796, "part_b": 3, "part_a": 4, "type": "ADJ"}, {"dist": 0.01729607902785639, "part_b": 0, "part_a": 5, "type": "ADJ"}, {"dist": 0.010850668303562893, "part_b": 1, "part_a": 5, "type": "ADJ"}, {"params": [0.0055429041385650635, -0.45453858375549316, -0.32937800884246826, -0.9999243021011353, -0.012119320221245289, 0.0021083697210997343], "dist": 0.03430181350467025, "part_b": 0, "part_a": 1, "type": "REF_SYM"}, {"params": [-0.7614786624908447, -0.009229302406311035, 0.001605600118637085], "dist": 0.04192255539151107, "part_b": 0, "part_a": 1, "type": "TRANS_SYM"}, {"params": [-0.5693122744560242, 21.69951057434082, 6.9823527336120605, -0.01085978839546442, 0.35143157839775085, -0.9361505508422852, 0.03265063837170601], "dist": 0.04674575381164574, "part_b": 0, "part_a": 1, "type": "ROT_SYM"}, {"params": [0.002160578966140747, -0.4327784776687622, 0.5979294180870056, 0.9998023509979248, -0.01863846369087696, 0.006914556957781315], "dist": 0.03609119225843859, "part_b": 2, "part_a": 3, "type": "REF_SYM"}, {"params": [0.0024655493907630444, -0.3926302492618561, 0.5902273058891296, 0.009818557649850845, 0.9993593692779541, -0.03441609442234039, 3.1101057529449463], "dist": 0.036205877127125564, "part_b": 2, "part_a": 3, "type": "ROT_SYM"}, {"params": [-0.0010352290701121092, -0.5845304727554321, 0.13048523664474487, -0.004266350995749235, 0.012926890514791012, 0.9999073147773743], "dist": 0.039768400290469394, "part_b": 4, "part_a": 5, "type": "REF_SYM"}, {"params": [-0.003960136324167252, 0.011999070644378662, 0.9281395673751831], "dist": 0.03972993225145373, "part_b": 4, "part_a": 5,