{"id": 0, "label": "chair", "box": [-0.012515134178102016, -0.10058224946260452, 0.03180296719074249, 1.0766842365264893, 1.1311311721801758, 1.4005018472671509, 0.0007803860353305936, 0.003903224365785718, -0.9999920725822449, -0.9999150037765503, -0.013013155199587345, -0.0008311195415444672], "children": [{"id": 1, "label": "chair_back", "box": [-0.011317383497953415, 0.2004520446062088, -0.3427538573741913, 0.22503654658794403, 0.8168162703514099, 0.8437421321868896, -0.006441005039960146, 0.13813050091266632, 0.9903931021690369, 0.9992961287498474, -0.03571383282542229, 0.011479928158223629], "children": [{"id": 2, "label": "back_surface", "box": [-0.011317383497953415, 0.2004520446062088, -0.3427538573741913, 0.22503654658794403, 0.8168162703514099, 0.8437421321868896, -0.006441005039960146, 0.13813050091266632, 0.9903931021690369, 0.9992961287498474, -0.03571383282542229, 0.011479928158223629], "children": [{"id": 3, "label": "back_single_surface", "box": [-0.011317383497953415, 0.2004520446062088, -0.3427538573741913, 0.22503654658794403, 0.8168162703514099, 0.8437421321868896, -0.006441005039960146, 0.13813050091266632, 0.9903931021690369, 0.9992961287498474, -0.03571383282542229, 0.011479928158223629]}]}]}, {"id": 4, "label": "chair_arm", "box": [0.4561869204044342, 0.1036766767501831, 0.18629448115825653, 0.13864471018314362, 0.398439884185791, 0.6724266409873962, -0.9034867286682129, 0.4286135137081146, -0.0014957479434087873, 0.42860090732574463, 0.9034197330474854, -0.011577486991882324], "children": [{"id": 5, "label": "arm_sofa_style", "box": [0.4561869204044342, 0.1036766767501831, 0.18629448115825653, 0.13864471018314362, 0.398439884185791, 0.6724266409873962, -0.9034867286682129, 0.4286135137081146, -0.0014957479434087873, 0.42860090732574463, 0.9034197330474854, -0.011577486991882324]}]}, {"id": 6, "label": "chair_arm", "box": [-0.48164698481559753, 0.0996207445859909, 0.1888018399477005, 0.14150352776050568, 0.41733518242836, 0.6715755462646484, 0.9366391897201538, 0.34878724813461304, -0.032472919672727585, -0.3489520251750946, 0.9371404051780701, 0.0006311651668511331], "children": [{"id": 7, "label": "arm_sofa_style", "box": [-0.48164698481559753, 0.0996207445859909, 0.1888018399477005, 0.14150352776050568, 0.41733518242836, 0.6715755462646484, 0.9366391897201538, 0.34878724813461304, -0.032472919672727585, -0.3489520251750946, 0.9371404051780701, 0.0006311651668511331]}]}, {"id": 8, "label": "chair_seat", "box": [-0.024013545364141464, -0.1275004744529724, 0.10316336899995804, 0.22446957230567932, 0.9303296208381653, 0.9322337508201599, -0.025378035381436348, -0.999297022819519, 0.02759399451315403, 0.0277598574757576, 0.026887791231274605, 0.9992529153823853], "children": [{"id": 9, "label": "seat_surface", "box": [-0.010541277937591076, -0.12480925023555756, 0.12806370854377747, 0.20316454768180847, 0.8838949203491211, 0.923753023147583, -0.025949927046895027, -0.999657154083252, -0.0034851718228310347, -0.022173915058374405, -0.0029098864179104567, 0.9997498989105225], "children": [{"id": 10, "label": "seat_single_surface", "box": [-0.010541277937591076, -0.12480925023555756, 0.12806370854377747, 0.20316454768180847, 0.8838949203491211, 0.923753023147583, -0.025949927046895027, -0.999657154083252, -0.0034851718228310347, -0.022173915058374405, -0.0029098864179104567, 0.9997498989105225]}]}, {"id": 11, "label": "seat_support", "box": [0.33760613203048706, -0.18326394259929657, 0.022655531764030457, 0.07224726676940918, 0.12935569882392883, 0.7966541647911072, 0.46258261799812317, 0.8853609561920166, -0.04640432819724083, 0.8853345513343811, -0.458532452583313, 0.07701120525598526]}, {"id": 12, "label": "seat_support", "box": [-0.319507896900177, -0.18832504749298096, 0.06130830943584442, 0.07405877858400345, 0.11721733212471008, 0.8244723081588745, 0.007570958696305752, 0.9989297986030579, -0.04562797397375107, -0.9996631741523743, 0.00869350042194128, 0.024454031139612198]}, {"id": 13, "label": "seat_support", "box": [0.007098004221916199, -0.18742750585079193, 0.40924501419067383, 0.04393500089645386, 0.043938010931015015, 0.740231990814209, 7.498798786105971e-33, 1.0, -1.2246468525851679e-16, 6.123234262925839e-17, -1.2246468525851679e-16, -1.0]}], "edges": [{"part_a": 1, "dist": 0.005817850250437183, "part_b": 0, "type": "ADJ"}, {"part_a": 2, "dist": 0.005127015342064529, "part_b": 0, "type": "ADJ"}, {"part_a": 3, "dist": 0.01264677279288194, "part_b": 0, "type": "ADJ"}, {"part_a": 3, "dist": 0.007485069780939191, "part_b": 1, "type": "ADJ"}, {"part_a": 3, "dist": 0.005720221170344242, "part_b": 2, "type": "ADJ"}, {"part_a": 2, "dist": 0.04298298613520659, "part_b": 1, "params": [0.006698742508888245, -0.18965110182762146, 0.03819815814495087, 0.9980696439743042, -0.003910999279469252, -0.06198148429393768], "type": "REF_SYM"}, {"part_a": 2, "dist": 0.04484593916170998, "part_b": 1, "params": [0.6708817481994629, -0.002628892660140991, -0.04166267067193985], "type": "TRANS_SYM"}, {"part_a": 2, "dist": 0.03938460130329801, "part_b": 1, "params": [0.006067655049264431, -0.18839214742183685, 0.047474075108766556, -0.01807663030922413, -0.9996024370193481, 0.02163681574165821, 3.086599349975586], "type": "ROT_SYM"}, {"part_a": 3, "dist": 0.03908480787249554, "part_b": 1, "params": [0.17206808924674988, -0.18924552202224731, 0.21342380344867706, 0.6552581191062927, -0.006626954767853022, -0.7553759813308716], "type": "REF_SYM"}, {"part_a": 3, "dist": 0.02828767892098065, "part_b": 1, "params": [0.6797598004341125, -0.30475562810897827, 0.7145947217941284, 0.6946920156478882, -0.275768905878067, 0.6643452048301697, 2.5036568641662598], "type": "ROT_SYM"}, {"part_a": 3, "dist": 0.025157241155967628, "part_b": 2, "params": [-0.16337276995182037, -0.187931090593338, 0.2342551350593567, -0.6863558888435364, -0.0016833044355735183, -0.727263867855072], "type": "REF_SYM"}, {"part_a": 3, "dist": 0.024772878287023316, "part_b": 2, "params": [-0.666820228099823, -0.30700063705444336, 0.7278108596801758, 0.6913174986839294, 0.2664417624473572, -0.6716314554214478, 2.552579641342163], "type": "ROT_SYM"}]}, {"id": 14, "label": "chair_base", "box": [0.005269815679639578, -0.47356948256492615, -0.013736427761614323, 0.6603943705558777, 0.873686671257019, 1.003592848777771, 0.001060393638908863, -0.9998539090156555, 0.017061443999409676, -0.9999945163726807, -0.0011138399131596088, -0.003123379312455654], "children": [{"id": 15, "label": "regular_leg_base", "box": [0.005269815679639578, -0.47356948256492615, -0.013736427761614323, 0.6603943705558777, 0.873686671257019, 1.003592848777771, 0.001060393638908863, -0.9998539090156555, 0.017061443999409676, -0.9999945163726807, -0.0011138399131596088, -0.003123379312455654], "children": [{"id": 16, "label": "leg", "box": [-0.39208802580833435, -0.49945858120918274, -0.42094168066978455, 0.04980245977640152, 0.07769365608692169, 0.6261939406394958, -0.9019721746444702, -0.05999746918678284, 0.4276055097579956, 0.427409827709198, -0.2648186981678009, 0.8644025921821594]}, {"id": 17, "label": "leg", "box": [0.4062274694442749, -0.48594704270362854, -0.4176081120967865, 0.04846491664648056, 0.09710229933261871, 0.639587938785553, -0.9327331185340881, 0.043588943779468536, -0.35792306065559387, 0.35317081212997437, 0.31047922372817993, -0.882537841796875]}, {"id": 18, "label": "leg", "box": [0.3668593764305115, -0.4648991525173187, 0.45355159044265747, 0.04641143977642059, 0.11482805758714676, 0.661834716796875, 0.9994094967842102, 0.02791346050798893, -0.020036820322275162, 0.01588139869272709, 0.1418536752462387, 0.9897602200508118]}, {"id": 19, "label": "leg", "box": [-0.35358887910842896, -0.4780042767524719, 0.4616168439388275, 0.04564185068011284, 0.0505501814186573, 0.6324813365936279, -0.9364873766899109, 0.019596967846155167, -0.35015326738357544, -0.34951484203338623, 0.02990349940955639, 0.9364535212516785]}], "edges": [{"part_a": 1, "dist": 0.017152507114339802, "part_b": 0,