{"id": 0, "label": "chair", "box": [0.00966597255319357, -0.007661754265427589, 0.06326676905155182, 1.1958366632461548, 1.196868658065796, 1.2487974166870117, 0.9999894499778748, 0.0043198890052735806, -0.0015742621617391706, -0.004334632307291031, 0.9999456405639648, -0.009485458955168724], "children": [{"id": 1, "label": "chair_back", "box": [-0.007348904386162758, 0.23983775079250336, -0.35853058099746704, 1.061612844467163, 0.7469581961631775, 0.20312519371509552, 0.9999657869338989, 0.002325373701751232, -0.007942502386868, -0.004166642669588327, 0.9706661701202393, -0.24039512872695923], "children": [{"id": 2, "label": "back_surface", "box": [-7.86222517490387e-06, 0.29832905530929565, -0.3122967481613159, 0.9377138614654541, 0.5652920007705688, 0.16042546927928925, 0.9999487400054932, 0.006167728919535875, 0.008035295642912388, -0.00456134183332324, 0.9824493527412415, -0.18647396564483643], "children": [{"id": 3, "label": "back_single_surface", "box": [0.002379910321906209, 0.31481122970581055, -0.31347543001174927, 0.9578466415405273, 0.6101617217063904, 0.18837252259254456, 0.9999990463256836, 0.00010914170707110316, 0.0013683836441487074, 0.00017041592218447477, 0.9792526960372925, -0.2026427835226059]}]}, {"id": 0, "label": "back_support", "box": [-0.005949916783720255, 0.23165985941886902, -0.38577449321746826, 0.8796282410621643, 0.6749593615531921, 0.11564220488071442, 0.9999950528144836, 0.002663995372131467, -0.001664518378674984, -0.002933951560407877, 0.981402575969696, -0.19193844497203827]}, {"id": 0, "label": "back_support", "box": [-0.002256970852613449, 0.24997669458389282, -0.42940589785575867, 1.0672117471694946, 0.201116681098938, 0.12126853317022324, 0.9998994469642639, 0.013695422559976578, 0.0036749194841831923, -0.013601194135844707, 0.999606192111969, -0.024545419961214066]}], "edges": [{"part_a": 0, "part_b": 1, "type": "ADJ"}]}, {"id": 6, "label": "chair_arm", "box": [0.499816358089447, 0.0016004969365894794, 0.10880736261606216, 0.14380782842636108, 0.4569365680217743, 0.9320025444030762, 0.9998154640197754, 0.012818314135074615, -0.014306973665952682, -0.013957654125988483, 0.996484637260437, -0.08260482549667358], "children": [{"id": 0, "label": "arm_near_vertical_bar", "box": [0.5120116472244263, 0.011832431890070438, -0.1878124326467514, 0.09281925857067108, 0.3203931152820587, 0.1654149889945984, 0.9984099268913269, -0.043119676411151886, 0.036309707909822464, 0.03721392899751663, 0.9879840016365051, 0.1500093638896942]}, {"id": 7, "label": "arm_horizontal_bar", "box": [0.5199707746505737, 0.22713108360767365, 0.05408366397023201, 0.09267748892307281, 0.10310423374176025, 0.9091634750366211, 0.9999648928642273, -0.0051422216929495335, -0.006620919331908226, 0.005027261096984148, 0.9998383522033691, -0.01726432330906391]}, {"id": 8, "label": "arm_near_vertical_bar", "box": [0.49868839979171753, 0.02614723891019821, -0.34938663244247437, 0.07966751605272293, 0.34663069248199463, 0.12259908765554428, 0.9999016523361206, -0.014024599455296993, -4.606541187968105e-05, 0.013892960734665394, 0.990056574344635, 0.139982208609581]}, {"id": 0, "label": "arm_horizontal_bar", "box": [0.4950210154056549, 0.07381054013967514, 0.09402565658092499, 0.1312916874885559, 0.3047543168067932, 0.9097384214401245, 0.9971318244934082, -0.07568386197090149, -0.00029307801742106676, 0.07567653059959412, 0.997076153755188, -0.01059724111109972]}, {"id": 0, "label": "arm_horizontal_bar", "box": [0.533044695854187, 0.12030858546495438, 0.11955922096967697, 0.0788034051656723, 0.18854989111423492, 0.7302769422531128, 0.9996169805526733, -0.00935398880392313, -0.026046181097626686, 0.009717964567244053, 0.9998564124107361, 0.013882933184504509]}, {"id": 9, "label": "arm_near_vertical_bar", "box": [0.5131718516349792, 0.0017496856162324548, 0.5541824698448181, 0.0775257870554924, 0.37911802530288696, 0.08653618395328522, 0.999394953250885, -0.012684843502938747, 0.03238637372851372, 0.01353277824819088, 0.9995678067207336, -0.026098312810063362]}], "edges": [{"part_a": 0, "part_b": 1, "type": "ADJ"}, {"part_a": 1, "part_b": 0, "type": "ADJ"}]}, {"id": 10, "label": "chair_arm", "box": [-0.4323173463344574, 0.05383043363690376, 0.06975941359996796, 0.1901836395263672, 0.5062955617904663, 1.0434305667877197, 0.9994127154350281, 0.01762491650879383, 0.029388070106506348, -0.017473984509706497, 0.9998328685760498, -0.005384804680943489], "children": [{"id": 0, "label": "arm_horizontal_bar", "box": [-0.44384831190109253, 0.15371815860271454, 0.1396411657333374, 0.10287880152463913, 0.1024676039814949, 0.8101937174797058, 0.9998815059661865, -0.004434259608387947, 0.014742695726454258, 0.004346704110503197, 0.9999727606773376, 0.0059656561352312565]}, {"id": 0, "label": "arm_near_vertical_bar", "box": [-0.44477730989456177, -0.0030468583572655916, -0.17615443468093872, 0.11208204925060272, 0.21527278423309326, 0.16667921841144562, 0.9957705736160278, 0.04795777052640915, 0.07836472243070602, -0.060379765927791595, 0.9844853281974792, 0.1647510826587677]}, {"id": 0, "label": "arm_horizontal_bar", "box": [-0.5066213607788086, 0.005923136603087187, 0.12403199821710587, 0.09665031731128693, 0.29414668679237366, 0.6946885585784912, 0.9997892379760742, 0.013341513462364674, 0.015602542087435722, -0.013576664961874485, 0.9997943639755249, 0.015063836239278316]}, {"id": 12, "label": "arm_near_vertical_bar", "box": [-0.48266202211380005, 0.00813534390181303, 0.586787223815918, 0.09368915110826492, 0.3476800322532654, 0.0808771550655365, 0.9999483227729797, 0.00940732378512621, 0.0038524765986949205, -0.009239769540727139, 0.9990992546081543, -0.04141689091920853]}, {"id": 13, "label": "arm_near_vertical_bar", "box": [-0.5210188627243042, 0.01972593367099762, -0.29999712109565735, 0.08027766644954681, 0.3395814299583435, 0.12440697103738785, 0.999603271484375, 0.0034451328683644533, 0.02795466221868992, -0.007692256942391396, 0.9881528615951538, 0.1532798707485199]}, {"id": 11, "label": "arm_horizontal_bar", "box": [-0.5054532885551453, 0.2117631435394287, 0.07515444606542587, 0.11380240321159363, 0.12134703248739243, 0.9158524870872498, 0.9998829364776611, 0.0018851670902222395, 0.015186294913291931, -0.002003310015425086, 0.9999678134918213, 0.007768135517835617]}], "edges": [{"part_a": 1, "part_b": 5, "type": "ADJ"}, {"part_a": 4, "part_b": 5, "type": "ADJ"}, {"part_a": 5, "part_b": 0, "type": "ADJ"}, {"part_a": 5, "part_b": 3, "type": "ADJ"}, {"part_a": 5, "part_b": 4, "type": "ADJ"}]}, {"id": 14, "label": "chair_seat", "box": [0.0023985086008906364, -0.17011895775794983, 0.1257215142250061, 1.055479884147644, 0.22787413001060486, 1.0019315481185913, 0.9999931454658508, 0.0014994395896792412, 0.0033976298291236162, -0.0013661610428243876, 0.99924236536026, -0.03889530152082443], "children": [{"id": 0, "label": "seat_support", "box": [-0.0025377257261425257, -0.21786846220493317, 0.1885191947221756, 0.7607166171073914, 0.06782935559749603, 0.520868718624115, 0.9999322295188904, 0.006294224411249161, 0.00979651976376772, -0.00553476344794035, 0.9971146583557129, -0.07570801675319672]}, {"id": 17, "label": "seat_frame", "box": [-0.001880157389678061, -0.23433943092823029, 0.1246199905872345, 1.091638207435608, 0.14865051209926605, 0.8980096578598022, 0.9999839663505554, 0.000696445582434535, 0.005620718002319336, -0.0004422569472808391, 0.9989824891090393, -0.04509870707988739], "children": [{"id": 19, "label": "seat_frame_bar", "box": [0.5160189867019653, -0.18888205289840698, 0.12398148328065872, 0.10666139423847198, 0.12885820865631104, 0.8491392731666565, 0.9999688863754272, 0.00582980876788497, -0.0053173452615737915, -0.006155009847134352, 0.9979727268218994, -0.06334513425827026]}, {"id": 18, "label": "seat_frame_bar",