{"id": 0, "label": "chair", "box": [0.0020599979907274246, 0.057961273938417435, 0.15440784394741058, 0.7291702032089233, 0.8524848818778992, 1.6672407388687134, -1.0, 9.862448357988995e-11, -2.767765909084119e-05, -2.767765909084119e-05, -1.8453118173056282e-05, 1.0], "children": [{"id": 1, "label": "chair_back", "box": [0.0019734210800379515, 0.4019298851490021, -0.19539792835712433, 0.1528482437133789, 0.7289762496948242, 0.9793158769607544, 1.3660310287377797e-05, 1.3660310287377797e-05, -1.0, 1.0, -2.6581172706066952e-17, 1.3660310287377797e-05], "children": [{"id": 2, "label": "back_surface", "box": [0.0019734210800379515, 0.4019298851490021, -0.19539792835712433, 0.1528482437133789, 0.7289762496948242, 0.9793158769607544, 1.3660310287377797e-05, 1.3660310287377797e-05, -1.0, 1.0, -2.6581172706066952e-17, 1.3660310287377797e-05], "children": [{"id": 3, "label": "back_single_surface", "box": [0.0019734210800379515, 0.4019298851490021, -0.19539792835712433, 0.1528482437133789, 0.7289762496948242, 0.9793158769607544, 1.3660310287377797e-05, 1.3660310287377797e-05, -1.0, 1.0, -2.6581172706066952e-17, 1.3660310287377797e-05]}]}]}, {"id": 4, "label": "chair_seat", "box": [0.002060502767562866, -0.2521815001964569, 0.15441249310970306, 0.4750930070877075, 0.7291489839553833, 0.852450966835022, -7.498798786105971e-33, -1.0, 1.2246468525851679e-16, 1.0, 0.0, 6.123234262925839e-17], "children": [{"id": 5, "label": "seat_surface", "box": [0.002060502767562866, -0.2521815001964569, 0.15441249310970306, 0.4750930070877075, 0.7291489839553833, 0.852450966835022, -7.498798786105971e-33, -1.0, 1.2246468525851679e-16, 1.0, 0.0, 6.123234262925839e-17], "children": [{"id": 6, "label": "seat_single_surface", "box": [0.002060502767562866, -0.2521815001964569, 0.15441249310970306, 0.4750930070877075, 0.7291489839553833, 0.852450966835022, -7.498798786105971e-33, -1.0, 1.2246468525851679e-16, 1.0, 0.0, 6.123234262925839e-17]}]}]}, {"id": 7, "label": "chair_base", "box": [0.0018920822767540812, -0.4956357479095459, 0.15432851016521454, 0.5600357055664062, 0.72882479429245, 0.8522927165031433, -5.199876341066556e-06, -1.0, -1.5390099861178896e-08, -1.0, 5.199876795813907e-06, -1.4732108866155613e-05], "children": [{"id": 8, "label": "regular_leg_base", "box": [0.0018920822767540812, -0.4956357479095459, 0.15432851016521454, 0.5600357055664062, 0.72882479429245, 0.8522927165031433, -5.199876341066556e-06, -1.0, -1.5390099861178896e-08, -1.0, 5.199876795813907e-06, -1.4732108866155613e-05], "children": [{"id": 9, "label": "leg", "box": [0.27662017941474915, -0.5412963032722473, -0.19547724723815918, 0.15267200767993927, 0.17902494966983795, 0.46871185302734375, -4.617028025677428e-06, -2.692493242503174e-17, 1.0, 1.0, 4.622578217094997e-06, 4.617028025677428e-06]}, {"id": 10, "label": "leg", "box": [-0.3001594841480255, -0.5687375068664551, -0.19563651084899902, 0.12470899522304535, 0.15235300362110138, 0.4138289988040924, -1.0, 6.123234262925839e-17, 0.0, 0.0, 0.0, 1.0]}, {"id": 11, "label": "leg", "box": [0.3125816881656647, -0.5109043121337891, 0.5185806155204773, 0.1074497178196907, 0.12617629766464233, 0.5299546718597412, -0.9999999403953552, -3.7246980355121195e-05, 0.0002774396853055805, 0.0002771971048787236, 0.006362295709550381, 0.9999797344207764]}, {"id": 12, "label": "leg", "box": [-0.2828035056591034, -0.495633989572525, 0.5187245011329651, 0.12349101901054382, 0.15942098200321198, 0.5600360035896301, 0.0, 0.0, -1.0, 1.0, -6.123234262925839e-17, 0.0]}], "edges": [{"part_a": 3, "type": "TRANS_SYM", "dist": 0.0456277057247069, "part_b": 1, "params": [-0.00012671947479248047, -0.04877495765686035, -0.7165386080741882]}, {"part_a": 3, "type": "REF_SYM", "dist": 0.04362514980528572, "part_b": 2, "params": [0.009221792221069336, -0.5577654838562012, 0.519013524055481, 0.9999338984489441, 0.008810355328023434, -0.007381514646112919]}, {"part_a": 3, "type": "TRANS_SYM", "dist": 0.049598191290072036, "part_b": 2, "params": [0.6349079608917236, 0.005594134330749512, -0.004686892032623291]}]}]}], "edges": [{"part_a": 1, "type": "ADJ", "dist": 0.00963299471456173, "part_b": 0}, {"part_a": 2, "type": "ADJ", "dist": 0.012853569195599284, "part_b": 1}]}