{"id": 0, "label": "chair", "box": [-0.014574972912669182, 0.033989835530519485, 0.07096590101718903, 1.0873427391052246, 1.165055751800537, 1.275129795074463, 6.905270856805146e-05, -0.035560932010412216, -0.9993675351142883, 1.0, 3.7262207115418278e-06, 6.896381819387898e-05], "children": [{"id": 1, "label": "chair_back", "box": [-0.014575004577636719, 0.11259261518716812, -0.3082229197025299, 0.25238096714019775, 1.0810378789901733, 1.16498601436615, 6.080259913997994e-17, -0.11826751381158829, -0.9929817914962769, -7.241796690876184e-18, -0.9929817914962769, 0.11826751381158829], "children": [{"id": 2, "label": "back_surface", "box": [-0.014575004577636719, 0.12762008607387543, -0.28039485216140747, 0.1917792409658432, 0.9000200033187866, 1.0575648546218872, -7.360803165604188e-18, -0.12021104246377945, -0.9927483797073364, -1.0, 1.8280895354724845e-16, -1.4721606331208376e-17], "children": [{"id": 3, "label": "back_single_surface", "box": [-0.014575004577636719, 0.12762008607387543, -0.28039485216140747, 0.1917792409658432, 0.9000200033187866, 1.0575648546218872, -7.360803165604188e-18, -0.12021104246377945, -0.9927483797073364, -1.0, 1.8280895354724845e-16, -1.4721606331208376e-17]}]}, {"id": 4, "label": "back_support", "box": [-0.014574497938156128, 0.10508786141872406, -0.403591513633728, 0.0605071522295475, 0.9084590077400208, 1.0391275882720947, 6.079750370740662e-17, -0.11896411329507828, -0.9928985834121704, 1.0, 0.0, 6.123234262925839e-17]}, {"id": 5, "label": "back_frame", "box": [-0.014575004577636719, 0.09825950115919113, -0.37996095418930054, 0.10602004826068878, 1.0695366859436035, 1.16498601436615, -6.080606668110777e-17, 0.11779079586267471, 0.9930384159088135, 7.2126063142398e-18, 0.9930384159088135, -0.11779079586267471], "children": [{"id": 6, "label": "back_frame_vertical_bar", "box": [-0.53202223777771, 0.09798669815063477, -0.38226205110549927, 0.10141181945800781, 0.13013258576393127, 1.0695377588272095, 0.0007268956396728754, -0.11781370639801025, -0.9930354356765747, 0.9999997615814209, 8.016331412363797e-05, 0.0007224829168990254]}, {"id": 7, "label": "back_frame_vertical_bar", "box": [0.5028715133666992, 0.09847551584243774, -0.3799864947795868, 0.10601957142353058, 0.13009300827980042, 1.0690616369247437, 6.080607329855267e-17, -0.11779017001390457, -0.993038535118103, 1.0, 0.0, 6.123234262925839e-17]}], "edges": [{"part_b": 0, "params": [-0.014543086290359497, 0.1077125295996666, -0.4052954316139221, -0.9999983906745911, 0.001744826091453433, -0.00047152405022643507], "type": "REF_SYM", "dist": 0.014518795291394562, "part_a": 1}, {"part_b": 0, "params": [-1.0349678993225098, 0.0018058419227600098, -0.00048801302909851074], "type": "TRANS_SYM", "dist": 0.014421387338666354, "part_a": 1}, {"part_b": 0, "params": [-0.05802072584629059, -0.9326251149177551, -53.20975112915039, -0.001893474138341844, -0.9999978542327881, 0.0008959682891145349, 0.019601628184318542], "type": "ROT_SYM", "dist": 0.014597951914885018, "part_a": 1}]}], "edges": [{"part_b": 0, "type": "ADJ", "dist": 0.0025883206944355567, "part_a": 1}, {"part_b": 0, "type": "ADJ", "dist": 0.01600012343922874, "part_a": 2}, {"part_b": 1, "type": "ADJ", "dist": 0.0037573181769407094, "part_a": 2}]}, {"id": 8, "label": "chair_arm", "box": [0.502871036529541, -0.02005200833082199, 0.11328982561826706, 0.1300939917564392, 0.7941861152648926, 1.0009236335754395, -1.0, 0.0, -6.123234262925839e-17, -1.6640104937466396e-18, -0.9996306896209717, 0.027175353839993477], "children": [{"id": 9, "label": "arm_horizontal_bar", "box": [0.5028697848320007, 0.33890268206596375, 0.09391384571790695, 0.07564064860343933, 0.13011237978935242, 0.9816988706588745, 0.0017923172563314438, -0.9996308088302612, 0.027111293748021126, -0.9999983906745911, -0.0017906324937939644, 8.641998283565044e-05]}, {"id": 10, "label": "arm_near_vertical_bar", "box": [0.5028643012046814, -0.02554282546043396, 0.5719311833381653, 0.07420047372579575, 0.1301589459180832, 0.7576834559440613, 0.002457662718370557, 0.040709834545850754, 0.9991679787635803, -0.9999969601631165, 5.0248140723851975e-06, 0.0024594971910119057]}], "edges": [{"part_b": 0, "type": "ADJ", "dist": 0.007759974585538933, "part_a": 1}]}, {"id": 11, "label": "chair_arm", "box": [-0.5321239233016968, -0.025441849604249, 0.11370159685611725, 0.1302964687347412, 0.807973325252533, 1.0037906169891357, 0.9999999403953552, -0.00028714456129819155, -0.00021859955450054258, 0.00028187475982122123, 0.999718189239502, -0.023737018927931786], "children": [{"id": 12, "label": "arm_horizontal_bar", "box": [-0.5320347547531128, 0.338962584733963, 0.09398845583200455, 0.07861269265413284, 0.1302148401737213, 0.9816374778747559, 0.0030446690507233143, -0.9997129440307617, 0.023763777688145638, -0.9999953508377075, -0.0030455237720161676, 2.2778898767228384e-07]}, {"id": 13, "label": "arm_near_vertical_bar", "box": [-0.5320194959640503, -0.033103760331869125, 0.5604705810546875, 0.08907701075077057, 0.13009601831436157, 0.7736685872077942, -7.712066872045398e-05, 0.05286935716867447, 0.9986014366149902, 1.0, 1.8179107428295538e-06, 7.713243394391611e-05]}], "edges": [{"part_b": 0, "type": "ADJ", "dist": 0.00523293694715555, "part_a": 1}]}, {"id": 14, "label": "chair_seat", "box": [-0.01566639170050621, -0.13888145983219147, 0.14820745587348938, 0.5532832145690918, 0.9470187425613403, 1.1650103330612183, -0.004510271828621626, 0.9995169639587402, -0.0307492446154356, 9.498678537056549e-07, 0.03074956126511097, 0.999527096748352], "children": [{"id": 15, "label": "seat_surface", "box": [-0.009918004274368286, 0.020331384614109993, 0.2323436439037323, 0.2288130521774292, 0.7571314573287964, 0.9005759954452515, -1.732969749680618e-19, 0.9971698522567749, -0.07518177479505539, 4.603555825926587e-18, 0.07518177479505539, 0.9971698522567749], "children": [{"id": 16, "label": "seat_single_surface", "box": [-0.009918004274368286, 0.020331384614109993, 0.2323436439037323, 0.2288130521774292, 0.7571314573287964, 0.9005759954452515, -1.732969749680618e-19, 0.9971698522567749, -0.07518177479505539, 4.603555825926587e-18, 0.07518177479505539, 0.9971698522567749]}]}, {"id": 17, "label": "seat_support", "box": [-0.013786494731903076, -0.22709813714027405, 0.2503979504108429, 0.26630184054374695, 0.7481005787849426, 0.9083150029182434, 3.7941302316317035e-18, 0.998078465461731, -0.06196285039186478, 6.111467784148395e-17, -0.06196285039186478, -0.998078465461731]}, {"id": 18, "label": "seat_frame", "box": [-0.014560612849891186, -0.3803800642490387, 0.123916395008564, 0.07209009677171707, 0.8837920427322388, 1.1651145219802856, -0.005220557097345591, 0.9994937181472778, -0.03138638660311699, 0.0001702046429272741, -0.03138592839241028, -0.9995073080062866], "children": [{"id": 19, "label": "seat_frame_bar", "box": [0.5026793479919434, -0.37875476479530334, 0.12394998967647552, 0.06847113370895386, 0.13084423542022705, 0.8838618397712708, -0.06220686063170433, 0.997584342956543, -0.030915360897779465, -0.9980630874633789, -0.062159277498722076, 0.002498794114217162]}, {"id": 20, "label": "seat_frame_bar", "box": [-0.5320209860801697, -0.3830515742301941, 0.12343859672546387, 0.07104455679655075, 0.1300940215587616, 0.8824872970581055, 1.883177373716546e-18, 0.9995269775390625, -0.03075462020933628, 1.0, 0.0, 6.123234262925839e-17]}], "edges": [{"part_b": 0, "params": [-0.014587223529815674, -0.37951892614364624, 0.12763595581054688, 0.999933660030365, 0.0006299728411249816, 0.011500933207571507], "type": "REF_SYM", "dist": 0.017328513775396518, "part_a": 1}, {"part_b": 0, "params": [1.0334542989730835, 0.0006510913372039795, 0.01188647747039795], "type": "TRANS_SYM", "dist": 0.015775068335671428, "part_a": 1}, {"part_b": 0, "params": [1.5133883953094482, -229.97930908203125, -153.57322692871094, 0.007266857195645571, 0.5563269257545471, -0.8309316635131836, 0.003734635654836893], "type": "ROT_SYM", "dist": 0.01616585961590289, "part_a": 1}]}], "edges": [{"part_b": 0,