{"id": 0, "label": "chair", "box": [0.009484991431236267, 0.054682523012161255, 0.15521250665187836, 0.7281349897384644, 0.8179160356521606, 1.7788629531860352, 0.0, 0.0, -1.0, -1.0, 1.8369701465288538e-16, 0.0], "children": [{"id": 1, "label": "chair_back", "box": [0.009689854457974434, 0.3405055105686188, -0.1503150314092636, 0.1299123764038086, 0.819240152835846, 1.2072170972824097, 0.017356688156723976, -1.0613653245172827e-07, -0.9998493790626526, 0.9998493790626526, -2.5043754967241193e-17, 0.017356688156723976], "children": [{"id": 2, "label": "back_surface", "box": [0.009689854457974434, 0.3405055105686188, -0.1503150314092636, 0.1299123764038086, 0.819240152835846, 1.2072170972824097, 0.017356688156723976, -1.0613653245172827e-07, -0.9998493790626526, 0.9998493790626526, -2.5043754967241193e-17, 0.017356688156723976], "children": [{"id": 3, "label": "back_single_surface", "box": [0.009689854457974434, 0.3405055105686188, -0.1503150314092636, 0.1299123764038086, 0.819240152835846, 1.2072170972824097, 0.017356688156723976, -1.0613653245172827e-07, -0.9998493790626526, 0.9998493790626526, -2.5043754967241193e-17, 0.017356688156723976]}]}]}, {"id": 4, "label": "chair_seat", "box": [0.009485284797847271, -0.17604897916316986, 0.20974071323871613, 0.1096138209104538, 0.620561957359314, 0.8179159760475159, -1.7329346519545652e-05, 0.9998143315315247, 0.01926835998892784, 3.3397009246982634e-07, -0.01926835998892784, 0.9998143315315247], "children": [{"id": 5, "label": "seat_surface", "box": [0.009485284797847271, -0.17604897916316986, 0.20974071323871613, 0.1096138209104538, 0.620561957359314, 0.8179159760475159, -1.7329346519545652e-05, 0.9998143315315247, 0.01926835998892784, 3.3397009246982634e-07, -0.01926835998892784, 0.9998143315315247], "children": [{"id": 6, "label": "seat_single_surface", "box": [0.009485284797847271, -0.17604897916316986, 0.20974071323871613, 0.1096138209104538, 0.620561957359314, 0.8179159760475159, -1.7329346519545652e-05, 0.9998143315315247, 0.01926835998892784, 3.3397009246982634e-07, -0.01926835998892784, 0.9998143315315247]}]}]}, {"id": 7, "label": "chair_base", "box": [0.009485498070716858, -0.5164085030555725, 0.15521283447742462, 0.636681854724884, 0.7281346321105957, 0.8179152011871338, -1.175727592540865e-12, -1.0, -1.3656642749992898e-06, 3.413021829601348e-07, -1.3656642749992898e-06, 1.0], "children": [{"id": 8, "label": "regular_leg_base", "box": [0.009485498070716858, -0.5164085030555725, 0.15521283447742462, 0.636681854724884, 0.7281346321105957, 0.8179152011871338, -1.175727592540865e-12, -1.0, -1.3656642749992898e-06, 3.413021829601348e-07, -1.3656642749992898e-06, 1.0], "children": [{"id": 9, "label": "leg", "box": [0.34915971755981445, -0.5439077615737915, -0.1564534455537796, 0.10483100265264511, 0.13857467472553253, 0.581682562828064, -0.00020621238218154758, -5.124621748109348e-05, -1.0, 1.0, -1.9366237051222202e-16, -0.00020621238218154758]}, {"id": 10, "label": "leg", "box": [-0.3304769992828369, -0.5350245237350464, -0.15645599365234375, 0.10479600727558136, 0.13798999786376953, 0.5994489789009094, 6.123234262925839e-17, 6.123234262925839e-17, -1.0, 1.0, 0.0, 6.123234262925839e-17]}, {"id": 11, "label": "leg", "box": [0.34917151927948, -0.5164085030555725, 0.470021516084671, 0.0985170230269432, 0.13854297995567322, 0.6366809606552124, 6.123234262925839e-17, -3.465148893155856e-06, -1.0, 1.0, 0.0, 6.123234262925839e-17]}, {"id": 12, "label": "leg", "box": [-0.3492131531238556, -0.5252759456634521, 0.4700218141078949, 0.0985170230269432, 0.11818490922451019, 0.6201544404029846, -2.652152382836959e-22, -4.3312934394634794e-06, -1.0, -0.9995859265327454, 0.02877526730298996, -1.2463412701890775e-07]}], "edges": [{"params": [0.009574219584465027, -0.5546960830688477, -0.15767106413841248, 0.9999963641166687, -0.0026446932461112738, 0.0004640480037778616], "part_a": 1, "part_b": 0, "type": "REF_SYM", "dist": 0.020877093412712922}, {"params": [0.6936326026916504, -0.0018344521522521973, 0.0003218799829483032], "part_a": 1, "part_b": 0, "type": "TRANS_SYM", "dist": 0.02130363882366291}, {"params": [0.01155529823154211, -0.7156143188476562, 4.545656204223633, -0.002768505597487092, -0.9990670680999756, -0.0430973619222641, 0.14713087677955627], "part_a": 1, "part_b": 0, "type": "ROT_SYM", "dist": 0.02376530532222064}, {"params": [0.3562232255935669, -0.5432716608047485, 0.1580277979373932, 0.0005297857569530606, -0.03908315300941467, -0.9992358088493347], "part_a": 2, "part_b": 0, "type": "REF_SYM", "dist": 0.03596183088535541}, {"params": [0.0003345906734466553, -0.02468329668045044, -0.6310758590698242], "part_a": 2, "part_b": 0, "type": "TRANS_SYM", "dist": 0.02705811558920594}, {"params": [6.8137431144714355, -0.2785267233848572, 0.15001018345355988, 0.035577334463596344, -0.9984166026115417, 0.04357278719544411, 0.09764253348112106], "part_a": 2, "part_b": 0, "type": "ROT_SYM", "dist": 0.027961351443712583}, {"params": [0.0094069242477417, -0.5423544645309448, 0.15786686539649963, -0.7391223311424255, -0.024359064176678658, -0.6731306314468384], "part_a": 2, "part_b": 1, "type": "REF_SYM", "dist": 0.04109866555769478}, {"params": [-0.6932980418205261, -0.022848844528198242, -0.6313977241516113], "part_a": 2, "part_b": 1, "type": "TRANS_SYM", "dist": 0.027709134166559662}, {"params": [-9.903372764587402, 1.4551849365234375, 10.965484619140625, 0.027784446254372597, 0.9973946213722229, -0.06657260656356812, 0.06349943578243256], "part_a": 2, "part_b": 1, "type": "ROT_SYM", "dist": 0.027594076191917605}, {"params": [0.004287794232368469, -0.5446562767028809, 0.1580827683210373, 0.7444593906402588, -0.023166846483945847, -0.6672657132148743], "part_a": 3, "part_b": 0, "type": "REF_SYM", "dist": 0.041295577689281125}, {"params": [0.7042055130004883, -0.021914184093475342, -0.63118577003479], "part_a": 3, "part_b": 0, "type": "TRANS_SYM", "dist": 0.037775716159002}, {"params": [3.312762498855591, 0.64654541015625, 3.764326333999634, 0.009299083612859249, -0.9989674091339111, 0.04447055608034134, 0.19101959466934204], "part_a": 3, "part_b": 0, "type": "ROT_SYM", "dist": 0.039705754478059935}, {"params": [-0.3425285220146179, -0.5437390208244324, 0.15792182087898254, 0.01673143543303013, -0.03177598491311073, -0.999354898929596], "part_a": 3, "part_b": 1, "type": "REF_SYM", "dist": 0.041286726307427385}, {"params": [0.010572850704193115, -0.020079731941223145, -0.6315076947212219], "part_a": 3, "part_b": 1, "type": "TRANS_SYM", "dist": 0.03622175555607779}, {"params": [26.340145111083984, -2.5694775581359863, 0.6791877150535583, -0.0792599767446518, -0.9962204694747925, 0.035534825176000595, 0.02360529825091362], "part_a": 3, "part_b": 1, "type": "ROT_SYM", "dist": 0.03632645167148345}, {"params": [0.004120498895645142, -0.5323145985603333, 0.4736207127571106, 0.9999921917915344, 0.003934089560061693, -0.0001561932876938954], "part_a": 3, "part_b": 2, "type": "REF_SYM", "dist": 0.028276500694555604}, {"params": [0.7038708925247192, 0.0027691125869750977, -0.00010994076728820801], "part_a": 3, "part_b": 2, "type": "TRANS_SYM", "dist": 0.028214716424103663}, {"params": [0.004117546137422323, -0.5331606864929199, 0.45837920904159546, 0.003199172904714942, 0.9999947547912598, 0.00044348742812871933, 3.0550315380096436], "part_a": 3, "part_b": 2, "type": "ROT_SYM", "dist": 0.02829019785711836}]}]}], "edges": [{"part_a": 1, "part_b": 0, "type": "ADJ", "dist": 0.00742796690235161}, {"part_a": 2, "part_b": 0, "type": "ADJ", "dist": 0.012784876531305634}, {"part_a": 2, "part_b": 1, "type": "ADJ", "dist": 0.014436671013299134}]}