{"id": 0, "label": "chair", "box": [0.004737088456749916, 0.029724502936005592, 0.12308793514966965, 0.7527448534965515, 1.6828550100326538, 0.7646917700767517, 0.9999896287918091, -7.74864456616342e-05, 0.004552806727588177, 0.00018886628095060587, 0.9997006058692932, -0.02446865849196911], "children": [{"id": 1, "label": "chair_back", "box": [-0.006308862939476967, 0.3383510410785675, -0.19998398423194885, 0.7380080223083496, 1.122127890586853, 0.16532590985298157, 0.9999675750732422, 0.004422507248818874, 0.006730466615408659, -0.004155106842517853, 0.9992212653160095, -0.03923812881112099], "children": [{"id": 2, "label": "back_surface", "box": [-0.004585334565490484, 0.33494308590888977, -0.18100914359092712, 0.7060900330543518, 1.131475567817688, 0.15975768864154816, 0.9999979734420776, -0.0006558484164997935, 0.001921662362292409, 0.0007299546268768609, 0.9992459416389465, -0.03882022202014923], "children": [{"id": 3, "label": "back_single_surface", "box": [0.0028013235423713923, 0.3464824855327606, -0.18086741864681244, 0.7023119926452637, 1.1101995706558228, 0.14688865840435028, 0.9999938607215881, -0.0008512632921338081, -0.0033973748795688152, 0.0007144470582716167, 0.9991965889930725, -0.04007112607359886]}]}]}, {"id": 4, "label": "chair_seat", "box": [-0.003164659021422267, -0.18634603917598724, 0.1602759063243866, 0.720630407333374, 0.21156251430511475, 0.7104552388191223, 0.9999806880950928, -0.0004061052168253809, -0.006200103089213371, 0.00039844357524998486, 0.9999991655349731, -0.0012369129108265042], "children": [{"id": 5, "label": "seat_surface", "box": [-0.006531935650855303, -0.19914673268795013, 0.16398915648460388, 0.7596362233161926, 0.17145082354545593, 0.7052122950553894, 0.999957799911499, 0.006665009539574385, -0.006323135457932949, -0.006603853777050972, 0.9999316930770874, 0.009643862955272198], "children": [{"id": 6, "label": "seat_single_surface", "box": [0.0015078175347298384, -0.19705504179000854, 0.15785591304302216, 0.7112549543380737, 0.16960002481937408, 0.720779538154602, 0.9999812841415405, -0.001126816845498979, -0.006019718013703823, 0.0012105287751182914, 0.9999023675918579, 0.013920808210968971]}]}]}, {"id": 7, "label": "chair_base", "box": [0.003255110001191497, -0.5337021350860596, 0.13668331503868103, 0.7171927094459534, 0.5409275889396667, 0.7214831113815308, 0.9999690651893616, 0.0028926809318363667, 0.007313551381230354, -0.0029234380926936865, 0.9999869465827942, 0.004198295064270496], "children": [{"id": 8, "label": "regular_leg_base", "box": [-0.002690582536160946, -0.5417953133583069, 0.14686468243598938, 0.7304736971855164, 0.5450117588043213, 0.7310510873794556, 0.9999836683273315, -0.0014900689711794257, 0.005515631753951311, 0.0015054186806082726, 0.9999949932098389, -0.002779848873615265], "children": [{"id": 10, "label": "leg", "box": [-0.31628793478012085, -0.539862871170044, -0.1753372997045517, 0.09870132803916931, 0.5735076665878296, 0.09102633595466614, 0.9999504685401917, -0.0066565959714353085, -0.00740050757303834, 0.006906718481332064, 0.9993876814842224, 0.03430251404643059]}, {"id": 12, "label": "leg", "box": [-0.3291133940219879, -0.5312802791595459, 0.4696444272994995, 0.09126433730125427, 0.571451723575592, 0.08985581994056702, 0.9996747374534607, -0.005048204213380814, 0.0249982587993145, 0.005044822581112385, 0.9999872446060181, 0.00019833396072499454]}, {"id": 9, "label": "leg", "box": [0.3006870746612549, -0.5340439081192017, -0.17607645690441132, 0.09616722166538239, 0.5748760104179382, 0.09436021000146866, 0.9997193217277527, 0.006741957273334265, 0.02271232008934021, -0.007415688131004572, 0.9995310306549072, 0.029711244627833366]}, {"id": 11, "label": "leg", "box": [0.33254748582839966, -0.5292961597442627, 0.4639907777309418, 0.09682927280664444, 0.5798031091690063, 0.08930724859237671, 0.9995558261871338, 0.01150735467672348, -0.0274912528693676, -0.01155383512377739, 0.9999321103096008, -0.001532451482489705]}], "edges": [{"part_a": 0, "part_b": 1, "type": "ROT_SYM"}, {"part_a": 0, "part_b": 1, "type": "TRANS_SYM"}, {"part_a": 0, "part_b": 1, "type": "REF_SYM"}, {"part_a": 0, "part_b": 2, "type": "ROT_SYM"}, {"part_a": 0, "part_b": 2, "type": "TRANS_SYM"}, {"part_a": 0, "part_b": 2, "type": "REF_SYM"}, {"part_a": 0, "part_b": 3, "type": "ROT_SYM"}, {"part_a": 0, "part_b": 3, "type": "TRANS_SYM"}, {"part_a": 0, "part_b": 3, "type": "REF_SYM"}, {"part_a": 1, "part_b": 0, "type": "ROT_SYM"}, {"part_a": 1, "part_b": 0, "type": "TRANS_SYM"}, {"part_a": 1, "part_b": 0, "type": "REF_SYM"}, {"part_a": 1, "part_b": 2, "type": "ROT_SYM"}, {"part_a": 1, "part_b": 2, "type": "TRANS_SYM"}, {"part_a": 1, "part_b": 2, "type": "REF_SYM"}, {"part_a": 1, "part_b": 3, "type": "ROT_SYM"}, {"part_a": 1, "part_b": 3, "type": "TRANS_SYM"}, {"part_a": 1, "part_b": 3, "type": "REF_SYM"}, {"part_a": 2, "part_b": 0, "type": "ROT_SYM"}, {"part_a": 2, "part_b": 0, "type": "TRANS_SYM"}, {"part_a": 2, "part_b": 0, "type": "REF_SYM"}, {"part_a": 2, "part_b": 1, "type": "ROT_SYM"}, {"part_a": 2, "part_b": 1, "type": "TRANS_SYM"}, {"part_a": 2, "part_b": 1, "type": "REF_SYM"}, {"part_a": 2, "part_b": 3, "type": "ROT_SYM"}, {"part_a": 2, "part_b": 3, "type": "TRANS_SYM"}, {"part_a": 2, "part_b": 3, "type": "REF_SYM"}, {"part_a": 3, "part_b": 0, "type": "ROT_SYM"}, {"part_a": 3, "part_b": 0, "type": "TRANS_SYM"}, {"part_a": 3, "part_b": 0, "type": "REF_SYM"}, {"part_a": 3, "part_b": 1, "type": "ROT_SYM"}, {"part_a": 3, "part_b": 1, "type": "TRANS_SYM"}, {"part_a": 3, "part_b": 1, "type": "REF_SYM"}, {"part_a": 3, "part_b": 2, "type": "ROT_SYM"}, {"part_a": 3, "part_b": 2, "type": "TRANS_SYM"}, {"part_a": 3, "part_b": 2, "type": "REF_SYM"}]}]}], "edges": [{"part_a": 0, "part_b": 1, "type": "ADJ"}, {"part_a": 1, "part_b": 0, "type": "ADJ"}, {"part_a": 1, "part_b": 2, "type": "ADJ"}, {"part_a": 2, "part_b": 1, "type": "ADJ"}]}