{"id": 0, "label": "chair", "box": [0.015267523936927319, -0.041123662143945694, 0.01948956958949566, 1.5232083797454834, 1.4298791885375977, 1.3729404211044312, 0.9997840523719788, 0.0038812109269201756, -0.020415304228663445, -0.004551439546048641, 0.9994487166404724, -0.032886382192373276], "children": [{"id": 1, "label": "chair_back", "box": [-0.02407786436378956, 0.2923622131347656, -0.3396507203578949, 1.3531084060668945, 0.9070322513580322, 0.45391151309013367, 0.9999943375587463, -0.0007445561932399869, 0.003278189105913043, 0.0010822478216141462, 0.9945508241653442, -0.10424744337797165], "children": [{"id": 2, "label": "back_surface", "box": [0.008113767020404339, 0.2733518183231354, -0.31237226724624634, 1.51185941696167, 0.9054452776908875, 0.6482577323913574, 0.9996755719184875, -0.004176517948508263, 0.025125781074166298, 0.005166596733033657, 0.9992073774337769, -0.039469942450523376], "children": [{"id": 3, "label": "back_single_surface", "box": [0.013606226071715355, 0.2645529806613922, -0.28533440828323364, 1.392791509628296, 0.9043864011764526, 0.6325863599777222, 0.9996128082275391, 0.016696317121386528, 0.022258786484599113, -0.015177101828157902, 0.9976539015769958, -0.06675658375024796]}]}]}, {"id": 6, "label": "chair_arm", "box": [-0.5424100756645203, 0.18487967550754547, 0.1312544345855713, 0.20778411626815796, 0.6898621916770935, 0.8324395418167114, 0.971153736114502, 0.22381752729415894, 0.08225678652524948, -0.21902334690093994, 0.9736568331718445, -0.06341266632080078], "children": [{"id": 7, "label": "arm_sofa_style", "box": [-0.5636303424835205, 0.172569140791893, 0.179013192653656, 0.19487248361110687, 0.6579210162162781, 0.8021140098571777, 0.979121744632721, 0.19455383718013763, 0.0589015893638134, -0.19137266278266907, 0.9799419641494751, -0.0555899478495121]}]}, {"id": 4, "label": "chair_arm", "box": [0.5346955060958862, 0.15030615031719208, 0.21715553104877472, 0.19577541947364807, 0.6771988272666931, 0.7370715141296387, 0.9828073382377625, -0.17454180121421814, -0.060207173228263855, 0.1723794788122177, 0.9842402935028076, -0.03945135325193405], "children": [{"id": 5, "label": "arm_sofa_style", "box": [0.555633544921875, 0.15455171465873718, 0.23440144956111908, 0.22849343717098236, 0.6713604927062988, 0.7806949019432068, 0.9642757773399353, -0.25867584347724915, -0.05708903446793556, 0.2576736807823181, 0.9659240245819092, -0.02439570240676403]}]}, {"id": 8, "label": "chair_seat", "box": [0.014442117884755135, -0.02830285020172596, 0.11228718608617783, 1.0668948888778687, 0.35371580719947815, 0.9289695620536804, 0.9999152421951294, -0.002804773859679699, -0.01271483488380909, 0.0032520205713808537, 0.9993717670440674, 0.03529209643602371], "children": [{"id": 9, "label": "seat_surface", "box": [-0.0047356318682432175, -0.008334259502589703, 0.15107548236846924, 0.9754934906959534, 0.2852572798728943, 0.8532862663269043, 0.9999276995658875, -0.011742462404072285, -0.002592865377664566, 0.011833961121737957, 0.9991822838783264, 0.03866206482052803], "children": [{"id": 10, "label": "seat_single_surface", "box": [-0.013150857761502266, -0.019176747649908066, 0.17331410944461823, 0.9438820481300354, 0.27987560629844666, 0.863554060459137, 0.9999563097953796, 0.008592397905886173, -0.00367735605686903, -0.00850868783891201, 0.9997172951698303, 0.022204358130693436]}]}]}, {"id": 11, "label": "chair_base", "box": [-0.02530738338828087, -0.4788297116756439, 0.011803383007645607, 0.9400186538696289, 0.4402819871902466, 0.9212149381637573, 0.9897054433822632, -0.08864469826221466, -0.11236217617988586, 0.0904141440987587, 0.9958463907241821, 0.010740824043750763], "children": [{"id": 12, "label": "pedestal_base", "box": [-0.011011334136128426, -0.4860133230686188, 0.06332169473171234, 0.8197804093360901, 0.49259552359580994, 0.8690239191055298, 0.9995073080062866, -0.02071860060095787, -0.0235776174813509, 0.02142118290066719, 0.9993219375610352, 0.029946941882371902], "children": [{"id": 14, "label": "pedestal", "box": [0.014323784038424492, -0.5950950980186462, 0.06851539760828018, 0.898505687713623, 0.15291345119476318, 0.8470533490180969, 0.99997878074646, -0.00014645075134467334, 0.006516592111438513, 3.545586878317408e-05, 0.9998550415039062, 0.017029516398906708]}, {"id": 13, "label": "central_support", "box": [-0.006172452121973038, -0.43572282791137695, 0.06607448309659958, 0.14639227092266083, 0.39101654291152954, 0.17812243103981018, 0.9984892010688782, -0.0038751952815800905, -0.05481170862913132, 0.0044763945043087006, 0.9999311566352844, 0.010849921964108944]}], "edges": [{"part_a": 0, "part_b": 1, "type": "ADJ"}, {"part_a": 1, "part_b": 0, "type": "ADJ"}]}]}], "edges": [{"part_a": 0, "part_b": 1, "type": "ADJ"}, {"part_a": 0, "part_b": 2, "type": "ADJ"}, {"part_a": 0, "part_b": 3, "type": "ADJ"}, {"part_a": 1, "part_b": 0, "type": "ADJ"}, {"part_a": 1, "part_b": 2, "type": "REF_SYM"}, {"part_a": 1, "part_b": 3, "type": "ADJ"}, {"part_a": 2, "part_b": 0, "type": "ADJ"}, {"part_a": 2, "part_b": 1, "type": "REF_SYM"}, {"part_a": 2, "part_b": 3, "type": "ADJ"}, {"part_a": 3, "part_b": 0, "type": "ADJ"}, {"part_a": 3, "part_b": 1, "type": "ADJ"}, {"part_a": 3, "part_b": 2, "type": "ADJ"}, {"part_a": 3, "part_b": 4, "type": "ADJ"}, {"part_a": 4, "part_b": 3, "type": "ADJ"}]}