{"id": 0, "label": "chair", "box": [-0.0574827566742897, -0.005386523902416229, 0.15843141078948975, 0.8841121792793274, 0.9593883752822876, 1.6191011667251587, 0.1769232600927353, -0.292819619178772, -0.9396567344665527, -0.9824303388595581, 0.005082084331661463, -0.18656058609485626], "children": [{"id": 1, "label": "chair_back", "box": [0.04650437459349632, 0.25145772099494934, -0.3217116594314575, 0.08467967808246613, 0.8270243406295776, 0.8353591561317444, 0.16604861617088318, -0.3893647789955139, -0.9059928059577942, 0.9833152294158936, -0.0038369596004486084, 0.18186913430690765], "children": [{"id": 2, "label": "back_surface", "box": [0.05434349924325943, 0.24749629199504852, -0.31147170066833496, 0.06118287518620491, 0.7976799607276917, 0.8214982748031616, 0.17562106251716614, -0.3909662067890167, -0.9034947156906128, 0.9816272854804993, -1.3163719358999515e-07, 0.1908085197210312], "children": [{"id": 3, "label": "back_single_surface", "box": [0.05434349924325943, 0.24749629199504852, -0.31147170066833496, 0.06118287518620491, 0.7976799607276917, 0.8214982748031616, 0.17562106251716614, -0.3909662067890167, -0.9034947156906128, 0.9816272854804993, -1.3163719358999515e-07, 0.1908085197210312]}]}, {"id": 4, "label": "back_frame", "box": [0.046110041439533234, 0.2533511221408844, -0.3197745382785797, 0.08195602148771286, 0.8444482684135437, 0.8521379828453064, -0.17654730379581451, 0.3789359927177429, 0.9084264039993286, 0.979701578617096, -0.021380795165896416, 0.19931788742542267], "children": [{"id": 5, "label": "back_frame_vertical_bar", "box": [0.43770110607147217, 0.2521519362926483, -0.24601919949054718, 0.0333990752696991, 0.07690074294805527, 0.8337710499763489, -0.9837628602981567, -0.0019532039295881987, -0.1794627457857132, -0.16604861617088318, 0.3893647789955139, 0.9059928059577942]}, {"id": 6, "label": "back_frame_vertical_bar", "box": [-0.3446713984012604, 0.2523706555366516, -0.3974696695804596, 0.038113221526145935, 0.07740290462970734, 0.8340188264846802, -0.997222363948822, 0.06526722759008408, -0.035885877907276154, -0.008274062536656857, 0.38174885511398315, 0.924229085445404]}, {"id": 7, "label": "back_frame_horizontal_bar", "box": [0.06796573847532272, 0.6382666826248169, -0.45091164112091064, 0.016226239502429962, 0.02175358310341835, 0.7853872776031494, 0.18989168107509613, -0.08816101402044296, -0.9778388142585754, 0.017371680587530136, 0.9961060881614685, -0.08643446862697601]}], "edges": [{"dist": 0.0038847340180164953, "part_a": 2, "part_b": 0, "type": "ADJ"}, {"dist": 0.0027274627188892697, "part_a": 2, "part_b": 1, "type": "ADJ"}, {"dist": 0.007788051054887315, "part_a": 1, "part_b": 0, "params": [0.04860219359397888, 0.25337886810302734, -0.33209362626075745, 0.9817417860031128, -0.0016286030877381563, 0.19021175801753998], "type": "REF_SYM"}, {"dist": 0.007827701775119614, "part_a": 1, "part_b": 0, "params": [0.7831211686134338, -0.0012991130352020264, 0.15172916650772095], "type": "TRANS_SYM"}, {"dist": 0.008683409151357457, "part_a": 1, "part_b": 0, "params": [-12.663590431213379, 136.69183349609375, 68.10149383544922, -0.1728958934545517, -0.4506288468837738, 0.875808596611023, 0.005224843509495258], "type": "ROT_SYM"}]}], "edges": [{"dist": 0.001860909179797791, "part_a": 1, "part_b": 0, "type": "ADJ"}]}, {"id": 8, "label": "chair_seat", "box": [-0.053304821252822876, -0.12806470692157745, 0.24061459302902222, 0.04069199413061142, 0.8271989226341248, 0.9163758754730225, 0.001727511640638113, 0.9999977946281433, 0.0012111972318962216, 0.19196154177188873, 0.0008570576319471002, -0.9814020991325378], "children": [{"id": 9, "label": "seat_surface", "box": [-0.06272248923778534, -0.12398833781480789, 0.24643102288246155, 0.022153660655021667, 0.7651369571685791, 0.8432908058166504, -0.009623918682336807, -0.9999535083770752, -0.0006240798975341022, -0.19062969088554382, 0.0012220265343785286, 0.9816612601280212], "children": [{"id": 10, "label": "seat_single_surface", "box": [-0.06272248923778534, -0.12398833781480789, 0.24643102288246155, 0.022153660655021667, 0.7651369571685791, 0.8432908058166504, -0.009623918682336807, -0.9999535083770752, -0.0006240798975341022, -0.19062969088554382, 0.0012220265343785286, 0.9816612601280212]}]}, {"id": 11, "label": "seat_frame", "box": [-0.053304821252822876, -0.12806470692157745, 0.24061459302902222, 0.04069199413061142, 0.8271989226341248, 0.9163758754730225, 0.001727511640638113, 0.9999977946281433, 0.0012111972318962216, 0.19196154177188873, 0.0008570576319471002, -0.9814020991325378], "children": [{"id": 12, "label": "seat_frame_bar", "box": [-0.47265204787254333, -0.12283848226070404, 0.15855175256729126, 0.036936067044734955, 0.07672689855098724, 0.8271734714508057, -0.20075267553329468, 0.9788726568222046, -0.038816243410110474, 0.962243914604187, 0.20446686446666718, 0.17966611683368683]}, {"id": 13, "label": "seat_frame_bar", "box": [0.3760705888271332, -0.12028466165065765, 0.3210040330886841, 0.028528260067105293, 0.041204437613487244, 0.7556154131889343, -0.2421456277370453, 0.9687758684158325, -0.05328001827001572, 0.9510532021522522, 0.24786582589149475, 0.1845545917749405]}], "edges": [{"dist": 0.015384234990061864, "part_a": 1, "part_b": 0, "params": [-0.05209536850452423, -0.11853213608264923, 0.2385941445827484, -0.9844282865524292, 0.002039683284237981, -0.17577512562274933], "type": "REF_SYM"}, {"dist": 0.013019182669337555, "part_a": 1, "part_b": 0, "params": [-0.8575757741928101, 0.0017768517136573792, -0.15312491357326508], "type": "TRANS_SYM"}, {"dist": 0.013241701113934913, "part_a": 1, "part_b": 0, "params": [5.082073211669922, 165.14476013183594, -26.228561401367188, 0.17549292743206024, -0.1610061079263687, -0.9712256193161011, 0.00519050657749176], "type": "ROT_SYM"}]}], "edges": [{"dist": 0.0028264902664517206, "part_a": 1, "part_b": 0, "type": "ADJ"}]}, {"id": 14, "label": "chair_base", "box": [-0.07540351897478104, -0.42250075936317444, 0.23350346088409424, 0.6264510154724121, 0.8286809325218201, 0.9624581336975098, -0.0003257079515606165, -0.9999999403953552, -6.201484211487696e-05, -0.19171035289764404, 1.5770173149576294e-06, 0.9814515709877014], "children": [{"id": 15, "label": "regular_leg_base", "box": [-0.07540351897478104, -0.42250075936317444, 0.23350346088409424, 0.6264510154724121, 0.8286809325218201, 0.9624581336975098, -0.0003257079515606165, -0.9999999403953552, -6.201484211487696e-05, -0.19171035289764404, 1.5770173149576294e-06, 0.9814515709877014], "children": [{"id": 16, "label": "leg", "box": [0.3449711203575134, -0.4167809784412384, 0.36174705624580383, 0.0337655283510685, 0.04576937109231949, 0.9597305059432983, 0.029942739754915237, 0.747420608997345, -0.6636760234832764, 0.9953495264053345, 0.03852327540516853, 0.08829094469547272]}, {"id": 17, "label": "leg", "box": [0.3842322826385498, -0.415215402841568, 0.2735002636909485, 0.04340518265962601, 0.04350299388170242, 0.9509183168411255, -0.3158496618270874, -0.6668271422386169, -0.6749670505523682, -0.9375642538070679, 0.3285486102104187, 0.11414511501789093]}, {"id": 18, "label": "leg", "box": [-0.48200446367263794, -0.4234614074230194, 0.11685048788785934, 0.044476218521595, 0.05922399088740349, 0.9252038598060608, -0.7653272151947021, 0.5482953786849976, 0.3371149003505707, 0.625313401222229, 0.5092906951904297, 0.5912750363349915]}, {"id": 19, "label": "leg", "box": [-0.5059781074523926, -0.42294439673423767, 0.1857122927904129, 0.046067290008068085, 0.04856526106595993, 0.9291983246803284, 0.4561602771282196, 0.6901161074638367, -0.5618340969085693, 0.8855881094932556, -0.2899811565876007, 0.3628285825252533]}], "edges": [{"dist": 0.003542130922389458, "part_a": 1, "part_b": 0, "type": "ADJ"}, {"dist": 0.0010984834592534364, "part_a": 3, "part_b": 2, "type": "ADJ"}, {"dist": 0.022704938646946775, "part_a": 1, "part_b": 0,