{"id": 0, "label": "chair", "box": [0.006264022551476955, 0.017391765490174294, 0.07748518884181976, 0.8738404512405396, 1.4871734380722046, 0.9431981444358826, 0.9999493360519409, -0.00654458487406373, -0.007645733654499054, 0.00620748195797205, 0.9990423321723938, -0.04331168904900551], "children": [{"id": 1, "label": "chair_back", "box": [0.0072411466389894485, 0.26640257239341736, -0.2729092836380005, 0.8762201070785522, 0.8757282495498657, 0.1857720911502838, 0.9998908042907715, 0.01335466094315052, 0.006331274285912514, -0.011207456700503826, 0.9643940925598145, -0.26423174142837524], "children": [{"id": 2, "label": "back_surface", "box": [-0.0030845734290778637, 0.32426849007606506, -0.2663036584854126, 0.8089185357093811, 0.6273453831672668, 0.12352387607097626, 0.9999716877937317, 0.00673051830381155, 0.0033648975659161806, -0.005837064236402512, 0.9760195016860962, -0.2176048904657364], "children": [{"id": 3, "label": "back_single_surface", "box": [-0.0022991818841546774, 0.3300013840198517, -0.2874799072742462, 0.7976264357566833, 0.5995616316795349, 0.11994822323322296, 0.9999927282333374, -0.0023424201644957066, 0.0030186460353434086, 0.002927446737885475, 0.9774113297462463, -0.21132558584213257]}]}, {"id": 4, "label": "back_frame", "box": [-0.00031983479857444763, 0.2838197648525238, -0.2821769416332245, 0.856820821762085, 0.8556891083717346, 0.14394746720790863, 0.9999561309814453, 0.008990048430860043, 0.002628297545015812, -0.008166592568159103, 0.9742448329925537, -0.2253449410200119], "children": [{"id": 5, "label": "back_frame_vertical_bar", "box": [0.3506440222263336, 0.2832176983356476, -0.28910014033317566, 0.11242271214723587, 0.8250774145126343, 0.13880892097949982, 0.9993865489959717, 0.006510644685477018, 0.03441132977604866, 0.0017451546154916286, 0.9720896482467651, -0.2346033900976181]}, {"id": 6, "label": "back_frame_vertical_bar", "box": [-0.3766840696334839, 0.27641505002975464, -0.2751324772834778, 0.10313277691602707, 0.7920700311660767, 0.15878599882125854, 0.9987982511520386, -0.017980923876166344, -0.04559391736984253, 0.006574471015483141, 0.9710174202919006, -0.238918274641037]}, {"id": 7, "label": "back_frame_horizontal_bar", "box": [0.003911536652594805, 0.6124526262283325, -0.35995328426361084, 0.6261035203933716, 0.13802196085453033, 0.11800186336040497, 0.9998162388801575, -0.0027934520039707422, -0.018966855481266975, 0.0001576469512656331, 0.9904919862747192, -0.13757020235061646]}], "edges": [{"part_a": 0, "part_b": 1, "type": "ROT_SYM"}, {"part_a": 0, "part_b": 1, "type": "TRANS_SYM"}, {"part_a": 0, "part_b": 1, "type": "REF_SYM"}, {"part_a": 0, "part_b": 2, "type": "ADJ"}, {"part_a": 1, "part_b": 0, "type": "ROT_SYM"}, {"part_a": 1, "part_b": 0, "type": "TRANS_SYM"}, {"part_a": 1, "part_b": 0, "type": "REF_SYM"}, {"part_a": 1, "part_b": 2, "type": "ADJ"}, {"part_a": 2, "part_b": 1, "type": "ADJ"}]}], "edges": [{"part_a": 0, "part_b": 1, "type": "ADJ"}, {"part_a": 1, "part_b": 0, "type": "ADJ"}]}, {"id": 8, "label": "chair_seat", "box": [0.0032846902031451464, -0.09128198027610779, 0.145061656832695, 0.9204264879226685, 0.2002970278263092, 0.8880018591880798, 0.9999783635139465, -0.005624676123261452, -0.003413248108699918, 0.005621376447379589, 0.9999837279319763, -0.0009755445644259453], "children": [{"id": 9, "label": "seat_surface", "box": [0.008256535977125168, -0.07859203219413757, 0.15859568119049072, 0.8870058655738831, 0.10897195339202881, 0.7414554953575134, 0.999987781047821, -0.004112420603632927, -0.002746238373219967, 0.004055073484778404, 0.9997801780700684, -0.02057088539004326], "children": [{"id": 10, "label": "seat_single_surface", "box": [0.0005944501026533544, -0.08861705660820007, 0.1844293773174286, 0.8335854411125183, 0.11289292573928833, 0.6787291765213013, 0.9999959468841553, 0.0022299475967884064, -0.0017690126551315188, -0.0022815107367932796, 0.9995561838150024, -0.029702190309762955]}]}, {"id": 11, "label": "seat_frame", "box": [-0.00847630761563778, -0.07114122807979584, 0.17874957621097565, 0.9217063188552856, 0.15974117815494537, 0.8227120041847229, 0.9998530745506287, -0.0003659701906144619, -0.017137905582785606, 0.00010756822302937508, 0.9998863339424133, -0.01507629919797182], "children": [{"id": 13, "label": "seat_frame_bar", "box": [0.45991894602775574, -0.05635187774896622, 0.16181175410747528, 0.1142582893371582, 0.15774156153202057, 0.8326317071914673, 0.9999001622200012, 0.007022423204034567, -0.01226160116493702, -0.007412084378302097, 0.9994595050811768, -0.032028183341026306]}, {"id": 12, "label": "seat_frame_bar", "box": [-0.416669100522995, -0.06075337901711464, 0.18551695346832275, 0.13087908923625946, 0.1793530136346817, 0.7923121452331543, 0.999934732913971, -0.009026299230754375, 0.007006430067121983, 0.009081739000976086, 0.9999274015426636, -0.007921569980680943]}], "edges": [{"part_a": 0, "part_b": 1, "type": "ROT_SYM"}, {"part_a": 0, "part_b": 1, "type": "TRANS_SYM"}, {"part_a": 0, "part_b": 1, "type": "REF_SYM"}, {"part_a": 1, "part_b": 0, "type": "ROT_SYM"}, {"part_a": 1, "part_b": 0, "type": "TRANS_SYM"}, {"part_a": 1, "part_b": 0, "type": "REF_SYM"}]}], "edges": [{"part_a": 0, "part_b": 1, "type": "ADJ"}, {"part_a": 1, "part_b": 0, "type": "ADJ"}]}, {"id": 14, "label": "chair_base", "box": [-0.01369465235620737, -0.41465651988983154, 0.10473807901144028, 0.8338863253593445, 0.6803362369537354, 0.8691719770431519, 0.9999517202377319, 0.005130263976752758, 0.008383031003177166, -0.005038822535425425, 0.9999279975891113, -0.010892855934798717], "children": [{"id": 15, "label": "regular_leg_base", "box": [-0.0005318521871231496, -0.42732831835746765, 0.07408017665147781, 0.8568950295448303, 0.7308513522148132, 0.8173142671585083, 0.9999423623085022, 0.010592061094939709, 0.0017530090408399701, -0.010613026097416878, 0.9998666048049927, 0.012416322715580463], "children": [{"id": 18, "label": "leg", "box": [-0.38413262367248535, -0.3803641200065613, 0.13867777585983276, 0.0926329493522644, 0.793770968914032, 0.20043767988681793, 0.9991680383682251, 0.03459726274013519, -0.021591931581497192, -0.04074753075838089, 0.8251143097877502, -0.5634945034980774]}, {"id": 16, "label": "leg", "box": [0.36451637744903564, -0.42456677556037903, -0.16588909924030304, 0.12008275091648102, 0.68245929479599, 0.16526669263839722, 0.9996907114982605, 0.020518654957413673, 0.014052540063858032, -0.024750258773565292, 0.8761000037193298, 0.4814937114715576]}, {"id": 19, "label": "leg", "box": [-0.3422342538833618, -0.47052979469299316, -0.1228402629494667, 0.10510779172182083, 0.683821976184845, 0.28406813740730286, 0.9967173933982849, -0.07617916911840439, 0.027406878769397736, 0.03827446326613426, 0.7416948080062866, 0.6696445941925049]}, {"id": 17, "label": "leg", "box": [0.3802153468132019, -0.37730899453163147, 0.17798064649105072, 0.09686785191297531, 0.7880412936210632, 0.19348925352096558, 0.9967244863510132, -0.043177083134651184, -0.06838177144527435, -0.009943793527781963, 0.7737059593200684, -0.633466899394989]}], "edges": [{"part_a": 0, "part_b": 3, "type": "ROT_SYM"}, {"part_a": 0, "part_b": 3, "type": "REF_SYM"}, {"part_a": 1, "part_b": 2, "type": "ROT_SYM"}, {"part_a": 1, "part_b": 2, "type": "TRANS_SYM"}, {"part_a": 1, "part_b": 2, "type": "REF_SYM"}, {"part_a": 2, "part_b": 1, "type": "ROT_SYM"}, {"part_a": 2, "part_b": 1, "type": "TRANS_SYM"}, {"part_a": 2, "part_b": 1, "type": "REF_SYM"}, {"part_a": 3, "part_b": 0, "type": "ROT_SYM"}, {"part_a": 3, "part_b": 0, "type": "TRANS_SYM"}, {"part_a": 3, "part_b": 0, "type": "REF_SYM"}]}]}], "edges": [{"part_a": 0, "part_b": 1, "type": "ADJ"}, {"part_a": 0, "part_b": 2, "type": "ADJ"}, {"part_a": 1, "part_b": 0, "type": "ADJ"}, {"part_a": 1, "part_b": 2, "type": "ADJ"}, {"part_a": 2, "part_b": 0, "type": "ADJ"}, {"part_a": 2, "part_b": 1, "type": "ADJ"}]}