{"id": 0, "label": "chair", "box": [0.0033922959119081497, 0.0909537523984909, 0.0955379381775856, 0.7104421257972717, 1.7595237493515015, 0.6721928715705872, 0.9999995231628418, 0.0009856846882030368, 0.00010759862925624475, -0.0009868182241916656, 0.999937891960144, 0.01109945960342884], "children": [{"id": 1, "label": "chair_back", "box": [0.0023583092261105776, 0.521736741065979, -0.17616890370845795, 0.7121148109436035, 0.9982659220695496, 0.14759370684623718, 0.999983012676239, -0.0001577684306539595, 0.0058317179791629314, 0.00011403626558603719, 0.999971866607666, 0.007498591672629118], "children": [{"id": 2, "label": "back_surface", "box": [-0.004458258394151926, 0.5100644826889038, -0.16620472073554993, 0.7079636454582214, 0.9564855694770813, 0.1275051385164261, 0.9999485611915588, -0.007757855579257011, -0.0065320623107254505, 0.007744828704744577, 0.9999679923057556, -0.002017234917730093], "children": [{"id": 3, "label": "back_single_surface", "box": [-0.012635795399546623, 0.507496178150177, -0.17649385333061218, 0.6661350727081299, 0.9550309777259827, 0.12189852446317673, 0.999997079372406, 2.3707370928605087e-06, 0.002413037931546569, 2.9856582273168897e-07, 0.9999994039535522, -0.0011061992263421416]}]}]}, {"id": 4, "label": "chair_seat", "box": [-0.005842328537255526, -0.04368158429861069, 0.08709511905908585, 0.7491797804832458, 0.2496873438358307, 0.6984994411468506, 0.9999958872795105, 0.0028606895357370377, -0.00014928820019122213, -0.002858496969565749, 0.9999107122421265, 0.013054214417934418], "children": [{"id": 5, "label": "seat_surface", "box": [0.003972446080297232, -0.04053766280412674, 0.09061446785926819, 0.716352105140686, 0.2463173121213913, 0.6725166440010071, 0.9999970197677612, 0.0022876912262290716, -0.0008565304451622069, -0.0022676358930766582, 0.9997391700744629, 0.02272602543234825], "children": [{"id": 6, "label": "seat_single_surface", "box": [-0.00222712941467762, -0.053163930773735046, 0.10785934329032898, 0.6979899406433105, 0.21298667788505554, 0.6740291118621826, 0.9999516606330872, -0.007478469517081976, 0.00639066519215703, 0.007323364727199078, 0.9996861219406128, 0.023958632722496986]}]}]}, {"id": 7, "label": "chair_base", "box": [0.005604635924100876, -0.4550151526927948, 0.08814875781536102, 0.6848621368408203, 0.7298912405967712, 0.6700831055641174, 0.9999974966049194, 0.0008658786537125707, 0.002076314529404044, -0.0008766580140218139, 0.9999861121177673, 0.0051963115110993385], "children": [{"id": 8, "label": "regular_leg_base", "box": [0.004844601731747389, -0.4493735432624817, 0.08784501999616623, 0.6922674179077148, 0.7097493410110474, 0.6701273918151855, 0.9999678134918213, -0.0003575954178813845, -0.008018123917281628, 0.0003952741390094161, 0.9999889135360718, 0.004698100965470076], "children": [{"id": 12, "label": "leg", "box": [-0.271054208278656, -0.4742368161678314, -0.15251076221466064, 0.13210323452949524, 0.7076021432876587, 0.13622638583183289, 0.9999609589576721, -0.008586966432631016, 0.002105827210471034, 0.008551349863409996, 0.9998293519020081, 0.01637599989771843]}, {"id": 11, "label": "leg", "box": [-0.2621391713619232, -0.4663090407848358, 0.36292654275894165, 0.12867635488510132, 0.7214179635047913, 0.13124202191829681, 0.9998946785926819, -0.00600570859387517, 0.0132136894389987, 0.006103434134274721, 0.9999542236328125, -0.007367920596152544]}, {"id": 9, "label": "leg", "box": [0.26152685284614563, -0.4701118767261505, -0.15767823159694672, 0.13678379356861115, 0.709128201007843, 0.13512158393859863, 0.9999584555625916, 0.007832305505871773, -0.004667452536523342, -0.00778151536360383, 0.999911367893219, 0.010802293196320534]}, {"id": 10, "label": "leg", "box": [0.26511868834495544, -0.46928080916404724, 0.34381893277168274, 0.1392730176448822, 0.7094665169715881, 0.12562496960163116, 0.9999436140060425, 0.009450565092265606, -0.004851836245507002, -0.009447505697607994, 0.9999551773071289, 0.0006530159735120833]}], "edges": [{"part_a": 0, "part_b": 1, "type": "ROT_SYM"}, {"part_a": 0, "part_b": 1, "type": "TRANS_SYM"}, {"part_a": 0, "part_b": 1, "type": "REF_SYM"}, {"part_a": 0, "part_b": 2, "type": "ROT_SYM"}, {"part_a": 0, "part_b": 2, "type": "TRANS_SYM"}, {"part_a": 0, "part_b": 2, "type": "REF_SYM"}, {"part_a": 0, "part_b": 3, "type": "ROT_SYM"}, {"part_a": 0, "part_b": 3, "type": "TRANS_SYM"}, {"part_a": 0, "part_b": 3, "type": "REF_SYM"}, {"part_a": 1, "part_b": 0, "type": "ROT_SYM"}, {"part_a": 1, "part_b": 0, "type": "TRANS_SYM"}, {"part_a": 1, "part_b": 0, "type": "REF_SYM"}, {"part_a": 1, "part_b": 2, "type": "ROT_SYM"}, {"part_a": 1, "part_b": 2, "type": "TRANS_SYM"}, {"part_a": 1, "part_b": 2, "type": "REF_SYM"}, {"part_a": 1, "part_b": 3, "type": "ROT_SYM"}, {"part_a": 1, "part_b": 3, "type": "TRANS_SYM"}, {"part_a": 1, "part_b": 3, "type": "REF_SYM"}, {"part_a": 2, "part_b": 0, "type": "ROT_SYM"}, {"part_a": 2, "part_b": 0, "type": "TRANS_SYM"}, {"part_a": 2, "part_b": 0, "type": "REF_SYM"}, {"part_a": 2, "part_b": 1, "type": "ROT_SYM"}, {"part_a": 2, "part_b": 1, "type": "TRANS_SYM"}, {"part_a": 2, "part_b": 1, "type": "REF_SYM"}, {"part_a": 2, "part_b": 3, "type": "ROT_SYM"}, {"part_a": 2, "part_b": 3, "type": "TRANS_SYM"}, {"part_a": 2, "part_b": 3, "type": "REF_SYM"}, {"part_a": 3, "part_b": 0, "type": "ROT_SYM"}, {"part_a": 3, "part_b": 0, "type": "TRANS_SYM"}, {"part_a": 3, "part_b": 0, "type": "REF_SYM"}, {"part_a": 3, "part_b": 1, "type": "ROT_SYM"}, {"part_a": 3, "part_b": 1, "type": "TRANS_SYM"}, {"part_a": 3, "part_b": 1, "type": "REF_SYM"}, {"part_a": 3, "part_b": 2, "type": "ROT_SYM"}, {"part_a": 3, "part_b": 2, "type": "TRANS_SYM"}, {"part_a": 3, "part_b": 2, "type": "REF_SYM"}]}]}], "edges": [{"part_a": 0, "part_b": 1, "type": "ADJ"}, {"part_a": 1, "part_b": 0, "type": "ADJ"}, {"part_a": 1, "part_b": 2, "type": "ADJ"}, {"part_a": 2, "part_b": 1, "type": "ADJ"}]}