{"id": 0, "label": "chair", "box": [0.00020200014114379883, 0.01706048846244812, 0.0723240077495575, 1.1473190784454346, 1.165876030921936, 1.2062039375305176, 0.0, -1.0, 0.0, -1.0, 0.0, 0.0], "children": [{"id": 1, "label": "chair_back", "box": [0.029962509870529175, 0.17372651398181915, -0.4042278826236725, 0.20333343744277954, 0.8384679555892944, 0.9927290081977844, -7.841345470660744e-18, -0.12805889546871185, -0.9917665719985962, 5.041524695818687e-19, -0.9917665719985962, 0.12805889546871185], "children": [{"id": 2, "label": "back_surface", "box": [-0.0003294944763183594, 0.19133581221103668, -0.4083736836910248, 0.18514439463615417, 0.8010159730911255, 0.9177870154380798, 7.140062905391145e-17, -0.16606082022190094, -0.9861155152320862, 6.038215977823149e-17, -0.9861155152320862, 0.16606082022190094], "children": [{"id": 3, "label": "back_single_surface", "box": [-0.0003294944763183594, 0.19133581221103668, -0.4083736836910248, 0.18514439463615417, 0.8010159730911255, 0.9177870154380798, 7.140062905391145e-17, -0.16606082022190094, -0.9861155152320862, 6.038215977823149e-17, -0.9861155152320862, 0.16606082022190094]}]}, {"id": 4, "label": "back_support", "box": [0.032606735825538635, 0.10092620551586151, -0.44578084349632263, 0.13933660089969635, 0.7122565507888794, 0.9963217377662659, -0.05719108507037163, 0.10437443107366562, 0.992892324924469, 0.007117785979062319, -0.994452178478241, 0.10494839400053024]}], "edges": [{"part_b": 0, "part_a": 1, "dist": 0.011366691693197005, "type": "ADJ"}]}, {"id": 5, "label": "chair_arm", "box": [-0.4862433969974518, 0.09692531079053879, 0.07379604876041412, 0.1785437911748886, 0.7073744535446167, 1.1988614797592163, 0.9987715482711792, 0.00013242535351309925, 0.04955187067389488, 4.3604563870758284e-07, -0.9999964237213135, 0.0026636607944965363], "children": [{"id": 6, "label": "arm_sofa_style", "box": [-0.4862433969974518, 0.09692531079053879, 0.07379604876041412, 0.1785437911748886, 0.7073744535446167, 1.1988614797592163, 0.9987715482711792, 0.00013242535351309925, 0.04955187067389488, 4.3604563870758284e-07, -0.9999964237213135, 0.0026636607944965363]}]}, {"id": 7, "label": "chair_arm", "box": [0.46713435649871826, 0.09700213372707367, 0.06190485134720802, 0.1909983903169632, 0.7075914144515991, 1.1859570741653442, 0.9997444152832031, -6.028808275004849e-05, -0.022608302533626556, -6.703485411208021e-08, -0.9999964237213135, 0.00266366102732718], "children": [{"id": 8, "label": "arm_sofa_style", "box": [0.46713435649871826, 0.09700213372707367, 0.06190485134720802, 0.1909983903169632, 0.7075914144515991, 1.1859570741653442, 0.9997444152832031, -6.028808275004849e-05, -0.022608302533626556, -6.703485411208021e-08, -0.9999964237213135, 0.00266366102732718]}]}, {"id": 9, "label": "chair_seat", "box": [0.0019130705622956157, -0.10929564386606216, 0.11273922771215439, 0.36394578218460083, 1.129394769668579, 1.1466256380081177, 9.852823446010461e-09, 0.9999884963035583, -0.00479314848780632, -0.004070090129971504, 0.004793108906596899, 0.9999802112579346], "children": [{"id": 10, "label": "seat_surface", "box": [0.009605243802070618, 0.0347619503736496, 0.13418550789356232, 0.22440961003303528, 0.9605801105499268, 1.1155896186828613, -0.0009112671832554042, -0.9890843629837036, -0.14734742045402527, -0.9999990463256836, 0.0010542627424001694, -0.0008923706482164562], "children": [{"id": 11, "label": "seat_single_surface", "box": [0.009605243802070618, 0.0347619503736496, 0.13418550789356232, 0.22440961003303528, 0.9605801105499268, 1.1155896186828613, -0.0009112671832554042, -0.9890843629837036, -0.14734742045402527, -0.9999990463256836, 0.0010542627424001694, -0.0008923706482164562]}]}, {"id": 12, "label": "seat_support", "box": [0.05131332948803902, -0.195010706782341, 0.11194335669279099, 0.2852952778339386, 0.9998777508735657, 1.1156342029571533, -0.23585174977779388, 0.9715564846992493, -0.02125917561352253, 0.9717890620231628, 0.23579542338848114, -0.005154606886208057]}, {"id": 13, "label": "seat_frame", "box": [-0.01276322454214096, -0.26433447003364563, 0.09801594913005829, 0.04979892820119858, 1.1210132837295532, 1.1482880115509033, -0.0007971120066940784, 0.999943733215332, -0.010580037720501423, 0.026379143819212914, 0.010597385466098785, 0.9995958209037781], "children": [{"id": 14, "label": "seat_holistic_frame", "box": [-0.01276322454214096, -0.26433447003364563, 0.09801594913005829, 0.04979892820119858, 1.1210132837295532, 1.1482880115509033, -0.0007971120066940784, 0.999943733215332, -0.010580037720501423, 0.026379143819212914, 0.010597385466098785, 0.9995958209037781]}]}], "edges": [{"part_b": 0, "part_a": 1, "dist": 0.013237164753276824, "type": "ADJ"}, {"part_b": 1, "part_a": 2, "dist": 0.004004935406445802, "type": "ADJ"}]}, {"id": 15, "label": "chair_base", "box": [-5.590141154243611e-05, -0.4181496500968933, 0.0976945236325264, 0.29012417793273926, 1.1122410297393799, 1.1658728122711182, -4.654901204048656e-06, -0.9999245405197144, 0.012285632081329823, 0.0004838424501940608, 0.012285628356039524, 0.9999244213104248], "children": [{"id": 16, "label": "regular_leg_base", "box": [-5.590141154243611e-05, -0.4181496500968933, 0.0976945236325264, 0.29012417793273926, 1.1122410297393799, 1.1658728122711182, -4.654901204048656e-06, -0.9999245405197144, 0.012285632081329823, 0.0004838424501940608, 0.012285628356039524, 0.9999244213104248], "children": [{"id": 17, "label": "leg", "box": [0.5305724740028381, -0.4128914177417755, 0.593331515789032, 0.10095977038145065, 0.1137813925743103, 0.29367247223854065, -0.9976677894592285, -0.04077202454209328, -0.054741326719522476, -0.056034937500953674, 0.031290631741285324, 0.9979383945465088]}, {"id": 18, "label": "leg", "box": [0.500760018825531, -0.4186752438545227, -0.39472776651382446, 0.09467334300279617, 0.11638855189085007, 0.27855220437049866, -1.0, -3.756772002816433e-06, -4.557044121611398e-06, -4.448495928954799e-06, -0.02840452268719673, 0.9995965361595154]}, {"id": 19, "label": "leg", "box": [-0.5274763703346252, -0.41329988837242126, 0.5952034592628479, 0.10168107599020004, 0.10917577147483826, 0.292924165725708, 0.9993829727172852, -0.03512045741081238, 0.0005009039887227118, 0.0009706655400805175, 0.04187106713652611, 0.9991225600242615]}, {"id": 20, "label": "leg", "box": [-0.49671000242233276, -0.41858792304992676, -0.39669886231422424, 0.10195398330688477, 0.11234302073717117, 0.27864840626716614, -1.0, 0.0, -6.123234262925839e-17, -6.120697796295507e-17, -0.0287790410220623, 0.9995858073234558]}], "edges": [{"part_b": 0, "part_a": 1, "dist": 0.028939124838634995, "params": [0.5263382196426392, -0.4065525531768799, 0.10052043199539185, 0.029883159324526787, 0.00697421794757247, 0.9995291233062744], "type": "REF_SYM"}, {"part_b": 0, "part_a": 1, "dist": 0.030272268257339478, "params": [0.5382401943206787, -0.27133965492248535, 0.10075494647026062, -0.10778764635324478, 0.9941663146018982, 0.003891867119818926, 3.0373129844665527], "type": "ROT_SYM"}, {"part_b": 0, "part_a": 2, "dist": 0.024046302916657006, "params": [0.000665515661239624, -0.40281254053115845, 0.6064086556434631, 0.9999998807907104, -0.00039094072417356074, -0.00032514097983948886], "type": "REF_SYM"}, {"part_b": 0, "part_a": 2, "dist": 0.03181556412160447, "params": [0.000878338934853673, -0.4060664474964142, 0.5497409701347351, 0.003556657349690795, 0.9931662678718567, -0.11665407568216324, 2.932807683944702], "type": "ROT_SYM"}, {"part_b": 1, "part_a": 2, "dist": 0.04958153051799126, "params": [-0.014453887939453125, -0.4063411355018616, 0.10069626569747925, 0.7205265164375305, -0.005126363132148981, -0.6934084892272949], "type": "REF_SYM"}, {"part_b": 1, "part_a": 2, "dist": 0.03503575681895178, "params": [-0.035251691937446594, -0.5294763445854187, 0.08001673221588135, 0.02519071288406849, 0.9996814131736755, 0.0015797825763002038, 3.0675323009490967], "type": "ROT_SYM"}, {"part_b": 0, "part_a": 3, "dist": 0.03028734439194795,