{"id": 0, "label": "chair", "box": [-0.003485980210825801, 0.015208662487566471, 0.08973825722932816, 0.8675478100776672, 1.5375431776046753, 0.8728782534599304, 0.9999998807907104, 0.00012254167813807726, 0.00046241676318459213, -0.00011534630903042853, 0.9998794198036194, -0.0155284209176898], "children": [{"id": 1, "label": "chair_back", "box": [0.0031042054761201143, 0.3685797452926636, -0.28011658787727356, 0.785078227519989, 0.9412721395492554, 0.1192721426486969, 0.999956488609314, -4.386197906569578e-05, 0.00933315884321928, 0.0006064687040634453, 0.9981809258460999, -0.06028614565730095], "children": [{"id": 2, "label": "back_surface", "box": [0.005321549251675606, 0.4353259801864624, -0.2886391878128052, 0.6248992085456848, 0.5561056733131409, 0.09694088250398636, 0.9999409317970276, -0.006030162330716848, -0.009047089144587517, 0.005416579078882933, 0.9977799654006958, -0.066376693546772], "children": [{"id": 7, "label": "back_surface_horizontal_bar", "box": [0.012046867050230503, 0.32186010479927063, -0.25980743765830994, 0.4405072033405304, 0.2724609076976776, 0.05372517928481102, 0.9999971985816956, -0.0020920836832374334, 0.001126455725170672, 0.002161272568628192, 0.9978570342063904, -0.06539639830589294]}, {"id": 4, "label": "back_surface_horizontal_bar", "box": [-0.012681705877184868, 0.7028079628944397, -0.3421596586704254, 0.6092299222946167, 0.15994778275489807, 0.05744335800409317, 0.9999933838844299, 0.0014195824041962624, 0.003345067147165537, -0.0010533665772527456, 0.9942538738250732, -0.10704286396503448]}, {"id": 6, "label": "back_surface_horizontal_bar", "box": [0.0052352906204760075, 0.44133615493774414, -0.2458662986755371, 0.6606267690658569, 0.13014423847198486, 0.11320555955171585, 0.9998491406440735, -0.012256660498678684, -0.012309866957366467, 0.011985049583017826, 0.9996883273124695, -0.021900972351431847]}]}, {"id": 9, "label": "back_frame", "box": [-0.004203717689961195, 0.3829718828201294, -0.27417778968811035, 0.8030855655670166, 0.9400597214698792, 0.10422344505786896, 0.9999969005584717, 0.0013702857540920377, -0.0020746500231325626, -0.0015060969162732363, 0.9977557063102722, -0.06694229692220688], "children": [{"id": 11, "label": "back_frame_vertical_bar", "box": [0.3364209234714508, 0.36612260341644287, -0.2784939706325531, 0.0899435356259346, 0.9072681665420532, 0.09019766002893448, 0.999196469783783, -0.0030471684876829386, 0.03996375575661659, 0.005359811242669821, 0.9983085989952087, -0.057889699935913086]}, {"id": 10, "label": "back_frame_vertical_bar", "box": [-0.34088367223739624, 0.3630600869655609, -0.26682835817337036, 0.09058330953121185, 0.9054197669029236, 0.1094282791018486, 0.9988913536071777, -0.002102259313687682, -0.0470278225839138, 8.271137630799785e-05, 0.999079167842865, -0.04290447011590004]}, {"id": 0, "label": "back_frame_horizontal_bar", "box": [-0.009597169235348701, 0.7862721681594849, -0.286452978849411, 0.6095474362373352, 0.14367862045764923, 0.10595512390136719, 0.9998089671134949, 0.006610865239053965, -0.018392764031887054, -0.007066736463457346, 0.999666690826416, -0.024831753224134445]}], "edges": [{"part_a": 0, "part_b": 1, "type": "ROT_SYM"}, {"part_a": 0, "part_b": 1, "type": "TRANS_SYM"}, {"part_a": 0, "part_b": 1, "type": "REF_SYM"}, {"part_a": 0, "part_b": 2, "type": "ADJ"}, {"part_a": 1, "part_b": 0, "type": "ROT_SYM"}, {"part_a": 1, "part_b": 0, "type": "TRANS_SYM"}, {"part_a": 1, "part_b": 0, "type": "REF_SYM"}, {"part_a": 1, "part_b": 2, "type": "ADJ"}, {"part_a": 2, "part_b": 0, "type": "ADJ"}, {"part_a": 2, "part_b": 1, "type": "ADJ"}]}], "edges": [{"part_a": 0, "part_b": 1, "type": "ADJ"}, {"part_a": 1, "part_b": 0, "type": "ADJ"}]}, {"id": 12, "label": "chair_seat", "box": [0.002059142105281353, -0.053184762597084045, 0.11076321452856064, 0.805657684803009, 0.15953020751476288, 0.8178372383117676, 0.9999841451644897, 0.005635195877403021, 0.00018591507978271693, -0.0056367856450378895, 0.9999331831932068, 0.010096433572471142], "children": [{"id": 15, "label": "seat_support", "box": [0.0033431078772991896, -0.08170736581087112, 0.10332687944173813, 0.8051406145095825, 0.14662808179855347, 0.800597608089447, 0.9999417662620544, 0.009716863743960857, 0.004696310963481665, -0.009731658734381199, 0.999947726726532, 0.003137910272926092]}, {"id": 13, "label": "seat_surface", "box": [0.0006770415930077434, 0.0041689034551382065, 0.11997660994529724, 0.8178584575653076, 0.10814669728279114, 0.7793682217597961, 0.9999988675117493, -0.001234186696819961, -0.0009043852332979441, 0.001234275521710515, 0.9999992251396179, 9.780065011000261e-05], "children": [{"id": 14, "label": "seat_single_surface", "box": [0.005864589475095272, -0.0018963143229484558, 0.11487899720668793, 0.8171821236610413, 0.10874505341053009, 0.7734881639480591, 0.999981701374054, 0.0003087306977249682, -0.006048921030014753, -0.00024830817710608244, 0.999950110912323, 0.009987177327275276]}]}], "edges": [{"part_a": 0, "part_b": 1, "type": "ADJ"}, {"part_a": 1, "part_b": 0, "type": "ADJ"}]}, {"id": 16, "label": "chair_base", "box": [0.0021341335959732533, -0.42915078997612, 0.09260104596614838, 0.8178128600120544, 0.6712262034416199, 0.8434162735939026, 0.9999996423721313, 0.0007518300553783774, -0.0004791645333170891, -0.0007526403642259538, 0.9999982714653015, -0.0016933172009885311], "children": [{"id": 17, "label": "regular_leg_base", "box": [0.002438318682834506, -0.4236734211444855, 0.09822247177362442, 0.8302826285362244, 0.6997329592704773, 0.8684679269790649, 0.9999999403953552, -0.0003649888967629522, 6.468043284257874e-05, 0.00036498793633654714, 0.9999999403953552, 1.5055492440296803e-05], "children": [{"id": 18, "label": "leg", "box": [-0.35682642459869385, -0.43013519048690796, -0.2670719027519226, 0.09521294385194778, 0.6886018514633179, 0.11033500730991364, 0.9997135400772095, -0.019944891333580017, -0.01323030237108469, 0.02100159414112568, 0.9961395859718323, 0.08523466438055038]}, {"id": 21, "label": "leg", "box": [-0.35867977142333984, -0.4267815351486206, 0.46611130237579346, 0.10288707911968231, 0.6904347538948059, 0.10987719893455505, 0.9996737837791443, -0.013450822792947292, 0.02171349711716175, 0.013959724456071854, 0.9996273517608643, -0.023458264768123627]}, {"id": 19, "label": "leg", "box": [0.3527321517467499, -0.4262949228286743, -0.2610435485839844, 0.10455577075481415, 0.6990386843681335, 0.11744489520788193, 0.9987735748291016, 0.013234422542154789, 0.04770968481898308, -0.017114780843257904, 0.9964964985847473, 0.0818646177649498]}, {"id": 20, "label": "leg", "box": [0.36240118741989136, -0.4249742925167084, 0.4604814946651459, 0.09573952108621597, 0.6898357272148132, 0.1155267134308815, 0.9998934268951416, 0.007312025409191847, -0.012637469917535782, -0.007634921930730343, 0.999640703201294, -0.02569422870874405]}], "edges": [{"part_a": 0, "part_b": 1, "type": "ROT_SYM"}, {"part_a": 0, "part_b": 1, "type": "TRANS_SYM"}, {"part_a": 0, "part_b": 1, "type": "REF_SYM"}, {"part_a": 0, "part_b": 2, "type": "ROT_SYM"}, {"part_a": 0, "part_b": 2, "type": "TRANS_SYM"}, {"part_a": 0, "part_b": 2, "type": "REF_SYM"}, {"part_a": 0, "part_b": 3, "type": "ROT_SYM"}, {"part_a": 0, "part_b": 3, "type": "TRANS_SYM"}, {"part_a": 0, "part_b": 3, "type": "REF_SYM"}, {"part_a": 1, "part_b": 0, "type": "ROT_SYM"}, {"part_a": 1, "part_b": 0, "type": "TRANS_SYM"}, {"part_a": 1, "part_b": 0, "type": "REF_SYM"}, {"part_a": 1, "part_b": 2, "type": "ROT_SYM"}, {"part_a": 1, "part_b": 2, "type": "TRANS_SYM"}, {"part_a": 1, "part_b": 2, "type": "REF_SYM"}, {"part_a": 1, "part_b": 3, "type": "ROT_SYM"}, {"part_a": 1, "part_b": 3, "type": "TRANS_SYM"}, {"part_a": 1, "part_b": 3, "type": "REF_SYM"}, {"part_a": 2, "part_b": 0, "type": "ROT_SYM"}, {"part_a": 2, "part_b": 0, "type": "TRANS_SYM"}, {"part_a": 2, "part_b": 0, "type": "REF_SYM"}, {"part_a": 2, "part_b": 1, "type": "ROT_SYM"}, {"part_a": 2, "part_b": 1, "type": "TRANS_SYM"}, {"part_a": 2, "part_b": 1,