{"id": 0, "label": "chair", "box": [0.02085748314857483, -0.0050343116745352745, -0.06409670412540436, 0.9868109822273254, 1.034809947013855, 1.503402590751648, -1.0, 6.123234262925839e-17, 0.0, 5.4969834312235775e-17, 0.897725522518158, 0.4405551850795746], "children": [{"id": 1, "label": "chair_back", "box": [0.020858004689216614, 0.14751331508159637, -0.2985433340072632, 0.36455368995666504, 0.9790160655975342, 1.1992267370224, 6.04993017878588e-17, -0.15427106618881226, -0.9880285859107971, 1.0, 0.0, 6.123234262925839e-17], "children": [{"id": 2, "label": "back_surface", "box": [0.020858004689216614, 0.14751331508159637, -0.2985433340072632, 0.36455368995666504, 0.9790160655975342, 1.1992267370224, 6.04993017878588e-17, -0.15427106618881226, -0.9880285859107971, 1.0, 0.0, 6.123234262925839e-17], "children": [{"id": 3, "label": "back_single_surface", "box": [0.020858004689216614, 0.14751331508159637, -0.2985433340072632, 0.36455368995666504, 0.9790160655975342, 1.1992267370224, 6.04993017878588e-17, -0.15427106618881226, -0.9880285859107971, 1.0, 0.0, 6.123234262925839e-17]}]}]}, {"id": 4, "label": "chair_arm", "box": [0.4614105224609375, 0.004515532869845629, 0.004912602249532938, 0.09790101647377014, 0.4578787088394165, 0.8552119731903076, -1.0, 0.0, -6.123234262925839e-17, 6.123163456265405e-17, -0.004803976975381374, -0.9999884366989136], "children": [{"id": 5, "label": "arm_sofa_style", "box": [0.4614105224609375, 0.004515532869845629, 0.004912602249532938, 0.09790101647377014, 0.4578787088394165, 0.8552119731903076, -1.0, 0.0, -6.123234262925839e-17, 6.123163456265405e-17, -0.004803976975381374, -0.9999884366989136]}]}, {"id": 6, "label": "chair_arm", "box": [-0.4196990132331848, 0.004515532869845629, 0.004912602249532938, 0.09790199995040894, 0.4578787088394165, 0.8552119731903076, -1.0, 0.0, -6.123234262925839e-17, 6.123163456265405e-17, -0.004803976975381374, -0.9999884366989136], "children": [{"id": 7, "label": "arm_sofa_style", "box": [-0.4196990132331848, 0.004515532869845629, 0.004912602249532938, 0.09790199995040894, 0.4578787088394165, 0.8552119731903076, -1.0, 0.0, -6.123234262925839e-17, 6.123163456265405e-17, -0.004803976975381374, -0.9999884366989136]}]}, {"id": 8, "label": "chair_seat", "box": [0.02085748314857483, -0.1488218903541565, 0.17414556443691254, 0.6035275459289551, 0.9868109822273254, 1.2143322229385376, -6.114583938952005e-17, 0.9985873103141785, -0.05313551798462868, -1.0, -6.123234262925839e-17, -3.851859888774472e-34], "children": [{"id": 9, "label": "seat_surface", "box": [0.020853476598858833, -0.13685061037540436, 0.30866026878356934, 0.5937798023223877, 0.9440157413482666, 0.9790310263633728, -1.5647890904801898e-05, -0.9986301064491272, 0.05232555419206619, -8.199078251891478e-07, -0.05232555419206619, -0.9986301064491272], "children": [{"id": 10, "label": "seat_single_surface", "box": [0.02083699405193329, -0.14040622115135193, 0.04285812005400658, 0.41236627101898193, 0.5727679133415222, 0.7832460403442383, 6.448595499833977e-17, -0.05313551798462868, -0.9985873103141785, 6.114583938952005e-17, -0.9985873103141785, 0.05313551798462868]}, {"id": 11, "label": "seat_single_surface", "box": [0.020853715017437935, -0.12155968695878983, 0.4673295021057129, 0.524114191532135, 0.671657145023346, 0.9790310263633728, -2.1804742118547438e-06, -0.13915523886680603, 0.9902705550193787, -1.551691093482077e-05, -0.9902705550193787, -0.13915523886680603]}], "edges": [{"part_b": 0, "dist": 0.004231939079240812, "type": "ADJ", "part_a": 1}]}, {"id": 12, "label": "seat_support", "box": [0.020846877247095108, -0.39717262983322144, 0.0852476954460144, 0.08277910202741623, 0.9868115782737732, 1.0155214071273804, -0.00042532364022918046, -0.999968409538269, -0.00793836172670126, 0.9999998807907104, -0.0004253369988873601, -8.077928548289037e-09]}], "edges": [{"part_b": 0, "dist": 0.0010885154724800364, "type": "ADJ", "part_a": 1}]}, {"id": 13, "label": "chair_base", "box": [0.01756713166832924, -0.43193650245666504, 0.07914351671934128, 0.0153769850730896, 0.9228751063346863, 0.9243717193603516, -6.123234262925839e-17, -1.0, -6.123234262925839e-17, -0.003535051830112934, 6.144841544014704e-17, -0.9999937415122986], "children": [{"id": 14, "label": "foot_base", "box": [0.01756713166832924, -0.43193650245666504, 0.07914351671934128, 0.0153769850730896, 0.9228751063346863, 0.9243717193603516, -6.123234262925839e-17, -1.0, -6.123234262925839e-17, -0.003535051830112934, 6.144841544014704e-17, -0.9999937415122986], "children": [{"id": 15, "label": "foot", "box": [0.4319152534008026, -0.43419355154037476, -0.3270900547504425, 0.014259133487939835, 0.0778295174241066, 0.09648722410202026, 0.05969985947012901, -0.9974429607391357, -0.03928741440176964, 0.9163840413093567, 0.07036978751420975, -0.39406639337539673]}, {"id": 16, "label": "foot", "box": [0.43449175357818604, -0.4334942102432251, 0.4888124167919159, 0.012535760179162025, 0.08939914405345917, 0.08942101895809174, -0.00888677965849638, 0.9999549388885498, -0.0033328363206237555, -0.017786312848329544, 0.003174372250214219, 0.9998367428779602]}, {"id": 17, "label": "foot", "box": [-0.39283454418182373, -0.4341866970062256, 0.4976358413696289, 0.01247834600508213, 0.08945619314908981, 0.08954042941331863, 0.019632307812571526, 0.9986554384231567, -0.04797818511724472, 0.0035208514891564846, 0.04791807755827904, 0.9988450407981873]}, {"id": 18, "label": "foot", "box": [-0.39531391859054565, -0.4331892728805542, -0.33212611079216003, 0.01418556272983551, 0.09311989694833755, 0.09788162261247635, -0.0484403558075428, -0.9980014562606812, -0.04057874530553818, 0.863054096698761, -0.06227153167128563, 0.5012583136558533]}], "edges": [{"part_b": 0, "dist": 0.03274553905417768, "type": "REF_SYM", "part_a": 1, "params": [0.4344806671142578, -0.43578481674194336, 0.08129382133483887, -0.002610919065773487, -0.00048436972429044545, -0.9999964237213135]}, {"part_b": 0, "dist": 0.03128688024937549, "type": "TRANS_SYM", "part_a": 1, "params": [-0.0021293461322784424, -0.00039502978324890137, -0.8155513405799866]}, {"part_b": 0, "dist": 0.027718382590899267, "type": "ROT_SYM", "part_a": 1, "params": [-0.5809676647186279, 0.5409291386604309, 0.08035466074943542, -0.02214718423783779, 0.9997545480728149, -0.000532121688593179, 0.7789059281349182]}, {"part_b": 0, "dist": 0.04026074109671129, "type": "REF_SYM", "part_a": 2, "params": [0.019076943397521973, -0.4357895851135254, 0.08502340316772461, 0.709528923034668, -0.00033011703635565937, -0.7046762108802795]}, {"part_b": 0, "dist": 0.03633545113272914, "type": "TRANS_SYM", "part_a": 2, "params": [0.8286780714988708, -0.00038555264472961426, -0.8230105042457581]}, {"part_b": 1, "dist": 0.04216266267959792, "type": "REF_SYM", "part_a": 2, "params": [0.020141616463661194, -0.43559205532073975, 0.4927990734577179, 0.9999597072601318, 1.1406682460801676e-05, -0.00897784810513258]}, {"part_b": 1, "dist": 0.04208402433447828, "type": "TRANS_SYM", "part_a": 2, "params": [0.8308074474334717, 9.47713851928711e-06, -0.007459163665771484]}, {"part_b": 0, "dist": 0.040860363936933757, "type": "REF_SYM", "part_a": 3, "params": [0.018682673573493958, -0.43545961380004883, -0.3284425139427185, 0.9999880790710449, -0.0012604278745129704, 0.004727475810796022]}, {"part_b": 0, "dist": 0.03741824614798707, "type": "TRANS_SYM", "part_a": 3, "params": [0.8294665813446045, -0.0010454952716827393, 0.003921329975128174]}, {"part_b": 1, "dist": 0.04103661203029809, "type": "REF_SYM", "part_a": 3, "params": [0.01974734663963318, -0.4352620840072632, 0.07933315634727478, 0.7122794985771179, -0.000557137478608638, 0.7018956542015076]}, {"part_b": 1, "dist": 0.028960272233441508, "type": "TRANS_SYM", "part_a": 3, "params": [0.8315959572792053, -0.0006504654884338379, 0.8194726705551147]}, {"part_b": 1, "dist": 0.036130812150905106, "type": "ROT_SYM", "part_a": 3,