{"id": 0, "label": "chair", "box": [0.008023231290280819, 0.045326996594667435, 0.03546168655157089, 1.0769940614700317, 1.3448913097381592, 1.0475362539291382, 0.9999515414237976, -0.0025088079273700714, 0.009517926722764969, 0.003075445769354701, 0.9981939792633057, -0.05999414622783661], "children": [{"id": 1, "label": "chair_back", "box": [-0.003960328176617622, 0.1695460081100464, -0.2802734076976776, 1.07098388671875, 1.032829999923706, 0.36438319087028503, 0.9999324679374695, -0.0009445395553484559, 0.01158419530838728, 0.0020641349256038666, 0.9952801465988159, -0.09702131897211075], "children": [{"id": 2, "label": "back_surface", "box": [-0.00491207605227828, 0.17696735262870789, -0.301230788230896, 1.037692904472351, 0.9820927381515503, 0.3597850203514099, 0.999998927116394, 0.0014571527717635036, 0.0001857247989391908, -0.001436125603504479, 0.9963889718055725, -0.08489364385604858], "children": [{"id": 3, "label": "back_single_surface", "box": [-0.002762791234999895, 0.16141268610954285, -0.3088834881782532, 0.9808288216590881, 1.0128343105316162, 0.3226071894168854, 0.9999808669090271, 0.005618691444396973, 0.002593308687210083, -0.005387142300605774, 0.99661785364151, -0.08199910819530487]}]}]}, {"id": 6, "label": "chair_arm", "box": [-0.3932185173034668, 0.017670759931206703, 0.13960197567939758, 0.33596348762512207, 0.7433179616928101, 0.7947635650634766, 0.9948724508285522, 0.08456956595182419, 0.05546965077519417, -0.08365229517221451, 0.9963203072547913, -0.01865893416106701], "children": [{"id": 7, "label": "arm_sofa_style", "box": [-0.39281606674194336, -0.0011982129653915763, 0.14981169998645782, 0.2865747809410095, 0.7477527260780334, 0.7610771059989929, 0.9916656017303467, 0.11016110330820084, 0.06681281328201294, -0.10815353691577911, 0.9935874938964844, -0.03296591341495514]}]}, {"id": 4, "label": "chair_arm", "box": [0.3992234468460083, 0.002027892041951418, 0.145326629281044, 0.26251235604286194, 0.667395293712616, 0.7579222917556763, 0.994526743888855, -0.09385688602924347, -0.04590698331594467, 0.09312949329614639, 0.9954959750175476, -0.017739716917276382], "children": [{"id": 5, "label": "arm_sofa_style", "box": [0.40319302678108215, -0.006647544912993908, 0.1576320081949234, 0.24244335293769836, 0.7000569105148315, 0.7642473578453064, 0.9905763864517212, -0.1269340217113495, -0.051441092044115067, 0.12496820837259293, 0.9913623929023743, -0.03979428857564926]}]}, {"id": 8, "label": "chair_seat", "box": [0.017643125727772713, -0.13690172135829926, 0.15170349180698395, 0.872882068157196, 0.3988688290119171, 0.9368431568145752, 0.9999511241912842, 0.009844351559877396, 0.0009347792947664857, -0.009886529296636581, 0.9972118139266968, 0.07396568357944489], "children": [{"id": 9, "label": "seat_surface", "box": [-0.0060182735323905945, -0.07439713925123215, 0.169264018535614, 0.8348864316940308, 0.2747608721256256, 0.8195996284484863, 0.9999366402626038, -0.00026574183721095324, -0.01125377044081688, 0.0010593218030408025, 0.997506320476532, 0.0705697238445282], "children": [{"id": 10, "label": "seat_single_surface", "box": [0.00022359006106853485, -0.07174058258533478, 0.19697804749011993, 0.8593502640724182, 0.2551787793636322, 0.8659598231315613, 0.999966025352478, 0.0005233060801401734, -0.008227355778217316, -0.00041689115460030735, 0.9999163150787354, 0.012930678203701973]}]}]}, {"id": 13, "label": "chair_base", "box": [0.0008055659127421677, -0.4778461158275604, 0.09580641239881516, 1.0256253480911255, 0.263032466173172, 0.9092991948127747, 0.9999868273735046, -0.004816147033125162, 0.0017934631323441863, 0.0048020994290709496, 0.9999583959579468, 0.007756030652672052], "children": [{"id": 14, "label": "foot_base", "box": [-0.003342569572851062, -0.5132339000701904, 0.1119103729724884, 1.0330917835235596, 0.21063578128814697, 0.9312782287597656, 0.9999706745147705, 0.003020046977326274, 0.007036078255623579, -0.002953637158498168, 0.999951183795929, -0.009429828263819218], "children": [{"id": 18, "label": "foot", "box": [-0.40339234471321106, -0.5179357528686523, -0.30609437823295593, 0.12413082271814346, 0.16451483964920044, 0.13979071378707886, 0.9995193481445312, -0.014087765477597713, 0.02761467918753624, 0.010905776172876358, 0.9936293959617615, 0.11216801404953003]}, {"id": 17, "label": "foot", "box": [-0.43977001309394836, -0.5100122690200806, 0.48752355575561523, 0.13961970806121826, 0.18932528793811798, 0.14442794024944305, 0.9993877410888672, -0.017330709844827652, -0.030395332723855972, 0.015560684725642204, 0.9982223510742188, -0.05753330886363983]}, {"id": 15, "label": "foot", "box": [0.38756537437438965, -0.510326087474823, -0.29601892828941345, 0.13581228256225586, 0.1784830391407013, 0.1451573669910431, 0.9992898106575012, 0.020623652264475822, 0.0315377376973629, -0.023034565150737762, 0.9966795444488525, 0.07809803634881973]}, {"id": 16, "label": "foot", "box": [0.4621737599372864, -0.5286959409713745, 0.48881325125694275, 0.14125768840312958, 0.18495485186576843, 0.12775687873363495, 0.999326229095459, 0.03410910442471504, -0.013553544878959656, -0.03497400879859924, 0.9969514012336731, -0.06974755227565765]}], "edges": [{"part_a": 1, "part_b": 3, "type": "REF_SYM"}, {"part_a": 3, "part_b": 1, "type": "REF_SYM"}]}]}], "edges": [{"part_a": 0, "part_b": 1, "type": "ADJ"}, {"part_a": 0, "part_b": 2, "type": "ADJ"}, {"part_a": 0, "part_b": 3, "type": "ADJ"}, {"part_a": 1, "part_b": 0, "type": "ADJ"}, {"part_a": 1, "part_b": 2, "type": "ROT_SYM"}, {"part_a": 1, "part_b": 2, "type": "REF_SYM"}, {"part_a": 1, "part_b": 3, "type": "ADJ"}, {"part_a": 1, "part_b": 4, "type": "ADJ"}, {"part_a": 2, "part_b": 0, "type": "ADJ"}, {"part_a": 2, "part_b": 1, "type": "ROT_SYM"}, {"part_a": 2, "part_b": 1, "type": "REF_SYM"}, {"part_a": 2, "part_b": 3, "type": "ADJ"}, {"part_a": 2, "part_b": 4, "type": "ADJ"}, {"part_a": 3, "part_b": 0, "type": "ADJ"}, {"part_a": 3, "part_b": 1, "type": "ADJ"}, {"part_a": 3, "part_b": 2, "type": "ADJ"}, {"part_a": 3, "part_b": 4, "type": "ADJ"}, {"part_a": 4, "part_b": 0, "type": "ADJ"}, {"part_a": 4, "part_b": 1, "type": "ADJ"}, {"part_a": 4, "part_b": 3, "type": "ADJ"}]}