{"id": 0, "label": "chair", "box": [-0.000788349483627826, 0.08034440875053406, 0.03754447028040886, 1.273154616355896, 1.2933694124221802, 1.2037341594696045, 0.9999908208847046, -0.0007730317884124815, -0.00421617366373539, 0.0007312574307434261, 0.9999507069587708, -0.009900679811835289], "children": [{"id": 1, "label": "chair_back", "box": [-0.0030419882386922836, 0.20886479318141937, -0.2604934871196747, 1.216887354850769, 0.9443570971488953, 0.5359898209571838, 0.9999535083770752, -0.0009411025093868375, 0.009599143639206886, 0.0016286055324599147, 0.997412919998169, -0.07186703383922577], "children": [{"id": 2, "label": "back_surface", "box": [-0.009442639537155628, 0.22665506601333618, -0.2383655309677124, 1.1473376750946045, 0.8759709596633911, 0.46899449825286865, 0.999945342540741, -0.006268598139286041, 0.008367383852601051, 0.007096005603671074, 0.9946737885475159, -0.10282878577709198], "children": [{"id": 3, "label": "back_single_surface", "box": [0.0061148349195718765, 0.2044769674539566, -0.2678714096546173, 1.1635656356811523, 0.9091548323631287, 0.48152756690979004, 0.9999498128890991, 0.0048637231811881065, 0.00876221340149641, -0.004191460087895393, 0.9971618056297302, -0.07517153769731522]}]}]}, {"id": 6, "label": "chair_arm", "box": [-0.48177292943000793, 0.07841925323009491, 0.14788809418678284, 0.26045793294906616, 0.6052475571632385, 0.750136137008667, 0.9758844375610352, 0.1953163743019104, 0.09747344255447388, -0.19344645738601685, 0.9807005524635315, -0.028371602296829224], "children": [{"id": 7, "label": "arm_sofa_style", "box": [-0.46936464309692383, 0.08996202051639557, 0.16274303197860718, 0.23517107963562012, 0.5969460606575012, 0.7646251916885376, 0.9758749604225159, 0.20734301209449768, 0.06838805228471756, -0.20641839504241943, 0.9782511591911316, -0.020398233085870743]}]}, {"id": 4, "label": "chair_arm", "box": [0.4425298571586609, 0.0977126806974411, 0.1792292296886444, 0.26298415660858154, 0.6167638301849365, 0.7537943720817566, 0.9870321750640869, -0.1493118703365326, -0.058936480432748795, 0.14886854588985443, 0.9887858033180237, -0.011867173947393894], "children": [{"id": 5, "label": "arm_sofa_style", "box": [0.4575589895248413, 0.07583306729793549, 0.1945950984954834, 0.27177202701568604, 0.6316741704940796, 0.7703759074211121, 0.9780169129371643, -0.19990600645542145, -0.05933409929275513, 0.19939255714416504, 0.9798122048377991, -0.01451203878968954]}]}, {"id": 8, "label": "chair_seat", "box": [0.015468238852918148, -0.08524765074253082, 0.16601592302322388, 0.9264444708824158, 0.37886545062065125, 0.9234932065010071, 0.9999887347221375, 0.0038791403640061617, -0.0027440995909273624, -0.0037563845980912447, 0.9990503787994385, 0.04340749606490135], "children": [{"id": 9, "label": "seat_surface", "box": [0.00759317958727479, 0.013396170921623707, 0.1859738975763321, 0.9192883372306824, 0.2879446744918823, 0.8208659291267395, 0.9998144507408142, -0.01641286350786686, -0.01008597295731306, 0.017511771991848946, 0.9925224184989929, 0.12080009281635284], "children": [{"id": 10, "label": "seat_single_surface", "box": [-0.009364394471049309, -0.0033994887489825487, 0.20786689221858978, 0.8594160676002502, 0.2672664523124695, 0.8580418229103088, 0.9999751448631287, 0.00020171889627818018, -0.007053404115140438, 0.000535783008672297, 0.9945350885391235, 0.10440153628587723]}]}]}, {"id": 16, "label": "chair_base", "box": [0.00719704432412982, -0.31351783871650696, 0.021662652492523193, 1.045197606086731, 0.407632052898407, 0.9904071688652039, 0.9984362125396729, -0.0033459817059338093, -0.05580343306064606, 0.0032288767397403717, 0.9999924302101135, -0.0021885575260967016]}], "edges": [{"part_a": 0, "part_b": 1, "type": "ADJ"}, {"part_a": 0, "part_b": 2, "type": "ADJ"}, {"part_a": 0, "part_b": 3, "type": "ADJ"}, {"part_a": 0, "part_b": 4, "type": "ADJ"}, {"part_a": 1, "part_b": 0, "type": "ADJ"}, {"part_a": 1, "part_b": 2, "type": "ROT_SYM"}, {"part_a": 1, "part_b": 2, "type": "REF_SYM"}, {"part_a": 1, "part_b": 3, "type": "ADJ"}, {"part_a": 1, "part_b": 4, "type": "ADJ"}, {"part_a": 2, "part_b": 0, "type": "ADJ"}, {"part_a": 2, "part_b": 1, "type": "REF_SYM"}, {"part_a": 2, "part_b": 3, "type": "ADJ"}, {"part_a": 2, "part_b": 4, "type": "ADJ"}, {"part_a": 3, "part_b": 0, "type": "ADJ"}, {"part_a": 3, "part_b": 1, "type": "ADJ"}, {"part_a": 3, "part_b": 2, "type": "ADJ"}, {"part_a": 3, "part_b": 4, "type": "ADJ"}, {"part_a": 4, "part_b": 0, "type": "ADJ"}, {"part_a": 4, "part_b": 1, "type": "ADJ"}, {"part_a": 4, "part_b": 2, "type": "ADJ"}, {"part_a": 4, "part_b": 3, "type": "ADJ"}]}