{"id": 0, "label": "chair", "box": [0.005649688187986612, -0.011158795095980167, -0.10697072744369507, 0.9358937740325928, 0.9582114815711975, 1.592309594154358, -0.9999997615814209, 0.0006919959560036659, -0.00014320292393676937, 0.0004899295163340867, 0.8249571323394775, 0.5651950836181641], "children": [{"id": 1, "label": "chair_back", "box": [0.004691969137638807, 0.5151579976081848, -0.3278495967388153, 0.24176111817359924, 0.6493459939956665, 0.9347180724143982, 0.0023999162949621677, 0.2908134460449219, 0.9567767381668091, 0.0032225376926362514, -0.9567767977714539, 0.2908053696155548], "children": [{"id": 2, "label": "back_surface", "box": [0.004691969137638807, 0.5151579976081848, -0.3278495967388153, 0.24176111817359924, 0.6493459939956665, 0.9347180724143982, 0.0023999162949621677, 0.2908134460449219, 0.9567767381668091, 0.0032225376926362514, -0.9567767977714539, 0.2908053696155548], "children": [{"id": 3, "label": "back_single_surface", "box": [0.004691969137638807, 0.5151579976081848, -0.3278495967388153, 0.24176111817359924, 0.6493459939956665, 0.9347180724143982, 0.0023999162949621677, 0.2908134460449219, 0.9567767381668091, 0.0032225376926362514, -0.9567767977714539, 0.2908053696155548]}]}]}, {"id": 4, "label": "chair_seat", "box": [0.004166891798377037, 0.14825287461280823, 0.11918088793754578, 0.18109585344791412, 0.5091500282287598, 0.9352877140045166, 0.0011591099901124835, 0.9850053787231445, 0.17251957952976227, 0.0059324330650269985, -0.17252343893051147, 0.9849875569343567], "children": [{"id": 5, "label": "seat_surface", "box": [0.004166891798377037, 0.14825287461280823, 0.11918088793754578, 0.18109585344791412, 0.5091500282287598, 0.9352877140045166, 0.0011591099901124835, 0.9850053787231445, 0.17251957952976227, 0.0059324330650269985, -0.17252343893051147, 0.9849875569343567], "children": [{"id": 6, "label": "seat_single_surface", "box": [0.004166891798377037, 0.14825287461280823, 0.11918088793754578, 0.18109585344791412, 0.5091500282287598, 0.9352877140045166, 0.0011591099901124835, 0.9850053787231445, 0.17251957952976227, 0.0059324330650269985, -0.17252343893051147, 0.9849875569343567]}]}]}, {"id": 7, "label": "chair_base", "box": [0.005665312055498362, -0.1315349042415619, 0.06771306693553925, 0.7114214897155762, 0.9376636147499084, 1.2153269052505493, -0.002074724994599819, 0.9979454278945923, 0.06403620541095734, 0.999990701675415, 0.0018279735231772065, 0.003911659587174654]}], "edges": [{"dist": 0.019583721806763932, "part_a": 2, "type": "ADJ", "part_b": 0}, {"dist": 0.0036789663621126967, "part_a": 2, "type": "ADJ", "part_b": 1}]}