{"id": 0, "label": "chair", "box": [0.013995145447552204, 0.037612833082675934, -0.0034945730585604906, 1.0272188186645508, 1.1753979921340942, 1.425776481628418, 7.728793571004644e-05, -0.15394777059555054, -0.9880790114402771, 1.0, 1.1898306183866225e-05, 7.636658847332001e-05], "children": [{"id": 1, "label": "chair_back", "box": [0.014019012451171875, 0.43860509991645813, -0.44327232241630554, 0.2323155403137207, 0.48215410113334656, 1.1753979921340942, 7.835213580779888e-17, -0.2795875370502472, -0.9601202011108398, 5.879040619932835e-17, -0.9601202011108398, 0.2795875370502472], "children": [{"id": 2, "label": "back_surface", "box": [0.014019012451171875, 0.43860509991645813, -0.44327232241630554, 0.2323155403137207, 0.48215410113334656, 1.1753979921340942, 7.835213580779888e-17, -0.2795875370502472, -0.9601202011108398, 5.879040619932835e-17, -0.9601202011108398, 0.2795875370502472], "children": [{"id": 3, "label": "back_single_surface", "box": [0.014019012451171875, 0.43860509991645813, -0.44327232241630554, 0.2323155403137207, 0.48215410113334656, 1.1753979921340942, 7.835213580779888e-17, -0.2795875370502472, -0.9601202011108398, 5.879040619932835e-17, -0.9601202011108398, 0.2795875370502472]}]}]}, {"id": 4, "label": "chair_arm", "box": [0.5109609961509705, 0.19710510969161987, 0.09661077708005905, 0.09690064191818237, 0.2726050019264221, 0.7950760722160339, 0.9894688129425049, -0.1413581520318985, -0.031134022399783134, -0.1311676949262619, -0.9666167497634888, 0.22010692954063416], "children": [{"id": 5, "label": "arm_sofa_style", "box": [0.5109609961509705, 0.19710510969161987, 0.09661077708005905, 0.09690064191818237, 0.2726050019264221, 0.7950760722160339, 0.9894688129425049, -0.1413581520318985, -0.031134022399783134, -0.1311676949262619, -0.9666167497634888, 0.22010692954063416]}]}, {"id": 6, "label": "chair_arm", "box": [-0.48073676228523254, 0.1826179474592209, 0.09591116011142731, 0.09668527543544769, 0.27506425976753235, 0.7954515218734741, -0.9894998669624329, -0.1409599930047989, -0.03194216266274452, -0.13292251527309418, 0.9742946028709412, -0.18188358843326569], "children": [{"id": 7, "label": "arm_sofa_style", "box": [-0.48073676228523254, 0.1826179474592209, 0.09591116011142731, 0.09668527543544769, 0.27506425976753235, 0.7954515218734741, -0.9894998669624329, -0.1409599930047989, -0.03194216266274452, -0.13292251527309418, 0.9742946028709412, -0.18188358843326569]}]}, {"id": 8, "label": "chair_seat", "box": [0.02463877759873867, -0.050533030182123184, 0.11557121574878693, 0.18336379528045654, 0.8193243741989136, 0.9222410917282104, -6.064540835381527e-17, 0.9904146790504456, -0.13812583684921265, 0.03381931409239769, -0.13804681599140167, -0.9898481369018555], "children": [{"id": 9, "label": "seat_surface", "box": [0.02463877759873867, -0.050533030182123184, 0.11557121574878693, 0.18336379528045654, 0.8193243741989136, 0.9222410917282104, -6.064540835381527e-17, 0.9904146790504456, -0.13812583684921265, 0.03381931409239769, -0.13804681599140167, -0.9898481369018555], "children": [{"id": 10, "label": "seat_single_surface", "box": [0.02463877759873867, -0.050533030182123184, 0.11557121574878693, 0.18336379528045654, 0.8193243741989136, 0.9222410917282104, -6.064540835381527e-17, 0.9904146790504456, -0.13812583684921265, 0.03381931409239769, -0.13804681599140167, -0.9898481369018555]}]}]}, {"id": 11, "label": "chair_base", "box": [0.018113218247890472, -0.2279583066701889, 0.04437175393104553, 0.782381534576416, 0.8517913222312927, 1.0920190811157227, -0.009500683285295963, 0.9999548196792603, 0.00023247695935424417, 5.081279596197419e-05, -0.00023200467694550753, 1.0]}], "edges": [{"type": "ADJ", "dist": 0.0199338631867729, "part_b": 0, "part_a": 1}, {"type": "ADJ", "dist": 0.019659551423014468, "part_b": 0, "part_a": 2}, {"type": "ADJ", "dist": 0.03851437946286492, "part_b": 2, "part_a": 3}, {"type": "ADJ", "dist": 0.0070722588378658805, "part_b": 1, "part_a": 4}, {"type": "ADJ", "dist": 0.01711589066580462, "part_b": 2, "part_a": 4}, {"type": "ADJ", "dist": 0.004558526352846783, "part_b": 3, "part_a": 4}, {"type": "REF_SYM", "dist": 0.022754767388771684, "part_b": 1, "part_a": 2, "params": [0.014314830303192139, 0.20002713799476624, 0.08522866666316986, 0.9999790191650391, 0.002519200788810849, -0.005963187199085951]}, {"type": "ROT_SYM", "dist": 0.0227978910870979, "part_b": 1, "part_a": 2, "params": [0.013487767428159714, 0.39693954586982727, 0.07715218514204025, 0.0066014984622597694, -0.9815133810043335, 0.19127975404262543, 3.0235543251037598]}]}