{"id": 0, "label": "chair", "box": [0.0002751220017671585, 0.016807300969958305, 0.04328657314181328, 1.092122197151184, 1.4229155778884888, 1.0005223751068115, 0.9999881982803345, -0.004259622190147638, -0.0023383062798529863, 0.004165802616626024, 0.9992399215698242, -0.03875931352376938], "children": [{"id": 1, "label": "chair_back", "box": [-0.002222856506705284, 0.27253982424736023, -0.29787489771842957, 1.0732080936431885, 0.8424076437950134, 0.3479938507080078, 0.9999520182609558, 0.004743102006614208, 0.008572172373533249, -0.003509978763759136, 0.9903516173362732, -0.13853296637535095], "children": [{"id": 2, "label": "back_surface", "box": [0.006950590759515762, 0.25456300377845764, -0.2637060284614563, 1.1476318836212158, 0.8609466552734375, 0.3758135735988617, 0.9999620318412781, -0.007612071931362152, 0.004240621812641621, 0.008087688125669956, 0.9919230341911316, -0.1265832781791687], "children": [{"id": 3, "label": "back_single_surface", "box": [0.0010229382896795869, 0.2747088074684143, -0.29485559463500977, 1.1039354801177979, 0.8220661282539368, 0.3507508933544159, 0.9999643564224243, 0.003261508187279105, 0.007790431845933199, -0.0022747355978935957, 0.9923456311225891, -0.12347055971622467]}]}]}, {"id": 6, "label": "chair_arm", "box": [-0.44818660616874695, 0.1780090183019638, 0.14697259664535522, 0.21585078537464142, 0.506251335144043, 0.7237871885299683, 0.9792706966400146, 0.1935003697872162, 0.059888195246458054, -0.19738908112049103, 0.9779810905456543, 0.06775348633527756], "children": [{"id": 7, "label": "arm_sofa_style", "box": [-0.4423218369483948, 0.17203961312770844, 0.11265008896589279, 0.19772395491600037, 0.522803783416748, 0.7313339114189148, 0.9843881726264954, 0.16759993135929108, 0.0537603534758091, -0.1738470494747162, 0.9735706448554993, 0.14811287820339203]}]}, {"id": 4, "label": "chair_arm", "box": [0.4342236816883087, 0.21350590884685516, 0.14396221935749054, 0.22185677289962769, 0.5193965435028076, 0.7598196268081665, 0.9854706525802612, -0.16474945843219757, -0.04129467532038689, 0.1665252149105072, 0.9850530624389648, 0.04404335469007492], "children": [{"id": 5, "label": "arm_sofa_style", "box": [0.4287330210208893, 0.19569192826747894, 0.14157338440418243, 0.24024665355682373, 0.4966720938682556, 0.6725427508354187, 0.98255854845047, -0.17877744138240814, -0.05116035416722298, 0.18071980774402618, 0.9828673005104065, 0.03622521832585335]}]}, {"id": 8, "label": "chair_seat", "box": [0.010109075345098972, -0.03458712622523308, 0.14042764902114868, 0.9399950504302979, 0.23915095627307892, 0.8869569301605225, 0.99998939037323, 0.0021410929039120674, -0.004088800400495529, -0.0020771927665919065, 0.9998766779899597, 0.015568885020911694], "children": [{"id": 9, "label": "seat_surface", "box": [0.0006229914142750204, -0.08553173393011093, 0.15086223185062408, 0.9225168228149414, 0.21713076531887054, 0.8732865452766418, 0.9999966621398926, 0.000991673907265067, -0.0023969714529812336, -0.0009651537984609604, 0.9999386072158813, 0.01103997603058815], "children": [{"id": 10, "label": "seat_single_surface", "box": [-0.0008736231829971075, -0.06526408344507217, 0.15294651687145233, 0.9061992168426514, 0.2235400527715683, 0.8715524077415466, 0.999977707862854, -6.23943778919056e-05, -0.00668284110724926, 0.0001424091460648924, 0.9999282956123352, 0.011973363347351551]}]}]}, {"id": 11, "label": "chair_base", "box": [-0.008674925193190575, -0.35799330472946167, 0.005383259616792202, 1.028537631034851, 0.6162010431289673, 0.9230318665504456, 0.9984546303749084, -0.006007133983075619, -0.05524803325533867, 0.009538903832435608, 0.9979116320610046, 0.06388597935438156]}], "edges": [{"part_a": 0, "part_b": 1, "type": "ADJ"}, {"part_a": 0, "part_b": 2, "type": "ADJ"}, {"part_a": 0, "part_b": 3, "type": "ADJ"}, {"part_a": 1, "part_b": 0, "type": "ADJ"}, {"part_a": 1, "part_b": 2, "type": "ROT_SYM"}, {"part_a": 1, "part_b": 2, "type": "REF_SYM"}, {"part_a": 1, "part_b": 3, "type": "ADJ"}, {"part_a": 2, "part_b": 0, "type": "ADJ"}, {"part_a": 2, "part_b": 1, "type": "ROT_SYM"}, {"part_a": 2, "part_b": 1, "type": "REF_SYM"}, {"part_a": 2, "part_b": 3, "type": "ADJ"}, {"part_a": 3, "part_b": 0, "type": "ADJ"}, {"part_a": 3, "part_b": 1, "type": "ADJ"}, {"part_a": 3, "part_b": 2, "type": "ADJ"}, {"part_a": 3, "part_b": 4, "type": "ADJ"}, {"part_a": 4, "part_b": 3, "type": "ADJ"}]}