{"id": 0, "label": "chair", "box": [-0.0340539813041687, 0.10049200057983398, 0.0816030204296112, 1.0774259567260742, 1.1242640018463135, 1.3328959941864014, 0.0, 0.0, -1.0, -1.0, -6.123234262925839e-17, 0.0], "children": [{"id": 1, "label": "chair_back", "box": [-0.03405401110649109, 0.17128820717334747, -0.22812286019325256, 0.4579583704471588, 0.8532260060310364, 1.161702036857605, -6.123234262925839e-17, -1.6153860997292213e-05, 1.0, 1.0, 0.0, 6.123234262925839e-17], "children": [{"id": 2, "label": "back_surface", "box": [-0.03405401110649109, 0.17128820717334747, -0.22812286019325256, 0.4579583704471588, 0.8532260060310364, 1.161702036857605, -6.123234262925839e-17, -1.6153860997292213e-05, 1.0, 1.0, 0.0, 6.123234262925839e-17], "children": [{"id": 3, "label": "back_single_surface", "box": [-0.03405401110649109, 0.17128820717334747, -0.22812286019325256, 0.4579583704471588, 0.8532260060310364, 1.161702036857605, -6.123234262925839e-17, -1.6153860997292213e-05, 1.0, 1.0, 0.0, 6.123234262925839e-17]}]}]}, {"id": 4, "label": "chair_arm", "box": [0.4602910280227661, 0.1779624968767166, 0.08167050778865814, 0.13557401299476624, 1.0772910118103027, 1.1779550313949585, 1.0, 6.123234262925839e-17, 0.0, 0.0, 0.0, 1.0], "children": [{"id": 5, "label": "arm_sofa_style", "box": [0.4602910280227661, 0.1779624968767166, 0.08167050778865814, 0.13557401299476624, 1.0772910118103027, 1.1779550313949585, 1.0, 6.123234262925839e-17, 0.0, 0.0, 0.0, 1.0]}]}, {"id": 6, "label": "chair_arm", "box": [-0.5283989906311035, 0.1779624968767166, 0.08167050778865814, 0.13557398319244385, 1.0772910118103027, 1.1779550313949585, -1.0, 6.123234262925839e-17, 1.2246468525851679e-16, -1.2246468525851679e-16, 6.123234262925839e-17, -1.0], "children": [{"id": 7, "label": "arm_sofa_style", "box": [-0.5283989906311035, 0.1779624968767166, 0.08167050778865814, 0.13557398319244385, 1.0772910118103027, 1.1779550313949585, -1.0, 6.123234262925839e-17, 1.2246468525851679e-16, -1.2246468525851679e-16, 6.123234262925839e-17, -1.0]}]}, {"id": 8, "label": "chair_seat", "box": [-0.034053996205329895, -0.14081250131130219, 0.1811395138502121, 0.5404050350189209, 0.8521939516067505, 0.8745009899139404, 0.0, -1.0, 0.0, -1.0, 0.0, 0.0], "children": [{"id": 9, "label": "seat_surface", "box": [-0.034053996205329895, 0.02888600155711174, 0.1815735101699829, 0.20100799202919006, 0.8521939516067505, 0.869933009147644, 1.2246468525851679e-16, 1.0, 0.0, 1.0, -1.2246468525851679e-16, 0.0], "children": [{"id": 10, "label": "seat_single_surface", "box": [-0.034053996205329895, 0.02888600155711174, 0.1815735101699829, 0.20100799202919006, 0.8521939516067505, 0.869933009147644, 1.2246468525851679e-16, 1.0, 0.0, 1.0, -1.2246468525851679e-16, 0.0]}]}, {"id": 11, "label": "seat_support", "box": [-0.03405401110649109, -0.2420700043439865, 0.1811395138502121, 0.33788999915122986, 0.852183997631073, 0.8745009899139404, 0.0, -1.0, 0.0, -1.0, 0.0, 0.0]}], "edges": [{"dist": 0.0031386488181218706, "part_b": 0, "type": "ADJ", "part_a": 1}]}, {"id": 12, "label": "chair_base", "box": [-0.03405448794364929, -0.48848551511764526, 0.0963049829006195, 0.15494099259376526, 0.9943659901618958, 1.096755027770996, 0.0, 1.0, 0.0, 0.0, 0.0, 1.0], "children": [{"id": 13, "label": "regular_leg_base", "box": [-0.03405448794364929, -0.48848551511764526, 0.0963049829006195, 0.15494099259376526, 0.9943659901618958, 1.096755027770996, 0.0, 1.0, 0.0, 0.0, 0.0, 1.0], "children": [{"id": 14, "label": "leg", "box": [0.45622000098228455, -0.48848551511764526, 0.535385012626648, 0.11620599031448364, 0.11620599031448364, 0.15494099259376526, -1.0, 0.0, -6.123234262925839e-17, -6.123234262925839e-17, -6.123234262925839e-17, 1.0]}, {"id": 15, "label": "leg", "box": [0.45622000098228455, -0.48848551511764526, -0.34277498722076416, 0.11620599031448364, 0.11620602011680603, 0.15494099259376526, 1.0, -1.8369701465288538e-16, 0.0, 0.0, 0.0, 1.0]}, {"id": 16, "label": "leg", "box": [-0.5243290066719055, -0.4884854853153229, -0.34277501702308655, 0.11620596051216125, 0.11620602011680603, 0.15494099259376526, 1.0, -6.123234262925839e-17, 0.0, -3.7493993930529855e-33, -6.123234262925839e-17, 1.0]}, {"id": 17, "label": "leg", "box": [-0.5243290066719055, -0.4884854853153229, 0.535385012626648, 0.11620596051216125, 0.11620599031448364, 0.15494099259376526, -1.0, 6.123234262925839e-17, 0.0, 0.0, 0.0, 1.0]}], "edges": [{"dist": 0.0329398824393212, "part_b": 0, "type": "REF_SYM", "part_a": 1, "params": [0.4638045132160187, -0.47682100534439087, 0.09575855731964111, 0.00016911239072214812, -0.0005177691928111017, 0.9999998807907104]}, {"dist": 0.04890344024391672, "part_b": 0, "type": "ROT_SYM", "part_a": 1, "params": [0.03208374232053757, -0.44267043471336365, 0.09801585227251053, 0.014633852988481522, -0.9998466372489929, -0.009625405073165894, 1.6069848537445068]}, {"dist": 0.03775224814856732, "part_b": 0, "type": "REF_SYM", "part_a": 2, "params": [-0.03388887643814087, -0.4768180251121521, 0.09633880853652954, 0.7443953156471252, -0.00035064094117842615, 0.66773921251297]}, {"dist": 0.04653419490474441, "part_b": 0, "type": "ROT_SYM", "part_a": 2, "params": [-0.016574693843722343, -0.1671229600906372, 0.07490754127502441, -0.03231768682599068, 0.9987884759902954, 0.037109680473804474, 3.0139942169189453]}, {"dist": 0.0326179643935943, "part_b": 1, "type": "REF_SYM", "part_a": 2, "params": [-0.03396448493003845, -0.47658655047416687, -0.3507513403892517, 0.9999992847442627, -5.988084467389854e-06, -0.001165880006738007]}, {"dist": 0.03256800453093506, "part_b": 0, "type": "REF_SYM", "part_a": 3, "params": [-0.0339505672454834, -0.4767184257507324, 0.5426962971687317, 0.9999997019767761, -0.0006710495217703283, 0.0003061463066842407]}, {"dist": 0.03754303405975445, "part_b": 1, "type": "REF_SYM", "part_a": 3, "params": [-0.03402617573738098, -0.4764869511127472, 0.09560614824295044, 0.7440680861473083, -0.00015334087947849184, -0.6681038737297058]}, {"dist": 0.032315289696427725, "part_b": 2, "type": "REF_SYM", "part_a": 3, "params": [-0.5317195653915405, -0.4764839708805084, 0.09618639945983887, 0.00013820940512232482, -0.00022313807858154178, -0.9999999403953552]}, {"dist": 0.045359117067931776, "part_b": 2, "type": "ROT_SYM", "part_a": 3, "params": [-0.12051264196634293, -1.4312663078308105, 0.10178738832473755, -0.008421855978667736, -0.999962329864502, 0.0020981214474886656, 1.6334112882614136]}]}]}], "edges": [{"dist": 0.002534220539677885, "part_b": 0, "type": "ADJ", "part_a": 1}, {"dist": 0.0009644155548615594, "part_b": 0, "type": "ADJ", "part_a": 2}, {"dist": 0.005164127145504257, "part_b": 0, "type": "ADJ", "part_a": 3}, {"dist": 0.0037728488266310966, "part_b": 1, "type": "ADJ", "part_a": 3}, {"dist": 0.0028763138821187428, "part_b": 2, "type": "ADJ", "part_a": 3}, {"dist": 0.029913853227170606, "part_b": 0, "type": "ADJ", "part_a": 4}, {"dist": 0.0073181830995847725, "part_b": 1, "type": "ADJ", "part_a": 4}, {"dist": 0.0030117246104066913, "part_b": 2, "type": "ADJ", "part_a": 4}, {"dist": 0.02807933829353301, "part_b": 3, "type": "ADJ", "part_a": 4}, {"dist": 0.024744534457196543, "part_b": 1, "type": "REF_SYM", "part_a": 2, "params": [-0.03372636437416077, 0.048375289887189865, 0.02260925993323326, 0.9999630451202393, -0.004051449708640575, 0.007584232371300459]}, {"dist": 0.02408687668472609, "part_b": 1, "type": "TRANS_SYM", "part_a": 2, "params": [0.9881251454353333, -0.004003487527370453, 0.007494447752833366]}, {"dist": 0.026195157374928942, "part_b": 1, "type": "ROT_SYM", "part_a": 2, "params": [-1.1044502258300781, 32.55086135864258, 29.01847267150879, -0.006091306451708078, -0.6656838655471802, 0.7462089657783508, 0.022672725841403008]}]}