{"id": 0, "label": "chair", "box": [0.00312446104362607, -0.12000848352909088, -0.052932754158973694, 0.908208966255188, 0.979220986366272, 1.2724615335464478, 1.0, 1.0841449266107972e-12, 6.74981777137873e-07, -6.74981777137873e-07, 1.6062289205365232e-06, 1.0], "children": [{"id": 1, "label": "chair_back", "box": [0.0032052514143288136, 0.23077638447284698, -0.2290927767753601, 0.11258670687675476, 0.5703754425048828, 0.794486939907074, -0.00035114111960865557, 0.07280701398849487, 0.9973459839820862, -0.0002071447524940595, -0.997346043586731, 0.0728069469332695], "children": [{"id": 2, "label": "back_surface", "box": [0.0032005012035369873, 0.3806688189506531, -0.24170070886611938, 0.07067254930734634, 0.26155588030815125, 0.7362930178642273, 4.7147723272358727e-17, 0.2300192266702652, 0.9731860756874084, 5.959046190523454e-17, -0.9731860756874084, 0.2300192266702652], "children": [{"id": 3, "label": "back_single_surface", "box": [0.0032005012035369873, 0.3806688189506531, -0.24170070886611938, 0.07067254930734634, 0.26155588030815125, 0.7362930178642273, 4.7147723272358727e-17, 0.2300192266702652, 0.9731860756874084, 5.959046190523454e-17, -0.9731860756874084, 0.2300192266702652]}]}, {"id": 4, "label": "back_frame", "box": [0.0028636185452342033, 0.3687862455844879, -0.22007428109645844, 0.04278874397277832, 0.29609355330467224, 0.7938180565834045, 0.0003208295674994588, -0.24247188866138458, -0.9701583981513977, 3.899610965163447e-05, 0.9701584577560425, -0.24247188866138458], "children": [{"id": 5, "label": "back_frame_vertical_bar", "box": [-0.3705104887485504, 0.36978843808174133, -0.21603119373321533, 0.03133843466639519, 0.0374356172978878, 0.296048104763031, 0.9676524996757507, -0.006237484980374575, 0.25220975279808044, -0.2452758401632309, 0.2107793390750885, 0.946262001991272]}, {"id": 6, "label": "back_frame_vertical_bar", "box": [0.37606602907180786, 0.3777203857898712, -0.2171328216791153, 0.029870949685573578, 0.0310366153717041, 0.2795093357563019, 0.9898176789283752, 0.03932470083236694, -0.1368008553981781, -0.12406376749277115, -0.2327987104654312, -0.964579164981842]}], "edges": [{"type": "REF_SYM", "part_b": 0, "dist": 0.021167567306099963, "params": [0.002580896019935608, 0.37855762243270874, -0.2175227850675583, -0.9998753070831299, -0.015526706352829933, 0.0028778875712305307], "part_a": 1}, {"type": "TRANS_SYM", "part_b": 0, "dist": 0.04628534800890669, "params": [-0.7454705238342285, -0.011576145887374878, 0.0021456480026245117], "part_a": 1}, {"type": "ROT_SYM", "part_b": 0, "dist": 0.02275718596602662, "params": [0.0027005590964108706, 0.24588632583618164, -0.4687100946903229, -0.010980073362588882, -0.9852493405342102, 0.1707725077867508, 1.887023687362671], "part_a": 1}]}, {"id": 7, "label": "back_connector", "box": [0.355902761220932, 0.1051015704870224, -0.21940121054649353, 0.03206268325448036, 0.09845101088285446, 0.3168846070766449, 0.9766308665275574, -0.20918089151382446, -0.049350835382938385, -0.05401889979839325, -0.016658328473567963, -0.9984009265899658]}, {"id": 8, "label": "back_connector", "box": [-0.3463602364063263, 0.08937027305364609, -0.21847862005233765, 0.03046383708715439, 0.10159548372030258, 0.2889549434185028, -0.9748243093490601, -0.20939764380455017, -0.07661706954240799, -0.08567111939191818, 0.03450227156281471, 0.9957258701324463]}], "edges": [{"type": "ADJ", "part_b": 0, "dist": 0.0032722239554819066, "part_a": 1}, {"type": "ADJ", "part_b": 1, "dist": 0.008534199533529484, "part_a": 2}, {"type": "ADJ", "part_b": 1, "dist": 0.0037158318339965126, "part_a": 3}, {"type": "REF_SYM", "part_b": 2, "dist": 0.035676961793093716, "params": [0.005033552646636963, 0.08988700807094574, -0.2220827341079712, 0.9996998906135559, 0.024472281336784363, 0.0011098632821813226], "part_a": 3}]}, {"id": 9, "label": "chair_arm", "box": [0.42811715602874756, 0.19561170041561127, 0.12071734666824341, 0.069830521941185, 0.19602224230766296, 0.647266149520874, 0.9790983200073242, -0.18189159035682678, -0.09100484102964401, 0.2031271606683731, 0.8518705368041992, 0.4827587306499481], "children": [{"id": 10, "label": "arm_horizontal_bar", "box": [0.43108177185058594, 0.2658887505531311, 0.012139713391661644, 0.035717353224754333, 0.07095231115818024, 0.43050339818000793, 0.030891362577676773, -0.9954243898391724, -0.09042128175497055, -0.9964222311973572, -0.037789180874824524, 0.07559536397457123]}, {"id": 11, "label": "arm_near_vertical_bar", "box": [0.4152568280696869, 0.10844476521015167, 0.2878778576850891, 0.04031384736299515, 0.05156204476952553, 0.3225475251674652, 0.5248513221740723, -0.4254547357559204, -0.7372376918792725, -0.8447169065475464, -0.1536967158317566, -0.5126701593399048]}], "edges": [{"type": "ADJ", "part_b": 0, "dist": 0.008568186404882189, "part_a": 1}]}, {"id": 12, "label": "chair_arm", "box": [-0.42026203870773315, 0.195639967918396, 0.12052639573812485, 0.06886650621891022, 0.19571149349212646, 0.6477054953575134, -0.9716156125068665, -0.21600447595119476, -0.0964633896946907, -0.23554952442646027, 0.845613420009613, 0.47901394963264465], "children": [{"id": 13, "label": "arm_horizontal_bar", "box": [-0.4240778982639313, 0.26625052094459534, 0.010031457990407944, 0.03765304014086723, 0.07036865502595901, 0.4270731806755066, -0.14978565275669098, -0.9843618869781494, -0.09271402657032013, 0.9857854247093201, -0.15590080618858337, 0.06262592226266861]}, {"id": 14, "label": "arm_near_vertical_bar", "box": [-0.40955281257629395, 0.11084213107824326, 0.2872336208820343, 0.03987571969628334, 0.05149468407034874, 0.3273252844810486, -0.5009433627128601, -0.42822858691215515, -0.7521143555641174, -0.8587188720703125, 0.1375129222869873, 0.49365177750587463]}], "edges": [{"type": "ADJ", "part_b": 0, "dist": 0.004271131993108992, "part_a": 1}]}, {"id": 15, "label": "chair_seat", "box": [0.00986754335463047, -0.05107403174042702, 0.1104707196354866, 0.11539676040410995, 0.6541304588317871, 0.7907201051712036, -0.02178432233631611, -0.9985055923461914, -0.050120048224925995, -0.01818668469786644, -0.04972786828875542, 0.9985972046852112], "children": [{"id": 16, "label": "seat_surface", "box": [0.003963008522987366, -0.06117183342576027, 0.07676123827695847, 0.06564924865961075, 0.5179136991500854, 0.7106640338897705, -1.7016849277013914e-22, 0.9999971985816956, -0.0023575660306960344, 1.4435927615941882e-19, 0.0023575660306960344, 0.9999971985816956], "children": [{"id": 17, "label": "seat_single_surface", "box": [0.003963008522987366, -0.06117183342576027, 0.07676123827695847, 0.06564924865961075, 0.5179136991500854, 0.7106640338897705, -1.7016849277013914e-22, 0.9999971985816956, -0.0023575660306960344, 1.4435927615941882e-19, 0.0023575660306960344, 0.9999971985816956]}]}, {"id": 18, "label": "seat_frame", "box": [0.008477543480694294, -0.04734985530376434, 0.11032863706350327, 0.11587181687355042, 0.6494948863983154, 0.7910169363021851, -0.03614865615963936, -0.9983671307563782, -0.04423033446073532, -0.011562412604689598, -0.04383847117424011, 0.998971700668335], "children": [{"id": 19, "label": "seat_frame_bar", "box": [-0.3507395386695862, -0.034753791987895966, 0.1289188265800476, 0.03156984969973564, 0.06913372874259949, 0.6081268787384033, -0.995693027973175, 0.000789873767644167, -0.09270793199539185, 0.004823051858693361, -0.9981683492660522, -0.06030450388789177]}, {"id": 20, "label": "seat_frame_bar", "box": [0.3566726744174957, -0.038336291909217834, 0.12636792659759521, 0.03148515149950981, 0.10837715119123459, 0.6387995481491089, 0.9958699345588684, 0.009515236131846905, -0.09029124677181244, -0.0027222372591495514, -0.9909164309501648, -0.13445155322551727]}, {"id": 21, "label": "seat_frame_bar", "box": [0.0032005012035369873, -0.05989149957895279, -0.20355349779129028, 0.013911008834838867, 0.06252899765968323, 0.6417189836502075, 0.0, 0.0, -1.0, 0.0, -1.0, 0.0]}, {"id": 22, "label": "seat_frame_bar",