{"id": 0, "label": "chair", "box": [0.0006121154292486608, -0.07837478071451187, 0.05488041043281555, 0.9559473395347595, 1.372310996055603, 0.9902659058570862, 0.9999905824661255, -0.0003571956476662308, 0.004329288378357887, 0.0004575338389258832, 0.9997307658195496, -0.02319781854748726], "children": [{"id": 1, "label": "chair_back", "box": [-0.0016610663151368499, 0.21614167094230652, -0.3065722584724426, 0.87131667137146, 0.8095691204071045, 0.19200268387794495, 0.9999895095825195, 0.003382302587851882, -0.0031004275660961866, -0.00387600832618773, 0.9843242168426514, -0.17632581293582916], "children": [{"id": 2, "label": "back_surface", "box": [-0.005066196899861097, 0.27126672863960266, -0.30820709466934204, 0.8268817663192749, 0.6920263767242432, 0.1162056103348732, 0.9999949932098389, 0.00314199086278677, -0.0003534541465342045, -0.0031502763740718365, 0.980563223361969, -0.19617816805839539], "children": [{"id": 3, "label": "back_single_surface", "box": [-0.00011488981544971466, 0.2737880349159241, -0.3124851584434509, 0.8223258256912231, 0.682752251625061, 0.12010156363248825, 0.999972939491272, 0.003269748529419303, 0.006595606449991465, -0.0017742725322023034, 0.9765824675559998, -0.2151363343000412]}]}, {"id": 4, "label": "back_frame", "box": [-0.006124934181571007, 0.22685161232948303, -0.3206196129322052, 0.9355043768882751, 0.8438291549682617, 0.14651797711849213, 0.9999921917915344, -0.0023148099426180124, -0.0032122100237756968, 0.0017763474024832249, 0.9873539805412292, -0.1585211455821991], "children": [{"id": 6, "label": "back_frame_vertical_bar", "box": [0.3923710584640503, 0.22840970754623413, -0.3098279535770416, 0.0924718901515007, 0.8406140804290771, 0.15399441123008728, 0.9998738169670105, -0.006345164030790329, 0.014566181227564812, 0.008330974727869034, 0.990031361579895, -0.14060048758983612]}, {"id": 5, "label": "back_frame_vertical_bar", "box": [-0.4111345410346985, 0.2049216479063034, -0.305621862411499, 0.09912095218896866, 0.8293761610984802, 0.14246909320354462, 0.9999726414680481, -0.006615924183279276, -0.003312362590804696, 0.006125524640083313, 0.9913789629936218, -0.13088269531726837]}, {"id": 7, "label": "back_frame_horizontal_bar", "box": [-0.010675330646336079, 0.5682451725006104, -0.3962653875350952, 0.907278299331665, 0.14958706498146057, 0.14368155598640442, 0.9999871850013733, -0.0030518886633217335, -0.004044604487717152, 0.0026359702460467815, 0.9950717687606812, -0.09912269562482834]}], "edges": [{"part_a": 0, "part_b": 1, "type": "ROT_SYM"}, {"part_a": 0, "part_b": 1, "type": "TRANS_SYM"}, {"part_a": 0, "part_b": 1, "type": "REF_SYM"}, {"part_a": 0, "part_b": 2, "type": "ADJ"}, {"part_a": 1, "part_b": 0, "type": "ROT_SYM"}, {"part_a": 1, "part_b": 0, "type": "TRANS_SYM"}, {"part_a": 1, "part_b": 0, "type": "REF_SYM"}, {"part_a": 1, "part_b": 2, "type": "ADJ"}, {"part_a": 2, "part_b": 0, "type": "ADJ"}, {"part_a": 2, "part_b": 1, "type": "ADJ"}]}], "edges": [{"part_a": 0, "part_b": 1, "type": "ADJ"}, {"part_a": 1, "part_b": 0, "type": "ADJ"}]}, {"id": 8, "label": "chair_arm", "box": [0.40607950091362, 0.11381568014621735, 0.10638342797756195, 0.10137296468019485, 0.3887230157852173, 0.7926294207572937, 0.9973896145820618, -0.046109508723020554, -0.055568620562553406, 0.05714300274848938, 0.9744886755943298, 0.21704046428203583], "children": [{"id": 10, "label": "arm_near_vertical_bar", "box": [0.4235006272792816, 0.03182528167963028, 0.379413902759552, 0.07576578855514526, 0.36902427673339844, 0.15331946313381195, 0.9986196160316467, -0.04741711914539337, -0.022593921050429344, 0.043002642691135406, 0.9850724339485168, -0.16668257117271423]}, {"id": 9, "label": "arm_horizontal_bar", "box": [0.428838849067688, 0.24082037806510925, 0.0791945531964302, 0.11070610582828522, 0.12407754361629486, 0.6922363042831421, 0.9995760917663574, 0.0006590930861420929, -0.029108179733157158, -0.0003986424417234957, 0.9999598860740662, 0.008952577598392963]}], "edges": [{"part_a": 0, "part_b": 1, "type": "ADJ"}, {"part_a": 1, "part_b": 0, "type": "ADJ"}]}, {"id": 11, "label": "chair_arm", "box": [-0.43350517749786377, 0.13536207377910614, 0.12062515318393707, 0.10186778753995895, 0.40287601947784424, 0.7537539601325989, 0.9985628128051758, 0.04156573489308357, 0.03383224457502365, -0.04690653085708618, 0.9831753373146057, 0.17653901875019073], "children": [{"id": 13, "label": "arm_near_vertical_bar", "box": [-0.3804742097854614, 0.06886502355337143, 0.4020534157752991, 0.07587258517742157, 0.2996082901954651, 0.10339759290218353, 0.9995812177658081, 0.013347660191357136, 0.02567560225725174, -0.012699635699391365, 0.9996007680892944, -0.025238528847694397]}, {"id": 0, "label": "arm_near_vertical_bar", "box": [-0.4478559195995331, 0.04178980365395546, 0.365104615688324, 0.06557939201593399, 0.2567625641822815, 0.11031072586774826, 0.9988663792610168, 0.04285172373056412, -0.02073013223707676, -0.04591808840632439, 0.9821811318397522, -0.18224096298217773]}, {"id": 12, "label": "arm_horizontal_bar", "box": [-0.41324976086616516, 0.24016138911247253, 0.08595846593379974, 0.11292757093906403, 0.134696364402771, 0.7526273131370544, 0.999565839767456, -0.0021819821558892727, 0.029384437948465347, 0.0018513143295422196, 0.999934732913971, 0.01127566397190094]}], "edges": [{"part_a": 0, "part_b": 2, "type": "ADJ"}, {"part_a": 2, "part_b": 0, "type": "ADJ"}]}, {"id": 14, "label": "chair_seat", "box": [-0.008908784948289394, -0.12134169042110443, 0.13096106052398682, 0.840309739112854, 0.19931071996688843, 0.8115906119346619, 0.9999942779541016, -0.0011273425770923495, 0.0032002031803131104, 0.0012017039116472006, 0.9997271299362183, -0.023330433294177055], "children": [{"id": 17, "label": "seat_frame", "box": [0.0003527830995153636, -0.17431358993053436, 0.1259300708770752, 0.8481190204620361, 0.12368392944335938, 0.7811459898948669, 0.9999821186065674, 0.005809270776808262, 0.0014440246159210801, -0.005755085963755846, 0.9993687868118286, -0.03505517542362213], "children": [{"id": 0, "label": "seat_frame_bar", "box": [0.3820342719554901, -0.13786089420318604, 0.11410942673683167, 0.0913747251033783, 0.11177274584770203, 0.6862490773200989, 0.9989203810691833, 0.026813441887497902, -0.037935007363557816, -0.02774774841964245, 0.9993190765380859, -0.02432074211537838]}, {"id": 18, "label": "seat_frame_bar", "box": [-0.00932481698691845, -0.14638659358024597, -0.2322702705860138, 0.5870384573936462, 0.10209248960018158, 0.09727539867162704, 0.9998291730880737, 0.00741858733817935, 0.016931841149926186, -0.008539868518710136, 0.997706949710846, 0.06714171171188354]}, {"id": 19, "label": "seat_frame_bar", "box": [0.0006339474930427969, -0.13127638399600983, 0.47612035274505615, 0.7277715802192688, 0.10676323622465134, 0.11992581188678741, 0.999998152256012, 0.0011270849499851465, 0.0015810318291187286, -0.001113255973905325, 0.9999613761901855, -0.008720527403056622]}, {"id": 0, "label": "seat_frame_bar", "box": [-0.38802042603492737, -0.15489645302295685, 0.12294840067625046, 0.10605528950691223, 0.09749243408441544, 0.6772820353507996, 0.9988531470298767, -0.018885711207985878, 0.043996576219797134, 0.01926426962018013, 0.9997808337211609, -0.008196203969419003]}], "edges": [{"part_a": 0, "part_b": 1, "type": "ADJ"}, {"part_a": 0, "part_b": 2, "type": "ADJ"}, {"part_a": 0, "part_b": 2, "type": "ROT_SYM"}, {"part_a": 0, "part_b": 3, "type": "ROT_SYM"}, {"part_a": 0, "part_b": 3, "type": "TRANS_SYM"}, {"part_a": 0, "part_b": 3, "type": "REF_SYM"}, {"part_a": 1, "part_b": 0, "type": "ADJ"}, {"part_a": 1, "part_b": 2, "type": "ROT_SYM"}, {"part_a": 1, "part_b": 2, "type": "REF_SYM"}, {"part_a": 1, "part_b": 3, "type": "ADJ"}, {"part_a": 2, "part_b": 0, "type": "ADJ"}, {"part_a": 2, "part_b": 0, "type": "ROT_SYM"}, {"part_a": 2, "part_b": 1, "type": "ROT_SYM"}, {"part_a": 2, "part_b": 1, "type": "REF_SYM"}, {"part_a": 2, "part_b": 3, "type": "ADJ"}, {"part_a": 2, "part_b": 3, "type": "ROT_SYM"}, {"part_a": 3, "part_b": 0,