{"id": 0, "label": "chair", "box": [0.004203026182949543, 0.019563894718885422, 0.0919530987739563, 0.682543933391571, 0.7798712849617004, 1.712587833404541, 0.9999999403953552, -2.0576315364451148e-05, -0.0003784956061281264, 0.00037905448698438704, 0.0542832612991333, 0.9985255002975464], "children": [{"id": 1, "label": "chair_back", "box": [0.004281801637262106, 0.3167206645011902, -0.2344333529472351, 0.09278126060962677, 0.5561161637306213, 1.0908288955688477, 0.0010213764617219567, 0.16187478601932526, 0.9868108034133911, -0.9999994039535522, -0.00024112482788041234, 0.0010745808249339461], "children": [{"id": 2, "label": "back_surface", "box": [0.004290275741368532, 0.31799599528312683, -0.22818060219287872, 0.06736671924591064, 0.55601567029953, 1.0905606746673584, 0.006544163450598717, -0.19629493355751038, -0.9805230498313904, -0.9999785423278809, -0.0011120069539174438, -0.0064513953402638435], "children": [{"id": 3, "label": "back_single_surface", "box": [0.004290275741368532, 0.31799599528312683, -0.22818060219287872, 0.06736671924591064, 0.55601567029953, 1.0905606746673584, 0.006544163450598717, -0.19629493355751038, -0.9805230498313904, -0.9999785423278809, -0.0011120069539174438, -0.0064513953402638435]}]}, {"id": 4, "label": "back_support", "box": [0.004345861729234457, 0.316559761762619, -0.24123595654964447, 0.08007387816905975, 0.5585560202598572, 1.0903548002243042, 0.007151918951421976, -0.166446715593338, -0.9860244989395142, 0.9999704957008362, -0.0015840678242966533, 0.007520473096519709]}], "edges": [{"part_a": 1, "type": "ADJ", "part_b": 0, "dist": 0.004497178323328663}]}, {"id": 5, "label": "chair_seat", "box": [0.004699398297816515, -0.149063840508461, 0.1749965399503708, 0.11814087629318237, 0.632777750492096, 0.6825006604194641, -0.011246015317738056, 0.9980180263519287, -0.061915650963783264, -0.00011354905291227624, -0.06192084401845932, -0.9980810284614563], "children": [{"id": 6, "label": "seat_surface", "box": [0.007943131029605865, -0.12027279287576675, 0.17698881030082703, 0.06362234801054001, 0.6320784091949463, 0.6823234558105469, -0.022424915805459023, 0.9976821541786194, -0.06424552202224731, 0.0119081512093544, -0.06399057060480118, -0.9978794455528259], "children": [{"id": 7, "label": "seat_single_surface", "box": [0.007943131029605865, -0.12027279287576675, 0.17698881030082703, 0.06362234801054001, 0.6320784091949463, 0.6823234558105469, -0.022424915805459023, 0.9976821541786194, -0.06424552202224731, 0.0119081512093544, -0.06399057060480118, -0.9978794455528259]}]}, {"id": 8, "label": "seat_support", "box": [0.004058871418237686, -0.14759108424186707, 0.1745578497648239, 0.10947484523057938, 0.6312320828437805, 0.6793859004974365, 0.0001392454287270084, 0.9986244440078735, -0.05243336409330368, -6.177885755124973e-17, -0.05243336409330368, -0.9986244440078735]}], "edges": [{"part_a": 1, "type": "ADJ", "part_b": 0, "dist": 0.005180413979040643}]}, {"id": 9, "label": "chair_base", "box": [0.004379393067210913, -0.4617297351360321, 0.11447760462760925, 0.677014946937561, 0.7125944495201111, 0.7382888197898865, -1.0, 0.00011300142796244472, -3.4488820688238775e-07, -0.00011300195183139294, -0.9999953508377075, 0.0030520553700625896], "children": [{"id": 10, "label": "regular_leg_base", "box": [0.004379393067210913, -0.4617297351360321, 0.11447760462760925, 0.677014946937561, 0.7125944495201111, 0.7382888197898865, -1.0, 0.00011300142796244472, -3.4488820688238775e-07, -0.00011300195183139294, -0.9999953508377075, 0.0030520553700625896], "children": [{"id": 11, "label": "leg", "box": [0.23830488324165344, -0.5014466643333435, -0.1928604245185852, 0.06259585916996002, 0.08803774416446686, 0.6407304406166077, 0.0022833975963294506, 0.0922732725739479, -0.9957311153411865, 0.9999973773956299, -1.624159835955652e-06, 0.002293030498549342]}, {"id": 12, "label": "leg", "box": [-0.23371590673923492, -0.5004875659942627, -0.19368857145309448, 0.06289134174585342, 0.08012951910495758, 0.6426873803138733, -0.010139457881450653, 0.09683028608560562, -0.9952492713928223, -0.9999483823776245, -0.0003382864233572036, 0.01015441957861185]}, {"id": 13, "label": "leg", "box": [-0.3004084825515747, -0.4606916904449463, 0.45130258798599243, 0.0632748231291771, 0.06666241586208344, 0.7124585509300232, -0.006866130046546459, -0.0017193678067997098, -0.9999749660491943, -0.9999748468399048, 0.0017826276598498225, 0.006863064598292112]}, {"id": 14, "label": "leg", "box": [0.30908793210983276, -0.4606916606426239, 0.45130273699760437, 0.06327418982982635, 0.06666331738233566, 0.7124585509300232, 0.006880039814859629, -0.0017200609436258674, -0.9999748468399048, -0.99997478723526, -0.0017812132136896253, -0.006876975763589144]}], "edges": [{"part_a": 1, "type": "REF_SYM", "part_b": 0, "params": [0.004185006022453308, -0.48418211936950684, -0.19391445815563202, 0.9999651312828064, -0.008323784917593002, -0.0006580640329048038], "dist": 0.01584246023314269}, {"part_a": 1, "type": "TRANS_SYM", "part_b": 0, "params": [0.4952962100505829, -0.004122883081436157, -0.00032594799995422363], "dist": 0.01834833980599365}, {"part_a": 1, "type": "ROT_SYM", "part_b": 0, "params": [0.19811342656612396, 3.250152349472046, -6.977735996246338, -0.003956775646656752, 0.8157351016998291, 0.5784121155738831, 0.06431792676448822], "dist": 0.02643713013574574}, {"part_a": 2, "type": "REF_SYM", "part_b": 0, "params": [-0.026619136333465576, -0.47473248839378357, 0.13219623267650604, 0.6489288806915283, -0.026826350018382072, -0.7603760361671448], "dist": 0.04438350930830629}, {"part_a": 2, "type": "TRANS_SYM", "part_b": 0, "params": [0.5569044947624207, -0.023022115230560303, -0.6525473594665527], "dist": 0.044618917502350544}, {"part_a": 2, "type": "REF_SYM", "part_b": 1, "params": [-0.2742672562599182, -0.4726710319519043, 0.13235920667648315, 0.09400144964456558, -0.02883630432188511, -0.9951543807983398], "dist": 0.04750974672118568}, {"part_a": 2, "type": "TRANS_SYM", "part_b": 1, "params": [0.06160828471183777, -0.018899232149124146, -0.6522213816642761], "dist": 0.04342729424592631}, {"part_a": 3, "type": "REF_SYM", "part_b": 0, "params": [0.28238344192504883, -0.4753991365432739, 0.13237974047660828, -0.0931234210729599, -0.03305589407682419, -0.9951057434082031], "dist": 0.0479995196119135}, {"part_a": 3, "type": "TRANS_SYM", "part_b": 0, "params": [-0.061100661754608154, -0.02168881893157959, -0.6529143452644348], "dist": 0.04261652352450356}, {"part_a": 3, "type": "REF_SYM", "part_b": 1, "params": [0.034735336899757385, -0.47333770990371704, 0.1325427144765854, -0.6486602425575256, -0.02047877199947834, -0.7608025670051575], "dist": 0.04098483676879242}, {"part_a": 3, "type": "TRANS_SYM", "part_b": 1, "params": [-0.5563968420028687, -0.017565935850143433, -0.6525883674621582], "dist": 0.04460772618857859}, {"part_a": 3, "type": "REF_SYM", "part_b": 2, "params": [0.003931194543838501, -0.4638880789279938, 0.45865339040756226, -0.9999974966049194, 0.0021574138663709164, -0.0005938699468970299], "dist": 0.013233396483836448}, {"part_a": 3, "type": "TRANS_SYM", "part_b": 2, "params": [-0.6180051565170288, 0.0013332962989807129, -0.0003670156002044678], "dist": 0.01986608917208772}, {"part_a": 3, "type": "ROT_SYM", "part_b": 2, "params": [0.003755855606868863, -0.4581221044063568, 0.7394360303878784, -0.001389274257235229, 0.9996032118797302, -0.0281332079321146, 1.666234016418457], "dist": 0.019247061424760334}]}]}], "edges": [{"part_a": 1, "type": "ADJ", "part_b": 0, "dist": 0.0027644965264964805}, {"part_a": 2, "type": "ADJ", "part_b": 0, "dist": 0.01725213023172768}, {"part_a": 2, "type": "ADJ", "part_b": 1, "dist": 0.013884628465239662}]}