{"id": 0, "label": "chair", "box": [-0.004392576869577169, 0.23555733263492584, 0.05150998756289482, 0.6233479976654053, 0.774286150932312, 1.354009985923767, -1.0, -0.00018017596448771656, -0.00012171302660135552, -0.00013104309618938714, 0.052722591906785965, 0.998609185218811], "children": [{"id": 1, "label": "chair_back", "box": [-0.004265408497303724, 0.4834727346897125, -0.2898979187011719, 0.11141844093799591, 0.6229179501533508, 0.8239454030990601, -0.00039327345439232886, -0.17931996285915375, -0.9837907552719116, -0.9999999403953552, -8.078865357674658e-05, 0.0004144788545090705], "children": [{"id": 2, "label": "back_surface", "box": [-0.004265408497303724, 0.4834727346897125, -0.2898979187011719, 0.11141844093799591, 0.6229179501533508, 0.8239454030990601, -0.00039327345439232886, -0.17931996285915375, -0.9837907552719116, -0.9999999403953552, -8.078865357674658e-05, 0.0004144788545090705], "children": [{"id": 3, "label": "back_single_surface", "box": [-0.004265408497303724, 0.4834727346897125, -0.2898979187011719, 0.11141844093799591, 0.6229179501533508, 0.8239454030990601, -0.00039327345439232886, -0.17931996285915375, -0.9837907552719116, -0.9999999403953552, -8.078865357674658e-05, 0.0004144788545090705]}]}]}, {"id": 4, "label": "chair_seat", "box": [-0.0043596914038062096, -0.03716053441166878, 0.0944172739982605, 0.3305749297142029, 0.6238346099853516, 0.7160024046897888, 0.002867360133677721, 0.999330997467041, -0.03645952790975571, -0.9999958872795105, 0.0028645663987845182, -0.00012886637705378234], "children": [{"id": 5, "label": "seat_surface", "box": [-0.004323474131524563, 0.06643561273813248, 0.10089113563299179, 0.1557718962430954, 0.62322998046875, 0.7032343745231628, -3.3262400393141434e-05, -0.9993607997894287, -0.03574841469526291, -1.0, 3.3234391594305634e-05, 1.3777435015072115e-06], "children": [{"id": 6, "label": "seat_single_surface", "box": [-0.004323474131524563, 0.06643561273813248, 0.10089113563299179, 0.1557718962430954, 0.62322998046875, 0.7032343745231628, -3.3262400393141434e-05, -0.9993607997894287, -0.03574841469526291, -1.0, 3.3234391594305634e-05, 1.3777435015072115e-06]}]}, {"id": 7, "label": "seat_support", "box": [-0.004526608623564243, -0.06364880502223969, 0.09272759407758713, 0.22434495389461517, 0.6293388605117798, 0.7181314826011658, 0.028467005118727684, 0.9941537976264954, -0.10415328294038773, 0.9995947480201721, -0.028310207650065422, 0.00298376870341599]}], "edges": [{"dist": 0.013389426035197941, "part_b": 0, "type": "ADJ", "part_a": 1}]}, {"id": 8, "label": "chair_base", "box": [-0.004323921632021666, -0.3094944357872009, 0.061139609664678574, 0.32143348455429077, 0.623231053352356, 0.692568302154541, 7.23857810953632e-05, -0.9896125197410583, -0.1437603086233139, -1.0, -7.330183871090412e-05, 1.0756497204056359e-06]}], "edges": [{"dist": 0.01648353061874106, "part_b": 0, "type": "ADJ", "part_a": 1}, {"dist": 0.010048421747496065, "part_b": 1, "type": "ADJ", "part_a": 2}]}