{"id": 0, "label": "chair", "box": [0.0009834915399551392, -0.11561957001686096, 0.07605648785829544, 0.7504249811172485, 0.805852472782135, 1.415003776550293, -1.0, -6.123234262925839e-17, 2.407412430484045e-35, -1.169423876810458e-19, 0.0019098141929134727, 0.999998152256012], "children": [{"id": 1, "label": "chair_back", "box": [0.0010502937948331237, 0.26619693636894226, -0.2225324660539627, 0.10603336244821548, 0.6561270952224731, 0.6951201558113098, 0.0011043529957532883, -0.13880684971809387, -0.9903188347816467, 0.0007493714219890535, -0.9903190732002258, 0.13880771398544312], "children": [{"id": 2, "label": "back_surface", "box": [0.0010502937948331237, 0.26619693636894226, -0.2225324660539627, 0.10603336244821548, 0.6561270952224731, 0.6951201558113098, 0.0011043529957532883, -0.13880684971809387, -0.9903188347816467, 0.0007493714219890535, -0.9903190732002258, 0.13880771398544312], "children": [{"id": 3, "label": "back_single_surface", "box": [0.0010502937948331237, 0.26619693636894226, -0.2225324660539627, 0.10603336244821548, 0.6561270952224731, 0.6951201558113098, 0.0011043529957532883, -0.13880684971809387, -0.9903188347816467, 0.0007493714219890535, -0.9903190732002258, 0.13880771398544312]}]}]}, {"id": 4, "label": "chair_seat", "box": [0.0009025013423524797, -0.04795137792825699, 0.13170650601387024, 0.12180159240961075, 0.6827500462532043, 0.6953032612800598, 1.268473261006875e-05, 0.9992507100105286, -0.03870454058051109, 1.8578249409983982e-06, 0.03870454058051109, 0.9992507100105286], "children": [{"id": 5, "label": "seat_surface", "box": [0.0007675269735045731, -0.017213301733136177, 0.12992063164710999, 0.07567451894283295, 0.6829271912574768, 0.6953311562538147, -0.005212319083511829, -0.9960348606109619, 0.08881119638681412, -0.0006686605047434568, 0.0888158529996872, 0.996047854423523], "children": [{"id": 6, "label": "seat_single_surface", "box": [0.0007675269735045731, -0.017213301733136177, 0.12992063164710999, 0.07567451894283295, 0.6829271912574768, 0.6953311562538147, -0.005212319083511829, -0.9960348606109619, 0.08881119638681412, -0.0006686605047434568, 0.0888158529996872, 0.996047854423523]}]}, {"id": 7, "label": "seat_support", "box": [0.0014205774059519172, -0.08506637811660767, 0.06576039642095566, 0.06024275720119476, 0.29508456587791443, 0.29641956090927124, -4.661991624743678e-06, 0.9956071972846985, -0.09362833946943283, -0.9999958872795105, -0.0002728434628807008, -0.002851518802344799]}], "edges": [{"part_b": 0, "type": "ADJ", "dist": 0.0041417795838391575, "part_a": 1}]}, {"id": 8, "label": "chair_base", "box": [0.0009834915399551392, -0.4491520822048187, 0.07669347524642944, 0.7479375600814819, 0.7504249811172485, 0.805852472782135, -6.123223013269509e-17, 0.999998152256012, -0.0019098141929134727, -1.0, -6.123234262925839e-17, 2.407412430484045e-35], "children": [{"id": 9, "label": "regular_leg_base", "box": [0.0009834915399551392, -0.4491520822048187, 0.07669347524642944, 0.7479375600814819, 0.7504249811172485, 0.805852472782135, -6.123223013269509e-17, 0.999998152256012, -0.0019098141929134727, -1.0, -6.123234262925839e-17, 2.407412430484045e-35], "children": [{"id": 10, "label": "leg", "box": [0.23021185398101807, -0.45648396015167236, -0.1717967540025711, 0.02629595622420311, 0.03074832446873188, 0.810494065284729, -0.9125599265098572, -0.18533900380134583, -0.36453235149383545, -0.25855711102485657, -0.4291284680366516, 0.8654460906982422]}, {"id": 11, "label": "leg", "box": [0.23375555872917175, -0.4518417716026306, 0.31992867588996887, 0.026088779792189598, 0.026369711384177208, 0.8149850368499756, -0.8112435340881348, -0.05003467947244644, 0.5825636982917786, 0.4977807104587555, 0.46360453963279724, 0.7329974174499512]}, {"id": 12, "label": "leg", "box": [-0.22960606217384338, -0.44537830352783203, 0.31736692786216736, 0.02633233554661274, 0.03057313896715641, 0.8295782804489136, 0.7516403794288635, 0.001001232536509633, 0.659572422504425, -0.5821487903594971, 0.47110408544540405, 0.6626942753791809]}, {"id": 13, "label": "leg", "box": [-0.22754506766796112, -0.45482876896858215, -0.17121118307113647, 0.02675132267177105, 0.030527817085385323, 0.8143061995506287, 0.14220593869686127, 0.3085060119628906, -0.9405325651168823, 0.9366134405136108, -0.34932008385658264, 0.027032189071178436]}, {"id": 14, "label": "foot", "box": [-0.352779746055603, -0.8011077046394348, 0.45860692858695984, 0.03327561914920807, 0.0363098569214344, 0.036309946328401566, 0.312165766954422, 0.8832641839981079, -0.34985271096229553, 0.9468124508857727, -0.31951725482940674, 0.038142625242471695]}, {"id": 15, "label": "foot", "box": [-0.3516157269477844, -0.8032633662223816, -0.30421292781829834, 0.03177317976951599, 0.03630984574556351, 0.036309950053691864, -0.32525473833084106, -0.8853977918624878, -0.3320845067501068, -0.8560201525688171, 0.12646566331386566, 0.5012344121932983]}, {"id": 16, "label": "foot", "box": [0.35360682010650635, -0.8032699823379517, -0.3042105436325073, 0.031747400760650635, 0.036309368908405304, 0.03631061315536499, 0.32363826036453247, -0.8857939839363098, -0.33260688185691833, -0.9388394355773926, -0.25692716240882874, -0.22927919030189514]}, {"id": 17, "label": "foot", "box": [0.35474345088005066, -0.8010901212692261, 0.4586246609687805, 0.03329575061798096, 0.03630976006388664, 0.036309923976659775, -0.31217247247695923, 0.8838925957679749, -0.34825602173805237, 0.9231206774711609, 0.368838369846344, 0.10865747183561325]}], "edges": [{"part_b": 2, "type": "ADJ", "dist": 0.0021816983466750924, "part_a": 4}, {"part_b": 3, "type": "ADJ", "dist": 0.007461704483800661, "part_a": 5}, {"part_b": 0, "type": "ADJ", "dist": 0.006735366999530948, "part_a": 6}, {"part_b": 1, "type": "ADJ", "dist": 0.0016263465277430906, "part_a": 7}, {"params": [0.0009130984544754028, -0.8055163621902466, -0.3050275444984436, -0.9999999403953552, 0.00018465520406607538, 0.0001721397857181728], "part_b": 5, "type": "REF_SYM", "dist": 0.03435971725535849, "part_a": 6}, {"params": [0.0009676069021224976, -0.802696704864502, 0.45925694704055786, -0.9999999403953552, -7.173747872002423e-05, 0.0003501091559883207], "part_b": 4, "type": "REF_SYM", "dist": 0.04800357507699025, "part_a": 7}, {"params": [0.23446738719940186, -0.46100011467933655, 0.07344397157430649, -0.004541081842035055, -0.016995299607515335, -0.9998452663421631], "part_b": 0, "type": "REF_SYM", "dist": 0.011038191610364562, "part_a": 1}, {"params": [0.2953360676765442, -0.6098297238349915, 0.07485558837652206, 0.3395683169364929, -0.9405785799026489, 0.0022906388621777296, 3.0876691341400146], "part_b": 0, "type": "ROT_SYM", "dist": 0.008928031239033296, "part_a": 1}, {"params": [0.002195224165916443, -0.4540688395500183, 0.07060197740793228, 0.6848204135894775, -0.03305257856845856, -0.7279618978500366], "part_b": 0, "type": "REF_SYM", "dist": 0.021797375893256154, "part_a": 2}, {"params": [0.12308681011199951, -0.5115997195243835, 0.19847027957439423, 0.18954481184482574, -0.9735929369926453, 0.12723806500434875, 2.262500762939453], "part_b": 0, "type": "ROT_SYM", "dist": 0.0272803923692882, "part_a": 2}, {"params": [0.003324069082736969, -0.4498440623283386, 0.31914854049682617, 0.9994803071022034, -0.02982560731470585, 0.012229262851178646], "part_b": 1, "type": "REF_SYM", "dist": 0.021674352186691875, "part_a": 2}, {"params": [0.00027591054094955325, -0.2575180232524872, 0.3086897134780884, 0.002333802869543433, -0.889744222164154, 0.4564535319805145, 2.4898319244384766], "part_b": 1, "type": "ROT_SYM", "dist": 0.01186147539458302, "part_a": 2}, {"params": [0.001613035798072815, -0.46316540241241455, -0.17439371347427368, 0.9999558329582214, -0.008887297473847866, -0.003059025388211012], "part_b": 0, "type": "REF_SYM", "dist": 0.010688883661687902, "part_a": 3}, {"params": [-0.0007521891966462135, -0.3192763924598694, 0.09298382699489594, 0.004639872815459967, -0.9996234774589539, 0.027044251561164856, 1.4141700267791748], "part_b": 0,