{"id": 0, "label": "chair", "box": [0.0052903019823133945, 0.09743432700634003, 0.024499883875250816, 0.804728627204895, 1.08768892288208, 1.448931097984314, 1.0, 1.0297764674760401e-05, -0.00021201871277298778, -0.00021225292584858835, 0.06066666543483734, -0.9981580376625061], "children": [{"id": 1, "label": "chair_back", "box": [0.0049683284014463425, 0.3833426833152771, -0.18226882815361023, 0.26216551661491394, 0.8057249784469604, 1.0445584058761597, -0.010144609026610851, -0.5346792936325073, -0.8449941873550415, 0.9999485015869141, -0.005215264391154051, -0.008704903535544872], "children": [{"id": 2, "label": "back_surface", "box": [0.0062888311222195625, 0.5691541433334351, -0.27999067306518555, 0.09741108119487762, 0.5961561799049377, 0.7023787498474121, -0.01208876445889473, -0.39831072092056274, -0.9171708822250366, -0.00017222446331288666, 0.917238712310791, -0.3983379304409027], "children": [{"id": 3, "label": "back_single_surface", "box": [0.0062888311222195625, 0.5691541433334351, -0.27999067306518555, 0.09741108119487762, 0.5961561799049377, 0.7023787498474121, -0.01208876445889473, -0.39831072092056274, -0.9171708822250366, -0.00017222446331288666, 0.917238712310791, -0.3983379304409027]}]}, {"id": 4, "label": "back_frame", "box": [0.0049683284014463425, 0.3833426833152771, -0.18226882815361023, 0.26216551661491394, 0.8057249784469604, 1.0445584058761597, -0.010144609026610851, -0.5346792936325073, -0.8449941873550415, 0.9999485015869141, -0.005215264391154051, -0.008704903535544872], "children": [{"id": 5, "label": "back_frame_vertical_bar", "box": [0.3642961382865906, 0.3813135325908661, -0.185299813747406, 0.08717906475067139, 0.2621009647846222, 1.0442402362823486, 0.9999949336051941, -0.0006108129164204001, -0.003115092171356082, 0.002958628349006176, 0.5349613428115845, 0.8448713421821594]}, {"id": 6, "label": "back_frame_vertical_bar", "box": [-0.3517194986343384, 0.40043044090270996, -0.16685837507247925, 0.09050700068473816, 0.21743781864643097, 1.0317649841308594, -1.0, 0.0, -6.123234262925839e-17, 5.1494395263924827e-17, -0.541085958480835, -0.8409672975540161]}], "edges": [{"params": [0.004289194941520691, 0.41526439785957336, -0.14548656344413757, 0.9995409846305847, -0.027832135558128357, 0.011967336758971214], "dist": 0.026989765833230324, "part_a": 1, "type": "REF_SYM", "part_b": 0}, {"params": [0.7443528175354004, -0.020726442337036133, 0.008912011981010437], "dist": 0.020962137641480572, "part_a": 1, "type": "TRANS_SYM", "part_b": 0}, {"params": [-0.06828165799379349, -9.198639869689941, -11.076574325561523, 0.00779799884185195, 0.7407360672950745, -0.6717509031295776, 0.051138900220394135], "dist": 0.021948180201449816, "part_a": 1, "type": "ROT_SYM", "part_b": 0}]}], "edges": [{"dist": 0.011936751615682183, "part_a": 1, "type": "ADJ", "part_b": 0}]}, {"id": 7, "label": "chair_seat", "box": [0.005488345865160227, 0.04180993139743805, 0.21206621825695038, 0.11021508276462555, 0.7080026865005493, 0.7135961651802063, -0.01920929364860058, -0.9993690252304077, -0.029876209795475006, -6.458756586478578e-17, 0.02988172322511673, -0.9995534420013428], "children": [{"id": 8, "label": "seat_surface", "box": [0.005488345865160227, 0.04180993139743805, 0.21206621825695038, 0.11021508276462555, 0.7080026865005493, 0.7135961651802063, -0.01920929364860058, -0.9993690252304077, -0.029876209795475006, -6.458756586478578e-17, 0.02988172322511673, -0.9995534420013428], "children": [{"id": 9, "label": "seat_single_surface", "box": [0.005488345865160227, 0.04180993139743805, 0.21206621825695038, 0.11021508276462555, 0.7080026865005493, 0.7135961651802063, -0.01920929364860058, -0.9993690252304077, -0.029876209795475006, -6.458756586478578e-17, 0.02988172322511673, -0.9995534420013428]}]}]}, {"id": 10, "label": "chair_base", "box": [0.005310617852956057, -0.2781870663166046, -0.017234336584806442, 0.6311401128768921, 0.8045682311058044, 1.089660882949829, -1.3377253935686895e-06, 1.0, -6.440471042878926e-05, -1.0, -1.3377094774114084e-06, 2.4775803808552155e-07], "children": [{"id": 11, "label": "regular_leg_base", "box": [0.005310617852956057, -0.2781870663166046, -0.017234336584806442, 0.6311401128768921, 0.8045682311058044, 1.089660882949829, -1.3377253935686895e-06, 1.0, -6.440471042878926e-05, -1.0, -1.3377094774114084e-06, 2.4775803808552155e-07], "children": [{"id": 12, "label": "leg", "box": [0.37224817276000977, -0.224505215883255, 0.18611618876457214, 0.0725506916642189, 0.2309008687734604, 0.5878143906593323, -0.9999138116836548, -0.008310223929584026, -0.0101652005687356, -0.01293867826461792, 0.4920526146888733, 0.870469331741333]}, {"id": 13, "label": "leg", "box": [-0.3602820038795471, -0.21466083824634552, 0.18720275163650513, 0.07338201999664307, 0.22337405383586884, 0.6180781126022339, -1.0, 0.0, -6.123234262925839e-17, -5.348133934355885e-17, 0.4869738817214966, 0.873416543006897]}, {"id": 14, "label": "runner", "box": [0.00501683633774519, -0.5363407731056213, -0.12497536838054657, 0.11471948772668839, 0.19233475625514984, 0.6829110383987427, 3.031180767720798e-06, -0.9999986290931702, -0.0016404807101935148, 0.0014668971998617053, 0.0016404835041612387, -0.9999975562095642]}, {"id": 15, "label": "runner", "box": [0.3614955246448517, -0.5018006563186646, -0.01721806451678276, 0.09226445853710175, 0.18388807773590088, 1.0896589756011963, 0.9999996423721313, -0.0008464239654131234, -5.2901028539054096e-05, 0.0008464212296530604, 0.9999996423721313, -5.19856002938468e-05]}, {"id": 16, "label": "runner", "box": [-0.3544321358203888, -0.5051908493041992, -0.01704031601548195, 0.08692387491464615, 0.1779392808675766, 1.0891616344451904, 0.9999032020568848, 0.013915590941905975, -4.1331961142532236e-07, 0.013915584422647953, -0.9999027252197266, 0.0009383255382999778]}], "edges": [{"dist": 0.011704915783454449, "part_a": 3, "type": "ADJ", "part_b": 0}, {"dist": 0.01340660934778769, "part_a": 3, "type": "ADJ", "part_b": 2}, {"dist": 0.010640049019694876, "part_a": 4, "type": "ADJ", "part_b": 1}, {"dist": 0.004498749543811311, "part_a": 4, "type": "ADJ", "part_b": 2}, {"params": [0.005523934960365295, -0.5335220098495483, 0.03303385525941849, 0.9999463558197021, -0.00042629288509488106, 0.01034637913107872], "dist": 0.015564331920699073, "part_a": 4, "type": "REF_SYM", "part_b": 3}, {"params": [0.7442265748977661, -0.0003172755241394043, 0.007700463756918907], "dist": 0.014784535604707414, "part_a": 4, "type": "TRANS_SYM", "part_b": 3}, {"params": [-0.07046107202768326, -31.645282745361328, 7.845986843109131, 0.007247305475175381, -0.23755937814712524, -0.9713459014892578, 0.023202871903777122], "dist": 0.01491189374464478, "part_a": 4, "type": "ROT_SYM", "part_b": 3}, {"params": [0.005481705069541931, -0.2132880687713623, 0.19975996017456055, 0.9999718070030212, -0.007117224391549826, 0.0023717412259429693], "dist": 0.02182785579607758, "part_a": 1, "type": "REF_SYM", "part_b": 0}, {"params": [0.7446346282958984, -0.005299881100654602, 0.0017661303281784058], "dist": 0.02299709857922014, "part_a": 1, "type": "TRANS_SYM", "part_b": 0}, {"params": [-0.26924434304237366, -34.30107879638672, -31.48080825805664, 0.01758425682783127, 0.6772926449775696, -0.7355034947395325, 0.015998369082808495], "dist": 0.023749833305178627, "part_a": 1, "type": "ROT_SYM", "part_b": 0}]}]}], "edges": [{"dist": 0.0017858159999000576, "part_a": 1, "type": "ADJ", "part_b": 0}, {"dist": 0.015126935746926735, "part_a": 2, "type": "ADJ", "part_b": 0}, {"dist": 0.014304424344109121, "part_a": 2, "type": "ADJ", "part_b": 1}]}