{"id": 0, "label": "chair", "box": [-0.011790682561695576, -0.06363456696271896, 0.0651765912771225, 0.745992124080658, 1.5477055311203003, 0.768108069896698, 0.9999846816062927, -0.0007845149957574904, -0.0054764095693826675, 0.0008227211656048894, 0.999975323677063, 0.0069777402095496655], "children": [{"id": 1, "label": "chair_back", "box": [0.0016566201811656356, 0.37963876128196716, -0.24533331394195557, 0.6538380980491638, 0.6667931079864502, 0.11765587329864502, 0.9999865889549255, 0.0004990427987650037, 0.005160870496183634, -0.00011252916738158092, 0.997211754322052, -0.07462377846240997], "children": [{"id": 2, "label": "back_surface", "box": [-0.007892431691288948, 0.37973839044570923, -0.2122189998626709, 0.6383020877838135, 0.7103850841522217, 0.13149315118789673, 0.9999411106109619, -0.007046426646411419, -0.008253891952335835, 0.006649780087172985, 0.9988663792610168, -0.047135356813669205], "children": [{"id": 3, "label": "back_single_surface", "box": [-0.007687344681471586, 0.3967868983745575, -0.21668902039527893, 0.651282787322998, 0.7288705706596375, 0.1181674376130104, 0.999935507774353, 0.008796120062470436, -0.007184896618127823, -0.009279648773372173, 0.9974830150604248, -0.07029610127210617]}]}]}, {"id": 4, "label": "chair_seat", "box": [-0.004902087152004242, 0.0606965497136116, 0.101723812520504, 0.7093624472618103, 0.16283905506134033, 0.690090000629425, 0.999995768070221, 0.0014527859166264534, 0.002529273508116603, -0.001474903430789709, 0.9999605417251587, 0.008764786645770073], "children": [{"id": 5, "label": "seat_surface", "box": [0.000399788812501356, 0.06893054395914078, 0.07962031662464142, 0.7136906385421753, 0.1707213670015335, 0.7197303175926208, 0.9999732971191406, -0.0014838357456028461, 0.0071616750210523605, 0.001383122056722641, 0.9999004006385803, 0.014047366566956043], "children": [{"id": 6, "label": "seat_single_surface", "box": [0.0036275284364819527, 0.06689746677875519, 0.08106926828622818, 0.687322735786438, 0.16068769991397858, 0.6978555917739868, 0.9999961853027344, -0.0025609431322664022, 0.0010433687129989266, 0.00255010649561882, 0.9999441504478455, 0.010258344933390617]}]}]}, {"id": 7, "label": "chair_base", "box": [0.0008432379108853638, -0.38851121068000793, 0.07010343670845032, 0.7261542677879333, 0.8326530456542969, 0.7757484912872314, 0.9999980330467224, 0.0012381154811009765, 0.0015582878841087222, -0.001235258998349309, 0.9999975562095642, -0.0018326917197555304], "children": [{"id": 8, "label": "regular_leg_base", "box": [0.000367948756320402, -0.3924405872821808, 0.0699571818113327, 0.7404970526695251, 0.8373779058456421, 0.7725264430046082, 0.9999942183494568, 0.0007527450798079371, 0.0033196313306689262, -0.0007637192029505968, 0.9999942779541016, 0.003305782563984394], "children": [{"id": 11, "label": "leg", "box": [-0.3099619150161743, -0.40987613797187805, -0.2394048571586609, 0.1070808693766594, 0.8356688618659973, 0.11652668565511703, 0.9992586970329285, -0.02807384729385376, -0.02634226158261299, 0.02936728298664093, 0.9983137845993042, 0.05007180944085121]}, {"id": 12, "label": "leg", "box": [-0.31021401286125183, -0.39610183238983154, 0.38701772689819336, 0.11084310710430145, 0.84068763256073, 0.12014726549386978, 0.9997758865356445, -0.013884950429201126, 0.015981702134013176, 0.014035605825483799, 0.9998577833175659, -0.009353444911539555]}, {"id": 10, "label": "leg", "box": [0.3012297749519348, -0.39784738421440125, -0.23763827979564667, 0.1097995713353157, 0.8364739418029785, 0.10708943754434586, 0.9992924332618713, 0.013478223234415054, 0.03511516749858856, -0.014801821671426296, 0.9991791248321533, 0.037709906697273254]}, {"id": 9, "label": "leg", "box": [0.30763018131256104, -0.4078825116157532, 0.38605996966362, 0.10144900530576706, 0.8254099488258362, 0.11422817409038544, 0.9995308518409729, 0.01019087340682745, -0.02888389863073826, -0.010650678537786007, 0.9998182654380798, -0.01581018976867199]}], "edges": [{"part_a": 0, "part_b": 1, "type": "ROT_SYM"}, {"part_a": 0, "part_b": 1, "type": "TRANS_SYM"}, {"part_a": 0, "part_b": 1, "type": "REF_SYM"}, {"part_a": 0, "part_b": 2, "type": "ROT_SYM"}, {"part_a": 0, "part_b": 2, "type": "TRANS_SYM"}, {"part_a": 0, "part_b": 2, "type": "REF_SYM"}, {"part_a": 0, "part_b": 3, "type": "ROT_SYM"}, {"part_a": 0, "part_b": 3, "type": "TRANS_SYM"}, {"part_a": 0, "part_b": 3, "type": "REF_SYM"}, {"part_a": 1, "part_b": 0, "type": "ROT_SYM"}, {"part_a": 1, "part_b": 0, "type": "TRANS_SYM"}, {"part_a": 1, "part_b": 0, "type": "REF_SYM"}, {"part_a": 1, "part_b": 2, "type": "ROT_SYM"}, {"part_a": 1, "part_b": 2, "type": "TRANS_SYM"}, {"part_a": 1, "part_b": 2, "type": "REF_SYM"}, {"part_a": 1, "part_b": 3, "type": "ROT_SYM"}, {"part_a": 1, "part_b": 3, "type": "TRANS_SYM"}, {"part_a": 1, "part_b": 3, "type": "REF_SYM"}, {"part_a": 2, "part_b": 0, "type": "ROT_SYM"}, {"part_a": 2, "part_b": 0, "type": "TRANS_SYM"}, {"part_a": 2, "part_b": 0, "type": "REF_SYM"}, {"part_a": 2, "part_b": 1, "type": "ROT_SYM"}, {"part_a": 2, "part_b": 1, "type": "TRANS_SYM"}, {"part_a": 2, "part_b": 1, "type": "REF_SYM"}, {"part_a": 2, "part_b": 3, "type": "ROT_SYM"}, {"part_a": 2, "part_b": 3, "type": "TRANS_SYM"}, {"part_a": 2, "part_b": 3, "type": "REF_SYM"}, {"part_a": 3, "part_b": 0, "type": "ROT_SYM"}, {"part_a": 3, "part_b": 0, "type": "TRANS_SYM"}, {"part_a": 3, "part_b": 0, "type": "REF_SYM"}, {"part_a": 3, "part_b": 1, "type": "ROT_SYM"}, {"part_a": 3, "part_b": 1, "type": "TRANS_SYM"}, {"part_a": 3, "part_b": 1, "type": "REF_SYM"}, {"part_a": 3, "part_b": 2, "type": "ROT_SYM"}, {"part_a": 3, "part_b": 2, "type": "TRANS_SYM"}, {"part_a": 3, "part_b": 2, "type": "REF_SYM"}]}]}], "edges": [{"part_a": 0, "part_b": 1, "type": "ADJ"}, {"part_a": 1, "part_b": 0, "type": "ADJ"}, {"part_a": 1, "part_b": 2, "type": "ADJ"}, {"part_a": 2, "part_b": 1, "type": "ADJ"}]}