{"id": 0, "label": "chair", "box": [0.004781070165336132, 0.006909441202878952, 0.04975615069270134, 0.9624897241592407, 1.4701775312423706, 1.026694893836975, 0.9998612999916077, 0.0004030735872220248, 0.016651347279548645, 0.0003326614387333393, 0.999024510383606, -0.04415833204984665], "children": [{"id": 1, "label": "chair_back", "box": [-0.0076311444863677025, 0.33530735969543457, -0.29401522874832153, 0.8383969068527222, 0.900809645652771, 0.1752874106168747, 0.9999372959136963, 0.0015266472473740578, 0.011095957830548286, 0.0008348538540303707, 0.9777526259422302, -0.20975971221923828], "children": [{"id": 0, "label": "back_surface", "box": [0.0026908116415143013, 0.36692169308662415, -0.2635473906993866, 0.7938125729560852, 0.6380332708358765, 0.17113682627677917, 0.9999753832817078, 0.002448183251544833, 0.00658120634034276, -0.0012127357767894864, 0.9833816885948181, -0.1815461367368698], "children": [{"id": 0, "label": "back_single_surface", "box": [0.0039840820245444775, 0.36828285455703735, -0.26087963581085205, 0.807883620262146, 0.6418725848197937, 0.15457521378993988, 0.9999762773513794, -0.002029991243034601, -0.006583373993635178, 0.0008041473920457065, 0.9834631085395813, -0.18110671639442444]}]}, {"id": 2, "label": "back_surface", "box": [-0.012065156362950802, 0.3034392297267914, -0.300120085477829, 0.7580171823501587, 0.7566057443618774, 0.14333473145961761, 0.9999006986618042, 0.002640543272718787, 0.013844975270330906, 0.001097133499570191, 0.9647319316864014, -0.26323202252388], "children": [{"id": 3, "label": "back_single_surface", "box": [0.004676924552768469, 0.27875959873199463, -0.29320210218429565, 0.789771318435669, 0.7630149126052856, 0.14688988029956818, 0.999828040599823, 0.006228636018931866, 0.017467424273490906, -0.0013269141782075167, 0.9635218977928162, -0.26762625575065613]}]}], "edges": [{"part_a": 0, "part_b": 1, "type": "ADJ"}, {"part_a": 1, "part_b": 0, "type": "ADJ"}]}, {"id": 5, "label": "chair_arm", "box": [0.3720461428165436, 0.10161187499761581, 0.0744570791721344, 0.27444690465927124, 0.4653639495372772, 0.6790053844451904, 0.9821552634239197, -0.09855116903781891, -0.16018347442150116, 0.11722292751073837, 0.9868130087852478, 0.11161912232637405], "children": [{"id": 6, "label": "arm_near_vertical_bar", "box": [0.40313729643821716, 0.07088442146778107, 0.3029623329639435, 0.10402887314558029, 0.3324999511241913, 0.22753150761127472, 0.9980485439300537, -0.046780284494161606, -0.04136146977543831, 0.04245683550834656, 0.9940958619117737, -0.09985387325286865]}, {"id": 7, "label": "arm_horizontal_bar", "box": [0.3807576596736908, 0.23462358117103577, 0.051666758954524994, 0.13634255528450012, 0.1559038907289505, 0.6239557266235352, 0.9988512992858887, 0.0010869348188862205, -0.04790542647242546, -0.0030221620108932257, 0.99918133020401, -0.04034293442964554]}, {"id": 0, "label": "arm_near_vertical_bar", "box": [0.3346596956253052, 0.03578468784689903, -0.27558228373527527, 0.1301337629556656, 0.3068029284477234, 0.08953370153903961, 0.9994553327560425, 0.01192178949713707, -0.030772047117352486, -0.01269564125686884, 0.9996049404144287, -0.025076234713196754]}], "edges": [{"part_a": 1, "part_b": 0, "type": "ADJ"}]}, {"id": 8, "label": "chair_arm", "box": [-0.40014350414276123, 0.13300397992134094, 0.08526969701051712, 0.18483658134937286, 0.41828489303588867, 0.706720232963562, 0.995743989944458, 0.07974333316087723, 0.0462048165500164, -0.08232926577329636, 0.9949701428413391, 0.057064175605773926], "children": [{"id": 9, "label": "arm_near_vertical_bar", "box": [-0.36063849925994873, 0.13806632161140442, -0.24959947168827057, 0.11413496732711792, 0.3319612741470337, 0.15693220496177673, 0.9979979991912842, 0.0089220330119133, -0.06261343508958817, -0.008470030501484871, 0.9999361634254456, 0.007480662316083908]}, {"id": 10, "label": "arm_horizontal_bar", "box": [-0.3997705578804016, 0.305158793926239, 0.04138462617993355, 0.12327509373426437, 0.14927902817726135, 0.6001394987106323, 0.999181866645813, 0.008306365460157394, 0.039581045508384705, -0.008284269832074642, 0.9999654293060303, -0.0007222232525236905]}]}, {"id": 11, "label": "chair_seat", "box": [0.014290846884250641, -0.0856807604432106, 0.13292375206947327, 0.9283242225646973, 0.1726657599210739, 0.8390297889709473, 0.9999593496322632, -0.004894094076007605, 0.0075769368559122086, 0.005135116167366505, 0.9994707107543945, -0.032124318182468414], "children": [{"id": 12, "label": "seat_frame", "box": [0.007691263221204281, -0.15376365184783936, 0.1429581195116043, 0.873201847076416, 0.10459022223949432, 0.8149166107177734, 0.9999904036521912, -0.004106173757463694, 0.0015475077088922262, 0.004173507913947105, 0.9989160299301147, -0.04636179655790329], "children": [{"id": 14, "label": "seat_frame_bar", "box": [0.3820674419403076, -0.14033247530460358, 0.1295439451932907, 0.11969458311796188, 0.09606785327196121, 0.6664475798606873, 0.9991529583930969, 0.026505710557103157, -0.03147698938846588, -0.028498830273747444, 0.997500479221344, -0.06465774029493332]}, {"id": 15, "label": "seat_frame_bar", "box": [0.000489458383526653, -0.16344934701919556, -0.2560857832431793, 0.7089678049087524, 0.1086912751197815, 0.12798112630844116, 0.9999510645866394, 0.006733560003340244, 0.007250440306961536, -0.006787658203393221, 0.9999491572380066, 0.0074627455323934555]}, {"id": 0, "label": "seat_frame_bar", "box": [0.0015072363894432783, -0.11955676227807999, 0.5409654378890991, 0.756996750831604, 0.09620121866464615, 0.1434231400489807, 0.9999728202819824, -0.0062993373721838, 0.0038328671362251043, 0.006346318870782852, 0.9999033808708191, -0.012371212244033813]}, {"id": 13, "label": "seat_frame_bar", "box": [-0.39901629090309143, -0.12849578261375427, 0.15693950653076172, 0.1352376788854599, 0.10739629715681076, 0.7133157849311829, 0.999045729637146, -0.02013823203742504, 0.03875793144106865, 0.02205890603363514, 0.9985164403915405, -0.0497833788394928]}], "edges": [{"part_a": 0, "part_b": 1, "type": "ADJ"}, {"part_a": 0, "part_b": 3, "type": "ROT_SYM"}, {"part_a": 0, "part_b": 3, "type": "TRANS_SYM"}, {"part_a": 0, "part_b": 3, "type": "REF_SYM"}, {"part_a": 1, "part_b": 0, "type": "ADJ"}, {"part_a": 1, "part_b": 2, "type": "ROT_SYM"}, {"part_a": 1, "part_b": 2, "type": "TRANS_SYM"}, {"part_a": 1, "part_b": 2, "type": "REF_SYM"}, {"part_a": 1, "part_b": 3, "type": "ADJ"}, {"part_a": 2, "part_b": 0, "type": "ROT_SYM"}, {"part_a": 2, "part_b": 1, "type": "ROT_SYM"}, {"part_a": 2, "part_b": 1, "type": "TRANS_SYM"}, {"part_a": 2, "part_b": 1, "type": "REF_SYM"}, {"part_a": 3, "part_b": 0, "type": "ROT_SYM"}, {"part_a": 3, "part_b": 0, "type": "TRANS_SYM"}, {"part_a": 3, "part_b": 0, "type": "REF_SYM"}, {"part_a": 3, "part_b": 1, "type": "ADJ"}, {"part_a": 3, "part_b": 1, "type": "ROT_SYM"}, {"part_a": 3, "part_b": 2, "type": "ADJ"}]}, {"id": 17, "label": "seat_surface", "box": [0.004084007348865271, -0.046827398240566254, 0.14866502583026886, 0.8653814792633057, 0.13735973834991455, 0.8310459852218628, 0.9999971389770508, 0.0016590806189924479, -0.0017297137528657913, -0.001706049544736743, 0.9996199607849121, -0.027515843510627747], "children": [{"id": 18, "label": "seat_single_surface", "box": [0.003980207722634077, -0.05016445368528366, 0.1516568809747696, 0.8598993420600891, 0.14663080871105194, 0.8297380805015564, 0.9999989867210388, 0.001441632048226893, -0.0001283601886825636, -0.0014424835098907351, 0.9999751448631287, -0.006901761516928673]}]}], "edges": [{"part_a": 0, "part_b": 1, "type": "ADJ"}, {"part_a": 1, "part_b": 0, "type": "ADJ"}]}, {"id": 19, "label": "chair_base", "box": [0.015279563143849373, -0.3912423551082611, 0.12015387415885925, 0.9191267490386963, 0.49565359950065613, 0.9504076838493347, 0.9998821020126343, 0.009765105322003365, -0.011851204559206963, -0.011097005568444729, 0.9929407238960266, -0.11809153109788895]}], "edges": [{"part_a": 0, "part_b": 1, "type": "ADJ"}, {"part_a": 0, "part_b": 3, "type": "ADJ"}, {"part_a": 1,