{"id": 0, "label": "chair", "box": [0.006299003958702087, 0.0783664882183075, 0.06479500234127045, 0.691491961479187, 0.691491961479187, 1.8107469081878662, 1.0, 6.123234262925839e-17, 0.0, 0.0, 0.0, 1.0], "children": [{"id": 1, "label": "chair_back", "box": [0.006268932018429041, 0.5314021110534668, -0.2071845531463623, 0.1478235125541687, 0.6915231347084045, 0.904677152633667, 0.0004543806426227093, 4.9730133468983695e-05, -0.9999998807907104, -0.9999998807907104, -6.248780846362934e-05, -0.00045438375673256814], "children": [{"id": 2, "label": "back_surface", "box": [0.006268932018429041, 0.5314021110534668, -0.2071845531463623, 0.1478235125541687, 0.6915231347084045, 0.904677152633667, 0.0004543806426227093, 4.9730133468983695e-05, -0.9999998807907104, -0.9999998807907104, -6.248780846362934e-05, -0.00045438375673256814], "children": [{"id": 3, "label": "back_single_surface", "box": [0.006268932018429041, 0.5314021110534668, -0.2071845531463623, 0.1478235125541687, 0.6915231347084045, 0.904677152633667, 0.0004543806426227093, 4.9730133468983695e-05, -0.9999998807907104, -0.9999998807907104, -6.248780846362934e-05, -0.00045438375673256814]}]}]}, {"id": 4, "label": "chair_arm", "box": [-0.28245773911476135, 0.21170391142368317, 0.12801039218902588, 0.11431673169136047, 0.22434158623218536, 0.5668439269065857, -0.9999900460243225, -0.004225978162139654, -0.0014309398829936981, -0.0042408667504787445, 0.9999351501464844, 0.010566707700490952], "children": [{"id": 5, "label": "arm_horizontal_bar", "box": [-0.2859845757484436, 0.28137144446372986, 0.12809136509895325, 0.0907164141535759, 0.11441048234701157, 0.5641483664512634, -0.006527037359774113, 0.9999787211418152, -2.888701783376746e-05, 0.9998961091041565, 0.006526869721710682, 0.012851024977862835]}, {"id": 6, "label": "arm_near_vertical_bar", "box": [-0.2832643687725067, 0.1789155751466751, 0.3549644649028778, 0.11088785529136658, 0.11434343457221985, 0.16213490068912506, 0.001300607342272997, 0.001973648089915514, -0.9999971985816956, -0.9999262094497681, -0.012076294049620628, -0.0013243494322523475]}], "edges": [{"type": "ADJ", "part_a": 1, "part_b": 0, "dist": 0.00915730718737986}]}, {"id": 7, "label": "chair_arm", "box": [0.29648861289024353, 0.20904487371444702, 0.1279914528131485, 0.11115478724241257, 0.23020274937152863, 0.5670554637908936, 0.9999997615814209, 0.0004550548328552395, -0.0005609997897408903, -0.0004491498111747205, 0.9999449849128723, 0.010481470264494419], "children": [{"id": 8, "label": "arm_horizontal_bar", "box": [0.29935744404792786, 0.27929040789604187, 0.12767799198627472, 0.09532943367958069, 0.10536110401153564, 0.5657355189323425, 0.0018143780762329698, 0.9999982714653015, -0.0004529494035523385, -0.9999982118606567, 0.0018146320944651961, 0.0005609837244264781]}, {"id": 9, "label": "arm_near_vertical_bar", "box": [0.30077534914016724, 0.17718973755836487, 0.35379478335380554, 0.11070318520069122, 0.11332813650369644, 0.16679906845092773, 0.9984519481658936, -0.05543169751763344, 0.004586344584822655, -0.004565771669149399, 0.0004977791686542332, 0.9999894499778748]}], "edges": [{"type": "ADJ", "part_a": 1, "part_b": 0, "dist": 0.010495240661131102}]}, {"id": 10, "label": "chair_seat", "box": [0.0062976074405014515, 0.01681997813284397, 0.06456870585680008, 0.19772595167160034, 0.6919483542442322, 0.6930108666419983, -0.0004839162575080991, -0.9999643564224243, 0.008431795984506607, -0.9999997019767761, 0.0004788195074070245, -0.0006064745248295367], "children": [{"id": 11, "label": "seat_surface", "box": [0.0062976074405014515, 0.01681997813284397, 0.06456870585680008, 0.19772595167160034, 0.6919483542442322, 0.6930108666419983, -0.0004839162575080991, -0.9999643564224243, 0.008431795984506607, -0.9999997019767761, 0.0004788195074070245, -0.0006064745248295367], "children": [{"id": 12, "label": "seat_single_surface", "box": [0.0062976074405014515, 0.01681997813284397, 0.06456870585680008, 0.19772595167160034, 0.6919483542442322, 0.6930108666419983, -0.0004839162575080991, -0.9999643564224243, 0.008431795984506607, -0.9999997019767761, 0.0004788195074070245, -0.0006064745248295367]}]}]}, {"id": 13, "label": "chair_base", "box": [0.006299004424363375, -0.4425915777683258, 0.06479371339082718, 0.6915214657783508, 0.6915560364723206, 0.7688084244728088, 1.0, -1.4091360300838573e-09, 4.949366848450154e-05, -4.949366848450154e-05, -5.1216029532952234e-05, 1.0], "children": [{"id": 14, "label": "regular_leg_base", "box": [0.006299004424363375, -0.4425915777683258, 0.06479371339082718, 0.6915214657783508, 0.6915560364723206, 0.7688084244728088, 1.0, -1.4091360300838573e-09, 4.949366848450154e-05, -4.949366848450154e-05, -5.1216029532952234e-05, 1.0], "children": [{"id": 15, "label": "leg", "box": [-0.24593885242938995, -0.44214823842048645, -0.2171238511800766, 0.12770859897136688, 0.18702594935894012, 0.7649519443511963, -0.00020192966621834785, -5.114216037327424e-05, -1.0, 1.0, -1.0327119603914525e-08, -0.00020192966621834785]}, {"id": 16, "label": "leg", "box": [0.26644012331962585, -0.44123417139053345, -0.2197861522436142, 0.14683952927589417, 0.17121239006519318, 0.7692347168922424, -0.00010165317507926375, 0.03398313373327255, -0.9994224309921265, -1.0, 5.88457545084755e-17, 0.00010171192116104066]}, {"id": 17, "label": "leg", "box": [0.2663901746273041, -0.44328248500823975, 0.32615628838539124, 0.16880640387535095, 0.17131325602531433, 0.7674533128738403, 4.964047184330411e-05, 4.9610396672505885e-05, -1.0, 1.0, 3.328226583221294e-11, 4.964047184330411e-05]}, {"id": 18, "label": "leg", "box": [-0.2524572014808655, -0.44142022728919983, 0.32317450642585754, 0.1740577071905136, 0.1747329980134964, 0.7664154767990112, 1.0, -0.00010237217065878212, 0.0, 0.0, 0.0, 1.0]}], "edges": [{"type": "REF_SYM", "part_a": 1, "part_b": 0, "dist": 0.02190688383700622, "params": [0.009205222129821777, -0.46103769540786743, -0.22017435729503632, -0.9999896287918091, -0.004540932364761829, -1.2987483387405518e-05]}, {"type": "TRANS_SYM", "part_a": 1, "part_b": 0, "dist": 0.02156993400026601, "params": [-0.5277745127677917, -0.002396613359451294, -6.854534149169922e-06]}, {"type": "ROT_SYM", "part_a": 1, "part_b": 0, "dist": 0.022848347319194835, "params": [0.00920440349727869, -0.4614351689815521, -0.21009691059589386, 0.004509960301220417, 0.9999880790710449, 0.0018761154497042298, 3.0652458667755127]}, {"type": "REF_SYM", "part_a": 2, "part_b": 0, "dist": 0.036586806617755124, "params": [0.00951889157295227, -0.46313199400901794, 0.05333929508924484, -0.6947497129440308, 0.0023560847621411085, -0.7192476987838745]}, {"type": "TRANS_SYM", "part_a": 2, "part_b": 0, "dist": 0.04085698499962781, "params": [-0.5284018516540527, 0.0017919540405273438, -0.5470341444015503]}, {"type": "ROT_SYM", "part_a": 2, "part_b": 0, "dist": 0.03647615280363446, "params": [-0.22513161599636078, 0.5356675386428833, 0.284174382686615, -0.0009727236465550959, 0.9999905824661255, 0.00421857088804245, 1.7256704568862915]}, {"type": "REF_SYM", "part_a": 2, "part_b": 1, "dist": 0.04066660661698921, "params": [0.27340614795684814, -0.4619336724281311, 0.05334272235631943, -0.0011467802105471492, 0.00765673303976655, -0.999970018863678]}, {"type": "TRANS_SYM", "part_a": 2, "part_b": 1, "dist": 0.04056945914733143, "params": [-0.0006273388862609863, 0.004188567399978638, -0.5470272898674011]}, {"type": "ROT_SYM", "part_a": 2, "part_b": 1, "dist": 0.03943491266715976, "params": [0.05706627666950226, -0.45978859066963196, 0.05360344424843788, 0.0005258069140836596, 0.9999863505363464, 0.0052075437270104885, 1.8031978607177734]}, {"type": "REF_SYM", "part_a": 3, "part_b": 0, "dist": 0.04167933747607777, "params": [-0.2559048533439636, -0.46172499656677246, 0.05375608056783676, 0.004463814198970795, -0.0018654664745554328, -0.9999882578849792]}, {"type": "TRANS_SYM", "part_a": 3, "part_b": 0, "dist": 0.0416809559289377,