{"id": 0, "label": "chair", "box": [-0.021055489778518677, -0.016229338943958282, -0.09078992903232574, 0.8651124238967896, 1.1876590251922607, 1.4015913009643555, -3.372964936177674e-17, 0.8346062898635864, 0.5508469939231873, 1.0, 0.0, 6.123234262925839e-17], "children": [{"id": 1, "label": "chair_back", "box": [-0.021055633202195168, 0.38359442353248596, -0.39993393421173096, 0.2659603953361511, 0.6076002717018127, 1.1877086162567139, -0.0002874626952689141, -0.17030619084835052, -0.9853911399841309, 1.027632481533085e-16, -0.9853911995887756, 0.17030620574951172], "children": [{"id": 2, "label": "back_surface", "box": [-0.021055633202195168, 0.38359442353248596, -0.39993393421173096, 0.2659603953361511, 0.6076002717018127, 1.1877086162567139, -0.0002874626952689141, -0.17030619084835052, -0.9853911399841309, 1.027632481533085e-16, -0.9853911995887756, 0.17030620574951172], "children": [{"id": 3, "label": "back_single_surface", "box": [-0.021055633202195168, 0.38359442353248596, -0.39993393421173096, 0.2659603953361511, 0.6076002717018127, 1.1877086162567139, -0.0002874626952689141, -0.17030619084835052, -0.9853911399841309, 1.027632481533085e-16, -0.9853911995887756, 0.17030620574951172]}]}]}, {"id": 4, "label": "chair_seat", "box": [-0.021108346059918404, 0.06387294083833694, 0.06402217596769333, 0.21232233941555023, 0.9929817318916321, 1.1942142248153687, -0.0005057157832197845, -0.9979652762413025, -0.063757985830307, -0.007225305773317814, 0.06375997513532639, -0.9979391098022461], "children": [{"id": 5, "label": "seat_surface", "box": [-0.021108346059918404, 0.06387294083833694, 0.06402217596769333, 0.21232233941555023, 0.9929817318916321, 1.1942142248153687, -0.0005057157832197845, -0.9979652762413025, -0.063757985830307, -0.007225305773317814, 0.06375997513532639, -0.9979391098022461], "children": [{"id": 6, "label": "seat_single_surface", "box": [-0.021108346059918404, 0.06387294083833694, 0.06402217596769333, 0.21232233941555023, 0.9929817318916321, 1.1942142248153687, -0.0005057157832197845, -0.9979652762413025, -0.063757985830307, -0.007225305773317814, 0.06375997513532639, -0.9979391098022461]}]}]}, {"id": 7, "label": "chair_base", "box": [-0.021056562662124634, -0.26837170124053955, 0.1564706563949585, 0.3926880657672882, 1.0241994857788086, 1.1876708269119263, 5.111007340019569e-05, 0.9383421540260315, -0.3457079827785492, 3.235975043480721e-08, 0.3457079827785492, 0.9383421540260315]}], "edges": [{"part_a": 1, "dist": 0.017546234287086307, "type": "ADJ", "part_b": 0}, {"part_a": 2, "dist": 0.010497411407571761, "type": "ADJ", "part_b": 1}]}