{"id": 0, "label": "chair", "box": [-0.006294459570199251, -0.07875395566225052, 0.05139395222067833, 0.6708299517631531, 1.6314969062805176, 0.7110452055931091, 0.9999524354934692, 0.00033974414691329, 0.009747449308633804, -0.00012026503100059927, 0.9997466206550598, -0.022508325055241585], "children": [{"id": 1, "label": "chair_back", "box": [0.0005731041892431676, 0.4095016121864319, -0.2696309983730316, 0.6909722089767456, 0.6998279094696045, 0.14037562906742096, 0.999904453754425, 0.012190279550850391, 0.0065210843458771706, -0.011498253792524338, 0.9951890707015991, -0.09729640185832977], "children": [{"id": 0, "label": "back_surface", "box": [-0.013279510661959648, 0.4021102786064148, -0.24203531444072723, 0.6216615438461304, 0.7083398699760437, 0.12141445279121399, 0.9999624490737915, -0.007626405451446772, -0.0041154297068715096, 0.007232899311929941, 0.996060311794281, -0.08838263899087906], "children": [{"id": 0, "label": "back_single_surface", "box": [-0.01540139690041542, 0.406559556722641, -0.24848432838916779, 0.6352129578590393, 0.7171555757522583, 0.11024907976388931, 0.9999596476554871, 0.007943348027765751, -0.004195334389805794, -0.00833829864859581, 0.9944908618927002, -0.10449130088090897]}]}]}, {"id": 4, "label": "chair_seat", "box": [-0.001870430656708777, 0.09185399115085602, 0.09157061576843262, 0.7473664283752441, 0.130807563662529, 0.7175486087799072, 0.9999923706054688, -0.0014070915058255196, 0.0036529148928821087, 0.0013443356147035956, 0.9998524785041809, 0.01712566800415516], "children": [{"id": 5, "label": "seat_surface", "box": [-0.00415367865934968, 0.08733516931533813, 0.07574625313282013, 0.7327961921691895, 0.14239129424095154, 0.7329686880111694, 0.999962568283081, -0.0014485671417787671, 0.008534940890967846, 0.0013488687109202147, 0.9999309182167053, 0.011675404384732246], "children": [{"id": 6, "label": "seat_single_surface", "box": [0.0034568023402243853, 0.0728159099817276, 0.07889482378959656, 0.7027268409729004, 0.14564046263694763, 0.7116894125938416, 0.9999969005584717, -0.002367163309827447, -0.0007799659506417811, 0.0023765673395246267, 0.9999217391014099, 0.012285200878977776]}]}]}, {"id": 7, "label": "chair_base", "box": [-0.006401488557457924, -0.40716618299484253, 0.05903727188706398, 0.664590060710907, 0.9738559126853943, 0.6612548828125, 0.999968409538269, -0.0028433857951313257, -0.0074212015606462955, 0.0028677834197878838, 0.9999905228614807, 0.0032789683900773525], "children": [{"id": 8, "label": "regular_leg_base", "box": [-0.010161550715565681, -0.4181056618690491, 0.07006371021270752, 0.6617956161499023, 0.9113245010375977, 0.6806713938713074, 0.9999508261680603, -0.00032561903935857117, 0.0099142761901021, 0.00040289561729878187, 0.9999695420265198, -0.00779347587376833], "children": [{"id": 0, "label": "bar_stretcher", "box": [0.04278451204299927, -0.6423783302307129, 0.3007766902446747, 0.3891923129558563, 0.12604668736457825, 0.12174370884895325, 0.9998684525489807, 0.01271082740277052, -0.010078572668135166, -0.012164268642663956, 0.9985440969467163, 0.05255231261253357]}, {"id": 14, "label": "runner", "box": [0.30039182305336, -0.7636431455612183, 0.026779990643262863, 0.09336310625076294, 0.1313772350549698, 0.46661797165870667, 0.9953538179397583, 0.08115669339895248, -0.051811352372169495, -0.08007724583148956, 0.9965327978134155, 0.022584164515137672]}, {"id": 11, "label": "leg", "box": [-0.2710837721824646, -0.42608338594436646, -0.20316500961780548, 0.09908316284418106, 0.8775169849395752, 0.11414171755313873, 0.9993403553962708, -0.022936785593628883, 0.028156206011772156, 0.02083117701113224, 0.9971199035644531, 0.07292496412992477]}, {"id": 10, "label": "leg", "box": [-0.2546471655368805, -0.39747267961502075, 0.3556489944458008, 0.10867064446210861, 0.8775424361228943, 0.11331106722354889, 0.9994634389877319, -0.01981215737760067, 0.026083139702677727, 0.0205673985183239, 0.9993674159049988, -0.02901250310242176]}, {"id": 13, "label": "runner", "box": [-0.24590054154396057, -0.7631288766860962, 0.1404547542333603, 0.13354241847991943, 0.12956573069095612, 0.4162636399269104, 0.998441755771637, 0.03907881677150726, 0.039836570620536804, -0.03941900655627251, 0.9991924166679382, 0.00778991961851716]}, {"id": 12, "label": "leg", "box": [0.2579861581325531, -0.4212738871574402, -0.20484118163585663, 0.0992266908288002, 0.8850975036621094, 0.10006815195083618, 0.9981251358985901, 0.031408101320266724, 0.052534088492393494, -0.03676648810505867, 0.9938600659370422, 0.104357048869133]}, {"id": 0, "label": "bar_stretcher", "box": [-0.002424159087240696, -0.5734356641769409, -0.2201983481645584, 0.39901384711265564, 0.27691537141799927, 0.12280064076185226, 0.9981944561004639, 0.01356683112680912, -0.05851319804787636, -0.00784099567681551, 0.9952538013458252, 0.0969969630241394]}, {"id": 9, "label": "leg", "box": [0.26245781779289246, -0.4013342261314392, 0.3065473139286041, 0.11279237270355225, 0.9145628213882446, 0.11813544481992722, 0.9997236132621765, 0.017064828425645828, -0.016173474490642548, -0.017458423972129822, 0.999547004699707, -0.024515531957149506]}], "edges": [{"part_a": 0, "part_b": 3, "type": "ADJ"}, {"part_a": 0, "part_b": 7, "type": "ADJ"}, {"part_a": 1, "part_b": 4, "type": "ROT_SYM"}, {"part_a": 1, "part_b": 4, "type": "TRANS_SYM"}, {"part_a": 1, "part_b": 4, "type": "REF_SYM"}, {"part_a": 1, "part_b": 5, "type": "ADJ"}, {"part_a": 1, "part_b": 7, "type": "ADJ"}, {"part_a": 2, "part_b": 3, "type": "ROT_SYM"}, {"part_a": 2, "part_b": 3, "type": "TRANS_SYM"}, {"part_a": 2, "part_b": 3, "type": "REF_SYM"}, {"part_a": 2, "part_b": 4, "type": "ADJ"}, {"part_a": 2, "part_b": 5, "type": "ROT_SYM"}, {"part_a": 2, "part_b": 5, "type": "TRANS_SYM"}, {"part_a": 2, "part_b": 5, "type": "REF_SYM"}, {"part_a": 2, "part_b": 6, "type": "ADJ"}, {"part_a": 2, "part_b": 7, "type": "ROT_SYM"}, {"part_a": 2, "part_b": 7, "type": "TRANS_SYM"}, {"part_a": 2, "part_b": 7, "type": "REF_SYM"}, {"part_a": 3, "part_b": 0, "type": "ADJ"}, {"part_a": 3, "part_b": 2, "type": "ROT_SYM"}, {"part_a": 3, "part_b": 2, "type": "TRANS_SYM"}, {"part_a": 3, "part_b": 2, "type": "REF_SYM"}, {"part_a": 3, "part_b": 4, "type": "ADJ"}, {"part_a": 3, "part_b": 5, "type": "ROT_SYM"}, {"part_a": 3, "part_b": 5, "type": "TRANS_SYM"}, {"part_a": 3, "part_b": 5, "type": "REF_SYM"}, {"part_a": 3, "part_b": 7, "type": "ROT_SYM"}, {"part_a": 3, "part_b": 7, "type": "TRANS_SYM"}, {"part_a": 3, "part_b": 7, "type": "REF_SYM"}, {"part_a": 4, "part_b": 1, "type": "ROT_SYM"}, {"part_a": 4, "part_b": 1, "type": "TRANS_SYM"}, {"part_a": 4, "part_b": 1, "type": "REF_SYM"}, {"part_a": 4, "part_b": 2, "type": "ADJ"}, {"part_a": 4, "part_b": 3, "type": "ADJ"}, {"part_a": 5, "part_b": 1, "type": "ADJ"}, {"part_a": 5, "part_b": 2, "type": "ROT_SYM"}, {"part_a": 5, "part_b": 2, "type": "TRANS_SYM"}, {"part_a": 5, "part_b": 2, "type": "REF_SYM"}, {"part_a": 5, "part_b": 3, "type": "ROT_SYM"}, {"part_a": 5, "part_b": 3, "type": "TRANS_SYM"}, {"part_a": 5, "part_b": 3, "type": "REF_SYM"}, {"part_a": 5, "part_b": 6, "type": "ADJ"}, {"part_a": 5, "part_b": 7, "type": "ROT_SYM"}, {"part_a": 5, "part_b": 7, "type": "TRANS_SYM"}, {"part_a": 5, "part_b": 7, "type": "REF_SYM"}, {"part_a": 6, "part_b": 2, "type": "ADJ"}, {"part_a": 6, "part_b": 5, "type": "ADJ"}, {"part_a": 7, "part_b": 0, "type": "ADJ"}, {"part_a": 7, "part_b": 1, "type": "ADJ"}, {"part_a": 7, "part_b": 2, "type": "ROT_SYM"}, {"part_a": 7, "part_b": 2, "type": "TRANS_SYM"}, {"part_a": 7, "part_b": 2, "type": "REF_SYM"}, {"part_a": 7, "part_b": 3, "type": "ROT_SYM"}, {"part_a": 7, "part_b": 3, "type": "TRANS_SYM"}, {"part_a": 7, "part_b": 3, "type": "REF_SYM"}, {"part_a": 7, "part_b": 5, "type": "ROT_SYM"}, {"part_a": 7, "part_b": 5, "type": "TRANS_SYM"}, {"part_a": 7, "part_b": 5, "type": "REF_SYM"}]}]}], "edges": [{"part_a": 0, "part_b": 1, "type": "ADJ"}, {"part_a": 1, "part_b": 0, "type": "ADJ"}, {"part_a": 1, "part_b": 2, "type": "ADJ"}, {"part_a": 2,