{"id": 0, "label": "chair", "box": [-0.007743654306977987, -0.1428815722465515, 0.0579741932451725, 0.8593371510505676, 0.8847749829292297, 1.3684319257736206, -1.0, -6.683708488708362e-05, -0.0001931774168042466, -0.00019310519564896822, -0.0010788100771605968, 0.9999994039535522], "children": [{"id": 1, "label": "chair_back", "box": [-0.008064287714660168, 0.057605478912591934, -0.08391303569078445, 0.4735170602798462, 0.8589613437652588, 1.0455280542373657, -1.9469214748824015e-05, -0.7806597948074341, -0.6249562501907349, 0.999998152256012, -0.0012203736696392298, 0.0014932684134691954], "children": [{"id": 2, "label": "back_surface", "box": [-0.00808482151478529, 0.05095089226961136, -0.0756005048751831, 0.4735170602798462, 0.8589613437652588, 1.0242319107055664, -1.9469214748824015e-05, -0.7806597948074341, -0.6249562501907349, 0.999998152256012, -0.0012203736696392298, 0.0014932684134691954], "children": [{"id": 3, "label": "back_single_surface", "box": [-0.00808482151478529, 0.05095089226961136, -0.0756005048751831, 0.4735170602798462, 0.8589613437652588, 1.0242319107055664, -1.9469214748824015e-05, -0.7806597948074341, -0.6249562501907349, 0.999998152256012, -0.0012203736696392298, 0.0014932684134691954]}]}, {"id": 4, "label": "back_frame", "box": [-0.007591129746288061, 0.22723641991615295, -0.2835259437561035, 0.07620435208082199, 0.6442852020263672, 0.8592813611030579, -0.0036519907880574465, -0.16975636780261993, -0.9854792952537537, 0.0017455423949286342, 0.9854832887649536, -0.16976352035999298], "children": [{"id": 5, "label": "back_frame_vertical_bar", "box": [-0.399670273065567, 0.23052610456943512, -0.2782960832118988, 0.05750922113656998, 0.08377896249294281, 0.6261192560195923, -0.03554923087358475, -0.12525512278079987, -0.991487443447113, -0.9991253018379211, -0.017405910417437553, 0.038021981716156006]}, {"id": 6, "label": "back_frame_vertical_bar", "box": [0.38712015748023987, 0.22338257730007172, -0.2809530794620514, 0.054259635508060455, 0.06887292861938477, 0.6402435302734375, -0.005201901774853468, -0.1254834085702896, -0.9920820593833923, -0.9999845027923584, -0.0013074679300189018, 0.005408712662756443]}, {"id": 7, "label": "back_frame_horizontal_bar", "box": [-0.01486593671143055, 0.5065571069717407, -0.34759223461151123, 0.04474567249417305, 0.07193802297115326, 0.7644311785697937, -0.0012561596231535077, -0.16785462200641632, -0.9858109354972839, 0.0023177159018814564, -0.9858095645904541, 0.16785143315792084]}], "edges": [{"type": "ADJ", "dist": 0.0043973424830742475, "part_b": 0, "part_a": 2}, {"type": "ADJ", "dist": 0.006076338315703114, "part_b": 1, "part_a": 2}, {"type": "REF_SYM", "params": [-0.005351513624191284, 0.2320733368396759, -0.2793641686439514, -0.9999199509620667, -0.011578151024878025, 0.0050929454155266285], "dist": 0.016366876540058518, "part_b": 0, "part_a": 1}, {"type": "TRANS_SYM", "params": [-0.8010552525520325, -0.009275481104850769, 0.004080057144165039], "dist": 0.019801033973392182, "part_b": 0, "part_a": 1}, {"type": "ROT_SYM", "params": [-0.003423629328608513, -0.8123347759246826, 3.3899240493774414, -0.012725505977869034, 0.9998050332069397, 0.015098299831151962, 0.2165631204843521], "dist": 0.024077094348955917, "part_b": 0, "part_a": 1}]}], "edges": [{"type": "ADJ", "dist": 0.0034634397679999544, "part_b": 0, "part_a": 1}]}, {"id": 8, "label": "chair_seat", "box": [-0.008867332711815834, -0.0380297489464283, 0.11856615543365479, 0.09815187007188797, 0.764867901802063, 0.8037840127944946, 0.000803973525762558, 0.9999961853027344, 0.002641010098159313, -0.0017267673974856734, -0.0026396187022328377, 0.9999950528144836], "children": [{"id": 9, "label": "seat_surface", "box": [-0.0077999490313231945, -0.03222845867276192, 0.14492164552211761, 0.08608236908912659, 0.7122359871864319, 0.782386064529419, 0.009522449225187302, 0.9995595812797546, 0.028106218203902245, 0.00031905045034363866, -0.028110528364777565, 0.9996047616004944], "children": [{"id": 10, "label": "seat_single_surface", "box": [-0.0077999490313231945, -0.03222845867276192, 0.14492164552211761, 0.08608236908912659, 0.7122359871864319, 0.782386064529419, 0.009522449225187302, 0.9995595812797546, 0.028106218203902245, 0.00031905045034363866, -0.028110528364777565, 0.9996047616004944]}]}, {"id": 11, "label": "seat_frame", "box": [-0.008456675335764885, -0.051837872713804245, 0.11807353049516678, 0.09450110048055649, 0.7634326219558716, 0.8037842512130737, -8.967815665528178e-05, -0.9993495345115662, -0.036062318831682205, 0.0004421530175022781, 0.03606227785348892, -0.9993494749069214], "children": [{"id": 12, "label": "seat_frame_bar", "box": [0.3282976448535919, -0.05539944767951965, 0.11386580765247345, 0.05289129167795181, 0.10525403916835785, 0.6650332808494568, -0.09619877487421036, -0.9953337907791138, -0.007509647868573666, 0.9946417212486267, -0.09641341120004654, 0.037314243614673615]}, {"id": 13, "label": "seat_frame_bar", "box": [-0.35088229179382324, -0.05704323947429657, 0.12325514107942581, 0.06733639538288116, 0.10171575099229813, 0.7302768230438232, 0.1547723263502121, 0.9879454970359802, -0.0030370422173291445, -0.9872138500213623, 0.15477490425109863, 0.0381246916949749]}, {"id": 14, "label": "seat_frame_bar", "box": [-0.007564482279121876, -0.042490556836128235, -0.23057496547698975, 0.07273492217063904, 0.09247627854347229, 0.7535532712936401, -0.0062567186541855335, 0.3170270025730133, -0.948395848274231, -0.00021762237884104252, 0.9484139680862427, 0.317034512758255]}, {"id": 15, "label": "seat_frame_bar", "box": [-0.013686961494386196, -0.06672295928001404, 0.47443991899490356, 0.03975749388337135, 0.07095339149236679, 0.6280798316001892, -3.640954673755914e-05, 0.9491681456565857, -0.31476953625679016, -0.006519741844385862, 0.3147626221179962, 0.9491480588912964]}], "edges": [{"type": "ADJ", "dist": 0.006659127719045171, "part_b": 0, "part_a": 2}, {"type": "ADJ", "dist": 0.009577760308768486, "part_b": 1, "part_a": 2}, {"type": "ADJ", "dist": 0.009912860967115102, "part_b": 0, "part_a": 3}, {"type": "ADJ", "dist": 0.007740249777272359, "part_b": 1, "part_a": 3}, {"type": "REF_SYM", "params": [-0.010384425520896912, -0.05716109648346901, 0.11206594109535217, 0.9997875094413757, -0.006650836206972599, -0.019511358812451363], "dist": 0.02079802347112179, "part_b": 0, "part_a": 1}, {"type": "TRANS_SYM", "params": [0.6926237344741821, -0.004607506096363068, -0.013516902923583984], "dist": 0.01953058249621232, "part_b": 0, "part_a": 1}, {"type": "ROT_SYM", "params": [-0.05457755923271179, -3.395167350769043, 1.2332816123962402, -0.020214997231960297, -0.03604815900325775, -0.9991456270217896, 0.20441962778568268], "dist": 0.02924093691503406, "part_b": 0, "part_a": 1}, {"type": "ROT_SYM", "params": [-0.2282504141330719, -0.40724387764930725, 0.3188031315803528, 0.6505509614944458, 0.40963223576545715, -0.6395192742347717, 2.3961799144744873], "dist": 0.04377766558406862, "part_b": 0, "part_a": 2}, {"type": "REF_SYM", "params": [-0.18094250559806824, -0.05225975811481476, -0.06224845349788666, -0.6964519619941711, -0.010293330997228622, 0.7175294756889343], "dist": 0.04098996886679348, "part_b": 1, "part_a": 2}, {"type": "ROT_SYM", "params": [0.06079712510108948, 0.5578100681304932, 0.18319477140903473, -0.4952440559864044, -0.7150551676750183, -0.4933857023715973, 1.9014595746994019], "dist": 0.020052089537702832, "part_b": 1, "part_a": 2}, {"type": "REF_SYM", "params": [0.16161248087882996, -0.06419826298952103, 0.29100149869918823, 0.6842967867851257, 0.018581649288535118, -0.7289667725563049], "dist": 0.03334297641644345, "part_b": 0, "part_a": 3}, {"type": "ROT_SYM", "params": [0.33029383420944214, 0.06916680186986923, 0.44963812828063965, 0.10408391058444977, -0.9900227785110474, 0.09498129785060883, 1.5973037481307983], "dist": 0.021538397532068477, "part_b": 0, "part_a": 3}, {"type": "REF_SYM",