{"id": 0, "label": "chair", "box": [-0.0026255249977111816, -0.021528005599975586, 0.09551548957824707, 1.0352749824523926, 1.4201250076293945, 1.4592419862747192, -6.123234262925839e-17, 6.123234262925839e-17, 1.0, 1.0, 0.0, 6.123234262925839e-17], "children": [{"id": 1, "label": "chair_back", "box": [-0.002625495195388794, 0.18106849491596222, -0.2716994881629944, 0.3008449971675873, 1.054049015045166, 1.060425043106079, -6.123234262925839e-17, -6.123234262925839e-17, 1.0, 6.123234262925839e-17, 1.0, 6.123234262925839e-17], "children": [{"id": 2, "label": "back_surface", "box": [-0.002625495195388794, 0.18106849491596222, -0.2716994881629944, 0.3008449971675873, 1.054049015045166, 1.060425043106079, -6.123234262925839e-17, -6.123234262925839e-17, 1.0, 6.123234262925839e-17, 1.0, 6.123234262925839e-17], "children": [{"id": 3, "label": "back_single_surface", "box": [-0.002625495195388794, 0.18106849491596222, -0.2716994881629944, 0.3008449971675873, 1.054049015045166, 1.060425043106079, -6.123234262925839e-17, -6.123234262925839e-17, 1.0, 6.123234262925839e-17, 1.0, 6.123234262925839e-17]}]}]}, {"id": 4, "label": "chair_arm", "box": [0.6161004900932312, 0.021700501441955566, 0.026051998138427734, 0.18267297744750977, 0.7296710014343262, 0.8907060027122498, -1.0, 1.8369701465288538e-16, 0.0, 1.8369701465288538e-16, 1.0, 0.0], "children": [{"id": 5, "label": "arm_sofa_style", "box": [0.6161004900932312, 0.021700501441955566, 0.026051998138427734, 0.18267297744750977, 0.7296710014343262, 0.8907060027122498, -1.0, 1.8369701465288538e-16, 0.0, 1.8369701465288538e-16, 1.0, 0.0]}]}, {"id": 6, "label": "chair_arm", "box": [-0.6213514804840088, 0.021700501441955566, 0.026051998138427734, 0.18267303705215454, 0.7296710014343262, 0.8907060027122498, -1.0, 1.8369701465288538e-16, 0.0, 1.8369701465288538e-16, 1.0, 0.0], "children": [{"id": 7, "label": "arm_sofa_style", "box": [-0.6213514804840088, 0.021700501441955566, 0.026051998138427734, 0.18267303705215454, 0.7296710014343262, 0.8907060027122498, -1.0, 1.8369701465288538e-16, 0.0, 1.8369701465288538e-16, 1.0, 0.0]}]}, {"id": 8, "label": "chair_seat", "box": [-0.002625628374516964, -0.1958799958229065, 0.22600911557674408, 0.3001520037651062, 0.7742908596992493, 1.0604287385940552, 1.6131712473703928e-27, 1.0, -6.285808785611267e-22, -5.132752448844258e-06, 6.285808785611267e-22, 1.0], "children": [{"id": 9, "label": "seat_surface", "box": [-0.002625628374516964, -0.1958799958229065, 0.22600911557674408, 0.3001520037651062, 0.7742908596992493, 1.0604287385940552, 1.6131712473703928e-27, 1.0, -6.285808785611267e-22, -5.132752448844258e-06, 6.285808785611267e-22, 1.0], "children": [{"id": 10, "label": "seat_single_surface", "box": [-0.002625628374516964, -0.1958799958229065, 0.22600911557674408, 0.3001520037651062, 0.7742908596992493, 1.0604287385940552, 1.6131712473703928e-27, 1.0, -6.285808785611267e-22, -5.132752448844258e-06, 6.285808785611267e-22, 1.0]}]}]}, {"id": 11, "label": "chair_base", "box": [-0.002625495195388794, -0.5471420288085938, 0.03261950612068176, 0.4080139994621277, 0.7229869961738586, 1.267975091934204, -6.123234262925839e-17, -1.0, -6.123234262925839e-17, 6.123234262925839e-17, 6.123234262925839e-17, -1.0], "children": [{"id": 12, "label": "regular_leg_base", "box": [-0.002625495195388794, -0.5471420288085938, 0.03261950612068176, 0.4080139994621277, 0.7229869961738586, 1.267975091934204, -6.123234262925839e-17, -1.0, -6.123234262925839e-17, 6.123234262925839e-17, 6.123234262925839e-17, -1.0], "children": [{"id": 13, "label": "leg", "box": [0.5871437191963196, -0.5471420288085938, -0.28465574979782104, 0.08768781274557114, 0.0876884013414383, 0.4080139994621277, -0.6198217868804932, -1.0098487270204604e-17, 0.7847425937652588, -0.7847425937652588, 8.600476746633117e-17, -0.6198217868804932]}, {"id": 14, "label": "leg", "box": [0.5871439576148987, -0.5471420288085938, 0.34989500045776367, 0.0876881554722786, 0.08768818527460098, 0.4080139994621277, -0.918425977230072, 8.046045375307404e-17, -0.39559295773506165, 0.39559295773506165, 3.2014288529578575e-17, -0.918425977230072]}, {"id": 15, "label": "leg", "box": [-0.5923943519592285, -0.5471420288085938, -0.28465592861175537, 0.08768755197525024, 0.08768846094608307, 0.4080139994621277, -0.9291562438011169, 7.953122552271157e-17, -0.36968719959259033, 0.36968719959259033, 3.4257599042099936e-17, -0.9291562438011169]}, {"id": 16, "label": "leg", "box": [-0.5923945307731628, -0.5471420288085938, 0.34989500045776367, 0.0876879096031189, 0.08768846094608307, 0.4080139994621277, -0.9291554093360901, 7.953130493205038e-17, -0.3696894347667694, 0.3696894347667694, 3.4257410444920274e-17, -0.9291554093360901]}], "edges": [{"dist": 0.017667453995140272, "params": [0.587244987487793, -0.5318226218223572, 0.032711803913116455, -0.0012106369249522686, 0.0006628046976402402, -0.9999990463256836], "part_a": 1, "type": "REF_SYM", "part_b": 0}, {"dist": 0.017732107309827022, "params": [-0.0007688403129577637, 0.0004209280014038086, -0.6350703239440918], "part_a": 1, "type": "TRANS_SYM", "part_b": 0}, {"dist": 0.01753805802312287, "params": [0.43280577659606934, -0.5294305086135864, 0.03265226632356644, -0.0006554820574820042, 0.9999995231628418, 0.0006631849682889879, 2.2362356185913086], "part_a": 1, "type": "ROT_SYM", "part_b": 0}, {"dist": 0.01815001930414674, "params": [-0.0028774142265319824, -0.5325473546981812, -0.2843000292778015, 0.9999983906745911, 0.001585781225003302, -0.0008873653714545071], "part_a": 2, "type": "REF_SYM", "part_b": 0}, {"dist": 0.017893160576450663, "params": [1.1794759035110474, 0.0018703937530517578, -0.0010466277599334717], "part_a": 2, "type": "TRANS_SYM", "part_b": 0}, {"dist": 0.01843821411227714, "params": [-0.0034432613756507635, -0.5327653884887695, -0.9249672889709473, 0.0037437372375279665, 0.9999929070472717, 0.0004312302335165441, 1.4880462884902954], "part_a": 2, "type": "ROT_SYM", "part_b": 0}, {"dist": 0.017957838222860383, "params": [-0.0024929940700531006, -0.5327578186988831, 0.03323511779308319, 0.8809352517127991, 0.0010818819282576442, 0.4732355773448944], "part_a": 2, "type": "REF_SYM", "part_b": 1}, {"dist": 0.017825239621846175, "params": [1.1802446842193604, 0.0014494657516479492, 0.6340236663818359], "part_a": 2, "type": "TRANS_SYM", "part_b": 1}, {"dist": 0.01796835687670093, "params": [-0.8105975389480591, -0.5257546901702881, 1.5375511646270752, -0.001092074904590845, -0.9999987483024597, 0.0011921040713787079, 0.7476755976676941], "part_a": 2, "type": "ROT_SYM", "part_b": 1}, {"dist": 0.017534896694185315, "params": [-0.002889782190322876, -0.5321222543716431, 0.03246982395648956, 0.8806357383728027, 0.0007616939838044345, -0.47379323840141296], "part_a": 3, "type": "REF_SYM", "part_b": 0}, {"dist": 0.017586056729413768, "params": [1.1795005798339844, 0.001020193099975586, -0.6345863342285156], "part_a": 3, "type": "TRANS_SYM", "part_b": 0}, {"dist": 0.01781105822110932, "params": [-0.5070887207984924, -1.5359638929367065, -0.909259021282196, -0.0023711940739303827, 0.9999932646751404, -0.002806354546919465, 1.1169383525848389], "part_a": 3, "type": "ROT_SYM", "part_b": 0}, {"dist": 0.017767468184267835, "params": [-0.002505362033843994, -0.532332718372345, 0.35000497102737427, 0.9999998211860657, 0.0005077357054688036, 0.0004100418009329587], "part_a": 3, "type": "REF_SYM", "part_b": 1}, {"dist": 0.017471070935165853, "params": [1.180269479751587, 0.0005992650985717773, 0.0004839599132537842], "part_a": 3, "type": "TRANS_SYM", "part_b": 1}, {"dist": 0.01744074932285882, "params": [-0.002354408847168088, -0.5304058194160461, -0.020620035007596016, -0.0007100428338162601, 0.9999996423721313, -0.0005539548583328724, 2.020038366317749], "part_a": 3, "type": "ROT_SYM", "part_b": 1}, {"dist": 0.017877304310944586, "params": [-0.592627763748169, -0.533057451248169, 0.0329931378364563, 3.904396726284176e-05, -0.0013419834431260824, -0.9999990463256836], "part_a": 3, "type": "REF_SYM",