{"id": 0, "label": "chair", "box": [0.005581954028457403, 0.06465921550989151, 0.04884675145149231, 1.2201238870620728, 1.2125025987625122, 1.145277976989746, 0.99990314245224, 0.0018053281819447875, 0.013799884356558323, -0.0016491018468514085, 0.9999344944953918, -0.011323854327201843], "children": [{"id": 1, "label": "chair_back", "box": [-0.0005577187403105199, 0.13588857650756836, -0.3193731904029846, 1.0659430027008057, 1.036457896232605, 0.34263938665390015, 0.9999503493309021, 0.0017061186954379082, 0.009820420295000076, -0.00121775281149894, 0.9987722635269165, -0.04952249303460121], "children": [{"id": 2, "label": "back_surface", "box": [-0.00324771529994905, 0.15602195262908936, -0.3337964415550232, 1.1217916011810303, 1.047667145729065, 0.35721758008003235, 0.9999891519546509, -0.00023017049534246325, 0.004649498499929905, 0.0004637766978703439, 0.9987338185310364, -0.05030491575598717], "children": [{"id": 3, "label": "back_single_surface", "box": [-0.0007092243758961558, 0.15242600440979004, -0.33775627613067627, 1.0925887823104858, 1.0873219966888428, 0.3326238691806793, 0.9999886751174927, -0.0002928837202489376, 0.004755840636789799, 0.0005380051443353295, 0.9986665844917297, -0.05162195861339569]}]}]}, {"id": 6, "label": "chair_arm", "box": [-0.4717043936252594, 0.026070289313793182, 0.12418217957019806, 0.27979162335395813, 0.876911461353302, 0.9813928008079529, 0.9994449615478516, 0.023493509739637375, 0.023620229214429855, -0.02374264970421791, 0.999664843082428, 0.010323173366487026], "children": [{"id": 7, "label": "arm_sofa_style", "box": [-0.47841137647628784, 0.010061482898890972, 0.12401200085878372, 0.2713363468647003, 0.8762859106063843, 0.9646872878074646, 0.9989575147628784, 0.02980818785727024, 0.034575313329696655, -0.030493255704641342, 0.9993455410003662, 0.019458627328276634]}]}, {"id": 4, "label": "chair_arm", "box": [0.47587916254997253, 0.02124578319489956, 0.10734689235687256, 0.2644572854042053, 0.8621433973312378, 1.0164668560028076, 0.9994301199913025, -0.029343370348215103, -0.016687121242284775, 0.0294288732111454, 0.9995548725128174, 0.004901563748717308], "children": [{"id": 5, "label": "arm_sofa_style", "box": [0.4726589620113373, 0.01074850745499134, 0.09790364652872086, 0.2522633373737335, 0.8606343269348145, 1.0117539167404175, 0.999514102935791, -0.028232816606760025, -0.013208133168518543, 0.0282240342348814, 0.9996012449264526, -0.0008509143954142928]}]}, {"id": 8, "label": "chair_seat", "box": [0.00024958327412605286, -0.17653484642505646, 0.13183027505874634, 0.9691404104232788, 0.38150548934936523, 0.9986785054206848, 0.9999415874481201, 0.0019420284079387784, -0.010635511949658394, -0.001629999023862183, 0.9995702505111694, 0.029268916696310043], "children": [{"id": 9, "label": "seat_surface", "box": [-0.009134537540376186, -0.16807647049427032, 0.1559726893901825, 0.9530234932899475, 0.38489440083503723, 0.981333315372467, 0.9999504089355469, 0.009783868677914143, 0.0018779378151521087, -0.009792162105441093, 0.9999421238899231, 0.004459673073142767], "children": [{"id": 10, "label": "seat_single_surface", "box": [-0.002677110256627202, -0.18240167200565338, 0.13929718732833862, 0.9667059183120728, 0.39773693680763245, 0.9865856170654297, 0.99998939037323, 0.004581835586577654, -0.0004773390246555209, -0.004579159431159496, 0.9999746084213257, 0.005464240908622742]}]}]}, {"id": 11, "label": "chair_base", "box": [-0.0018527114298194647, -0.45882871747016907, 0.08634559065103531, 1.0816049575805664, 0.24941450357437134, 1.0131055116653442, 0.9999836683273315, -0.005685681011527777, 0.0006401578430086374, 0.005678684450685978, 0.9999293088912964, 0.010445932857692242], "children": [{"id": 0, "label": "foot_base", "box": [0.0027936624828726053, -0.47084707021713257, 0.07782886177301407, 1.0741842985153198, 0.20395544171333313, 1.012351632118225, 0.9999825954437256, 0.005130574572831392, -0.002903775544837117, -0.005119204055517912, 0.9999792575836182, 0.003909749444574118], "children": [{"id": 0, "label": "foot", "box": [-0.4442315101623535, -0.4544098377227783, -0.3404170572757721, 0.12653546035289764, 0.18499404191970825, 0.14263886213302612, 0.999849259853363, -0.012487558647990227, 0.012063692323863506, 0.011413762345910072, 0.9962889552116394, 0.08531174808740616]}, {"id": 0, "label": "foot", "box": [-0.4679728150367737, -0.49254676699638367, 0.5184608697891235, 0.12677794694900513, 0.21084871888160706, 0.14320524036884308, 0.9998703002929688, -0.014650261029601097, -0.006691977847367525, 0.014417262747883797, 0.9993303418159485, -0.033630870282649994]}, {"id": 0, "label": "foot", "box": [0.4520833194255829, -0.4753449261188507, -0.36584100127220154, 0.1477249562740326, 0.17704258859157562, 0.144175186753273, 0.9996327757835388, 0.007524929475039244, 0.026034217327833176, -0.009239845909178257, 0.9977508783340454, 0.06639140099287033]}, {"id": 0, "label": "foot", "box": [0.4832005798816681, -0.47829583287239075, 0.504503607749939, 0.13594020903110504, 0.20749977231025696, 0.1306201070547104, 0.9993555545806885, 0.023825420066714287, -0.026848897337913513, -0.024866530671715736, 0.9989245533943176, -0.03913411870598793]}], "edges": [{"part_a": 1, "part_b": 3, "type": "TRANS_SYM"}, {"part_a": 1, "part_b": 3, "type": "REF_SYM"}, {"part_a": 2, "part_b": 0, "type": "REF_SYM"}, {"part_a": 2, "part_b": 3, "type": "REF_SYM"}, {"part_a": 3, "part_b": 1, "type": "TRANS_SYM"}, {"part_a": 3, "part_b": 1, "type": "REF_SYM"}, {"part_a": 3, "part_b": 2, "type": "REF_SYM"}]}]}], "edges": [{"part_a": 0, "part_b": 1, "type": "ADJ"}, {"part_a": 0, "part_b": 2, "type": "ADJ"}, {"part_a": 0, "part_b": 3, "type": "ADJ"}, {"part_a": 0, "part_b": 4, "type": "ADJ"}, {"part_a": 1, "part_b": 0, "type": "ADJ"}, {"part_a": 1, "part_b": 2, "type": "ROT_SYM"}, {"part_a": 1, "part_b": 2, "type": "REF_SYM"}, {"part_a": 1, "part_b": 3, "type": "ADJ"}, {"part_a": 1, "part_b": 4, "type": "ADJ"}, {"part_a": 2, "part_b": 0, "type": "ADJ"}, {"part_a": 2, "part_b": 1, "type": "ROT_SYM"}, {"part_a": 2, "part_b": 1, "type": "REF_SYM"}, {"part_a": 2, "part_b": 3, "type": "ADJ"}, {"part_a": 2, "part_b": 4, "type": "ADJ"}, {"part_a": 3, "part_b": 0, "type": "ADJ"}, {"part_a": 3, "part_b": 1, "type": "ADJ"}, {"part_a": 3, "part_b": 2, "type": "ADJ"}, {"part_a": 3, "part_b": 4, "type": "ADJ"}, {"part_a": 4, "part_b": 0, "type": "ADJ"}, {"part_a": 4, "part_b": 1, "type": "ADJ"}, {"part_a": 4, "part_b": 2, "type": "ADJ"}, {"part_a": 4, "part_b": 3, "type": "ADJ"}]}