{"id": 0, "label": "chair", "box": [0.01142383087426424, 0.023277228698134422, 0.11274906992912292, 0.6855431795120239, 1.7225559949874878, 0.7047648429870605, 0.9999974966049194, -0.0004107957938686013, -0.0021974113769829273, 0.00038114661583676934, 0.9999091029167175, -0.013476219959557056], "children": [{"id": 1, "label": "chair_back", "box": [-0.0017368068220093846, 0.3742281496524811, -0.18944954872131348, 0.6316128373146057, 1.073686957359314, 0.12318937480449677, 0.9999608397483826, 0.003003855934366584, 0.00832864549010992, -0.002787352539598942, 0.9996610283851624, -0.025885863229632378], "children": [{"id": 2, "label": "back_surface", "box": [-0.00313479732722044, 0.360738068819046, -0.16595929861068726, 0.6443281173706055, 1.0799353122711182, 0.12195947766304016, 0.999998152256012, -0.001832704758271575, -0.0005628293729387224, 0.0018127134535461664, 0.9994312524795532, -0.0336732342839241], "children": [{"id": 3, "label": "back_single_surface", "box": [-0.0005792434676550329, 0.37419864535331726, -0.17908607423305511, 0.6399766206741333, 1.0228995084762573, 0.11561170965433121, 0.999969482421875, -0.005780732724815607, -0.00525639858096838, 0.005624684039503336, 0.999556839466095, -0.029232576489448547]}]}]}, {"id": 4, "label": "chair_seat", "box": [-9.151361882686615e-05, -0.16169077157974243, 0.13775591552257538, 0.6773818135261536, 0.1937076449394226, 0.6538921594619751, 0.9999931454658508, 0.00033845711732283235, -0.003686547977849841, -0.00035346808726899326, 0.9999916553497314, -0.004071931354701519], "children": [{"id": 5, "label": "seat_surface", "box": [-0.0007201078115031123, -0.16545866429805756, 0.14153242111206055, 0.7187208533287048, 0.1840967983007431, 0.6375809907913208, 0.999934732913971, 0.005997529719024897, -0.009728637523949146, -0.005950783379375935, 0.9999706745147705, 0.004826873075217009], "children": [{"id": 6, "label": "seat_single_surface", "box": [0.0008460672688670456, -0.16552747786045074, 0.13814902305603027, 0.6755775809288025, 0.16984979808330536, 0.6719995737075806, 0.9999961256980896, -0.0024068288039416075, -0.0014214974362403154, 0.00243392214179039, 0.9998093247413635, 0.019376102834939957]}]}]}, {"id": 7, "label": "chair_base", "box": [0.0051137469708919525, -0.5278053879737854, 0.12131790071725845, 0.652748167514801, 0.6008773446083069, 0.6513364315032959, 0.9999865293502808, 0.002829732373356819, 0.0043542529456317425, -0.0028479050379246473, 0.9999872446060181, 0.00417301757261157], "children": [{"id": 8, "label": "regular_leg_base", "box": [-0.003916567657142878, -0.5281106233596802, 0.12553444504737854, 0.6574146151542664, 0.626884937286377, 0.664535403251648, 0.9999978542327881, 0.0014370185090228915, 0.001512939459644258, -0.0014389177085831761, 0.9999982118606567, 0.0012549558887258172], "children": [{"id": 9, "label": "leg", "box": [-0.29146844148635864, -0.5368775129318237, -0.16530516743659973, 0.09454268962144852, 0.6364859938621521, 0.08368553966283798, 0.9997126460075378, -0.004434945061802864, -0.02355869859457016, 0.004979414865374565, 0.9997206926345825, 0.023103047162294388]}, {"id": 12, "label": "leg", "box": [-0.2966325283050537, -0.5260022878646851, 0.4175781309604645, 0.0943349227309227, 0.6421430110931396, 0.09389477223157883, 0.9996655583381653, -0.005642611999064684, 0.025238821282982826, 0.005742041859775782, 0.9999760389328003, -0.003868847619742155]}, {"id": 10, "label": "leg", "box": [0.26592400670051575, -0.5307494401931763, -0.1654488891363144, 0.09374973922967911, 0.6312422156333923, 0.09169061481952667, 0.9995197057723999, 0.005059878807514906, 0.030573764815926552, -0.005682977847754955, 0.9997772574424744, 0.020327763631939888]}, {"id": 11, "label": "leg", "box": [0.30146121978759766, -0.5287802219390869, 0.40444299578666687, 0.09782478958368301, 0.639309823513031, 0.08718957006931305, 0.9996036291122437, 0.010263437405228615, -0.026214780285954475, -0.01024776790291071, 0.9999472498893738, 0.0007320303120650351]}], "edges": [{"part_a": 0, "part_b": 1, "type": "ROT_SYM"}, {"part_a": 0, "part_b": 1, "type": "TRANS_SYM"}, {"part_a": 0, "part_b": 1, "type": "REF_SYM"}, {"part_a": 0, "part_b": 2, "type": "ROT_SYM"}, {"part_a": 0, "part_b": 2, "type": "TRANS_SYM"}, {"part_a": 0, "part_b": 2, "type": "REF_SYM"}, {"part_a": 0, "part_b": 3, "type": "ROT_SYM"}, {"part_a": 0, "part_b": 3, "type": "TRANS_SYM"}, {"part_a": 0, "part_b": 3, "type": "REF_SYM"}, {"part_a": 1, "part_b": 0, "type": "ROT_SYM"}, {"part_a": 1, "part_b": 0, "type": "TRANS_SYM"}, {"part_a": 1, "part_b": 0, "type": "REF_SYM"}, {"part_a": 1, "part_b": 2, "type": "ROT_SYM"}, {"part_a": 1, "part_b": 2, "type": "TRANS_SYM"}, {"part_a": 1, "part_b": 2, "type": "REF_SYM"}, {"part_a": 1, "part_b": 3, "type": "ROT_SYM"}, {"part_a": 1, "part_b": 3, "type": "TRANS_SYM"}, {"part_a": 1, "part_b": 3, "type": "REF_SYM"}, {"part_a": 2, "part_b": 0, "type": "ROT_SYM"}, {"part_a": 2, "part_b": 0, "type": "TRANS_SYM"}, {"part_a": 2, "part_b": 0, "type": "REF_SYM"}, {"part_a": 2, "part_b": 1, "type": "ROT_SYM"}, {"part_a": 2, "part_b": 1, "type": "TRANS_SYM"}, {"part_a": 2, "part_b": 1, "type": "REF_SYM"}, {"part_a": 2, "part_b": 3, "type": "ROT_SYM"}, {"part_a": 2, "part_b": 3, "type": "TRANS_SYM"}, {"part_a": 2, "part_b": 3, "type": "REF_SYM"}, {"part_a": 3, "part_b": 0, "type": "ROT_SYM"}, {"part_a": 3, "part_b": 0, "type": "TRANS_SYM"}, {"part_a": 3, "part_b": 0, "type": "REF_SYM"}, {"part_a": 3, "part_b": 1, "type": "ROT_SYM"}, {"part_a": 3, "part_b": 1, "type": "TRANS_SYM"}, {"part_a": 3, "part_b": 1, "type": "REF_SYM"}, {"part_a": 3, "part_b": 2, "type": "ROT_SYM"}, {"part_a": 3, "part_b": 2, "type": "TRANS_SYM"}, {"part_a": 3, "part_b": 2, "type": "REF_SYM"}]}]}], "edges": [{"part_a": 0, "part_b": 1, "type": "ADJ"}, {"part_a": 1, "part_b": 0, "type": "ADJ"}, {"part_a": 1, "part_b": 2, "type": "ADJ"}, {"part_a": 2, "part_b": 1, "type": "ADJ"}]}