{"id": 0, "label": "chair", "box": [0.024578845128417015, -0.06848790496587753, 0.0622774139046669, 0.7874308824539185, 0.7875135540962219, 1.665956974029541, 7.961379014886916e-05, -0.1535222828388214, -0.9881451725959778, 0.9999999403953552, -0.00027301913360133767, 0.00012298628280404955], "children": [{"id": 1, "label": "chair_back", "box": [0.025584647431969643, 0.33264946937561035, -0.2820580303668976, 0.12174446135759354, 0.7881813049316406, 0.790337860584259, 0.03151983395218849, -0.29323509335517883, -0.9555206298828125, -0.9995030164718628, -0.008796095848083496, -0.030271291732788086], "children": [{"id": 2, "label": "back_surface", "box": [0.02658720314502716, 0.5199203491210938, -0.3419240117073059, 0.11812915652990341, 0.3970840275287628, 0.7873621582984924, 0.04389448091387749, -0.2917683720588684, -0.9554812908172607, 0.00027789908926934004, -0.9563995003700256, 0.2920615077018738], "children": [{"id": 3, "label": "back_single_surface", "box": [0.02658720314502716, 0.5199203491210938, -0.3419240117073059, 0.11812915652990341, 0.3970840275287628, 0.7873621582984924, 0.04389448091387749, -0.2917683720588684, -0.9554812908172607, 0.00027789908926934004, -0.9563995003700256, 0.2920615077018738]}]}, {"id": 4, "label": "back_frame", "box": [0.024432191625237465, 0.16421785950660706, -0.21506428718566895, 0.09505844861268997, 0.4310683012008667, 0.7869358658790588, 0.00015654400340281427, -0.2084965705871582, -0.978023111820221, 0.0005710872355848551, 0.9780229330062866, -0.20849645137786865], "children": [{"id": 5, "label": "back_frame_vertical_bar", "box": [-0.34352412819862366, 0.16447006165981293, -0.2147964984178543, 0.05870320647954941, 0.0962764322757721, 0.4304921627044678, -0.9930247068405151, -0.013486591167747974, -0.11713279038667679, -0.11738258600234985, 0.20664171874523163, 0.971349835395813]}, {"id": 6, "label": "back_frame_vertical_bar", "box": [0.3902740180492401, 0.16826772689819336, -0.21554578840732574, 0.05683116242289543, 0.0886460393667221, 0.3962269127368927, 0.9976961016654968, -0.016521409153938293, -0.06579942256212234, 0.06783286482095718, 0.22712543606758118, 0.9715002775192261]}], "edges": [{"dist": 0.02087972491647512, "type": "REF_SYM", "part_b": 0, "params": [0.024276047945022583, 0.1552436798810959, -0.21678954362869263, -0.9999661445617676, -0.008226008154451847, 0.00034810035140253603], "part_a": 1}, {"dist": 0.02026597533282899, "type": "TRANS_SYM", "part_b": 0, "params": [-0.7362141609191895, -0.006056308746337891, 0.00025628507137298584], "part_a": 1}, {"dist": 0.021581749969716114, "type": "ROT_SYM", "part_b": 0, "params": [0.02420733869075775, 0.15296348929405212, -0.19572684168815613, 0.0019522212678566575, 0.960257351398468, -0.279109388589859, 3.0352585315704346], "part_a": 1}]}], "edges": [{"dist": 0.005926443779105037, "type": "ADJ", "part_b": 0, "part_a": 1}]}, {"id": 7, "label": "chair_arm", "box": [0.3930506110191345, 0.3184557557106018, 0.12894007563591003, 0.05512601137161255, 0.2944842278957367, 0.8337365388870239, 0.9999223947525024, -0.008861973881721497, -0.008756176568567753, 0.012261543422937393, 0.824430525302887, 0.5658303499221802], "children": [{"id": 8, "label": "arm_near_vertical_bar", "box": [0.3927718698978424, 0.15617652237415314, 0.3706074059009552, 0.051310013979673386, 0.081181101500988, 0.3360790014266968, -0.9998540282249451, 0.00042310482240282, -0.017079876735806465, -0.01703798957169056, 0.0495072640478611, 0.9986284375190735]}, {"id": 9, "label": "arm_horizontal_bar", "box": [0.3930800259113312, 0.37451496720314026, 0.04480378329753876, 0.054955244064331055, 0.07455172389745712, 0.6680548787117004, 0.9999591112136841, 0.006233689840883017, -0.006549494341015816, 0.0048009236343204975, -0.9798611998558044, -0.1996220201253891]}], "edges": [{"dist": 0.0050032793871356215, "type": "ADJ", "part_b": 0, "part_a": 1}]}, {"id": 10, "label": "chair_arm", "box": [-0.3434634804725647, 0.31752926111221313, 0.12746022641658783, 0.04884698987007141, 0.2937309741973877, 0.8382552266120911, -1.0, 6.123234262925839e-17, -6.162975822039155e-33, 5.06961229594193e-17, 0.8279305100440979, 0.5608306527137756], "children": [{"id": 11, "label": "arm_near_vertical_bar", "box": [-0.34346434473991394, 0.140448197722435, 0.37337517738342285, 0.04884840548038483, 0.07982237637042999, 0.2974686026573181, 1.0, -1.0209952961304225e-05, -1.785769381967839e-05, -1.8216571334050968e-05, -0.03630266711115837, -0.999340832233429]}, {"id": 12, "label": "arm_horizontal_bar", "box": [-0.34446948766708374, 0.3759634494781494, 0.060201674699783325, 0.0465870201587677, 0.06185532733798027, 0.7131158113479614, -1.0, 0.0, -6.123234262925839e-17, -1.2342666322369145e-17, 0.979473888874054, 0.2015710473060608]}], "edges": [{"dist": 0.007787932988249551, "type": "ADJ", "part_b": 0, "part_a": 1}]}, {"id": 13, "label": "chair_seat", "box": [0.024294495582580566, 0.06652799993753433, 0.0905120000243187, 0.14456398785114288, 0.5650359988212585, 0.7640230059623718, 0.0, 1.0, 0.0, 0.0, 0.0, 1.0], "children": [{"id": 14, "label": "seat_surface", "box": [0.024294495582580566, 0.08002600073814392, 0.09190650284290314, 0.1175679937005043, 0.5520529747009277, 0.7486270070075989, -1.2246468525851679e-16, -1.0, 0.0, 0.0, 0.0, 1.0], "children": [{"id": 15, "label": "seat_single_surface", "box": [0.024294495582580566, 0.08002600073814392, 0.09190650284290314, 0.1175679937005043, 0.5520529747009277, 0.7486270070075989, -1.2246468525851679e-16, -1.0, 0.0, 0.0, 0.0, 1.0]}]}, {"id": 16, "label": "seat_frame", "box": [0.024294495582580566, 0.03151549771428108, 0.0905120000243187, 0.07453899830579758, 0.5650359988212585, 0.7640230059623718, 0.0, 1.0, 0.0, 0.0, 0.0, 1.0], "children": [{"id": 17, "label": "seat_frame_bar", "box": [-0.3408759832382202, 0.03151549771428108, 0.09244249761104584, 0.033682018518447876, 0.07453899830579758, 0.5520529747009277, -1.0, -6.123234262925839e-17, 0.0, -6.123234262925839e-17, 1.0, 0.0]}, {"id": 18, "label": "seat_frame_bar", "box": [0.38946500420570374, 0.03151549771428108, 0.09244249761104584, 0.03368198871612549, 0.07453899830579758, 0.5520529747009277, -1.0, -6.123234262925839e-17, 0.0, -6.123234262925839e-17, 1.0, 0.0]}, {"id": 19, "label": "seat_frame_bar", "box": [0.024294495582580566, 0.03151549771428108, -0.17516450583934784, 0.03368300199508667, 0.07453899830579758, 0.6806489825248718, 0.0, 0.0, -1.0, 1.2246468525851679e-16, 1.0, 0.0]}, {"id": 20, "label": "seat_frame_bar", "box": [0.024294495582580566, 0.03151549771428108, 0.35618850588798523, 0.03368300199508667, 0.07453899830579758, 0.6806489825248718, 0.0, 0.0, -1.0, 0.0, -1.0, 0.0]}], "edges": [{"dist": 0.028292781529473475, "type": "ADJ", "part_b": 0, "part_a": 2}, {"dist": 0.02653375695077543, "type": "ADJ", "part_b": 1, "part_a": 2}, {"dist": 0.02699023740216408, "type": "ADJ", "part_b": 0, "part_a": 3}, {"dist": 0.02652099705432152, "type": "ADJ", "part_b": 1, "part_a": 3}, {"dist": 0.01829698300899979, "type": "REF_SYM", "part_b": 0, "params": [0.02426569163799286, 0.031243428587913513, 0.09457440674304962, -0.9999633431434631, 0.0005593908135779202, 0.00853485707193613], "part_a": 1}, {"dist": 0.016070383169570445, "type": "TRANS_SYM", "part_b": 0, "params": [-0.7303658723831177, 0.0004085749387741089, 0.00623379647731781], "part_a": 1}, {"dist": 0.016237620549749986, "type": "ROT_SYM", "part_b": 0, "params": [0.11566279828548431, 54.236446380615234, -0.2331804633140564, -0.008547160774469376, -0.006188196130096912, -0.9999443292617798, 0.013469940051436424], "part_a": 1}, {"dist": 0.026576834282573233, "type": "ROT_SYM", "part_b": 0, "params": [-0.29439905285835266, 0.04042207822203636, -0.2218342423439026, 0.005218658596277237, -0.9999807476997375, 0.0033608432859182358, 1.5705976486206055], "part_a": 2}, {"dist": 0.02724414303105799, "type": "ROT_SYM", "part_b": 1, "params": [0.3445901870727539, 1.0299819707870483, -0.22539442777633667, 0.0028899796307086945, 0.9999895691871643, -0.0035425263922661543, 1.5756125450134277],