{"id": 0, "label": "chair", "box": [0.002599000930786133, 0.13161450624465942, 0.049459993839263916, 1.092162013053894, 1.3208550214767456, 1.3865180015563965, 0.0, 0.0, -1.0, 0.0, -1.0, 0.0], "children": [{"id": 1, "label": "chair_back", "box": [0.002599000930786133, 0.18494200706481934, -0.33049899339675903, 0.33224400877952576, 1.10356605052948, 1.2142000198364258, 0.0, 0.0, -1.0, -1.0, 1.8369701465288538e-16, 0.0], "children": [{"id": 2, "label": "back_surface", "box": [0.002599000930786133, 0.18494200706481934, -0.33049899339675903, 0.33224400877952576, 1.10356605052948, 1.2142000198364258, 0.0, 0.0, -1.0, -1.0, 1.8369701465288538e-16, 0.0], "children": [{"id": 3, "label": "back_single_surface", "box": [0.002599000930786133, 0.18494200706481934, -0.33049899339675903, 0.33224400877952576, 1.10356605052948, 1.2142000198364258, 0.0, 0.0, -1.0, -1.0, 1.8369701465288538e-16, 0.0]}]}]}, {"id": 4, "label": "chair_arm", "box": [0.5492069721221924, -0.07552850246429443, 0.08226299285888672, 0.2933019995689392, 0.6932590007781982, 1.0265560150146484, 1.0, -6.123234262925839e-17, 0.0, -6.123234262925839e-17, -1.0, 0.0], "children": [{"id": 5, "label": "arm_sofa_style", "box": [0.5492069721221924, -0.07552850246429443, 0.08226299285888672, 0.2933019995689392, 0.6932590007781982, 1.0265560150146484, 1.0, -6.123234262925839e-17, 0.0, -6.123234262925839e-17, -1.0, 0.0]}]}, {"id": 6, "label": "chair_arm", "box": [-0.5440089702606201, -0.07552850246429443, 0.08226299285888672, 0.2933019995689392, 0.6932590007781982, 1.0265560150146484, 1.0, -6.123234262925839e-17, 0.0, -6.123234262925839e-17, -1.0, 0.0], "children": [{"id": 7, "label": "arm_sofa_style", "box": [-0.5440089702606201, -0.07552850246429443, 0.08226299285888672, 0.2933019995689392, 0.6932590007781982, 1.0265560150146484, 1.0, -6.123234262925839e-17, 0.0, -6.123234262925839e-17, -1.0, 0.0]}]}, {"id": 8, "label": "chair_seat", "box": [0.002599000930786133, -0.2088475078344345, 0.20891599357128143, 0.4266209900379181, 0.7465859651565552, 0.7999140024185181, 0.0, 1.0, 0.0, 0.0, 0.0, 1.0], "children": [{"id": 9, "label": "seat_surface", "box": [0.002599000930786133, -0.10219249874353409, 0.20891599357128143, 0.21331100165843964, 0.7465859651565552, 0.7999140024185181, -1.2246468525851679e-16, -1.0, 0.0, 0.0, 0.0, 1.0], "children": [{"id": 10, "label": "seat_single_surface", "box": [0.002599000930786133, -0.10219249874353409, 0.20891599357128143, 0.21331100165843964, 0.7465859651565552, 0.7999140024185181, -1.2246468525851679e-16, -1.0, 0.0, 0.0, 0.0, 1.0]}]}, {"id": 11, "label": "seat_support", "box": [0.002599000930786133, -0.31550300121307373, 0.20891599357128143, 0.21331000328063965, 0.7465859651565552, 0.7999140024185181, 0.0, 1.0, 0.0, 0.0, 0.0, 1.0]}], "edges": [{"part_a": 1, "type": "ADJ", "dist": 0.002296129763927145, "part_b": 0}]}, {"id": 12, "label": "chair_base", "box": [0.0025995075702667236, -0.47548550367355347, 0.08317849040031433, 0.10665500164031982, 0.9590609669685364, 1.0168869495391846, 0.0, 1.0, 0.0, 0.0, 0.0, 1.0], "children": [{"id": 13, "label": "foot_base", "box": [0.0025995075702667236, -0.47548550367355347, 0.08317849040031433, 0.10665500164031982, 0.9590609669685364, 1.0168869495391846, 0.0, 1.0, 0.0, 0.0, 0.0, 1.0], "children": [{"id": 14, "label": "foot", "box": [-0.4613510072231293, -0.47548550367355347, -0.35635650157928467, 0.07999098300933838, 0.07999199628829956, 0.10665500164031982, 0.0, 0.0, -1.0, -1.0, 1.8369701465288538e-16, 0.0]}, {"id": 15, "label": "foot", "box": [0.46654900908470154, -0.47548550367355347, -0.35635650157928467, 0.07999098300933838, 0.07999199628829956, 0.10665500164031982, 0.0, 0.0, -1.0, -1.0, 1.8369701465288538e-16, 0.0]}, {"id": 16, "label": "foot", "box": [0.4665495455265045, -0.47548550367355347, 0.518215537071228, 0.08822578936815262, 0.0882258489727974, 0.10665500164031982, 0.13051584362983704, 5.271678292082099e-17, -0.9914461970329285, 0.9914461970329285, -6.870036080995864e-17, 0.13051584362983704]}, {"id": 17, "label": "foot", "box": [-0.46135056018829346, -0.47548550367355347, 0.5182154178619385, 0.08822578936815262, 0.0882258266210556, 0.10665500164031982, -0.13051550090312958, 6.870034757506884e-17, -0.9914462566375732, 0.9914462566375732, -5.271680608187814e-17, -0.13051550090312958]}], "edges": [{"params": [0.0026399344205856323, -0.4750315845012665, -0.3562435209751129, -0.9999995231628418, -0.0003074247215408832, -0.0008851722814142704], "part_a": 1, "type": "REF_SYM", "dist": 0.03656176602129836, "part_b": 0}, {"params": [-0.9269576072692871, -0.0002849698066711426, -0.0008205175399780273], "part_a": 1, "type": "TRANS_SYM", "dist": 0.037413375663728224, "part_b": 0}, {"params": [0.0023957639932632446, -0.4655070900917053, 0.5180061459541321, 0.9999995231628418, 0.00014234244008548558, 0.0009413237567059696], "part_a": 3, "type": "REF_SYM", "dist": 0.03583032967998393, "part_b": 2}, {"params": [0.9275113344192505, 0.00013202428817749023, 0.0008730888366699219], "part_a": 3, "type": "TRANS_SYM", "dist": 0.03603836545632331, "part_b": 2}, {"params": [0.0032057801727205515, -0.42021188139915466, -0.2534541189670563, 0.0013623825507238507, 0.9997792840003967, 0.020962068811058998, 1.0816214084625244], "part_a": 3, "type": "ROT_SYM", "dist": 0.03675837645044855, "part_b": 2}]}]}], "edges": [{"part_a": 1, "type": "ADJ", "dist": 0.00591828326599013, "part_b": 0}, {"part_a": 2, "type": "ADJ", "dist": 0.0017486011945222091, "part_b": 0}, {"part_a": 3, "type": "ADJ", "dist": 0.003983000799738081, "part_b": 0}, {"part_a": 3, "type": "ADJ", "dist": 0.0014159980680531756, "part_b": 1}, {"part_a": 3, "type": "ADJ", "dist": 0.006593716974119736, "part_b": 2}, {"part_a": 4, "type": "ADJ", "dist": 0.004096238136560943, "part_b": 1}, {"part_a": 4, "type": "ADJ", "dist": 0.005795146785933871, "part_b": 2}, {"part_a": 4, "type": "ADJ", "dist": 0.043294168501021586, "part_b": 3}, {"params": [0.0025021880865097046, -0.05921711027622223, 0.0729842483997345, 0.9999706745147705, 0.0026936514768749475, -0.00716453418135643], "part_a": 2, "type": "REF_SYM", "dist": 0.03026462781244001, "part_b": 1}, {"params": [0.00331576238386333, -0.23608535528182983, 0.0747562050819397, -0.003906615544110537, 0.999992311000824, 0.00017932135961018503, 3.134383201599121], "part_a": 2, "type": "ROT_SYM", "dist": 0.03020850120256606, "part_b": 1}]}