{"id": 0, "label": "chair", "box": [-0.006321548018604517, 0.1979963630437851, 0.11442749202251434, 0.7835319638252258, 0.783536970615387, 1.5673332214355469, 1.5528985386481509e-06, 6.339492362271703e-17, 1.0, -1.0, -1.0533374734222889e-05, 1.5528985386481509e-06], "children": [{"id": 1, "label": "chair_back", "box": [-0.0063200416043400764, 0.4015030264854431, -0.18402373790740967, 0.18673668801784515, 0.783536970615387, 1.1603199243545532, -0.0001751437084749341, 0.0, -1.0, -1.0, -5.292940841172822e-06, 0.0001751437084749341], "children": [{"id": 2, "label": "back_surface", "box": [-0.0063200416043400764, 0.4015030264854431, -0.18402373790740967, 0.18673668801784515, 0.783536970615387, 1.1603199243545532, -0.0001751437084749341, 0.0, -1.0, -1.0, -5.292940841172822e-06, 0.0001751437084749341], "children": [{"id": 3, "label": "back_single_surface", "box": [-0.0063200416043400764, 0.4015030264854431, -0.18402373790740967, 0.18673668801784515, 0.783536970615387, 1.1603199243545532, -0.0001751437084749341, 0.0, -1.0, -1.0, -5.292940841172822e-06, 0.0001751437084749341]}]}]}, {"id": 4, "label": "chair_seat", "box": [-0.006469266954809427, -0.058579135686159134, 0.15596164762973785, 0.3040814697742462, 0.7007140517234802, 0.783584475517273, 0.003042840166017413, 0.9999834895133972, 0.004879176151007414, 0.0001105892370105721, -0.004879535175859928, 0.9999880790710449], "children": [{"id": 5, "label": "seat_surface", "box": [0.0010667730821296573, 0.07284446060657501, 0.1654052585363388, 0.05576988309621811, 0.6113862991333008, 0.7589331865310669, 0.030121218413114548, 0.999546229839325, -3.5595840017776936e-05, 2.144567588402424e-06, -3.5676624975167215e-05, -1.0], "children": [{"id": 6, "label": "seat_single_surface", "box": [0.0010667730821296573, 0.07284446060657501, 0.1654052585363388, 0.05576988309621811, 0.6113862991333008, 0.7589331865310669, 0.030121218413114548, 0.999546229839325, -3.5595840017776936e-05, 2.144567588402424e-06, -3.5676624975167215e-05, -1.0]}]}, {"id": 7, "label": "seat_support", "box": [-0.006419438868761063, -0.07243072241544724, 0.17346583306789398, 0.28627461194992065, 0.6667982935905457, 0.7836540937423706, 0.001478186110034585, 0.9999251365661621, -0.012146314606070518, -0.00024093753017950803, 0.012146683409810066, 0.9999262094497681]}, {"id": 8, "label": "seat_frame", "box": [-0.006301987450569868, -0.10922951251268387, 0.15582850575447083, 0.148093119263649, 0.6985821723937988, 0.7850395441055298, 5.121129561302951e-06, 1.0, -0.00014579157868865877, 0.002827271120622754, 0.00014577651745639741, 0.9999960064888], "children": [{"id": 9, "label": "seat_frame_bar", "box": [0.34351372718811035, -0.10632532835006714, 0.11452754586935043, 0.08321695029735565, 0.14754998683929443, 0.6188240647315979, 0.9999939799308777, -0.003469384042546153, -6.123234262925839e-17, 0.00346910092048347, 0.999912440776825, -0.01277147140353918]}, {"id": 10, "label": "seat_frame_bar", "box": [-0.33940696716308594, -0.10450305044651031, 0.14202085137367249, 0.11799014359712601, 0.14116975665092468, 0.5802993178367615, -0.9999852776527405, 0.005424693692475557, -8.590028301114216e-05, 0.005424043163657188, 0.9999653100967407, 0.006316849030554295]}, {"id": 11, "label": "seat_frame_bar", "box": [-0.01203454565256834, -0.10697802156209946, 0.4696173071861267, 0.08534713834524155, 0.14047685265541077, 0.6321301460266113, 0.004680278245359659, -0.07584887742996216, -0.9971083402633667, -0.005397652741521597, -0.997106671333313, 0.07582341879606247]}], "edges": [{"params": [-0.001511499285697937, -0.10247108340263367, 0.13106004893779755, 0.9989320039749146, -0.0077495998702943325, -0.04554930701851845], "part_b": 0, "type": "REF_SYM", "dist": 0.04656930839685871, "part_a": 1}, {"params": [0.7127107381820679, -0.005529128015041351, -0.03249818831682205], "part_b": 0, "type": "TRANS_SYM", "dist": 0.04603489237987193, "part_a": 1}, {"params": [0.04984191432595253, 2.000685214996338, 0.04403690993785858, 0.046302538365125656, 0.01907327212393284, 0.998745322227478, 0.3356807827949524], "part_b": 0, "type": "ROT_SYM", "dist": 0.0453853545679181, "part_a": 1}, {"params": [0.16821081936359406, -0.1059846431016922, 0.2963215410709381, 0.7168734073638916, 0.0028769271448254585, -0.6971974968910217], "part_b": 0, "type": "REF_SYM", "dist": 0.029409943405349373, "part_a": 2}, {"params": [0.1681835800409317, -0.0460871122777462, 0.29056516289711, 0.6917211413383484, -0.22041267156600952, 0.6877063512802124, 2.706693172454834], "part_b": 0, "type": "ROT_SYM", "dist": 0.04398629931901967, "part_a": 2}, {"params": [-0.31406861543655396, 0.09350435435771942, 0.44151780009269714, 0.15267139673233032, 0.9751628637313843, -0.16046452522277832, 1.6477177143096924], "part_b": 1, "type": "ROT_SYM", "dist": 0.042893124991149015, "part_a": 2}]}], "edges": [{"part_b": 0, "type": "ADJ", "dist": 0.007405962155892507, "part_a": 1}, {"part_b": 1, "type": "ADJ", "dist": 0.005590311253554329, "part_a": 2}]}, {"id": 12, "label": "chair_base", "box": [-0.0063172876834869385, -0.3244388997554779, 0.11440902203321457, 0.5224835872650146, 0.7835088968276978, 0.7835273742675781, 4.281239671399817e-05, 1.0, -1.031525531658417e-09, 2.409408989478834e-05, -1.9961887825088167e-16, 1.0]}], "edges": [{"part_b": 0, "type": "ADJ", "dist": 0.021167422324649618, "part_a": 1}, {"part_b": 0, "type": "ADJ", "dist": 0.02330725059011427, "part_a": 2}, {"part_b": 1, "type": "ADJ", "dist": 0.012147837708100526, "part_a": 2}]}