{"id": 0, "label": "chair", "box": [-0.03904963657259941, 0.05952493101358414, 0.07243262976408005, 0.958004355430603, 1.3906453847885132, 1.133263349533081, 0.999904990196228, 0.010529274120926857, 0.008898250758647919, -0.010202019475400448, 0.9992977380752563, -0.03605528175830841], "children": [{"id": 1, "label": "chair_back", "box": [0.0020559271797537804, 0.3565155267715454, -0.19865202903747559, 0.8323125243186951, 0.8280155062675476, 0.2607089877128601, 0.999972403049469, 0.005335222464054823, 0.005173058714717627, -0.004483754280954599, 0.988287091255188, -0.1525404155254364], "children": [{"id": 2, "label": "back_surface", "box": [0.0011972220381721854, 0.3419261872768402, -0.22993430495262146, 0.8189247250556946, 0.8504816889762878, 0.22961798310279846, 0.9999434947967529, 0.007428295910358429, 0.0076067810878157616, -0.006530163809657097, 0.9936915040016174, -0.11195792257785797], "children": [{"id": 3, "label": "back_single_surface", "box": [-0.002839872380718589, 0.36718812584877014, -0.24137182533740997, 0.8185352683067322, 0.821643590927124, 0.19803877174854279, 0.9999952912330627, 0.0030636333394795656, -0.00012221901852171868, -0.0030581101309508085, 0.9937359094619751, -0.11171215772628784]}]}]}, {"id": 4, "label": "chair_seat", "box": [0.005258675664663315, -0.012627837248146534, 0.15283648669719696, 0.855391263961792, 0.18253827095031738, 0.7854509949684143, 0.9999356865882874, -0.00876676570624113, 0.007200699765235186, 0.008615129627287388, 0.9997460246086121, 0.020826321095228195], "children": [{"id": 5, "label": "seat_surface", "box": [0.0053685312159359455, -0.036039918661117554, 0.15133659541606903, 0.7785928845405579, 0.09818978607654572, 0.713889479637146, 0.9999921321868896, 0.003603741293773055, 0.0016594445332884789, -0.0035900261718779802, 0.9999600052833557, -0.008195086382329464], "children": [{"id": 6, "label": "seat_single_surface", "box": [0.006125142797827721, -0.022865479812026024, 0.15947292745113373, 0.7354247570037842, 0.09973423182964325, 0.6872028112411499, 0.9999697804450989, 0.0035305526107549667, -0.006931950803846121, -0.0035751538816839457, 0.999972939491272, -0.0064323777332901955]}]}, {"id": 8, "label": "seat_frame", "box": [0.0011421921662986279, 0.011930176988244057, 0.13055866956710815, 0.8173050284385681, 0.1631179302930832, 0.7639365196228027, 0.999961793422699, -0.0018318250076845288, -0.00855170376598835, 0.001857243594713509, 0.9999939203262329, 0.002965357853099704]}], "edges": [{"part_a": 0, "part_b": 1, "type": "ADJ"}, {"part_a": 1, "part_b": 0, "type": "ADJ"}]}, {"id": 12, "label": "chair_base", "box": [0.014455029740929604, -0.286765456199646, 0.07319483906030655, 0.8178531527519226, 0.6126981377601624, 0.8052163124084473, 0.9983693361282349, 0.008650295436382294, 0.05642551928758621, -0.005311231128871441, 0.9982402920722961, -0.059060219675302505]}], "edges": [{"part_a": 0, "part_b": 1, "type": "ADJ"}, {"part_a": 0, "part_b": 2, "type": "ADJ"}, {"part_a": 1, "part_b": 0, "type": "ADJ"}, {"part_a": 1, "part_b": 2, "type": "ADJ"}, {"part_a": 2, "part_b": 0, "type": "ADJ"}, {"part_a": 2, "part_b": 1, "type": "ADJ"}]}