{"id": 0, "label": "chair", "box": [0.0032909810543060303, -0.01846909523010254, 0.047228358685970306, 0.8581462502479553, 1.0504019260406494, 1.6205084323883057, -6.109227117305111e-17, 0.06759941577911377, 0.9977125525474548, 1.0, 0.0, 6.123234262925839e-17], "children": [{"id": 1, "label": "chair_back", "box": [-0.024277513846755028, 0.31508052349090576, -0.28972315788269043, 0.18687842786312103, 0.8943347930908203, 0.9246422648429871, -0.0002051143819699064, -0.11673080176115036, -0.9931635856628418, 0.9974765181541443, -0.07053520530462265, 0.008084301836788654], "children": [{"id": 2, "label": "back_frame", "box": [-0.02491271123290062, 0.30659735202789307, -0.23633000254631042, 0.09523776173591614, 0.8943906426429749, 0.8962826132774353, -0.0005524854059331119, -0.08580779284238815, -0.9963115453720093, 0.997545063495636, -0.0698145404458046, 0.005459640175104141], "children": [{"id": 3, "label": "back_frame_vertical_bar", "box": [0.36294040083885193, 0.2796241343021393, -0.23364421725273132, 0.058237239718437195, 0.08415403217077255, 0.895021378993988, 0.706053614616394, -0.0064508081413805485, 0.7081289887428284, -0.7018454074859619, 0.1268482506275177, 0.7009440064430237]}, {"id": 4, "label": "back_frame_vertical_bar", "box": [-0.3579244017601013, 0.30193576216697693, -0.23499302566051483, 0.058152537792921066, 0.07898806780576706, 0.8506104946136475, 0.7052043080329895, 0.006525078788399696, -0.7089741230010986, 0.7018876075744629, 0.1348988115787506, 0.6993969678878784]}], "edges": [{"part_a": 1, "type": "REF_SYM", "dist": 0.025400156363872765, "part_b": 0, "params": [0.0024186372756958008, 0.29950523376464844, -0.23543454706668854, 0.9995543360710144, -0.0298016294836998, 0.0016979686915874481]}, {"part_a": 1, "type": "ROT_SYM", "dist": 0.019348883751224, "part_b": 0, "params": [0.0026611960493028164, 0.17967984080314636, -0.04378471150994301, -0.006857465486973524, -0.9993312954902649, 0.03591429442167282, 2.1850898265838623]}]}, {"id": 5, "label": "back_surface", "box": [0.003290995955467224, 0.4173261523246765, -0.31407490372657776, 0.16018104553222656, 0.7075509428977966, 0.8222960233688354, -7.342910421774053e-18, -0.1199188306927681, -0.9927837252616882, 1.2202281199273586e-16, 0.9927837252616882, -0.1199188306927681], "children": [{"id": 6, "label": "back_single_surface", "box": [0.003290995955467224, 0.4173261523246765, -0.31407490372657776, 0.16018104553222656, 0.7075509428977966, 0.8222960233688354, -7.342910421774053e-18, -0.1199188306927681, -0.9927837252616882, 1.2202281199273586e-16, 0.9927837252616882, -0.1199188306927681]}]}], "edges": [{"part_a": 1, "type": "ADJ", "dist": 0.001735863545969615, "part_b": 0}]}, {"id": 7, "label": "chair_arm", "box": [0.4689158499240875, 0.04994399845600128, 0.06351673603057861, 0.13227352499961853, 0.543537974357605, 0.609421968460083, -0.9868054389953613, 5.0510245549611286e-17, 0.1619105339050293, 6.123234262925839e-17, 1.0, 6.123234262925839e-17], "children": [{"id": 8, "label": "arm_horizontal_bar", "box": [0.4689158499240875, 0.30232900381088257, 0.06351673603057861, 0.038767993450164795, 0.13227352499961853, 0.609421968460083, 1.422929986348009e-16, 1.0, 1.208488110929516e-16, -0.9868054389953613, 1.208488110929516e-16, 0.1619105339050293]}, {"id": 9, "label": "arm_near_vertical_bar", "box": [0.4894944131374359, 0.03587757423520088, 0.20431622862815857, 0.058218300342559814, 0.11258210241794586, 0.5379184484481812, 0.9993152618408203, -0.036988645792007446, -0.0009258401696570218, 0.007988651283085346, 0.24012510478496552, -0.9707090854644775]}, {"id": 10, "label": "arm_connector", "box": [0.46184441447257996, -0.18506203591823578, 0.16357983648777008, 0.06072279438376427, 0.07136712223291397, 0.07388508319854736, 0.9995944499969482, 0.026563458144664764, 0.010263337753713131, -0.010296689346432686, 0.0011190699879080057, 0.9999463558197021]}], "edges": [{"part_a": 1, "type": "ADJ", "dist": 0.0011727497725397941, "part_b": 0}, {"part_a": 2, "type": "ADJ", "dist": 0.005574192569649244, "part_b": 1}]}, {"id": 11, "label": "chair_arm", "box": [-0.4623338580131531, 0.04994399845600128, 0.06351673603057861, 0.13227355480194092, 0.543537974357605, 0.609421968460083, -0.9868054389953613, 0.0, -0.1619105339050293, 1.982832164809025e-17, 1.0, -1.208488110929516e-16], "children": [{"id": 12, "label": "arm_horizontal_bar", "box": [-0.4623338580131531, 0.30232900381088257, 0.06351673603057861, 0.038767993450164795, 0.13227355480194092, 0.609421968460083, -1.982832164809025e-17, -1.0, 1.208488110929516e-16, 0.9868054389953613, 0.0, 0.1619105339050293]}, {"id": 13, "label": "arm_near_vertical_bar", "box": [-0.48208534717559814, 0.06864484399557114, 0.2087010145187378, 0.04252508282661438, 0.10465681552886963, 0.47513413429260254, 0.9999966621398926, 0.0009726173593662679, -0.0023988180328160524, 0.002572872908785939, -0.2718115448951721, 0.9623470306396484]}, {"id": 14, "label": "arm_connector", "box": [-0.4641190767288208, -0.1837971955537796, 0.16334432363510132, 0.07129812240600586, 0.07619737088680267, 0.07845614850521088, -0.000950039247982204, 4.771350177179556e-06, -0.9999995231628418, -0.002137083327397704, -0.9999977350234985, -2.741027401498286e-06]}], "edges": [{"part_a": 1, "type": "ADJ", "dist": 0.006069795738925046, "part_b": 0}, {"part_a": 2, "type": "ADJ", "dist": 0.0067401871450864966, "part_b": 1}]}, {"id": 15, "label": "chair_seat", "box": [0.003291502594947815, -0.09698600322008133, 0.07472249865531921, 0.24811799824237823, 0.8063089847564697, 0.8565590381622314, -1.2246468525851679e-16, -1.0, 0.0, 0.0, 0.0, 1.0], "children": [{"id": 16, "label": "seat_surface", "box": [0.003291502594947815, -0.09698600322008133, 0.07472249865531921, 0.24811799824237823, 0.8063089847564697, 0.8565590381622314, -1.2246468525851679e-16, -1.0, 0.0, 0.0, 0.0, 1.0], "children": [{"id": 17, "label": "seat_single_surface", "box": [0.003291502594947815, -0.09698600322008133, 0.07472249865531921, 0.24811799824237823, 0.8063089847564697, 0.8565590381622314, -1.2246468525851679e-16, -1.0, 0.0, 0.0, 0.0, 1.0]}]}]}, {"id": 18, "label": "chair_base", "box": [0.003215998411178589, -0.4508014917373657, 0.05557750165462494, 0.704928994178772, 0.82909095287323, 0.893966019153595, -1.2246468525851679e-16, -1.0, 0.0, 0.0, 0.0, 1.0], "children": [{"id": 19, "label": "regular_leg_base", "box": [0.003215998411178589, -0.4508014917373657, 0.05557750165462494, 0.704928994178772, 0.82909095287323, 0.893966019153595, -1.2246468525851679e-16, -1.0, 0.0, 0.0, 0.0, 1.0], "children": [{"id": 20, "label": "leg", "box": [-0.3556061089038849, -0.45340996980667114, -0.23293553292751312, 0.059025682508945465, 0.08042086660861969, 0.7196896076202393, 0.6730476021766663, -0.0008379251230508089, -0.7395986914634705, 0.7302228212356567, -0.15797463059425354, 0.6646944284439087]}, {"id": 21, "label": "leg", "box": [0.36364540457725525, -0.4770740270614624, -0.23436439037322998, 0.058056216686964035, 0.07513924688100815, 0.6734293103218079, 0.696959912776947, 0.006059562787413597, 0.7170844674110413, -0.706151008605957, -0.16835267841815948, 0.6877558827400208]}, {"id": 22, "label": "leg", "box": [0.3889254927635193, -0.5114864706993103, 0.4352315068244934, 0.06978300213813782, 0.06978300213813782, 0.5808829665184021, -1.0, 6.123234262925839e-17, 0.0, 0.0, 0.0, 1.0]}, {"id": 23, "label": "leg", "box": [-0.38234350085258484, -0.5114864706993103, 0.4352315068244934, 0.06978297233581543, 0.06978300213813782, 0.5808829665184021, -1.0, 6.123234262925839e-17, 0.0, 0.0, 0.0, 1.0]}, {"id": 24, "label": "bar_stretcher", "box": [0.4017789959907532, -0.35673394799232483, 0.16165457665920258, 0.040696240961551666, 0.06048256903886795, 0.4801499545574188, -1.1817252925538924e-05, -1.0, 1.5351709237165778e-07, -0.998537003993988, 1.1808265298896004e-05, 0.05407213047146797]}, {"id": 25, "label": "bar_stretcher",