{"id": 0, "label": "chair", "box": [-0.005110883619636297, -0.121709905564785, 0.07296115905046463, 0.9510765671730042, 0.9953731894493103, 1.3403135538101196, 0.000700065225828439, -0.001644135219976306, -0.9999983906745911, -0.9999997615814209, -3.755258148885332e-05, -0.0007000044570304453], "children": [{"id": 1, "label": "chair_back", "box": [-0.004881291184574366, 0.2654772996902466, -0.15791943669319153, 0.3449036478996277, 0.6667677164077759, 0.9913345575332642, 0.0027721808291971684, -0.26412883400917053, -0.9644834399223328, -0.04038909077644348, -0.9637296795845032, 0.2638063132762909], "children": [{"id": 2, "label": "back_surface", "box": [-0.004881291184574366, 0.2654772996902466, -0.15791943669319153, 0.3449036478996277, 0.6667677164077759, 0.9913345575332642, 0.0027721808291971684, -0.26412883400917053, -0.9644834399223328, -0.04038909077644348, -0.9637296795845032, 0.2638063132762909]}]}, {"id": 3, "label": "chair_seat", "box": [-0.013086406514048576, -0.04894961789250374, 0.13567809760570526, 0.42284390330314636, 0.6500717997550964, 0.996483325958252, 0.004180458839982748, -0.8095124363899231, -0.5870878100395203, -0.0302894189953804, -0.5869260430335999, 0.8090737462043762], "children": [{"id": 4, "label": "seat_surface", "box": [-0.013086406514048576, -0.04894961789250374, 0.13567809760570526, 0.42284390330314636, 0.6500717997550964, 0.996483325958252, 0.004180458839982748, -0.8095124363899231, -0.5870878100395203, -0.0302894189953804, -0.5869260430335999, 0.8090737462043762], "children": [{"id": 5, "label": "seat_single_surface", "box": [-0.013086406514048576, -0.04894961789250374, 0.13567809760570526, 0.42284390330314636, 0.6500717997550964, 0.996483325958252, 0.004180458839982748, -0.8095124363899231, -0.5870878100395203, -0.0302894189953804, -0.5869260430335999, 0.8090737462043762]}]}]}, {"id": 6, "label": "chair_base", "box": [-0.00531065184623003, -0.3875179886817932, 0.07397150248289108, 0.6821893453598022, 0.8076416850090027, 0.9510769844055176, 0.9999997019767761, -0.00038005775422789156, 0.0007009965484030545, -0.00038018665509298444, -0.9999999403953552, 0.00018376880325376987], "children": [{"id": 7, "label": "regular_leg_base", "box": [-0.00531065184623003, -0.3875179886817932, 0.07397150248289108, 0.6821893453598022, 0.8076416850090027, 0.9510769844055176, 0.9999997019767761, -0.00038005775422789156, 0.0007009965484030545, -0.00038018665509298444, -0.9999999403953552, 0.00018376880325376987], "children": [{"id": 8, "label": "leg", "box": [-0.2851596772670746, -0.4304744303226471, 0.4937107264995575, 0.06606175005435944, 0.10367778688669205, 0.7270146012306213, -0.4260556399822235, 0.14186419546604156, 0.8935049772262573, 0.9036710262298584, 0.01971246302127838, 0.4277733862400055]}, {"id": 9, "label": "leg", "box": [0.27487537264823914, -0.399036705493927, -0.2957237958908081, 0.0703037679195404, 0.09150409698486328, 0.8062538504600525, -0.6593590378761292, -0.17840540409088135, 0.7303541302680969, 0.7514525651931763, -0.1256788820028305, 0.6477066278457642]}, {"id": 10, "label": "leg", "box": [0.27466607093811035, -0.4296165108680725, 0.49011826515197754, 0.06699739396572113, 0.09762874990701675, 0.7293217182159424, -0.40014734864234924, -0.13183535635471344, -0.9069187045097351, 0.9155837893486023, -0.014472459442913532, -0.40186670422554016]}, {"id": 11, "label": "leg", "box": [-0.293722540140152, -0.3954472243785858, -0.2718743681907654, 0.10188466310501099, 0.10503923147916794, 0.8188252449035645, 0.8436211347579956, 0.03078826703131199, -0.5360554456710815, -0.5320355892181396, 0.18254519999027252, -0.826810359954834]}], "edges": [{"part_a": 1, "type": "REF_SYM", "params": [-0.005658939480781555, -0.40969839692115784, 0.09281344711780548, -0.598246693611145, -0.020623289048671722, 0.8010465502738953], "dist": 0.03487911093027899, "part_b": 0}, {"part_a": 2, "type": "REF_SYM", "params": [-0.005831673741340637, -0.420319139957428, 0.48230913281440735, -0.9999978542327881, 0.0020496495999395847, -0.00036227889358997345], "dist": 0.012569961125723124, "part_b": 0}, {"part_a": 2, "type": "TRANS_SYM", "params": [-0.5812724828720093, 0.0011914074420928955, -0.00021058320999145508], "dist": 0.04438955758396633, "part_b": 0}, {"part_a": 2, "type": "ROT_SYM", "params": [-0.005791160743683577, -0.4781689941883087, 0.5969064831733704, -0.0018616783199831843, 0.9895406365394592, -0.14424246549606323, 2.4478871822357178], "dist": 0.014061353904258408, "part_b": 0}, {"part_a": 2, "type": "REF_SYM", "params": [0.2849773168563843, -0.4102941155433655, 0.09291873872280121, 0.00044331702520139515, 0.027257762849330902, -0.9996283650398254], "dist": 0.02189489325905467, "part_b": 1}, {"part_a": 2, "type": "ROT_SYM", "params": [0.11172033101320267, -0.4369758665561676, 0.09244421869516373, 0.01697181910276413, 0.9992654919624329, 0.03435714915394783, 2.3068161010742188], "dist": 0.018210165614006946, "part_b": 1}, {"part_a": 3, "type": "REF_SYM", "params": [-0.2955016493797302, -0.40108561515808105, 0.09506542980670929, -0.00249306159093976, -0.04808664321899414, 0.9988400936126709], "dist": 0.019474694915320587, "part_b": 0}, {"part_a": 3, "type": "ROT_SYM", "params": [-0.8841933012008667, 0.2850590646266937, 0.1292438507080078, -0.4119343161582947, -0.9099340438842773, -0.04827240854501724, 0.883627712726593], "dist": 0.017304758107070307, "part_b": 0}, {"part_a": 3, "type": "REF_SYM", "params": [-0.00469265878200531, -0.39106059074401855, -0.29432496428489685, 0.999528706073761, -0.02970135770738125, -0.00776600930839777], "dist": 0.023545877055413694, "part_b": 1}, {"part_a": 3, "type": "TRANS_SYM", "params": [0.5796854496002197, -0.017225563526153564, -0.004503965377807617], "dist": 0.035233940960238005, "part_b": 1}, {"part_a": 3, "type": "ROT_SYM", "params": [-0.004477618262171745, -0.5152612924575806, 0.2658941149711609, 0.03832896426320076, -0.9886316061019897, -0.1453906148672104, 0.9360104203224182], "dist": 0.024073718610994835, "part_b": 1}, {"part_a": 3, "type": "REF_SYM", "params": [-0.004865393042564392, -0.4016813039779663, 0.09517072141170502, 0.5985168814659119, -0.03974032774567604, 0.800123929977417], "dist": 0.03382999444209555, "part_b": 2}]}]}], "edges": [{"part_a": 1, "type": "ADJ", "dist": 0.012248851011377996, "part_b": 0}, {"part_a": 2, "type": "ADJ", "dist": 0.011891197535330123, "part_b": 0}, {"part_a": 2, "type": "ADJ", "dist": 0.007972756695888551, "part_b": 1}]}