{"id": 0, "label": "chair", "box": [0.002351147588342428, 0.019116073846817017, 0.1463836133480072, 0.7275837659835815, 0.9748539924621582, 1.471511960029602, -1.0, -3.360510163474828e-05, -0.00022850028472021222, 0.00022850028472021222, 5.771868538673175e-10, -1.0], "children": [{"id": 1, "label": "chair_back", "box": [0.002446828642860055, 0.33920323848724365, -0.22893132269382477, 0.22930070757865906, 0.7275539636611938, 0.831813633441925, 3.888483206537785e-07, 0.006276464555412531, 0.9999803304672241, 1.0, -6.195339665282518e-05, -1.8369345446752895e-16], "children": [{"id": 2, "label": "back_surface", "box": [0.002446828642860055, 0.33920323848724365, -0.22893132269382477, 0.22930070757865906, 0.7275539636611938, 0.831813633441925, 3.888483206537785e-07, 0.006276464555412531, 0.9999803304672241, 1.0, -6.195339665282518e-05, -1.8369345446752895e-16], "children": [{"id": 3, "label": "back_single_surface", "box": [0.002446828642860055, 0.33920323848724365, -0.22893132269382477, 0.22930070757865906, 0.7275539636611938, 0.831813633441925, 3.888483206537785e-07, 0.006276464555412531, 0.9999803304672241, 1.0, -6.195339665282518e-05, -1.8369345446752895e-16]}]}]}, {"id": 4, "label": "chair_seat", "box": [0.0020847287960350513, -0.12185226380825043, 0.1462346762418747, 0.1460941582918167, 0.7316824197769165, 0.9793129563331604, -0.009013515897095203, -0.9996716380119324, -0.02398631162941456, -0.9999491572380066, 0.0089023532345891, 0.004737151321023703], "children": [{"id": 5, "label": "seat_surface", "box": [0.0020847287960350513, -0.12185226380825043, 0.1462346762418747, 0.1460941582918167, 0.7316824197769165, 0.9793129563331604, -0.009013515897095203, -0.9996716380119324, -0.02398631162941456, -0.9999491572380066, 0.0089023532345891, 0.004737151321023703], "children": [{"id": 6, "label": "seat_single_surface", "box": [0.0020847287960350513, -0.12185226380825043, 0.1462346762418747, 0.1460941582918167, 0.7316824197769165, 0.9793129563331604, -0.009013515897095203, -0.9996716380119324, -0.02398631162941456, -0.9999491572380066, 0.0089023532345891, 0.004737151321023703]}]}]}, {"id": 7, "label": "chair_base", "box": [0.0022857035510241985, -0.42938849329948425, 0.14610129594802856, 0.5749675631523132, 0.7273572087287903, 0.9745457172393799, -2.5979207673998417e-09, 0.9999998807907104, 0.0005290877306833863, 1.0, 9.494368669038522e-08, -0.00017453769396524876], "children": [{"id": 8, "label": "regular_leg_base", "box": [0.0022857035510241985, -0.42938849329948425, 0.14610129594802856, 0.5749675631523132, 0.7273572087287903, 0.9745457172393799, -2.5979207673998417e-09, 0.9999998807907104, 0.0005290877306833863, 1.0, 9.494368669038522e-08, -0.00017453769396524876], "children": [{"id": 9, "label": "leg", "box": [-0.30107125639915466, -0.43733352422714233, 0.5725412964820862, 0.12166351079940796, 0.12377922981977463, 0.5590133666992188, 0.0009991922415792942, 0.0005215719575062394, -0.9999993443489075, 0.9999825954437256, -0.00581881869584322, 0.000996140530332923]}, {"id": 10, "label": "leg", "box": [-0.30006515979766846, -0.4355778396129608, -0.27934157848358154, 0.12343565374612808, 0.13247284293174744, 0.5635378956794739, 0.9999985694885254, -0.001690130913630128, 0.0, -2.8116000976297073e-05, -0.01663537509739399, 0.9998615980148315]}, {"id": 11, "label": "leg", "box": [0.30749818682670593, -0.42926114797592163, -0.28065505623817444, 0.11650453507900238, 0.12198293954133987, 0.5749380588531494, 1.0, -0.00013844537897966802, -3.459698234564712e-07, 1.5301684571843145e-19, -0.0024989547673612833, 0.9999969005584717]}, {"id": 12, "label": "leg", "box": [0.30764806270599365, -0.4357023239135742, 0.5672747492790222, 0.11676376312971115, 0.13195011019706726, 0.5618546605110168, -0.9999999403953552, 2.1347234451241093e-06, 0.00034733660868369043, 0.0003473365504760295, -3.19927821692545e-05, 0.9999999403953552]}], "edges": [{"params": [-0.30330803990364075, -0.4472997486591339, 0.1457543969154358, -0.0010860975598916411, -0.002773808315396309, 0.9999955296516418], "type": "REF_SYM", "part_b": 0, "dist": 0.02198459514135052, "part_a": 1}, {"params": [-0.0009323954582214355, -0.002381265163421631, 0.8584784269332886], "type": "TRANS_SYM", "part_b": 0, "dist": 0.022358502867080667, "part_a": 1}, {"params": [0.24888662993907928, -0.45602476596832275, 0.14641767740249634, -0.0008370127179659903, 0.9999375939369202, -0.011140046641230583, 1.3214552402496338], "type": "ROT_SYM", "part_b": 0, "dist": 0.030408041309324875, "part_a": 1}, {"params": [0.0022289007902145386, -0.4512869119644165, 0.1458350121974945, -0.5805530548095703, 0.00530561339110136, 0.8142051100730896], "type": "REF_SYM", "part_b": 0, "dist": 0.03174210834131788, "part_a": 2}, {"params": [-0.6120063066482544, 0.005593061447143555, 0.8583171963691711], "type": "TRANS_SYM", "part_b": 0, "dist": 0.02223328951250607, "part_a": 2}, {"params": [0.4167483150959015, -0.4512094259262085, 0.44171959161758423, 0.005670252721756697, 0.9999808669090271, -0.0024658790789544582, 1.6051514148712158], "type": "ROT_SYM", "part_b": 0, "dist": 0.022219498570596713, "part_a": 2}, {"params": [0.0026950985193252563, -0.4500962793827057, -0.2834042012691498, -0.999914824962616, 0.013048582710325718, -0.00026382546639069915], "type": "REF_SYM", "part_b": 1, "dist": 0.024115264159860775, "part_a": 2}, {"params": [-0.6110738515853882, 0.007974326610565186, -0.00016123056411743164], "type": "TRANS_SYM", "part_b": 1, "dist": 0.02225454383414037, "part_a": 2}, {"params": [0.0026632731314748526, -0.45960935950279236, -0.3270092010498047, -0.005972611717879772, -0.9999815821647644, 0.0011167124612256885, 2.8580241203308105], "type": "ROT_SYM", "part_b": 1, "dist": 0.02996563795103588, "part_a": 2}, {"params": [0.0019952207803726196, -0.45298999547958374, 0.5750332474708557, -0.9998916983604431, 0.014714116230607033, -0.0001296166010433808], "type": "REF_SYM", "part_b": 0, "dist": 0.02498531663763728, "part_a": 3}, {"params": [-0.6115388870239258, 0.008999228477478027, -7.927417755126953e-05], "type": "TRANS_SYM", "part_b": 0, "dist": 0.02287923408752933, "part_a": 3}, {"params": [0.0020526545122265816, -0.44934117794036865, 0.4354553520679474, -0.008758035488426685, -0.9999092221260071, 0.01024148240685463, 2.285442352294922], "type": "ROT_SYM", "part_b": 0, "dist": 0.040114783745399604, "part_a": 3}, {"params": [0.0024614185094833374, -0.4517993628978729, 0.14579403400421143, -0.5795382857322693, 0.01080144289880991, -0.814873456954956], "type": "REF_SYM", "part_b": 1, "dist": 0.03301050055179646, "part_a": 3}, {"params": [-0.6106065511703491, 0.011380493640899658, -0.8585577011108398], "type": "TRANS_SYM", "part_b": 1, "dist": 0.022918322385556328, "part_a": 3}, {"params": [-0.09113158285617828, 0.5487129092216492, 0.22077062726020813, 0.010150876827538013, 0.9999305605888367, 0.005986877717077732, 2.677320957183838], "type": "ROT_SYM", "part_b": 1, "dist": 0.03844695312735085, "part_a": 3}, {"params": [0.3079983592033386, -0.4557865262031555, 0.14587464928627014, 0.0005444526905193925, 0.003968026489019394, -0.9999920129776001], "type": "REF_SYM", "part_b": 2, "dist": 0.021349784929827913, "part_a": 3}, {"params": [0.0004673600196838379, 0.0034061670303344727, -0.8583964705467224], "type": "TRANS_SYM", "part_b": 2, "dist": 0.021010790811711633, "part_a": 3}, {"params": [1.4019213914871216, 0.5330349802970886, 0.13868001103401184, -0.010257704183459282, -0.9999396800994873, -0.0039200084283947945, 0.7541177868843079], "type": "ROT_SYM", "part_b": 2, "dist": 0.039999145382994906, "part_a": 3}]}]}], "edges": [{"type": "ADJ", "part_b": 0, "dist": 0.013547475735796712, "part_a": 1}, {"type": "ADJ", "part_b": 1, "dist": 0.0015127821812691334, "part_a": 2}]}