{"id": 0, "label": "chair", "box": [0.0013416694710031152, -0.0830497294664383, 0.048789624124765396, 0.8324516415596008, 1.1254359483718872, 1.4679087400436401, -0.0012324836570769548, 0.011936419643461704, -0.9999279975891113, 0.9999992251396179, 1.137571507570101e-05, -0.0012324356939643621], "children": [{"id": 1, "label": "chair_back", "box": [-0.0015933526447042823, 0.27296939492225647, -0.318187952041626, 0.1499788910150528, 0.7170736193656921, 0.7578713893890381, 0.0032849805429577827, 0.2512775957584381, 0.9679095149040222, -0.9999942183494568, -3.4393892747175414e-06, 0.0033947655465453863], "children": [{"id": 2, "label": "back_surface", "box": [-0.0014569908380508423, 0.2960558831691742, -0.31893685460090637, 0.05276444926857948, 0.7169159650802612, 0.7221273183822632, 6.103042453301175e-17, -0.08114311099052429, -0.9967024326324463, 1.0, 0.0, 6.123234262925839e-17], "children": [{"id": 3, "label": "back_single_surface", "box": [-0.0014569908380508423, 0.2960558831691742, -0.31893685460090637, 0.05276444926857948, 0.7169159650802612, 0.7221273183822632, 6.103042453301175e-17, -0.08114311099052429, -0.9967024326324463, 1.0, 0.0, 6.123234262925839e-17]}]}, {"id": 4, "label": "back_connector", "box": [-0.001473443116992712, -0.06247939169406891, -0.2217155545949936, 0.03714073449373245, 0.13515211641788483, 0.7167133688926697, -0.0004011198761872947, -0.9918188452720642, -0.1276528239250183, -0.00041456788312643766, -0.12765266001224518, 0.9918188452720642]}], "edges": [{"type": "ADJ", "dist": 0.01201800771154366, "part_a": 1, "part_b": 0}]}, {"id": 5, "label": "chair_arm", "box": [-0.42312419414520264, 0.11072981357574463, 0.07939983159303665, 0.1736871898174286, 0.5069035291671753, 0.6560205221176147, -0.865257978439331, -0.4996635317802429, -0.04080485180020332, 0.49910882115364075, -0.8662195801734924, 0.023537542670965195], "children": [{"id": 6, "label": "arm_sofa_style", "box": [-0.42312419414520264, 0.11072981357574463, 0.07939983159303665, 0.1736871898174286, 0.5069035291671753, 0.6560205221176147, -0.865257978439331, -0.4996635317802429, -0.04080485180020332, 0.49910882115364075, -0.8662195801734924, 0.023537542670965195]}]}, {"id": 7, "label": "chair_arm", "box": [0.42614054679870605, 0.1126784011721611, 0.10819526016712189, 0.17368775606155396, 0.5069037675857544, 0.6560205221176147, 0.865184485912323, -0.49966511130332947, -0.042315393686294556, 0.49906855821609497, 0.8662186861038208, -0.024408932775259018], "children": [{"id": 8, "label": "arm_sofa_style", "box": [0.42614054679870605, 0.1126784011721611, 0.10819526016712189, 0.17368775606155396, 0.5069037675857544, 0.6560205221176147, 0.865184485912323, -0.49966511130332947, -0.042315393686294556, 0.49906855821609497, 0.8662186861038208, -0.024408932775259018]}]}, {"id": 9, "label": "chair_seat", "box": [-0.0007501316140405834, -0.09856682270765305, 0.09554700553417206, 0.15467536449432373, 0.7220679521560669, 0.7822957038879395, -0.00011479828390292823, -1.0, 0.0, 0.0, 0.0, 1.0], "children": [{"id": 10, "label": "seat_surface", "box": [-0.0006774961948394775, -0.05138400197029114, 0.09643800556659698, 0.06023000180721283, 0.7193479537963867, 0.7821570038795471, -1.2246468525851679e-16, -1.0, 0.0, 0.0, 0.0, 1.0], "children": [{"id": 11, "label": "seat_single_surface", "box": [-0.0006774961948394775, -0.05138400197029114, 0.09643800556659698, 0.06023000180721283, 0.7193479537963867, 0.7821570038795471, -1.2246468525851679e-16, -1.0, 0.0, 0.0, 0.0, 1.0]}]}, {"id": 12, "label": "seat_frame", "box": [-0.0008224993944168091, -0.12228349596261978, 0.09554700553417206, 0.10732100158929825, 0.7220679521560669, 0.7821489572525024, -1.2246468525851679e-16, -1.0, 0.0, 0.0, 0.0, 1.0], "children": [{"id": 13, "label": "seat_frame_bar", "box": [0.34569287300109863, -0.12205634266138077, 0.11508713662624359, 0.07323303073644638, 0.10737340152263641, 0.6845503449440002, 0.9996109008789062, -0.0005819621146656573, -0.027888264507055283, 0.0006025671027600765, 0.9999995231628418, 0.0007304441533051431]}, {"id": 14, "label": "seat_frame_bar", "box": [-0.35493800044059753, -0.1103428453207016, 0.11479857563972473, 0.08240211755037308, 0.08935090154409409, 0.6837354898452759, -0.9922347068786621, -0.12437141686677933, -0.0014413573080673814, -0.1243688091635704, 0.992234468460083, -0.0017751562409102917]}, {"id": 15, "label": "seat_frame_bar", "box": [-0.0008073769276961684, -0.10685700178146362, 0.42163828015327454, 0.07000292092561722, 0.0765397697687149, 0.6710573434829712, 0.00016622318071313202, 0.00017218741413671523, 1.0, -0.00011473321501398459, -1.0, 0.00017220649169757962]}, {"id": 16, "label": "seat_frame_bar", "box": [-0.0003633387968875468, -0.10355815291404724, -0.24543718993663788, 0.04464174807071686, 0.0734463557600975, 0.6018068194389343, -1.4892244507791474e-05, 0.08379299193620682, -0.9964832067489624, -4.4348031224217266e-05, 0.9964832067489624, 0.08379299193620682]}], "edges": [{"type": "ADJ", "dist": 0.012757011249923721, "part_a": 2, "part_b": 0}, {"type": "ADJ", "dist": 0.014016366100712193, "part_a": 2, "part_b": 1}, {"type": "ADJ", "dist": 0.021832832656652947, "part_a": 3, "part_b": 0}, {"type": "REF_SYM", "params": [-0.0012076497077941895, -0.1026475578546524, 0.12372681498527527, 0.9999387264251709, -0.0020345039665699005, -0.010882871225476265], "dist": 0.017973197900190162, "part_a": 1, "part_b": 0}, {"type": "TRANS_SYM", "params": [0.7073484659194946, -0.0014391914010047913, -0.007698453962802887], "dist": 0.032170511055051906, "part_a": 1, "part_b": 0}, {"type": "ROT_SYM", "params": [-0.003445208538323641, 1.627408504486084, -0.4293544292449951, 0.010610462166368961, 0.19852381944656372, 0.9800386428833008, 0.38691481947898865], "dist": 0.025111010528694185, "part_a": 1, "part_b": 0}, {"type": "REF_SYM", "params": [0.1760987937450409, -0.10240941494703293, 0.2760254442691803, 0.7487159371376038, -0.004065772984176874, -0.6628783941268921], "dist": 0.0481667614758773, "part_a": 2, "part_b": 0}, {"type": "ROT_SYM", "params": [-0.29677605628967285, 0.029852330684661865, 0.4245804250240326, 0.27908429503440857, 0.917830765247345, -0.2823093831539154, 1.6118969917297363], "dist": 0.032728919014030994, "part_a": 2, "part_b": 1}, {"type": "REF_SYM", "params": [0.17529378831386566, -0.1029103547334671, -0.0620780847966671, 0.697626531124115, -0.0017986675957217813, 0.7164592742919922], "dist": 0.035204290288881335, "part_a": 3, "part_b": 0}, {"type": "ROT_SYM", "params": [0.4045773148536682, -1.074700951576233, -0.28721705079078674, -0.0553373247385025, 0.9968786835670471, 0.05630837008357048, 1.6123276948928833], "dist": 0.026572091530126678, "part_a": 3, "part_b": 0}, {"type": "REF_SYM", "params": [-0.17838044464588165, -0.10219075530767441, -0.058228857815265656, -0.6887219548225403, 0.001025453326292336, 0.7250247597694397], "dist": 0.038982319579721224, "part_a": 3, "part_b": 1}, {"type": "ROT_SYM", "params": [-0.4481494724750519, -1.0482280254364014, -0.3175327777862549, -0.09649806469678879, -0.9911468625068665, -0.09119242429733276, 1.6146584749221802], "dist": 0.02676804908862866, "part_a": 3, "part_b": 1}, {"type": "REF_SYM", "params": [-0.0010739988647401333, -0.10195261240005493, 0.09406977891921997, 0.002380908699706197, 0.0014815996401011944, 0.9999960064888], "dist": 0.021824433276161764, "part_a": 3, "part_b": 2}, {"type": "TRANS_SYM", "params": [0.0016099936328828335, 0.0010018721222877502, 0.6762070655822754], "dist": 0.023655431260722965, "part_a": 3, "part_b": 2}, {"type": "ROT_SYM", "params": [0.054044559597969055, 2.1144702434539795, 0.09098443388938904, -0.9998300671577454, 0.0178768802434206, -0.00449786614626646, 0.30266451835632324], "dist": 0.024821706492575726, "part_a": 3, "part_b": 2}]}], "edges": [{"type": "ADJ", "dist": 0.0029453310916608758, "part_a": 1, "part_b": 0}]}, {"id": 17, "label": "chair_base",