{"id": 0, "label": "chair", "box": [-0.005769952200353146, -0.05685917288064957, 0.10821624845266342, 0.7280793786048889, 1.557071328163147, 0.7848625779151917, 0.9999620318412781, -0.006827451754361391, -0.005416285712271929, 0.006681237835437059, 0.9996246695518494, -0.02656894363462925], "children": [{"id": 1, "label": "chair_back", "box": [-0.009280888363718987, 0.3263844847679138, -0.21801155805587769, 0.7580010890960693, 0.7786875367164612, 0.10191548615694046, 0.9999908804893494, -0.004231652244925499, -0.0005625679041258991, 0.004195783752948046, 0.9985785484313965, -0.05313423275947571], "children": [{"id": 2, "label": "back_surface", "box": [-0.0026882095262408257, 0.3378075957298279, -0.24606025218963623, 0.7410213947296143, 0.8592596054077148, 0.10381656885147095, 0.9999864101409912, -0.00301997154019773, -0.004248712211847305, 0.0027862396091222763, 0.9985380172729492, -0.05398216098546982], "children": [{"id": 3, "label": "back_single_surface", "box": [-0.003626764751970768, 0.3461737632751465, -0.2377258837223053, 0.7657694816589355, 0.8833189606666565, 0.10767266154289246, 0.9999940991401672, -0.0031993177253752947, 0.0012511301320046186, 0.003252082271501422, 0.9989938139915466, -0.04473087564110756]}]}]}, {"id": 4, "label": "chair_seat", "box": [0.002868670504540205, -0.07552315294742584, 0.11342877149581909, 0.7776248455047607, 0.1666473150253296, 0.7376020550727844, 0.9999785423278809, 0.0052226874977350235, -0.003953161183744669, -0.005173756740987301, 0.9999111294746399, 0.012288179248571396], "children": [{"id": 7, "label": "seat_support", "box": [0.00043656674097292125, -0.09404460340738297, 0.1038982942700386, 0.6966086030006409, 0.13251924514770508, 0.7241493463516235, 0.9998651742935181, 0.007151676341891289, 0.014784744009375572, -0.0073747034184634686, 0.9998590350151062, 0.015085888095200062]}, {"id": 5, "label": "seat_surface", "box": [0.010771343484520912, -0.021950561553239822, 0.1141333281993866, 0.6991487741470337, 0.08127959072589874, 0.7287711501121521, 0.9999592304229736, -0.0014500709949061275, 0.008913491852581501, 0.0013925958191975951, 0.999978244304657, 0.006450948771089315], "children": [{"id": 6, "label": "seat_single_surface", "box": [0.005944208241999149, -0.015394779853522778, 0.0948370024561882, 0.7263482809066772, 0.1036275178194046, 0.7064436078071594, 0.9999980926513672, -0.0018512798706069589, -0.0006205670651979744, 0.0018530433299019933, 0.9999942183494568, 0.0028532580472528934]}]}], "edges": [{"part_a": 0, "part_b": 1, "type": "ADJ"}, {"part_a": 1, "part_b": 0, "type": "ADJ"}]}, {"id": 8, "label": "chair_base", "box": [0.005563086364418268, -0.4667430818080902, 0.10847695171833038, 0.7392860651016235, 0.6778011322021484, 0.8039207458496094, 0.9999933838844299, -0.0005388351855799556, 0.00360807660035789, 0.0005402992246672511, 0.9999997615814209, -0.0004048214468639344], "children": [{"id": 9, "label": "regular_leg_base", "box": [0.0017146358732134104, -0.46850836277008057, 0.09977538138628006, 0.7329886555671692, 0.7122180461883545, 0.7673938870429993, 0.9999887347221375, -0.0001425983791705221, 0.00474733579903841, 0.00014361362264025956, 1.0, -0.00021351277246139944], "children": [{"id": 10, "label": "leg", "box": [-0.3123472034931183, -0.47502264380455017, -0.23634345829486847, 0.08700118958950043, 0.7286705374717712, 0.08202937245368958, 0.9989988803863525, -0.018121186643838882, -0.04090048372745514, 0.02062089741230011, 0.9978911876678467, 0.061546459794044495]}, {"id": 13, "label": "leg", "box": [-0.3287263810634613, -0.4800661504268646, 0.4369681477546692, 0.0880599170923233, 0.7201004028320312, 0.08794835954904556, 0.9996606707572937, -0.00985631812363863, 0.024111688137054443, 0.009876254014670849, 0.9999510049819946, -0.0007078903145156801]}, {"id": 11, "label": "leg", "box": [0.2971063256263733, -0.47330233454704285, -0.23046109080314636, 0.08615254610776901, 0.7175437808036804, 0.08207353204488754, 0.9978876113891602, 0.00966967735439539, 0.06424053758382797, -0.013123095966875553, 0.9984786510467529, 0.053555089980363846]}, {"id": 12, "label": "leg", "box": [0.3268422484397888, -0.4722166359424591, 0.4352578818798065, 0.08236800134181976, 0.725365400314331, 0.08426233381032944, 0.9992327690124512, 0.01137110497802496, -0.03747770935297012, -0.011647513136267662, 0.9999065399169922, -0.0071651688776910305]}], "edges": [{"part_a": 0, "part_b": 1, "type": "ROT_SYM"}, {"part_a": 0, "part_b": 1, "type": "TRANS_SYM"}, {"part_a": 0, "part_b": 1, "type": "REF_SYM"}, {"part_a": 0, "part_b": 2, "type": "ROT_SYM"}, {"part_a": 0, "part_b": 2, "type": "TRANS_SYM"}, {"part_a": 0, "part_b": 2, "type": "REF_SYM"}, {"part_a": 0, "part_b": 3, "type": "ROT_SYM"}, {"part_a": 0, "part_b": 3, "type": "TRANS_SYM"}, {"part_a": 0, "part_b": 3, "type": "REF_SYM"}, {"part_a": 1, "part_b": 0, "type": "ROT_SYM"}, {"part_a": 1, "part_b": 0, "type": "TRANS_SYM"}, {"part_a": 1, "part_b": 0, "type": "REF_SYM"}, {"part_a": 1, "part_b": 2, "type": "ROT_SYM"}, {"part_a": 1, "part_b": 2, "type": "TRANS_SYM"}, {"part_a": 1, "part_b": 2, "type": "REF_SYM"}, {"part_a": 1, "part_b": 3, "type": "ROT_SYM"}, {"part_a": 1, "part_b": 3, "type": "TRANS_SYM"}, {"part_a": 1, "part_b": 3, "type": "REF_SYM"}, {"part_a": 2, "part_b": 0, "type": "ROT_SYM"}, {"part_a": 2, "part_b": 0, "type": "TRANS_SYM"}, {"part_a": 2, "part_b": 0, "type": "REF_SYM"}, {"part_a": 2, "part_b": 1, "type": "ROT_SYM"}, {"part_a": 2, "part_b": 1, "type": "TRANS_SYM"}, {"part_a": 2, "part_b": 1, "type": "REF_SYM"}, {"part_a": 2, "part_b": 3, "type": "ROT_SYM"}, {"part_a": 2, "part_b": 3, "type": "TRANS_SYM"}, {"part_a": 2, "part_b": 3, "type": "REF_SYM"}, {"part_a": 3, "part_b": 0, "type": "ROT_SYM"}, {"part_a": 3, "part_b": 0, "type": "TRANS_SYM"}, {"part_a": 3, "part_b": 0, "type": "REF_SYM"}, {"part_a": 3, "part_b": 1, "type": "ROT_SYM"}, {"part_a": 3, "part_b": 1, "type": "TRANS_SYM"}, {"part_a": 3, "part_b": 1, "type": "REF_SYM"}, {"part_a": 3, "part_b": 2, "type": "ROT_SYM"}, {"part_a": 3, "part_b": 2, "type": "TRANS_SYM"}, {"part_a": 3, "part_b": 2, "type": "REF_SYM"}]}]}], "edges": [{"part_a": 0, "part_b": 1, "type": "ADJ"}, {"part_a": 1, "part_b": 0, "type": "ADJ"}, {"part_a": 1, "part_b": 2, "type": "ADJ"}, {"part_a": 2, "part_b": 0, "type": "ADJ"}, {"part_a": 2, "part_b": 1, "type": "ADJ"}]}