{"id": 0, "label": "chair", "box": [-0.03046441823244095, 0.0070940181612968445, 0.06221846491098404, 0.9416472315788269, 1.314441204071045, 1.0504698753356934, 0.9999706745147705, -0.000669533503241837, -0.00763098755851388, 0.0005998982232995331, 0.9999582171440125, -0.00912396889179945], "children": [{"id": 1, "label": "chair_back", "box": [0.00619236845523119, 0.2588862180709839, -0.2765727937221527, 0.9909948706626892, 0.8799223899841309, 0.2706814706325531, 0.9999603629112244, 0.003420999040827155, 0.008225549943745136, -0.0012577833840623498, 0.9682947993278503, -0.2498072236776352], "children": [{"id": 2, "label": "back_surface", "box": [0.008882307447493076, 0.25592315196990967, -0.2279873639345169, 0.9923370480537415, 0.8656895756721497, 0.35098934173583984, 0.999969482421875, 0.0045891255140304565, 0.006329501047730446, -0.0030216556042432785, 0.9735443592071533, -0.2284782975912094], "children": [{"id": 3, "label": "back_single_surface", "box": [-0.0036530145443975925, 0.2911124527454376, -0.26072344183921814, 1.012327790260315, 0.8902024030685425, 0.3457435071468353, 0.9999854564666748, 0.0049844058230519295, 0.002062155632302165, -0.004452591761946678, 0.9785338640213013, -0.20603810250759125]}]}]}, {"id": 4, "label": "chair_seat", "box": [0.002582102781161666, 0.014179298654198647, 0.13471829891204834, 0.8686431646347046, 0.20592845976352692, 0.7929096221923828, 0.9999973177909851, -0.0001722650631563738, 0.0023242151364684105, 0.00014734968135599047, 0.9999426007270813, 0.01071582455188036], "children": [{"id": 7, "label": "seat_support", "box": [0.0036573060788214207, -0.05697672441601753, 0.142498180270195, 0.8349636793136597, 0.14239603281021118, 0.8102918267250061, 0.9999229907989502, 0.006930675823241472, -0.010296500287950039, -0.006963938474655151, 0.9999706745147705, -0.0031981151551008224]}, {"id": 5, "label": "seat_surface", "box": [0.010586952790617943, 0.013642127625644207, 0.15761585533618927, 0.8487277626991272, 0.115376777946949, 0.7744023203849792, 0.9999936819076538, -0.0016934021841734648, 0.0031377843115478754, 0.001696054358035326, 0.9999982118606567, -0.0008427982102148235], "children": [{"id": 6, "label": "seat_single_surface", "box": [0.004781641997396946, 0.021311692893505096, 0.14900663495063782, 0.8276292681694031, 0.10013285279273987, 0.7917947769165039, 0.9999622106552124, 0.0022944353986531496, -0.008385018445551395, -0.0021149299573153257, 0.9997697472572327, 0.02135438099503517]}]}], "edges": [{"part_a": 0, "part_b": 1, "type": "ADJ"}, {"part_a": 1, "part_b": 0, "type": "ADJ"}]}, {"id": 8, "label": "chair_base", "box": [-0.004358040634542704, -0.3785969614982605, 0.10265326499938965, 0.912692129611969, 0.6336134076118469, 0.931952953338623, 0.9999491572380066, 0.0060406397096812725, -0.00807659700512886, -0.006062970031052828, 0.9999778866767883, -0.002743188291788101], "children": [{"id": 9, "label": "regular_leg_base", "box": [0.00038190928171388805, -0.39252766966819763, 0.10018061846494675, 0.8368911743164062, 0.667475700378418, 0.893281102180481, 0.9994765520095825, -0.011667242273688316, -0.030174650251865387, 0.011302408762276173, 0.9998612999916077, -0.01223315391689539], "children": [{"id": 14, "label": "runner", "box": [0.36301660537719727, -0.670931339263916, 0.09391418844461441, 0.12565967440605164, 0.15746764838695526, 0.7980469465255737, 0.9993680715560913, 0.034332551062107086, -0.009204495698213577, -0.03440586477518082, 0.9993764758110046, -0.007928391918540001]}, {"id": 13, "label": "leg", "box": [-0.3481098413467407, -0.4032670557498932, -0.21294043958187103, 0.10825751721858978, 0.6529743671417236, 0.16120514273643494, 0.9995472431182861, -0.02972220815718174, 0.004688249435275793, 0.028425714001059532, 0.9838352203369141, 0.17680571973323822]}, {"id": 12, "label": "leg", "box": [-0.3495838940143585, -0.41855737566947937, 0.46699535846710205, 0.0995444804430008, 0.6136111617088318, 0.13591799139976501, 0.9964256882667542, -0.02664913237094879, 0.0801609680056572, 0.033361077308654785, 0.9959414601325989, -0.08359254151582718]}, {"id": 15, "label": "runner", "box": [-0.340497225522995, -0.6759202480316162, 0.093743696808815, 0.17027239501476288, 0.14611391723155975, 0.8118995428085327, 0.9990987777709961, 0.03529510274529457, 0.023577308282256126, -0.035301778465509415, 0.9993767142295837, -0.00013304226740729064]}, {"id": 10, "label": "leg", "box": [0.3417220711708069, -0.38951462507247925, -0.24822258949279785, 0.11725758761167526, 0.6559613943099976, 0.1592686027288437, 0.998815655708313, 0.028233639895915985, 0.03962501138448715, -0.034933384507894516, 0.9830220341682434, 0.18013162910938263]}, {"id": 11, "label": "leg", "box": [0.3528026342391968, -0.40730440616607666, 0.4451013207435608, 0.11082877963781357, 0.6679438352584839, 0.13442300260066986, 0.9991635084152222, 0.033657580614089966, -0.02322748862206936, -0.035305917263031006, 0.9965852499008179, -0.07464171200990677]}], "edges": [{"part_a": 0, "part_b": 3, "type": "ROT_SYM"}, {"part_a": 0, "part_b": 3, "type": "TRANS_SYM"}, {"part_a": 0, "part_b": 3, "type": "REF_SYM"}, {"part_a": 0, "part_b": 4, "type": "ADJ"}, {"part_a": 0, "part_b": 5, "type": "ADJ"}, {"part_a": 1, "part_b": 2, "type": "ROT_SYM"}, {"part_a": 1, "part_b": 2, "type": "REF_SYM"}, {"part_a": 1, "part_b": 3, "type": "ADJ"}, {"part_a": 1, "part_b": 4, "type": "ROT_SYM"}, {"part_a": 1, "part_b": 4, "type": "TRANS_SYM"}, {"part_a": 1, "part_b": 4, "type": "REF_SYM"}, {"part_a": 1, "part_b": 5, "type": "ROT_SYM"}, {"part_a": 2, "part_b": 1, "type": "ROT_SYM"}, {"part_a": 2, "part_b": 1, "type": "REF_SYM"}, {"part_a": 2, "part_b": 3, "type": "ADJ"}, {"part_a": 2, "part_b": 5, "type": "ROT_SYM"}, {"part_a": 2, "part_b": 5, "type": "TRANS_SYM"}, {"part_a": 2, "part_b": 5, "type": "REF_SYM"}, {"part_a": 3, "part_b": 0, "type": "ROT_SYM"}, {"part_a": 3, "part_b": 0, "type": "TRANS_SYM"}, {"part_a": 3, "part_b": 0, "type": "REF_SYM"}, {"part_a": 3, "part_b": 1, "type": "ADJ"}, {"part_a": 3, "part_b": 2, "type": "ADJ"}, {"part_a": 4, "part_b": 0, "type": "ADJ"}, {"part_a": 4, "part_b": 1, "type": "ROT_SYM"}, {"part_a": 4, "part_b": 1, "type": "TRANS_SYM"}, {"part_a": 4, "part_b": 1, "type": "REF_SYM"}, {"part_a": 4, "part_b": 5, "type": "ROT_SYM"}, {"part_a": 4, "part_b": 5, "type": "REF_SYM"}, {"part_a": 5, "part_b": 0, "type": "ADJ"}, {"part_a": 5, "part_b": 2, "type": "ROT_SYM"}, {"part_a": 5, "part_b": 2, "type": "TRANS_SYM"}, {"part_a": 5, "part_b": 2, "type": "REF_SYM"}, {"part_a": 5, "part_b": 4, "type": "ROT_SYM"}, {"part_a": 5, "part_b": 4, "type": "REF_SYM"}]}]}], "edges": [{"part_a": 0, "part_b": 1, "type": "ADJ"}, {"part_a": 1, "part_b": 0, "type": "ADJ"}, {"part_a": 1, "part_b": 2, "type": "ADJ"}, {"part_a": 2, "part_b": 0, "type": "ADJ"}, {"part_a": 2, "part_b": 1, "type": "ADJ"}]}