{"id": 0, "label": "chair", "box": [0.005212549585849047, 0.020299004390835762, 0.01637454144656658, 1.1015043258666992, 1.3558248281478882, 1.739909052848816, -0.019277704879641533, -0.14843188226222992, -0.9887347221374512, 0.9996241331100464, 0.01641814224421978, -0.021954761818051338], "children": [{"id": 1, "label": "chair_back", "box": [0.006180139724165201, 0.3518218696117401, -0.14596602320671082, 0.9031316041946411, 0.9124011397361755, 1.3563179969787598, -0.000293783814413473, -0.3960901200771332, -0.9182115793228149, -0.005029226653277874, -0.9181994199752808, 0.3960864841938019], "children": [{"id": 2, "label": "back_surface", "box": [0.004816076252609491, 0.414692223072052, -0.12761002779006958, 0.24733656644821167, 0.7876583933830261, 1.1538487672805786, -0.0006338459206745028, -0.007299046032130718, -0.9999731779098511, 0.00023063569096848369, -0.9999733567237854, 0.0072989012114703655], "children": [{"id": 3, "label": "back_single_surface", "box": [0.004816076252609491, 0.414692223072052, -0.12761002779006958, 0.24733656644821167, 0.7876583933830261, 1.1538487672805786, -0.0006338459206745028, -0.007299046032130718, -0.9999731779098511, 0.00023063569096848369, -0.9999733567237854, 0.0072989012114703655]}]}, {"id": 4, "label": "back_support", "box": [0.006180139724165201, 0.3518218696117401, -0.14596602320671082, 0.9031316041946411, 0.9124011397361755, 1.3563179969787598, -0.000293783814413473, -0.3960901200771332, -0.9182115793228149, -0.005029226653277874, -0.9181994199752808, 0.3960864841938019]}], "edges": [{"part_a": 1, "type": "ADJ", "part_b": 0, "dist": 0.005807793327136924}]}, {"id": 5, "label": "chair_seat", "box": [-0.006139959208667278, -0.12431055307388306, 0.03504427894949913, 0.7451387047767639, 1.1320054531097412, 1.3384631872177124, 0.06463560461997986, 0.9932944774627686, -0.09585588425397873, 0.038068659603595734, -0.09844116866588593, -0.9944144487380981], "children": [{"id": 6, "label": "seat_surface", "box": [0.006341412663459778, -0.010024119168519974, 0.21469175815582275, 0.21948906779289246, 0.905977725982666, 1.1970961093902588, -0.002087200991809368, -0.9455539584159851, -0.32545870542526245, 0.0004358915612101555, -0.3254602551460266, 0.9455556273460388], "children": [{"id": 7, "label": "seat_single_surface", "box": [0.006341412663459778, -0.010024119168519974, 0.21469175815582275, 0.21948906779289246, 0.905977725982666, 1.1970961093902588, -0.002087200991809368, -0.9455539584159851, -0.32545870542526245, 0.0004358915612101555, -0.3254602551460266, 0.9455556273460388]}]}, {"id": 8, "label": "seat_support", "box": [-0.006139959208667278, -0.12431055307388306, 0.03504427894949913, 0.7451387047767639, 1.1320054531097412, 1.3384631872177124, 0.06463560461997986, 0.9932944774627686, -0.09585588425397873, 0.038068659603595734, -0.09844116866588593, -0.9944144487380981]}], "edges": [{"part_a": 1, "type": "ADJ", "part_b": 0, "dist": 0.011922524638995253}]}, {"id": 9, "label": "chair_base", "box": [-0.021271493285894394, -0.6250225305557251, 0.12199950963258743, 0.2753170132637024, 1.0798659324645996, 1.0798659324645996, -6.123234262925839e-17, -1.0, -6.123234262925839e-17, 0.7933509945869446, -1.1302662891554187e-17, -0.6087644696235657], "children": [{"id": 10, "label": "pedestal_base", "box": [-0.021271493285894394, -0.6250225305557251, 0.12199950963258743, 0.2753170132637024, 1.0798659324645996, 1.0798659324645996, -6.123234262925839e-17, -1.0, -6.123234262925839e-17, 0.7933509945869446, -1.1302662891554187e-17, -0.6087644696235657], "children": [{"id": 11, "label": "pedestal", "box": [-0.021271493285894394, -0.6250225305557251, 0.12199950963258743, 0.2753170132637024, 1.0798659324645996, 1.0798659324645996, -6.123234262925839e-17, -1.0, -6.123234262925839e-17, 0.7933509945869446, -1.1302662891554187e-17, -0.6087644696235657]}]}]}], "edges": [{"part_a": 1, "type": "ADJ", "part_b": 0, "dist": 0.00517053390281501}]}