{"id": 0, "label": "chair", "box": [-0.034444473683834076, 0.09557076543569565, 0.05383291095495224, 1.2236618995666504, 1.382236361503601, 1.168689489364624, 0.9996122717857361, 0.01914319582283497, -0.02021847851574421, -0.019778959453105927, 0.9993008375167847, -0.03172735869884491], "children": [{"id": 1, "label": "chair_back", "box": [-0.007612884044647217, 0.2939222455024719, -0.2892787456512451, 1.0502984523773193, 0.9690965414047241, 0.4347878098487854, 0.9999672174453735, 0.005740093067288399, 0.005718280095607042, -0.004393069073557854, 0.9771237373352051, -0.2126261591911316], "children": [{"id": 2, "label": "back_surface", "box": [-0.002498891670256853, 0.26525428891181946, -0.31927934288978577, 1.0590827465057373, 0.8455128073692322, 0.31980305910110474, 0.999992311000824, -0.002376298885792494, 0.0031245476566255093, 0.0031276210211217403, 0.963316798210144, -0.26834866404533386], "children": [{"id": 3, "label": "back_single_surface", "box": [0.003944769501686096, 0.289467453956604, -0.3224526643753052, 1.0423429012298584, 0.8157834410667419, 0.2660335302352905, 0.999961793422699, 0.0027547988574951887, 0.008295351639389992, -0.0002930592163465917, 0.9590696692466736, -0.2831701636314392]}]}]}, {"id": 0, "label": "chair_arm", "box": [-0.4395780861377716, 0.0710427388548851, 0.23102806508541107, 0.09880056232213974, 0.23122794926166534, 0.48813745379447937, 0.9855731129646301, 0.16184645891189575, 0.04951147735118866, -0.16880719363689423, 0.9611461758613586, 0.21840831637382507], "children": [{"id": 0, "label": "arm_horizontal_bar", "box": [-0.4348359704017639, 0.1111939549446106, 0.093963123857975, 0.08883260190486908, 0.1719355583190918, 0.5717779994010925, 0.9993937611579895, 0.03474915400147438, -0.002159890253096819, -0.034425605088472366, 0.9955446124076843, 0.0877826064825058]}]}, {"id": 0, "label": "chair_arm", "box": [0.540580153465271, 0.0961269736289978, 0.07744715362787247, 0.04706091433763504, 0.30236756801605225, 0.573089063167572, 0.9984508752822876, -0.05547049269080162, -0.004350025672465563, 0.05523654446005821, 0.9787558317184448, 0.1974487006664276], "children": [{"id": 0, "label": "arm_horizontal_bar", "box": [0.4610772430896759, -0.053486745804548264, 0.032024141401052475, 0.09350188076496124, 0.2220441848039627, 0.39326512813568115, 0.9959917664527893, -0.033130742609500885, -0.08308279514312744, 0.042726196348667145, 0.9922695755958557, 0.11651406437158585]}, {"id": 0, "label": "arm_near_vertical_bar", "box": [0.5147486925125122, -0.013546416535973549, -0.11442488431930542, 0.051581740379333496, 0.16677851974964142, 0.09830300509929657, 0.9985379576683044, -0.052118007093667984, -0.014342610724270344, 0.05402138829231262, 0.9527155756950378, 0.2990228831768036]}, {"id": 0, "label": "arm_horizontal_bar", "box": [0.5657244920730591, 0.1466294527053833, 0.14522626996040344, 0.042672038078308105, 0.12578001618385315, 0.6486076712608337, 0.997760534286499, -0.06357444077730179, 0.02078866958618164, 0.062110789120197296, 0.9959660172462463, 0.06476052105426788]}]}, {"id": 5, "label": "chair_seat", "box": [-0.025038212537765503, -0.11903198808431625, 0.18393877148628235, 1.0002537965774536, 0.23165220022201538, 0.8532148003578186, 0.9999966025352478, -0.0016144473338499665, -0.002064218046143651, 0.0016864135395735502, 0.9993735551834106, 0.03535088896751404], "children": [{"id": 6, "label": "seat_surface", "box": [-0.004468774423003197, -0.06816212832927704, 0.17215025424957275, 0.9560608863830566, 0.3096514046192169, 0.8879735469818115, 0.9999912977218628, -0.0038350175600498915, -0.0016393051482737064, 0.0038761317264288664, 0.9996581077575684, 0.02585953287780285], "children": [{"id": 7, "label": "seat_single_surface", "box": [-0.004589186515659094, -0.07261215150356293, 0.2025718092918396, 0.9266169667243958, 0.2944437563419342, 0.8461071252822876, 0.9999700784683228, 0.0009578122990205884, -0.0076768589206039906, -0.0008970354683697224, 0.9999682903289795, 0.00791642814874649]}]}]}, {"id": 9, "label": "chair_base", "box": [-0.024346129968762398, -0.4703176021575928, 0.11805905401706696, 0.7550839185714722, 0.28334084153175354, 0.7610983848571777, 0.9997103810310364, -0.02361152321100235, -0.004654187709093094, 0.023487554863095284, 0.999409019947052, -0.025099247694015503], "children": [{"id": 10, "label": "pedestal_base", "box": [-0.0003104712814092636, -0.4931401014328003, 0.21208499372005463, 0.813228964805603, 0.21686279773712158, 0.7055385708808899, 0.9992936849594116, 0.0348760150372982, -0.013993879780173302, -0.0348028838634491, 0.9993794560432434, 0.005436141509562731], "children": [{"id": 11, "label": "pedestal", "box": [0.006957133766263723, -0.5360550880432129, 0.14845111966133118, 0.7374011278152466, 0.19751955568790436, 0.8275888562202454, 0.9756336808204651, -0.024467064067721367, 0.21803753077983856, 0.01663118787109852, 0.9991506338119507, 0.03770147264003754]}]}]}], "edges": [{"part_a": 0, "part_b": 2, "type": "ADJ"}, {"part_a": 0, "part_b": 3, "type": "ADJ"}, {"part_a": 1, "part_b": 3, "type": "ADJ"}, {"part_a": 2, "part_b": 0, "type": "ADJ"}, {"part_a": 2, "part_b": 3, "type": "ADJ"}, {"part_a": 3, "part_b": 0, "type": "ADJ"}, {"part_a": 3, "part_b": 1, "type": "ADJ"}, {"part_a": 3, "part_b": 2, "type": "ADJ"}, {"part_a": 3, "part_b": 4, "type": "ADJ"}, {"part_a": 4, "part_b": 3, "type": "ADJ"}]}