{"id": 0, "label": "chair", "box": [-0.0006599536864086986, 0.10342619568109512, 0.12302067875862122, 0.9309913516044617, 1.6388698816299438, 0.8997920155525208, 0.9999842047691345, 0.0003029722429346293, 0.005610485561192036, -0.00031218689400702715, 0.9999986290931702, 0.0016415974823758006], "children": [{"id": 1, "label": "chair_back", "box": [-0.008927050046622753, 0.46836063265800476, -0.23546451330184937, 0.9481775164604187, 0.9204811453819275, 0.18007464706897736, 0.9999849200248718, 0.00038977430085651577, -0.005484315101057291, -0.00035359960747882724, 0.9999781847000122, 0.00659544812515378], "children": [{"id": 2, "label": "back_surface", "box": [-0.0040254914201796055, 0.45991504192352295, -0.24302470684051514, 0.9496576189994812, 0.918647050857544, 0.18989408016204834, 0.9999817609786987, -0.004122522659599781, -0.004414694383740425, 0.004132334608584642, 0.9999890327453613, 0.0022158250212669373], "children": [{"id": 3, "label": "back_single_surface", "box": [-0.00437411293387413, 0.47587427496910095, -0.23641595244407654, 0.9213410019874573, 0.9226316809654236, 0.17994509637355804, 0.9999988675117493, 0.0001214201474795118, 0.0014999876730144024, -0.00011821091175079346, 0.9999977350234985, -0.002139417454600334]}]}]}, {"id": 4, "label": "chair_seat", "box": [-0.003543449565768242, -0.05670426785945892, 0.09396455436944962, 0.9282994866371155, 0.2821574807167053, 0.8969532251358032, 0.9999268054962158, 0.003997409250587225, -0.011421243660151958, -0.0038184071891009808, 0.999870240688324, 0.015651769936084747], "children": [{"id": 5, "label": "seat_surface", "box": [-0.0023641374427825212, -0.05155395716428757, 0.112000972032547, 0.9238689541816711, 0.27855899930000305, 0.91946941614151, 0.999957263469696, 0.0003839128476101905, -0.00924055278301239, -0.00027179662720300257, 0.9999263882637024, 0.012131261639297009], "children": [{"id": 6, "label": "seat_single_surface", "box": [0.0018384659197181463, -0.05416441708803177, 0.1146402657032013, 0.8979577422142029, 0.2588627338409424, 0.8910952210426331, 0.9999133944511414, -0.0012510826345533133, -0.013101373799145222, 0.001475113327614963, 0.9998526573181152, 0.017104098573327065]}]}]}, {"id": 7, "label": "chair_base", "box": [0.003611034946516156, -0.4286293387413025, 0.11653351038694382, 0.9009596109390259, 0.6031644344329834, 0.9053568840026855, 0.9999987483024597, 0.0012097141006961465, -0.0010157605865970254, -0.0012103925691917539, 0.9999990463256836, -0.0006676287157461047], "children": [{"id": 8, "label": "regular_leg_base", "box": [-0.00024168379604816437, -0.4251319169998169, 0.1316811740398407, 0.885557234287262, 0.5787976384162903, 0.8804211020469666, 0.9999769926071167, 0.006783562246710062, -3.893299071933143e-05, -0.006783671677112579, 0.999965250492096, -0.004849380347877741], "children": [{"id": 12, "label": "leg", "box": [-0.3489528000354767, -0.44389769434928894, -0.21489503979682922, 0.1342654526233673, 0.5603539347648621, 0.1581839770078659, 0.9996052980422974, -0.011854911223053932, 0.025468893349170685, 0.011262282729148865, 0.999665379524231, 0.023287517949938774]}, {"id": 11, "label": "leg", "box": [-0.35361772775650024, -0.437417596578598, 0.4721272587776184, 0.13313621282577515, 0.5796797275543213, 0.14208382368087769, 0.9999671578407288, -0.007256562355905771, -0.0036156007554382086, 0.007261510938405991, 0.9999727010726929, 0.0013575215125456452]}, {"id": 9, "label": "leg", "box": [0.3589784801006317, -0.431281715631485, -0.21885988116264343, 0.13787102699279785, 0.5892124772071838, 0.18085341155529022, 0.9999386072158813, 0.008878015913069248, 0.006635394878685474, -0.00894622877240181, 0.9999067187309265, 0.010322250425815582]}, {"id": 10, "label": "leg", "box": [0.35559147596359253, -0.44041600823402405, 0.47465142607688904, 0.13328991830348969, 0.5684830546379089, 0.14720846712589264, 0.9997653961181641, 0.01418981608003378, 0.01636604405939579, -0.01412262674421072, 0.9998914003372192, -0.004213748965412378]}], "edges": [{"part_a": 0, "part_b": 1, "type": "ROT_SYM"}, {"part_a": 0, "part_b": 1, "type": "TRANS_SYM"}, {"part_a": 0, "part_b": 1, "type": "REF_SYM"}, {"part_a": 0, "part_b": 2, "type": "ROT_SYM"}, {"part_a": 0, "part_b": 2, "type": "TRANS_SYM"}, {"part_a": 0, "part_b": 2, "type": "REF_SYM"}, {"part_a": 0, "part_b": 3, "type": "ROT_SYM"}, {"part_a": 0, "part_b": 3, "type": "TRANS_SYM"}, {"part_a": 0, "part_b": 3, "type": "REF_SYM"}, {"part_a": 1, "part_b": 0, "type": "ROT_SYM"}, {"part_a": 1, "part_b": 0, "type": "TRANS_SYM"}, {"part_a": 1, "part_b": 0, "type": "REF_SYM"}, {"part_a": 1, "part_b": 2, "type": "ROT_SYM"}, {"part_a": 1, "part_b": 2, "type": "TRANS_SYM"}, {"part_a": 1, "part_b": 2, "type": "REF_SYM"}, {"part_a": 1, "part_b": 3, "type": "ROT_SYM"}, {"part_a": 1, "part_b": 3, "type": "TRANS_SYM"}, {"part_a": 1, "part_b": 3, "type": "REF_SYM"}, {"part_a": 2, "part_b": 0, "type": "ROT_SYM"}, {"part_a": 2, "part_b": 0, "type": "TRANS_SYM"}, {"part_a": 2, "part_b": 0, "type": "REF_SYM"}, {"part_a": 2, "part_b": 1, "type": "ROT_SYM"}, {"part_a": 2, "part_b": 1, "type": "TRANS_SYM"}, {"part_a": 2, "part_b": 1, "type": "REF_SYM"}, {"part_a": 2, "part_b": 3, "type": "ROT_SYM"}, {"part_a": 2, "part_b": 3, "type": "TRANS_SYM"}, {"part_a": 2, "part_b": 3, "type": "REF_SYM"}, {"part_a": 3, "part_b": 0, "type": "ROT_SYM"}, {"part_a": 3, "part_b": 0, "type": "TRANS_SYM"}, {"part_a": 3, "part_b": 0, "type": "REF_SYM"}, {"part_a": 3, "part_b": 1, "type": "ROT_SYM"}, {"part_a": 3, "part_b": 1, "type": "TRANS_SYM"}, {"part_a": 3, "part_b": 1, "type": "REF_SYM"}, {"part_a": 3, "part_b": 2, "type": "ROT_SYM"}, {"part_a": 3, "part_b": 2, "type": "TRANS_SYM"}, {"part_a": 3, "part_b": 2, "type": "REF_SYM"}]}]}], "edges": [{"part_a": 0, "part_b": 1, "type": "ADJ"}, {"part_a": 1, "part_b": 0, "type": "ADJ"}, {"part_a": 1, "part_b": 2, "type": "ADJ"}, {"part_a": 2, "part_b": 1, "type": "ADJ"}]}