{"id": 0, "label": "chair", "box": [0.0010588947916403413, 0.08355269581079483, 0.11302848160266876, 0.8521378040313721, 1.6876704692840576, 0.8321288228034973, 0.9999988675117493, 0.0012530871899798512, -0.0008382130763493478, -0.0012447364861145616, 0.9999502897262573, 0.009889884851872921], "children": [{"id": 1, "label": "chair_back", "box": [-0.0007325148908421397, 0.49142032861709595, -0.2217603325843811, 0.8230869770050049, 0.867516279220581, 0.14224699139595032, 0.9999962449073792, -0.0004693001974374056, -0.002712830901145935, 0.0005195843405090272, 0.9998275637626648, 0.018564783036708832], "children": [{"id": 2, "label": "back_surface", "box": [-0.007954169064760208, 0.4860485792160034, -0.22071534395217896, 0.8314034342765808, 0.8336342573165894, 0.12821567058563232, 0.9999163746833801, -0.005540153943002224, -0.011689532548189163, 0.005572913680225611, 0.999980628490448, 0.0027718087658286095], "children": [{"id": 3, "label": "back_single_surface", "box": [-0.003825003281235695, 0.499655157327652, -0.23158347606658936, 0.7949429154396057, 0.8959201574325562, 0.1330079883337021, 0.9999914169311523, -0.0008295340230688453, 0.004062138497829437, 0.0008177050040103495, 0.9999954104423523, 0.002912813564762473]}]}]}, {"id": 4, "label": "chair_seat", "box": [-0.008914383128285408, -0.02596629410982132, 0.08942145109176636, 0.8470962643623352, 0.2621585428714752, 0.848518967628479, 0.9999682307243347, 0.00018398382235318422, -0.007973426952958107, -3.306593862362206e-05, 0.9998209476470947, 0.018923606723546982], "children": [{"id": 5, "label": "seat_surface", "box": [0.004654968157410622, -0.011233207769691944, 0.09030173718929291, 0.8619486093521118, 0.22839494049549103, 0.8597580194473267, 0.9999923706054688, -0.003052289132028818, -0.0024452400393784046, 0.0030892682261765003, 0.9998787641525269, 0.015264571644365788], "children": [{"id": 6, "label": "seat_single_surface", "box": [-0.0005432944162748754, -0.014789361506700516, 0.09598327428102493, 0.8381214141845703, 0.19035083055496216, 0.8038183450698853, 0.9999775290489197, -0.003434385173022747, -0.005762533284723759, 0.003590250853449106, 0.9996219873428345, 0.02725938707590103]}]}]}, {"id": 7, "label": "chair_base", "box": [0.0065796589478850365, -0.42956987023353577, 0.10702146589756012, 0.8343620896339417, 0.6721825003623962, 0.8256164193153381, 0.9999966621398926, 0.001817079959437251, -0.0018609281396493316, -0.0018155202269554138, 0.9999980330467224, 0.0008394981268793344], "children": [{"id": 8, "label": "regular_leg_base", "box": [0.0027766937855631113, -0.4303831160068512, 0.10867635160684586, 0.8209359645843506, 0.67185378074646, 0.8210893273353577, 0.9999931454658508, -0.0009218663326464593, -0.0035880228970199823, 0.0009176093153655529, 0.9999988675117493, -0.0011879161465913057], "children": [{"id": 12, "label": "leg", "box": [-0.33467987179756165, -0.4391253590583801, -0.2305445671081543, 0.11199594289064407, 0.6623275279998779, 0.12264572083950043, 0.9998778104782104, -0.013757198117673397, 0.007428272161632776, 0.013527143746614456, 0.9994529485702515, 0.030179422348737717]}, {"id": 9, "label": "leg", "box": [-0.3247561454772949, -0.4322398900985718, 0.44076189398765564, 0.1211506575345993, 0.6764934062957764, 0.12584996223449707, 0.9999809265136719, -0.005824715364724398, 0.0020641337614506483, 0.005835984833538532, 0.9999678730964661, -0.005496507976204157]}, {"id": 11, "label": "leg", "box": [0.3372569978237152, -0.4342270791530609, -0.2241414487361908, 0.12139490991830826, 0.6698697209358215, 0.13955645263195038, 0.9996989369392395, 0.008549162186682224, 0.022999338805675507, -0.009137949906289577, 0.9996300339698792, 0.025618089362978935]}, {"id": 10, "label": "leg", "box": [0.3327937424182892, -0.4378400444984436, 0.43996691703796387, 0.11619089543819427, 0.6751806139945984, 0.1321999877691269, 0.9999655485153198, 0.007825585082173347, 0.0027729372959583998, -0.007797517813742161, 0.9999197125434875, -0.009992129169404507]}], "edges": [{"part_a": 0, "part_b": 1, "type": "ROT_SYM"}, {"part_a": 0, "part_b": 1, "type": "TRANS_SYM"}, {"part_a": 0, "part_b": 1, "type": "REF_SYM"}, {"part_a": 0, "part_b": 2, "type": "ROT_SYM"}, {"part_a": 0, "part_b": 2, "type": "TRANS_SYM"}, {"part_a": 0, "part_b": 2, "type": "REF_SYM"}, {"part_a": 0, "part_b": 3, "type": "ROT_SYM"}, {"part_a": 0, "part_b": 3, "type": "TRANS_SYM"}, {"part_a": 0, "part_b": 3, "type": "REF_SYM"}, {"part_a": 1, "part_b": 0, "type": "ROT_SYM"}, {"part_a": 1, "part_b": 0, "type": "TRANS_SYM"}, {"part_a": 1, "part_b": 0, "type": "REF_SYM"}, {"part_a": 1, "part_b": 2, "type": "ROT_SYM"}, {"part_a": 1, "part_b": 2, "type": "TRANS_SYM"}, {"part_a": 1, "part_b": 2, "type": "REF_SYM"}, {"part_a": 1, "part_b": 3, "type": "ROT_SYM"}, {"part_a": 1, "part_b": 3, "type": "TRANS_SYM"}, {"part_a": 1, "part_b": 3, "type": "REF_SYM"}, {"part_a": 2, "part_b": 0, "type": "ROT_SYM"}, {"part_a": 2, "part_b": 0, "type": "TRANS_SYM"}, {"part_a": 2, "part_b": 0, "type": "REF_SYM"}, {"part_a": 2, "part_b": 1, "type": "ROT_SYM"}, {"part_a": 2, "part_b": 1, "type": "TRANS_SYM"}, {"part_a": 2, "part_b": 1, "type": "REF_SYM"}, {"part_a": 2, "part_b": 3, "type": "ROT_SYM"}, {"part_a": 2, "part_b": 3, "type": "TRANS_SYM"}, {"part_a": 2, "part_b": 3, "type": "REF_SYM"}, {"part_a": 3, "part_b": 0, "type": "ROT_SYM"}, {"part_a": 3, "part_b": 0, "type": "TRANS_SYM"}, {"part_a": 3, "part_b": 0, "type": "REF_SYM"}, {"part_a": 3, "part_b": 1, "type": "ROT_SYM"}, {"part_a": 3, "part_b": 1, "type": "TRANS_SYM"}, {"part_a": 3, "part_b": 1, "type": "REF_SYM"}, {"part_a": 3, "part_b": 2, "type": "ROT_SYM"}, {"part_a": 3, "part_b": 2, "type": "TRANS_SYM"}, {"part_a": 3, "part_b": 2, "type": "REF_SYM"}]}]}], "edges": [{"part_a": 0, "part_b": 1, "type": "ADJ"}, {"part_a": 1, "part_b": 0, "type": "ADJ"}, {"part_a": 1, "part_b": 2, "type": "ADJ"}, {"part_a": 2, "part_b": 1, "type": "ADJ"}]}