{"id": 0, "label": "chair", "box": [0.006504376418888569, -0.047462861984968185, -0.06042240187525749, 0.9511217474937439, 1.287630319595337, 1.3003844022750854, -8.548102778149769e-05, -0.9399346709251404, -0.3413543403148651, 1.0, -8.034658094402403e-05, -2.9179318516980857e-05], "children": [{"id": 1, "label": "chair_back", "box": [0.006412520073354244, 0.012574907392263412, -0.10137295722961426, 0.8088564276695251, 1.2227338552474976, 1.2876328229904175, -0.0008414229960180819, -0.9220003485679626, -0.3871881663799286, -2.3295336689042958e-17, -0.38718828558921814, 0.9220006465911865], "children": [{"id": 2, "label": "back_surface", "box": [0.006412520073354244, 0.012574907392263412, -0.10137295722961426, 0.8088564276695251, 1.2227338552474976, 1.2876328229904175, -0.0008414229960180819, -0.9220003485679626, -0.3871881663799286, -2.3295336689042958e-17, -0.38718828558921814, 0.9220006465911865], "children": [{"id": 3, "label": "back_single_surface", "box": [0.006412520073354244, 0.012574907392263412, -0.10137295722961426, 0.8088564276695251, 1.2227338552474976, 1.2876328229904175, -0.0008414229960180819, -0.9220003485679626, -0.3871881663799286, -2.3295336689042958e-17, -0.38718828558921814, 0.9220006465911865]}]}]}, {"id": 4, "label": "chair_seat", "box": [0.012212318368256092, 0.03267376124858856, 0.18926599621772766, 0.37542423605918884, 1.0442537069320679, 1.281970500946045, -0.03248600289225578, 0.8601881861686707, -0.5089409947395325, 0.00029646308394148946, 0.5092180371284485, 0.8606374859809875], "children": [{"id": 5, "label": "seat_surface", "box": [0.012212318368256092, 0.03267376124858856, 0.18926599621772766, 0.37542423605918884, 1.0442537069320679, 1.281970500946045, -0.03248600289225578, 0.8601881861686707, -0.5089409947395325, 0.00029646308394148946, 0.5092180371284485, 0.8606374859809875], "children": [{"id": 6, "label": "seat_single_surface", "box": [0.012212318368256092, 0.03267376124858856, 0.18926599621772766, 0.37542423605918884, 1.0442537069320679, 1.281970500946045, -0.03248600289225578, 0.8601881861686707, -0.5089409947395325, 0.00029646308394148946, 0.5092180371284485, 0.8606374859809875]}]}]}, {"id": 7, "label": "chair_base", "box": [0.006581008434295654, -0.2225784957408905, -0.02162851393222809, 0.33851301670074463, 0.9671779870986938, 0.9671790599822998, 0.0, -1.0, 0.0, -1.0, 0.0, 0.0]}], "edges": [{"part_b": 0, "type": "ADJ", "dist": 0.008009103009145, "part_a": 1}, {"part_b": 0, "type": "ADJ", "dist": 0.0074102719461823455, "part_a": 2}, {"part_b": 1, "type": "ADJ", "dist": 0.02079645822210676, "part_a": 2}]}