{"id": 0, "label": "chair", "box": [0.005507871508598328, 0.09930906444787979, -0.01962830126285553, 1.3451310396194458, 0.8191189169883728, 1.5970091819763184, 0.9947145581245422, 0.015432266518473625, -0.10151276737451553, 0.003629429033026099, 0.982738733291626, 0.18496325612068176], "children": [{"id": 1, "label": "chair_back", "box": [-0.012205776758491993, 0.25489041209220886, -0.3261846601963043, 1.4117385149002075, 0.9947977066040039, 0.49345293641090393, 0.9999194741249084, 0.007783414330333471, -0.010027001611888409, -0.009999537840485573, 0.9695867896080017, -0.24454344809055328], "children": [{"id": 2, "label": "back_surface", "box": [-0.006983254104852676, 0.25195419788360596, -0.2920708954334259, 1.4197988510131836, 0.960445761680603, 0.7405806183815002, 0.9999343156814575, 0.011129897087812424, 0.0027434073854237795, -0.010266066528856754, 0.9759736061096191, -0.21764691174030304], "children": [{"id": 3, "label": "back_single_surface", "box": [-0.0040097953751683235, 0.19346657395362854, -0.27761268615722656, 1.3223776817321777, 1.0341246128082275, 0.5902225971221924, 0.9995654225349426, 0.025781990960240364, 0.014292954467236996, -0.022706959396600723, 0.9825851321220398, -0.18442027270793915]}]}]}, {"id": 4, "label": "chair_seat", "box": [-0.002456067828461528, 0.009167134761810303, 0.24408279359340668, 1.1593823432922363, 0.44090354442596436, 0.9988024234771729, 0.9998413920402527, -0.005886948201805353, -0.016811201348900795, 0.006308678537607193, 0.9996639490127563, 0.02514447085559368], "children": [{"id": 5, "label": "seat_surface", "box": [0.008363223634660244, 0.0034369868226349354, 0.22628344595432281, 1.2052398920059204, 0.2895013988018036, 0.9826609492301941, 0.9998356103897095, -0.007594711147248745, -0.016465846449136734, 0.00822575856000185, 0.9992208480834961, 0.038601819425821304], "children": [{"id": 6, "label": "seat_single_surface", "box": [0.007535547949373722, -0.04899827018380165, 0.2280961126089096, 1.1585612297058105, 0.26784729957580566, 0.9735597968101501, 0.9999972581863403, 0.002328940900042653, 0.00025890892720781267, -0.0023408387787640095, 0.9978862404823303, 0.06494318693876266]}]}]}, {"id": 7, "label": "chair_base", "box": [0.02642435021698475, -0.38377097249031067, 0.09493928402662277, 0.9872806668281555, 0.33402082324028015, 0.994949460029602, 0.9983111023902893, -0.021856283769011497, -0.05382654815912247, 0.022712871432304382, 0.9996241331100464, 0.015353817492723465]}], "edges": [{"part_a": 0, "part_b": 1, "type": "ADJ"}, {"part_a": 0, "part_b": 2, "type": "ADJ"}, {"part_a": 1, "part_b": 0, "type": "ADJ"}, {"part_a": 1, "part_b": 2, "type": "ADJ"}, {"part_a": 2, "part_b": 0, "type": "ADJ"}, {"part_a": 2, "part_b": 1, "type": "ADJ"}]}