{"id": 0, "label": "chair", "box": [0.022161513566970825, 0.25570398569107056, 0.13406749069690704, 0.9968810081481934, 1.405385971069336, 1.4411430358886719, -6.123234262925839e-17, -6.123234262925839e-17, 1.0, -3.7493993930529855e-33, 1.0, 6.123234262925839e-17], "children": [{"id": 1, "label": "chair_back", "box": [0.04987850785255432, 0.257611483335495, -0.23284149169921875, 0.2630630135536194, 1.017003059387207, 1.4015710353851318, 0.0, 0.0, -1.0, -1.0, 1.8369701465288538e-16, 0.0], "children": [{"id": 2, "label": "back_surface", "box": [0.04987850785255432, 0.257611483335495, -0.23284149169921875, 0.2630630135536194, 1.017003059387207, 1.4015710353851318, 0.0, 0.0, -1.0, -1.0, 1.8369701465288538e-16, 0.0], "children": [{"id": 3, "label": "back_single_surface", "box": [0.04987850785255432, 0.257611483335495, -0.23284149169921875, 0.2630630135536194, 1.017003059387207, 1.4015710353851318, 0.0, 0.0, -1.0, -1.0, 1.8369701465288538e-16, 0.0]}]}]}, {"id": 4, "label": "chair_arm", "box": [0.6142024993896484, -0.10839450359344482, 0.06807349622249603, 0.2570610046386719, 0.6771889925003052, 0.8648929595947266, -1.0, -6.123234262925839e-17, 0.0, -6.123234262925839e-17, 1.0, 0.0], "children": [{"id": 5, "label": "arm_sofa_style", "box": [0.6142024993896484, -0.10839450359344482, 0.06807349622249603, 0.2570610046386719, 0.6771889925003052, 0.8648929595947266, -1.0, -6.123234262925839e-17, 0.0, -6.123234262925839e-17, 1.0, 0.0]}]}, {"id": 6, "label": "chair_arm", "box": [-0.5402526259422302, -0.10492400825023651, 0.07401661574840546, 0.32697588205337524, 0.6880166530609131, 0.8774172067642212, -0.9998403191566467, -0.017870699986815453, 1.2245782958559995e-16, 0.017870688810944557, -0.999839723110199, 0.001065799267962575], "children": [{"id": 7, "label": "arm_sofa_style", "box": [-0.5402526259422302, -0.10492400825023651, 0.07401661574840546, 0.32697588205337524, 0.6880166530609131, 0.8774172067642212, -0.9998403191566467, -0.017870699986815453, 1.2245782958559995e-16, 0.017870688810944557, -0.999839723110199, 0.001065799267962575]}]}, {"id": 8, "label": "chair_seat", "box": [0.05059900879859924, -0.2303488701581955, 0.19996094703674316, 0.7263043522834778, 0.9416317343711853, 1.0173060894012451, 2.5736442629638e-18, 0.9579691886901855, 0.286871075630188, 1.7565787458133157e-17, -0.286871075630188, 0.9579691886901855], "children": [{"id": 9, "label": "seat_surface", "box": [0.05059900879859924, -0.2303488701581955, 0.19996094703674316, 0.7263043522834778, 0.9416317343711853, 1.0173060894012451, 2.5736442629638e-18, 0.9579691886901855, 0.286871075630188, 1.7565787458133157e-17, -0.286871075630188, 0.9579691886901855], "children": [{"id": 10, "label": "seat_single_surface", "box": [0.05059900879859924, -0.2303488701581955, 0.19996094703674316, 0.7263043522834778, 0.9416317343711853, 1.0173060894012451, 2.5736442629638e-18, 0.9579691886901855, 0.286871075630188, 1.7565787458133157e-17, -0.286871075630188, 0.9579691886901855]}]}]}], "edges": [{"part_a": 1, "part_b": 0, "dist": 0.011188951048614495, "type": "ADJ"}, {"part_a": 2, "part_b": 0, "dist": 0.013733858813372826, "type": "ADJ"}, {"part_a": 3, "part_b": 0, "dist": 0.005082145177558759, "type": "ADJ"}, {"part_a": 3, "part_b": 1, "dist": 0.0074325186800664, "type": "ADJ"}, {"part_a": 3, "part_b": 2, "dist": 0.005812550654063464, "type": "ADJ"}, {"part_a": 2, "part_b": 1, "dist": 0.04203581205905802, "params": [0.033272117376327515, -0.09981292486190796, 0.07813011109828949, 0.9999098777770996, -0.0038127894513309, -0.012873879633843899], "type": "REF_SYM"}]}