{"id": 0, "label": "chair", "box": [-0.0015344907296821475, -0.03810470551252365, 0.023404862731695175, 0.5833896994590759, 0.5841814875602722, 1.8423088788986206, 0.999935507774353, -0.0004975502961315215, -0.011344799771904945, 0.003530784510076046, 0.9631437063217163, 0.26896414160728455], "children": [{"id": 1, "label": "chair_back", "box": [-0.020651256665587425, 0.11851401627063751, -0.5661216378211975, 0.48922106623649597, 0.5785996913909912, 0.7320879697799683, -0.008838213048875332, -0.8199683427810669, -0.5723406672477722, -0.9989079833030701, -0.01901976391673088, 0.04267417639493942], "children": [{"id": 2, "label": "back_surface", "box": [0.00542517751455307, 0.19667859375476837, -0.4777231812477112, 0.2593870759010315, 0.5792312026023865, 0.700751781463623, -0.008838213048875332, -0.8199683427810669, -0.5723406672477722, -0.999369204044342, 0.0269306693226099, -0.023149950429797173], "children": [{"id": 3, "label": "back_single_surface", "box": [0.00542517751455307, 0.19667859375476837, -0.4777231812477112, 0.2593870759010315, 0.5792312026023865, 0.700751781463623, -0.008838213048875332, -0.8199683427810669, -0.5723406672477722, -0.999369204044342, 0.0269306693226099, -0.023149950429797173]}]}, {"id": 4, "label": "back_support", "box": [-0.013070398010313511, 0.1188134104013443, -0.7028376460075378, 0.25727134943008423, 0.4576656222343445, 0.645544171333313, -0.09118814021348953, -0.3215819299221039, -0.9424806833267212, -0.9958232045173645, 0.025106122717261314, 0.08778280019760132]}], "edges": [{"dist": 0.009945568316693737, "part_b": 0, "type": "ADJ", "part_a": 1}]}, {"id": 5, "label": "chair_seat", "box": [0.0017803836381062865, 0.021372854709625244, 0.35686177015304565, 0.28260090947151184, 0.5850011110305786, 1.2100327014923096, -0.017089253291487694, -0.9938409328460693, -0.10949067026376724, -0.9997550249099731, 0.01544409990310669, 0.015856029465794563], "children": [{"id": 6, "label": "seat_surface", "box": [0.0017803836381062865, 0.021372854709625244, 0.35686177015304565, 0.28260090947151184, 0.5850011110305786, 1.2100327014923096, -0.017089253291487694, -0.9938409328460693, -0.10949067026376724, -0.9997550249099731, 0.01544409990310669, 0.015856029465794563], "children": [{"id": 7, "label": "seat_single_surface", "box": [0.0017803836381062865, 0.021372854709625244, 0.35686177015304565, 0.28260090947151184, 0.5850011110305786, 1.2100327014923096, -0.017089253291487694, -0.9938409328460693, -0.10949067026376724, -0.9997550249099731, 0.01544409990310669, 0.015856029465794563]}]}]}, {"id": 8, "label": "chair_base", "box": [0.00030944726313464344, -0.14546477794647217, 0.17886827886104584, 0.15057392418384552, 0.5837082266807556, 1.532907247543335, 0.00018422238645143807, -0.9999984502792358, 0.00174664834048599, -0.9999402761459351, -0.00016512605361640453, 0.01092697586864233]}], "edges": [{"dist": 0.007990679686354403, "part_b": 0, "type": "ADJ", "part_a": 1}, {"dist": 0.006421342144576356, "part_b": 0, "type": "ADJ", "part_a": 2}, {"dist": 0.007609031358803333, "part_b": 1, "type": "ADJ", "part_a": 2}]}