{"id": 0, "label": "chair", "box": [-0.007845607586205006, 0.01952444575726986, 0.03578830137848854, 1.0334668159484863, 0.9789081811904907, 1.409279465675354, 0.999778687953949, -0.01651972532272339, -0.013025673106312752, 0.018461517989635468, 0.9858292937278748, 0.1667325347661972], "children": [{"id": 1, "label": "chair_back", "box": [0.012342635542154312, 0.2100844830274582, -0.29258182644844055, 1.0241385698318481, 0.9513075351715088, 0.3545147478580475, 0.9996078610420227, -0.01457386463880539, -0.023911360651254654, 0.0027749210130423307, 0.9012454152107239, -0.4333001375198364], "children": [{"id": 2, "label": "back_surface", "box": [0.006706802174448967, 0.26008906960487366, -0.27110910415649414, 0.9963399171829224, 0.7571712136268616, 0.3050582706928253, 0.9995010495185852, -0.029502443969249725, -0.01128083560615778, 0.022059572860598564, 0.9076316356658936, -0.4191875457763672], "children": [{"id": 3, "label": "back_single_surface", "box": [0.01783033460378647, 0.21059368550777435, -0.2681978940963745, 1.0181100368499756, 0.8047388792037964, 0.3195118010044098, 0.9995054006576538, -0.027068259194493294, -0.016008049249649048, 0.01613033562898636, 0.8782567381858826, -0.477917343378067]}]}, {"id": 4, "label": "back_support", "box": [0.002213668078184128, 0.17204593122005463, -0.36806046962738037, 1.0283704996109009, 0.8431169986724854, 0.26509571075439453, 0.9994053244590759, 0.0008788177510723472, -0.03447034955024719, -0.011416403576731682, 0.9517269134521484, -0.30673375725746155]}], "edges": [{"part_a": 0, "part_b": 1, "type": "ADJ"}, {"part_a": 1, "part_b": 0, "type": "ADJ"}]}, {"id": 5, "label": "chair_seat", "box": [-0.002724381862208247, -0.09605612605810165, 0.20110265910625458, 0.9518162608146667, 0.36965054273605347, 0.909828245639801, 0.9999808073043823, -0.0033853359054774046, -0.005186912138015032, 0.0034174674656242132, 0.9999749660491943, 0.00619847234338522], "children": [{"id": 0, "label": "seat_surface", "box": [-0.008666743524372578, -0.10573414713144302, 0.2167808562517166, 0.8866425156593323, 0.2581438422203064, 0.82387775182724, 0.9998062252998352, -0.0020894373301416636, -0.01957286149263382, 0.0017637492856010795, 0.9998599886894226, -0.016642294824123383], "children": [{"id": 0, "label": "seat_single_surface", "box": [0.005343313794583082, -0.0927136242389679, 0.21260850131511688, 0.9171013832092285, 0.20958423614501953, 0.8541793823242188, 0.9999648332595825, -0.0033258358016610146, 0.007698025554418564, 0.0034952510613948107, 0.9997496604919434, -0.022099804133176804]}]}, {"id": 6, "label": "seat_surface", "box": [-0.0018262433586642146, -0.0801876038312912, 0.2342863529920578, 0.9184128046035767, 0.2623489797115326, 0.7993863821029663, 0.9996119141578674, -0.015584822744131088, 0.023090338334441185, 0.013854743912816048, 0.997215211391449, 0.07327978312969208], "children": [{"id": 7, "label": "seat_single_surface", "box": [0.0010926160030066967, -0.040365274995565414, 0.22995048761367798, 0.8700505495071411, 0.24257606267929077, 0.8028345108032227, 0.9998632073402405, -0.002147019375115633, -0.016402332112193108, 0.0025851624086499214, 0.9996391534805298, 0.026737933978438377]}]}]}, {"id": 8, "label": "chair_base", "box": [-0.0058454484678804874, -0.27281227707862854, 0.13024337589740753, 0.9958851933479309, 0.3372729420661926, 1.0047852993011475, 0.9998833537101746, 0.014941869303584099, -0.003175128484144807, -0.014984342269599438, 0.9997924566268921, -0.013802972622215748]}], "edges": [{"part_a": 0, "part_b": 1, "type": "ADJ"}, {"part_a": 1, "part_b": 0, "type": "ADJ"}, {"part_a": 1, "part_b": 2, "type": "ADJ"}, {"part_a": 2, "part_b": 0, "type": "ADJ"}, {"part_a": 2, "part_b": 1, "type": "ADJ"}]}