{"id": 0, "label": "chair", "box": [-0.0018264949321746826, 0.049377501010894775, 0.0980985015630722, 0.7679409980773926, 0.8201709985733032, 1.6860990524291992, -1.0, 0.0, -6.123234262925839e-17, -6.123234262925839e-17, -6.123234262925839e-17, 1.0], "children": [{"id": 1, "label": "chair_back", "box": [-0.0018264949321746826, 0.4711570739746094, -0.17631183564662933, 0.2713721990585327, 0.7679409980773926, 0.842534601688385, 6.123234262925839e-17, -2.963653241749853e-05, -1.0, 1.0, 0.0, 6.123234262925839e-17], "children": [{"id": 2, "label": "back_surface", "box": [-0.0018264949321746826, 0.4711570739746094, -0.17631183564662933, 0.2713721990585327, 0.7679409980773926, 0.842534601688385, 6.123234262925839e-17, -2.963653241749853e-05, -1.0, 1.0, 0.0, 6.123234262925839e-17], "children": [{"id": 3, "label": "back_single_surface", "box": [-0.0018264949321746826, 0.4711570739746094, -0.17631183564662933, 0.2713721990585327, 0.7679409980773926, 0.842534601688385, 6.123234262925839e-17, -2.963653241749853e-05, -1.0, 1.0, 0.0, 6.123234262925839e-17]}]}]}, {"id": 4, "label": "chair_seat", "box": [-0.0018264949321746826, -0.05059148371219635, 0.09801796823740005, 0.27735912799835205, 0.7679409980773926, 0.8210023641586304, -2.5287392124477102e-19, -0.9999914765357971, 0.004129744600504637, 1.0, 0.0, 6.123234262925839e-17], "children": [{"id": 5, "label": "seat_surface", "box": [-0.0018264949321746826, -0.05059148371219635, 0.09801796823740005, 0.27735912799835205, 0.7679409980773926, 0.8210023641586304, -2.5287392124477102e-19, -0.9999914765357971, 0.004129744600504637, 1.0, 0.0, 6.123234262925839e-17], "children": [{"id": 6, "label": "seat_single_surface", "box": [-0.0018264949321746826, -0.05059148371219635, 0.09801796823740005, 0.27735912799835205, 0.7679409980773926, 0.8210023641586304, -2.5287392124477102e-19, -0.9999914765357971, 0.004129744600504637, 1.0, 0.0, 6.123234262925839e-17]}]}]}, {"id": 7, "label": "chair_base", "box": [-0.0018276182236149907, -0.47351589798927307, 0.09809740632772446, 0.6403158903121948, 0.7679412961006165, 0.820172131061554, 1.7318507739005895e-11, 1.0, -4.984846782463137e-06, 1.0, 1.3183190350819389e-16, 3.4742536172416294e-06], "children": [{"id": 8, "label": "regular_leg_base", "box": [-0.0018276182236149907, -0.47351589798927307, 0.09809740632772446, 0.6403158903121948, 0.7679412961006165, 0.820172131061554, 1.7318507739005895e-11, 1.0, -4.984846782463137e-06, 1.0, 1.3183190350819389e-16, 3.4742536172416294e-06], "children": [{"id": 9, "label": "leg", "box": [-0.2751510739326477, -0.48209089040756226, 0.4407232403755188, 0.13483628630638123, 0.22157183289527893, 0.6232563257217407, -0.002108254935592413, -0.0009297667420469224, -0.9999973177909851, -0.9999977946281433, 0.00015643045480828732, 0.002108110347762704]}, {"id": 10, "label": "leg", "box": [0.2669806182384491, -0.47846195101737976, 0.4406883120536804, 0.13499023020267487, 0.2534809112548828, 0.6375412344932556, 1.456690370105207e-05, -4.283562248019734e-06, -1.0, -0.9991934299468994, -0.04015527665615082, -1.4383146663021762e-05]}, {"id": 11, "label": "leg", "box": [0.30086448788642883, -0.47928616404533386, -0.22564244270324707, 0.16255909204483032, 0.18943792581558228, 0.6321790218353271, -1.0, -1.506218760827238e-11, -7.397638910333626e-07, -7.39486836209835e-07, -0.02734658680856228, 0.9996260404586792]}, {"id": 12, "label": "leg", "box": [-0.293441504240036, -0.4735161066055298, -0.22513200342655182, 0.17370904982089996, 0.18471099436283112, 0.6403119564056396, -1.0173525100432329e-22, 1.6614627611488686e-06, -1.0, 1.0, -6.123234262925839e-17, -2.0347050200864659e-22]}], "edges": [{"type": "REF_SYM", "dist": 0.024393900918095717, "part_b": 0, "params": [-0.00046882033348083496, -0.49351727962493896, 0.4483199715614319, -0.999993622303009, -0.0035158907994627953, 0.0006866158219054341], "part_a": 1}, {"type": "TRANS_SYM", "dist": 0.024534101924193363, "part_b": 0, "params": [-0.5621300935745239, -0.00197640061378479, 0.000385969877243042], "part_a": 1}, {"type": "ROT_SYM", "dist": 0.02528937323089578, "part_b": 0, "params": [-0.00035554636269807816, -0.5097341537475586, 0.44683507084846497, 0.008439652621746063, -0.9999526739120483, 0.004841373767703772, 3.1304688453674316], "part_a": 1}, {"type": "REF_SYM", "dist": 0.04083852582753151, "part_b": 0, "params": [0.01604163646697998, -0.49280765652656555, 0.11189879477024078, -0.6623212695121765, -0.0037789212074130774, 0.7492104768753052], "part_a": 2}, {"type": "ROT_SYM", "dist": 0.04068175967176602, "part_b": 0, "params": [-0.31115251779556274, -0.47999000549316406, -0.17717410624027252, -0.004170105792582035, -0.9998725652694702, -0.015409678220748901, 1.599133849143982], "part_a": 2}, {"type": "ROT_SYM", "dist": 0.03682471695743579, "part_b": 1, "params": [-0.026173993945121765, -0.5148603320121765, 0.09613754600286484, 0.011018898338079453, -0.9997390508651733, 0.0200108103454113, 1.6096631288528442], "part_a": 2}, {"type": "REF_SYM", "dist": 0.046362683592803544, "part_b": 2, "params": [0.007889032363891602, -0.49432572722435, -0.2278064489364624, 0.9998935461044312, 0.010517733171582222, 0.01010950654745102], "part_a": 3}, {"type": "TRANS_SYM", "dist": 0.04629513127553422, "part_b": 2, "params": [0.6114562153816223, 0.0064318180084228516, 0.006182178854942322], "part_a": 3}, {"type": "ROT_SYM", "dist": 0.04119152642898036, "part_b": 2, "params": [0.005058581940829754, -0.5057194232940674, 0.07008396089076996, 0.016306869685649872, -0.999857485294342, 0.0043604448437690735, 1.5969775915145874], "part_a": 3}]}]}], "edges": [{"type": "ADJ", "dist": 0.012727693403098936, "part_b": 0, "part_a": 1}, {"type": "ADJ", "dist": 0.009809502363034989, "part_b": 1, "part_a": 2}]}