{"id": 0, "label": "chair", "box": [-0.0017969588516280055, 0.0032503230031579733, 0.05308347940444946, 1.4321585893630981, 1.0938479900360107, 1.245268702507019, 0.9999746084213257, 0.006837191991508007, 0.002016314072534442, -0.006788019090890884, 0.9997016787528992, -0.023461543023586273], "children": [{"id": 1, "label": "chair_back", "box": [-0.011222774162888527, 0.17601053416728973, -0.405049204826355, 1.06221604347229, 0.8308112621307373, 0.2704330086708069, 0.9999822378158569, -0.0028863411862403154, 0.005216954275965691, 0.0031691817566752434, 0.9984787702560425, -0.055046483874320984], "children": [{"id": 2, "label": "back_surface", "box": [-0.007998771034181118, 0.1965370625257492, -0.39631298184394836, 1.0992445945739746, 0.8489269614219666, 0.2676917314529419, 0.9999909400939941, -0.0013124494580551982, 0.004055237863212824, 0.0015153943095356226, 0.9987252354621887, -0.050454288721084595], "children": [{"id": 3, "label": "back_single_surface", "box": [-0.004704485181719065, 0.19369465112686157, -0.3791819214820862, 1.1054152250289917, 0.8836576342582703, 0.2818796634674072, 0.9999895691871643, 0.004414958879351616, 0.0011757953325286508, -0.004341001156717539, 0.9983742237091064, -0.056834425777196884]}]}]}, {"id": 6, "label": "chair_arm", "box": [-0.5722424983978271, 0.09120593965053558, 0.07728224992752075, 0.18806752562522888, 0.6992725133895874, 1.2093745470046997, 0.9998123645782471, 0.012470593675971031, 0.014822187833487988, -0.012712712399661541, 0.9997854232788086, 0.01635449193418026], "children": [{"id": 7, "label": "arm_sofa_style", "box": [-0.5765100121498108, 0.062422122806310654, 0.06502841413021088, 0.17009328305721283, 0.717928946018219, 1.183004379272461, 0.9998717308044434, 0.007087968289852142, 0.014365523122251034, -0.007234738674014807, 0.9999219179153442, 0.010190792381763458]}]}, {"id": 4, "label": "chair_arm", "box": [0.5700551271438599, 0.07413419336080551, 0.06461160629987717, 0.1939735859632492, 0.7372543215751648, 1.211444616317749, 0.9996349215507507, -0.026603179052472115, -0.004725891165435314, 0.026619601994752884, 0.9996396899223328, 0.0034468797966837883], "children": [{"id": 5, "label": "arm_sofa_style", "box": [0.5466688871383667, 0.05559835955500603, 0.061854004859924316, 0.2150937020778656, 0.7352650165557861, 1.1736531257629395, 0.9997157454490662, -0.0213809534907341, -0.010551821440458298, 0.0213768370449543, 0.9997713565826416, -0.0005026804865337908]}]}, {"id": 8, "label": "chair_seat", "box": [0.006683453917503357, -0.133162721991539, 0.11721021682024002, 1.1098955869674683, 0.43054813146591187, 1.102759838104248, 0.9999959468841553, 0.002459014067426324, -0.0014432664029300213, -0.002483821241185069, 0.9998447299003601, -0.017445847392082214], "children": [{"id": 9, "label": "seat_surface", "box": [0.0032920141238719225, -0.1417236179113388, 0.12323794513940811, 1.1147215366363525, 0.46120405197143555, 1.1007181406021118, 0.9999411702156067, 0.010230966843664646, -0.0036031852941960096, -0.010307014919817448, 0.9997101426124573, -0.021760232746601105], "children": [{"id": 10, "label": "seat_single_surface", "box": [0.0041879876516759396, -0.13390371203422546, 0.12476596236228943, 1.1190855503082275, 0.5070529580116272, 1.1036996841430664, 0.9999874234199524, -0.00044458836782723665, -0.004999721422791481, 0.00042896016384474933, 0.9999950528144836, -0.0031264580320566893]}]}]}, {"id": 11, "label": "chair_base", "box": [0.010045085102319717, -0.3796669840812683, 0.047075796872377396, 1.2983531951904297, 0.1947949230670929, 1.1244653463363647, 0.9999804496765137, -0.003795613069087267, 0.004972806200385094, 0.003810594091191888, 0.9999882578849792, -0.00300654792226851], "children": [{"id": 12, "label": "regular_leg_base", "box": [-0.011744603514671326, -0.3279368281364441, 0.0709495022892952, 1.3278043270111084, 0.30729639530181885, 1.2122058868408203, 0.9998610019683838, -0.009168125689029694, -0.013928537257015705, 0.009332209825515747, 0.9998872876167297, 0.011761575005948544], "children": [{"id": 17, "label": "runner", "box": [0.5979844927787781, -0.434043288230896, 0.07775864750146866, 0.09144692122936249, 0.1259944885969162, 0.9348834156990051, 0.9998839497566223, -0.007813329808413982, -0.01308127585798502, 0.007934791967272758, 0.9999256730079651, 0.009259271435439587]}, {"id": 0, "label": "leg", "box": [-0.5540593266487122, -0.4007234275341034, -0.4490871727466583, 0.12571991980075836, 0.18876619637012482, 0.2510582506656647, 0.9994190335273743, 0.015223514288663864, 0.030494026839733124, -0.01593000255525112, 0.9996071457862854, 0.023060690611600876]}, {"id": 14, "label": "leg", "box": [-0.6122943162918091, -0.352973997592926, 0.5853281617164612, 0.09381256997585297, 0.2358195185661316, 0.14795410633087158, 0.9997000098228455, -0.003069340018555522, 0.024299489334225655, 0.002126059727743268, 0.9992466568946838, 0.03875003010034561]}, {"id": 18, "label": "runner", "box": [-0.4997192323207855, -0.5004254579544067, 0.2331157922744751, 0.20336906611919403, 0.07918179035186768, 0.6876608729362488, 0.9979917407035828, 0.015789726749062538, 0.06134464591741562, -0.01902732439339161, 0.998436689376831, 0.05255666747689247]}, {"id": 15, "label": "leg", "box": [0.5663304328918457, -0.38366222381591797, -0.491807222366333, 0.1069638803601265, 0.19810868799686432, 0.13789550960063934, 0.9999292492866516, -0.005444884300231934, -0.01057613268494606, 0.005276643671095371, 0.9998601675033569, -0.01587091200053692]}, {"id": 0, "label": "leg", "box": [0.5462522506713867, -0.279996782541275, -0.1395028531551361, 0.18910807371139526, 0.1944272667169571, 0.6158778667449951, 0.9986709356307983, -0.01972115784883499, 0.04761793836951256, 0.023453736677765846, 0.9965872168540955, -0.07914479821920395]}, {"id": 16, "label": "leg", "box": [0.6102866530418396, -0.3375488519668579, 0.5548252463340759, 0.08678148686885834, 0.20455503463745117, 0.1975461095571518, 0.9999868869781494, -0.0023061009123921394, 0.004576294682919979, 0.0019769263453781605, 0.9974974393844604, 0.07067491859197617]}, {"id": 13, "label": "leg", "box": [-0.5884758830070496, -0.16073814034461975, -0.007115154527127743, 0.09536879509687424, 0.1816677302122116, 0.8020197749137878, 0.9985708594322205, 0.012890339829027653, 0.05186614394187927, -0.01402864046394825, 0.9996673464775085, 0.021643009036779404]}], "edges": [{"part_a": 0, "part_b": 3, "type": "ROT_SYM"}, {"part_a": 0, "part_b": 3, "type": "REF_SYM"}, {"part_a": 1, "part_b": 4, "type": "ROT_SYM"}, {"part_a": 1, "part_b": 4, "type": "TRANS_SYM"}, {"part_a": 1, "part_b": 4, "type": "REF_SYM"}, {"part_a": 2, "part_b": 3, "type": "ADJ"}, {"part_a": 2, "part_b": 4, "type": "TRANS_SYM"}, {"part_a": 2, "part_b": 4, "type": "REF_SYM"}, {"part_a": 2, "part_b": 6, "type": "ROT_SYM"}, {"part_a": 2, "part_b": 6, "type": "TRANS_SYM"}, {"part_a": 2, "part_b": 6, "type": "REF_SYM"}, {"part_a": 3, "part_b": 0, "type": "ROT_SYM"}, {"part_a": 3, "part_b": 0, "type": "TRANS_SYM"}, {"part_a": 3, "part_b": 0, "type": "REF_SYM"}, {"part_a": 4, "part_b": 1, "type": "ROT_SYM"}, {"part_a": 4, "part_b": 1, "type": "TRANS_SYM"}, {"part_a": 4, "part_b": 1, "type": "REF_SYM"}, {"part_a": 4, "part_b": 2, "type": "TRANS_SYM"}, {"part_a": 4, "part_b": 5, "type": "ADJ"}, {"part_a": 4, "part_b": 6, "type": "TRANS_SYM"}, {"part_a": 4, "part_b": 6, "type": "REF_SYM"}, {"part_a": 6, "part_b": 2, "type": "ROT_SYM"}, {"part_a": 6, "part_b": 2, "type": "TRANS_SYM"}, {"part_a": 6, "part_b": 2, "type": "REF_SYM"}, {"part_a": 6, "part_b": 4, "type": "TRANS_SYM"}, {"part_a": 6, "part_b": 4, "type": "REF_SYM"}]}]}], "edges": [{"part_a": 0, "part_b": 1, "type": "ADJ"}, {"part_a": 0, "part_b": 2, "type": "ADJ"}, {"part_a": 0, "part_b": 3, "type": "ADJ"}, {"part_a": 1, "part_b": 0, "type": "ADJ"}, {"part_a": 1, "part_b": 2, "type": "ROT_SYM"}, {"part_a": 1, "part_b": 2, "type": "REF_SYM"}, {"part_a": 1, "part_b": 3, "type": "ADJ"}, {"part_a": 1, "part_b": 4, "type": "ADJ"}, {"part_a": 2, "part_b": 0,