{"id": 0, "label": "chair", "box": [0.0050000776536762714, -0.1495162695646286, -0.0004484709061216563, 0.7272924780845642, 0.7669299840927124, 1.4834039211273193, -0.036401331424713135, 0.012445837259292603, -0.9992597699165344, -0.9993371367454529, 2.4478595150867477e-05, 0.036404453217983246], "children": [{"id": 1, "label": "chair_back", "box": [-0.0026782620698213577, 0.30133816599845886, -0.26106223464012146, 0.1350664645433426, 0.5818355679512024, 0.707840621471405, -0.03512490913271904, -0.2709047198295593, -0.9619650840759277, -0.00988795980811119, 0.9626061916351318, -0.27072420716285706], "children": [{"id": 2, "label": "back_surface", "box": [-0.0026782620698213577, 0.30133816599845886, -0.26106223464012146, 0.1350664645433426, 0.5818355679512024, 0.707840621471405, -0.03512490913271904, -0.2709047198295593, -0.9619650840759277, -0.00988795980811119, 0.9626061916351318, -0.27072420716285706], "children": [{"id": 3, "label": "back_single_surface", "box": [-0.0026782620698213577, 0.30133816599845886, -0.26106223464012146, 0.1350664645433426, 0.5818355679512024, 0.707840621471405, -0.03512490913271904, -0.2709047198295593, -0.9619650840759277, -0.00988795980811119, 0.9626061916351318, -0.27072420716285706]}]}]}, {"id": 4, "label": "chair_arm", "box": [0.35004347562789917, 0.27725282311439514, 0.11137811094522476, 0.062237463891506195, 0.3034919500350952, 0.7141146063804626, 0.996052622795105, -8.378379425266758e-05, -0.08876480162143707, -0.0508093386888504, -0.8205096125602722, -0.5693701505661011], "children": [{"id": 5, "label": "arm_near_vertical_bar", "box": [0.3671814203262329, 0.1628226488828659, 0.30377838015556335, 0.06226896494626999, 0.07450591027736664, 0.3772995173931122, 0.9960231184959412, -0.00016692621284164488, -0.08909497410058975, 0.0889420434832573, 0.06045907735824585, 0.9942001700401306]}, {"id": 6, "label": "arm_horizontal_bar", "box": [0.3423384428024292, 0.3577384948730469, 0.023315247148275375, 0.05760250240564346, 0.062249958515167236, 0.5618634223937988, 0.000577607483137399, -0.9975329041481018, -0.07019811123609543, -0.9961061477661133, -0.006762607954442501, 0.08790216594934464]}], "edges": [{"dist": 0.012822243012478016, "part_a": 1, "part_b": 0, "type": "ADJ"}]}, {"id": 7, "label": "chair_arm", "box": [-0.3307388126850128, 0.29412922263145447, 0.12295161932706833, 0.06521106511354446, 0.2788209617137909, 0.6888834834098816, -0.9997086524963379, -0.00965852476656437, -0.02212153747677803, -0.01979917287826538, 0.8523380756378174, 0.5226163268089294], "children": [{"id": 8, "label": "arm_near_vertical_bar", "box": [-0.33398571610450745, 0.18700335919857025, 0.3258683979511261, 0.06220802664756775, 0.08177953958511353, 0.36397773027420044, -0.9998733401298523, 2.2529087800648995e-05, -0.01591421477496624, -0.01583027094602585, 0.10117752850055695, 0.9947424530982971]}, {"id": 9, "label": "arm_horizontal_bar", "box": [-0.329655259847641, 0.3587783873081207, 0.044681888073682785, 0.05029923841357231, 0.06219863146543503, 0.5572114586830139, -0.0008698780438862741, -0.9985982775688171, -0.05292140319943428, 0.999882698059082, -0.001677899737842381, 0.015225823037326336]}], "edges": [{"dist": 0.009923644616846127, "part_a": 1, "part_b": 0, "type": "ADJ"}]}, {"id": 10, "label": "chair_seat", "box": [0.007923582568764687, 0.06499186903238297, 0.07834900915622711, 0.10512436926364899, 0.5780246257781982, 0.6666895747184753, -0.001928965444676578, 0.998602569103241, -0.0528133250772953, 0.03644738718867302, 0.052848540246486664, 0.9979372024536133], "children": [{"id": 11, "label": "seat_surface", "box": [0.009811200201511383, 0.08550889790058136, 0.08048249036073685, 0.0636402890086174, 0.571476399898529, 0.643104612827301, -0.0018741126405075192, 0.9986783266067505, -0.05136210471391678, 0.03645016998052597, 0.05139628425240517, 0.998012900352478], "children": [{"id": 12, "label": "seat_single_surface", "box": [0.009811200201511383, 0.08550889790058136, 0.08048249036073685, 0.0636402890086174, 0.571476399898529, 0.643104612827301, -0.0018741126405075192, 0.9986783266067505, -0.05136210471391678, 0.03645016998052597, 0.05139628425240517, 0.998012900352478]}]}, {"id": 13, "label": "seat_support", "box": [0.2640397846698761, 0.03025677427649498, 0.063960000872612, 0.03304041177034378, 0.033094797283411026, 0.517274022102356, 0.7035306096076965, 0.7059528827667236, -0.08170229941606522, 0.7075222134590149, -0.7065752744674683, -0.01279448252171278]}, {"id": 14, "label": "seat_support", "box": [-0.00017126779130194336, 0.017220303416252136, -0.19009096920490265, 0.03639713302254677, 0.037900660187006, 0.6108269691467285, -0.032750099897384644, 0.44151949882507324, -0.8966537714004517, 0.016114605590701103, 0.8972516655921936, 0.4412253499031067]}, {"id": 15, "label": "seat_support", "box": [-0.24780449271202087, 0.030256999656558037, 0.08265397697687149, 0.033040449023246765, 0.033096227794885635, 0.5172742605209351, -0.707561194896698, 0.7060079574584961, -0.030164534226059914, 0.7066255807876587, 0.7065202593803406, -0.03885022550821304]}, {"id": 16, "label": "seat_support", "box": [0.0168974120169878, 0.04338889569044113, 0.32403671741485596, 0.032991163432598114, 0.03299287334084511, 0.6666911244392395, -0.02590252086520195, 0.7071751356124878, -0.7065638303756714, 0.02579772286117077, 0.707038402557373, 0.7067044377326965]}], "edges": [{"dist": 0.020016485350198, "part_a": 2, "part_b": 0, "type": "ADJ"}, {"dist": 0.006501551387141419, "part_a": 2, "part_b": 1, "type": "ADJ"}, {"dist": 0.007686991298196334, "part_a": 3, "part_b": 2, "type": "ADJ"}, {"dist": 0.038116118272049304, "part_a": 4, "part_b": 0, "type": "ADJ"}, {"dist": 0.0028032352989279348, "part_a": 4, "part_b": 1, "type": "ADJ"}, {"dist": 0.003049809780345354, "part_a": 4, "part_b": 3, "type": "ADJ"}, {"dist": 0.025481016173767364, "params": [0.13106705248355865, 0.023807933554053307, -0.06362290680408478, 0.7237622737884521, 0.03495549038052559, 0.6891635060310364], "part_a": 2, "part_b": 1, "type": "REF_SYM"}, {"dist": 0.01831066011121881, "params": [0.5905815958976746, -0.43267571926116943, -0.552779495716095, -0.5118615627288818, 0.6768741607666016, 0.5289981365203857, 1.9940351247787476], "part_a": 2, "part_b": 1, "type": "ROT_SYM"}, {"dist": 0.012015254392319714, "params": [0.007845237851142883, 0.030108563601970673, 0.07263529300689697, 0.9992650747299194, 0.00043924752390012145, -0.03832896798849106], "part_a": 3, "part_b": 1, "type": "REF_SYM"}, {"dist": 0.023979211678659802, "params": [0.5120159387588501, 0.000225067138671875, -0.019639477133750916], "part_a": 3, "part_b": 1, "type": "TRANS_SYM"}, {"dist": 0.011721500308967963, "params": [0.007651403546333313, -0.1833370327949524, 0.06262554228305817, -0.03491034358739853, -0.022446203976869583, -0.9991382956504822, 1.75363028049469], "part_a": 3, "part_b": 1, "type": "ROT_SYM"}, {"dist": 0.026012187195796583, "params": [-0.12494093179702759, 0.02369539998471737, -0.05380316451191902, 0.6703413128852844, -0.03427617624402046, -0.7412607669830322], "part_a": 3, "part_b": 2, "type": "REF_SYM"}, {"dist": 0.020468767591831947, "params": [-0.12872642278671265, -0.020374612882733345, -0.06618480384349823, -0.6887535452842712, 0.23473553359508514, -0.6859429478645325, 2.658151865005493], "part_a": 3, "part_b": 2, "type": "ROT_SYM"}, {"dist": 0.029924290794819095, "params": [0.14148150384426117, 0.03680753707885742, 0.1933026909828186, 0.6835969686508179, -0.03679340332746506, -0.7289316654205322], "part_a": 4, "part_b": 1, "type": "REF_SYM"}, {"dist": 0.027125744572198903, "params": [-0.019297584891319275, 0.7575383186340332, 0.007952123880386353, 0.36562561988830566, -0.8555514812469482, 0.3665371537208557, 1.6546157598495483], "part_a": 4, "part_b": 1, "type": "ROT_SYM"}, {"dist": 0.016417896396079715, "params": [0.008695333264768124, 0.030394375324249268, 0.06686423718929291, -0.040449969470500946, -0.05049077048897743, -0.9979050159454346], "part_a": 4, "part_b": 2,