{"id": 0, "label": "chair", "box": [-8.31354409456253e-05, 0.040860600769519806, 0.11579516530036926, 0.8801982402801514, 1.5825461149215698, 0.8834119439125061, 0.999988853931427, 0.0005008125444874167, -0.004694484639912844, -0.00047253226512111723, 0.9999817609786987, 0.0060233245603740215], "children": [{"id": 1, "label": "chair_back", "box": [-0.001820988836698234, 0.427016019821167, -0.2440592646598816, 0.8633015751838684, 0.8119606971740723, 0.14913509786128998, 0.9999709129333496, 0.0008570014615543187, -0.007577372714877129, -0.0008694789139553905, 0.9999982714653015, -0.0016435256693512201], "children": [{"id": 2, "label": "back_surface", "box": [-0.002642079722136259, 0.4230425953865051, -0.24634981155395508, 0.8959437012672424, 0.8411918878555298, 0.16021554172039032, 0.9999372959136963, -0.004141209181398153, -0.01040597353130579, 0.0040818690322339535, 0.999975323677063, -0.0057172952219843864], "children": [{"id": 3, "label": "back_single_surface", "box": [-0.003717816900461912, 0.4331744909286499, -0.23895776271820068, 0.8772099614143372, 0.8502445816993713, 0.1548164337873459, 0.9999972581863403, 9.621956996852532e-05, 0.002341994782909751, -7.175780046964064e-05, 0.9999454617500305, -0.010442685335874557]}]}]}, {"id": 4, "label": "chair_seat", "box": [-0.0033366053830832243, -0.02139625884592533, 0.10765130072832108, 0.8673036694526672, 0.19712324440479279, 0.8639979362487793, 0.9999881982803345, 5.949179831077345e-05, -0.004866231232881546, 2.0514384232228622e-05, 0.9998648762702942, 0.016439395025372505], "children": [{"id": 5, "label": "seat_surface", "box": [0.0019602414686232805, -0.026322301477193832, 0.10367275774478912, 0.8652141690254211, 0.19189569354057312, 0.8634627461433411, 0.9999895691871643, -0.002888438059017062, -0.003549045417457819, 0.002936344360932708, 0.999903678894043, 0.013568146154284477], "children": [{"id": 6, "label": "seat_single_surface", "box": [-0.0015373348724097013, -0.028106238692998886, 0.11188902705907822, 0.853550374507904, 0.17139901220798492, 0.8243713974952698, 0.9999843835830688, -0.0012072414392605424, -0.005461962427943945, 0.0013352528912946582, 0.9997230768203735, 0.023494262248277664]}]}]}, {"id": 7, "label": "chair_base", "box": [0.0050351922400295734, -0.4192810654640198, 0.10963921248912811, 0.8602880835533142, 0.6563796997070312, 0.8727694749832153, 0.9999961256980896, 0.0027096772100776434, 0.0006826091557741165, -0.002708849497139454, 0.9999955892562866, -0.0012102300534024835], "children": [{"id": 8, "label": "regular_leg_base", "box": [0.0037507591769099236, -0.41804394125938416, 0.10749208927154541, 0.8519648909568787, 0.6649792790412903, 0.8639043569564819, 0.9999974370002747, -0.00017122624558396637, -0.002257963176816702, 0.00017214332183357328, 0.9999999403953552, 0.0004059565544594079], "children": [{"id": 12, "label": "leg", "box": [-0.35278987884521484, -0.43396544456481934, -0.25105157494544983, 0.10806217044591904, 0.6493052840232849, 0.12241394072771072, 0.9998739957809448, -0.014868555590510368, 0.005562612786889076, 0.01461442094296217, 0.998958170413971, 0.043232545256614685]}, {"id": 11, "label": "leg", "box": [-0.3487336039543152, -0.4274851679801941, 0.46222513914108276, 0.11712346225976944, 0.660888135433197, 0.12412899732589722, 0.9999094009399414, -0.008879050612449646, 0.0101206935942173, 0.009014862589538097, 0.9998688697814941, -0.013453648425638676]}, {"id": 9, "label": "leg", "box": [0.35185080766677856, -0.42804887890815735, -0.24314600229263306, 0.11868569254875183, 0.6552234888076782, 0.1399623602628708, 0.9996036887168884, 0.010612157173454762, 0.02607422135770321, -0.011711414903402328, 0.9990331530570984, 0.04237426444888115]}, {"id": 10, "label": "leg", "box": [0.3518017530441284, -0.4313903748989105, 0.45822566747665405, 0.1092955693602562, 0.6628980040550232, 0.13151948153972626, 0.9999677538871765, 0.008021067827939987, -0.0004872712888754904, -0.008027486503124237, 0.9998548626899719, -0.015030513517558575]}], "edges": [{"part_a": 0, "part_b": 1, "type": "ROT_SYM"}, {"part_a": 0, "part_b": 1, "type": "TRANS_SYM"}, {"part_a": 0, "part_b": 1, "type": "REF_SYM"}, {"part_a": 0, "part_b": 2, "type": "ROT_SYM"}, {"part_a": 0, "part_b": 2, "type": "TRANS_SYM"}, {"part_a": 0, "part_b": 2, "type": "REF_SYM"}, {"part_a": 0, "part_b": 3, "type": "ROT_SYM"}, {"part_a": 0, "part_b": 3, "type": "TRANS_SYM"}, {"part_a": 0, "part_b": 3, "type": "REF_SYM"}, {"part_a": 1, "part_b": 0, "type": "ROT_SYM"}, {"part_a": 1, "part_b": 0, "type": "TRANS_SYM"}, {"part_a": 1, "part_b": 0, "type": "REF_SYM"}, {"part_a": 1, "part_b": 2, "type": "ROT_SYM"}, {"part_a": 1, "part_b": 2, "type": "TRANS_SYM"}, {"part_a": 1, "part_b": 2, "type": "REF_SYM"}, {"part_a": 1, "part_b": 3, "type": "ROT_SYM"}, {"part_a": 1, "part_b": 3, "type": "TRANS_SYM"}, {"part_a": 1, "part_b": 3, "type": "REF_SYM"}, {"part_a": 2, "part_b": 0, "type": "ROT_SYM"}, {"part_a": 2, "part_b": 0, "type": "TRANS_SYM"}, {"part_a": 2, "part_b": 0, "type": "REF_SYM"}, {"part_a": 2, "part_b": 1, "type": "ROT_SYM"}, {"part_a": 2, "part_b": 1, "type": "TRANS_SYM"}, {"part_a": 2, "part_b": 1, "type": "REF_SYM"}, {"part_a": 2, "part_b": 3, "type": "ROT_SYM"}, {"part_a": 2, "part_b": 3, "type": "TRANS_SYM"}, {"part_a": 2, "part_b": 3, "type": "REF_SYM"}, {"part_a": 3, "part_b": 0, "type": "ROT_SYM"}, {"part_a": 3, "part_b": 0, "type": "TRANS_SYM"}, {"part_a": 3, "part_b": 0, "type": "REF_SYM"}, {"part_a": 3, "part_b": 1, "type": "ROT_SYM"}, {"part_a": 3, "part_b": 1, "type": "TRANS_SYM"}, {"part_a": 3, "part_b": 1, "type": "REF_SYM"}, {"part_a": 3, "part_b": 2, "type": "ROT_SYM"}, {"part_a": 3, "part_b": 2, "type": "TRANS_SYM"}, {"part_a": 3, "part_b": 2, "type": "REF_SYM"}]}]}], "edges": [{"part_a": 0, "part_b": 1, "type": "ADJ"}, {"part_a": 1, "part_b": 0, "type": "ADJ"}, {"part_a": 1, "part_b": 2, "type": "ADJ"}, {"part_a": 2, "part_b": 1, "type": "ADJ"}]}