{"id": 0, "label": "chair", "box": [-0.013761269859969616, -0.04192452132701874, 0.07953529059886932, 0.9726786017417908, 1.4527168273925781, 1.1066275835037231, 0.9999041557312012, 0.002666786778718233, 0.01358451135456562, -0.0026751328259706497, 0.9999962449073792, 0.0005962399882264435], "children": [{"id": 1, "label": "chair_back", "box": [0.011213150806725025, 0.2522452473640442, -0.2626197040081024, 0.8393621444702148, 0.8741992712020874, 0.23147229850292206, 0.99969083070755, -0.004190218169242144, 0.024508502334356308, 0.006744322367012501, 0.9944410920143127, -0.1050783172249794], "children": [{"id": 3, "label": "back_surface", "box": [0.015217910520732403, 0.3484101891517639, -0.2848837375640869, 0.8707103133201599, 0.511258065700531, 0.16002237796783447, 0.9999340772628784, 0.009537051431834698, 0.006393145769834518, -0.008824297226965427, 0.9945895671844482, -0.10350706428289413], "children": [{"id": 4, "label": "back_single_surface", "box": [-0.003783170599490404, 0.3628542721271515, -0.2709108591079712, 0.8507522940635681, 0.6168099045753479, 0.1545099914073944, 0.9999678730964661, 0.0013665533624589443, -0.007900248281657696, -0.0024051072541624308, 0.9911150932312012, -0.13298548758029938]}]}]}, {"id": 7, "label": "chair_arm", "box": [-0.40334352850914, 0.1734909564256668, 0.11558771133422852, 0.09562067687511444, 0.2869487702846527, 0.7908381223678589, 0.9989637136459351, 0.014432755298912525, 0.04316491261124611, -0.032092008739709854, 0.8958686590194702, 0.44315847754478455], "children": [{"id": 8, "label": "arm_holistic_frame", "box": [-0.3990590274333954, 0.19595202803611755, 0.13084924221038818, 0.12837614119052887, 0.31989696621894836, 0.7922731637954712, 0.9992071986198425, 0.028232676908373833, 0.02806975692510605, -0.03854328766465187, 0.8625804781913757, 0.5044495463371277]}]}, {"id": 5, "label": "chair_arm", "box": [0.41934841871261597, 0.21635133028030396, 0.10702084004878998, 0.06457159668207169, 0.24108578264713287, 0.7565227150917053, 0.9981287121772766, -0.03754127398133278, -0.04826793819665909, 0.05634285509586334, 0.8713652491569519, 0.48738908767700195], "children": [{"id": 6, "label": "arm_holistic_frame", "box": [0.3730272948741913, 0.14188902080059052, 0.13492709398269653, 0.1181025430560112, 0.33626461029052734, 0.7622310519218445, 0.9995121359825134, 0.028723834082484245, -0.012268610298633575, -0.01808607392013073, 0.8524892926216125, 0.5224317312240601]}]}, {"id": 9, "label": "chair_seat", "box": [0.0059340763837099075, -0.01684039831161499, 0.1414979100227356, 0.8052366971969604, 0.12457235902547836, 0.7326040267944336, 0.999971330165863, -0.001879317918792367, -0.007336796727031469, 0.0019694329239428043, 0.999922513961792, 0.01229473389685154], "children": [{"id": 10, "label": "seat_surface", "box": [-0.0006124097271822393, -0.02015926130115986, 0.1498827487230301, 0.8019797801971436, 0.13525265455245972, 0.7117684483528137, 0.9999993443489075, 0.0007807512884028256, 0.0008330099517479539, -0.0008058100356720388, 0.9995338916778564, 0.030518438667058945], "children": [{"id": 11, "label": "seat_single_surface", "box": [-0.001791834831237793, 0.001186757697723806, 0.12994395196437836, 0.7870698571205139, 0.17313309013843536, 0.7468979358673096, 0.9999840259552002, 0.004298167768865824, 0.003678802400827408, -0.004353355150669813, 0.9998761415481567, 0.015127290971577168]}]}]}, {"id": 12, "label": "chair_base", "box": [0.013688037171959877, -0.5459078550338745, 0.12300413846969604, 0.8964789509773254, 0.7516352534294128, 0.8418304324150085, 0.9921384453773499, 0.10248787701129913, -0.07181650400161743, -0.07694432884454727, 0.9521439671516418, 0.29580655694007874], "children": [{"id": 13, "label": "star_leg_base", "box": [-0.0036972127854824066, -0.5746386051177979, 0.09675723314285278, 0.8654888868331909, 0.7426801919937134, 0.8185978531837463, 0.9529464840888977, -0.23247197270393372, -0.19455033540725708, 0.2741895020008087, 0.9347112774848938, 0.2261304259300232], "children": [{"id": 15, "label": "star_leg_set", "box": [0.016091395169496536, -0.6891748309135437, 0.11598008871078491, 0.9992048144340515, 0.1936343014240265, 0.9083003401756287, 0.9980936646461487, 0.007841678336262703, -0.061217695474624634, -0.008683111518621445, 0.9998713135719299, -0.01349103543907404], "children": [{"id": 18, "label": "leg", "box": [0.09003594517707825, -0.6070065498352051, 0.32705557346343994, 0.2065095156431198, 0.11500155180692673, 0.43353700637817383, 0.9221590161323547, 0.018368110060691833, -0.3863745927810669, 0.051020022481679916, 0.9843690991401672, 0.16856588423252106]}, {"id": 17, "label": "leg", "box": [0.25486594438552856, -0.5955265760421753, 0.08098948001861572, 0.40229904651641846, 0.12842880189418793, 0.1870661824941635, 0.9883348941802979, -0.11392656713724136, -0.10106857866048813, 0.11256750673055649, 0.9934611320495605, -0.01906847022473812]}, {"id": 24, "label": "caster", "box": [-0.41849008202552795, -0.7026707530021667, -0.16552315652370453, 0.17119769752025604, 0.14514096081256866, 0.19447125494480133, 0.9967067241668701, 0.0759529247879982, 0.028405768796801567, -0.07491865754127502, 0.9965447783470154, -0.03585744649171829]}, {"id": 21, "label": "caster", "box": [-0.35964131355285645, -0.7016884684562683, 0.41653281450271606, 0.15565946698188782, 0.11425863206386566, 0.17951953411102295, 0.9988711476325989, 0.037834178656339645, -0.02872469462454319, -0.0415673591196537, 0.9888463020324707, -0.1430215686559677]}, {"id": 20, "label": "leg", "box": [-0.18699714541435242, -0.575447678565979, -0.029196538031101227, 0.41977936029434204, 0.13257449865341187, 0.17469750344753265, 0.8400089144706726, 0.143523171544075, 0.5232458710670471, -0.12354397773742676, 0.9896417260169983, -0.07311758399009705]}, {"id": 27, "label": "caster", "box": [0.1439807265996933, -0.7202435731887817, -0.3541680574417114, 0.22422149777412415, 0.10064564645290375, 0.15292991697788239, 0.9719727635383606, -0.0016069094417616725, 0.2350880652666092, -0.00984334945678711, 0.9988216161727905, 0.047524672001600266]}, {"id": 30, "label": "caster", "box": [0.4872407913208008, -0.7070220708847046, 0.07961659133434296, 0.10369324684143066, 0.12474104762077332, 0.27961885929107666, 0.9923326969146729, -0.1136007085442543, 0.04868998005986214, 0.1148274838924408, 0.9931150674819946, -0.023176999762654305]}, {"id": 16, "label": "leg", "box": [0.06762509047985077, -0.5818518996238708, -0.1269698590040207, 0.23608723282814026, 0.13814179599285126, 0.4241619408130646, 0.9661446213722229, -0.0054008797742426395, 0.2579444944858551, 0.037443194538354874, 0.9921312928199768, -0.11947204172611237]}, {"id": 33, "label": "caster", "box": [0.20162194967269897, -0.728201150894165, 0.5406275987625122, 0.2042590081691742, 0.07447709888219833, 0.16908523440361023, 0.9987313747406006, -0.009217514656484127, -0.049504488706588745, 0.015775039792060852, 0.9908888339996338, 0.13375544548034668]}, {"id": 19, "label": "leg", "box": [-0.21802997589111328, -0.6042872667312622, 0.258346289396286, 0.44928622245788574, 0.14519396424293518, 0.16715902090072632, 0.7391226291656494, 0.19149452447891235, -0.6457767486572266, -0.12036901712417603, 0.9808543920516968, 0.15308816730976105]}], "edges": [{"part_a": 0, "part_b": 1, "type": "ROT_SYM"}, {"part_a": 0, "part_b": 1, "type": "REF_SYM"}, {"part_a": 0, "part_b": 4, "type": "ROT_SYM"}, {"part_a": 0, "part_b": 4, "type": "REF_SYM"}, {"part_a": 0, "part_b": 7, "type": "ROT_SYM"}, {"part_a": 0, "part_b": 7, "type": "REF_SYM"}, {"part_a": 0, "part_b": 8, "type": "ADJ"}, {"part_a": 0, "part_b": 9, "type": "ADJ"}, {"part_a": 0, "part_b": 9, "type": "ROT_SYM"}, {"part_a": 0, "part_b": 9, "type": "REF_SYM"}, {"part_a": 1, "part_b": 0, "type": "ROT_SYM"}, {"part_a": 1, "part_b": 0, "type": "REF_SYM"}, {"part_a": 1, "part_b": 4, "type": "ROT_SYM"}, {"part_a": 1, "part_b": 4, "type": "REF_SYM"}, {"part_a": 1, "part_b": 6, "type": "ADJ"}, {"part_a": 1, "part_b": 7, "type": "ROT_SYM"}, {"part_a": 1, "part_b": 7,