{"id": 0, "label": "chair", "box": [-0.008829973638057709, 0.139669731259346, 0.15237416326999664, 0.9303685426712036, 1.0704916715621948, 1.6018316745758057, -0.9999995231628418, -0.0009598355973139405, 4.5279302867129445e-05, 4.5268396206665784e-05, 1.1382726370356977e-05, 1.0], "children": [{"id": 1, "label": "chair_back", "box": [-0.01019566785544157, 0.44239988923072815, -0.21625904738903046, 0.33319976925849915, 0.92566978931427, 0.9962682127952576, -3.0891849291947437e-06, -1.534691546112299e-05, -1.0, -0.9999999403953552, 0.0004209692415315658, 3.0827241062070243e-06], "children": [{"id": 2, "label": "back_surface", "box": [-0.01019566785544157, 0.44239988923072815, -0.21625904738903046, 0.33319976925849915, 0.92566978931427, 0.9962682127952576, -3.0891849291947437e-06, -1.534691546112299e-05, -1.0, -0.9999999403953552, 0.0004209692415315658, 3.0827241062070243e-06], "children": [{"id": 3, "label": "back_single_surface", "box": [-0.01019566785544157, 0.44239988923072815, -0.21625904738903046, 0.33319976925849915, 0.92566978931427, 0.9962682127952576, -3.0891849291947437e-06, -1.534691546112299e-05, -1.0, -0.9999999403953552, 0.0004209692415315658, 3.0827241062070243e-06]}]}]}, {"id": 4, "label": "chair_seat", "box": [-0.008362152613699436, -0.154285728931427, 0.1523934304714203, 0.3242872953414917, 0.9326843619346619, 1.0704874992370605, -0.014931728132069111, -0.99988853931427, 2.278373358421959e-05, -0.99988853931427, 0.014931728132069111, 1.049353613780113e-06], "children": [{"id": 5, "label": "seat_surface", "box": [-0.008362152613699436, -0.154285728931427, 0.1523934304714203, 0.3242872953414917, 0.9326843619346619, 1.0704874992370605, -0.014931728132069111, -0.99988853931427, 2.278373358421959e-05, -0.99988853931427, 0.014931728132069111, 1.049353613780113e-06], "children": [{"id": 6, "label": "seat_single_surface", "box": [-0.008362152613699436, -0.154285728931427, 0.1523934304714203, 0.3242872953414917, 0.9326843619346619, 1.0704874992370605, -0.014931728132069111, -0.99988853931427, 2.278373358421959e-05, -0.99988853931427, 0.014931728132069111, 1.049353613780113e-06]}]}]}, {"id": 7, "label": "chair_base", "box": [0.01120820827782154, 0.10513029992580414, 0.14038778841495514, 0.9113898277282715, 1.0177159309387207, 1.5484498739242554, 0.9997765421867371, -1.8068833469442325e-06, -0.021138494834303856, 0.021134907379746437, -0.018336305394768715, 0.9996084570884705], "children": [{"id": 8, "label": "regular_leg_base", "box": [0.01120820827782154, 0.10513029992580414, 0.14038778841495514, 0.9113898277282715, 1.0177159309387207, 1.5484498739242554, 0.9997765421867371, -1.8068833469442325e-06, -0.021138494834303856, 0.021134907379746437, -0.018336305394768715, 0.9996084570884705], "children": [{"id": 9, "label": "leg", "box": [-0.30478036403656006, -0.4511680006980896, 0.5153493285179138, 0.17399543523788452, 0.17469263076782227, 0.42232197523117065, 0.9994581937789917, -0.03287796676158905, 0.0015168542740866542, -0.0013625799911096692, 0.004714228678494692, 0.9999879598617554]}, {"id": 10, "label": "leg", "box": [0.2793694734573364, -0.46884816884994507, 0.5190312266349792, 0.16664358973503113, 0.17492826282978058, 0.3842470943927765, -3.5871719319402473e-06, 3.596263923100196e-06, -1.0, 0.9999992847442627, 0.0011731948470696807, -3.582950284908293e-06]}, {"id": 11, "label": "leg", "box": [0.012023914605379105, 0.11330356448888779, 0.12894584238529205, 0.8884361982345581, 1.0241315364837646, 1.5488747358322144, -0.9999995231628418, -0.0009597676107659936, -0.0002465507132001221, -0.0002468095044605434, 0.000269525742623955, 0.9999999403953552]}, {"id": 12, "label": "leg", "box": [-0.33542656898498535, -0.43155738711357117, -0.2333916425704956, 0.2331428825855255, 0.2399768978357315, 0.45891186594963074, 0.9999537467956543, 0.008970247581601143, -0.0034674385096877813, 0.003468064358457923, -5.4197549616219476e-05, 0.9999939799308777]}], "edges": [{"part_b": 0, "dist": 0.01426147087351903, "part_a": 2, "type": "ADJ"}, {"part_b": 1, "dist": 0.015171859139913651, "part_a": 2, "type": "ADJ"}, {"part_b": 2, "dist": 0.016043206424252863, "part_a": 3, "type": "ADJ"}, {"part_b": 0, "params": [-0.009869098663330078, -0.48019838333129883, 0.5189902782440186, -0.9999166131019592, 0.012690314091742039, -0.0024019686970859766], "dist": 0.030031666496166266, "part_a": 1, "type": "REF_SYM"}, {"part_b": 0, "params": [-0.5946646332740784, 0.007547110319137573, -0.0014284849166870117], "dist": 0.030039120092656198, "part_a": 1, "type": "TRANS_SYM"}, {"part_b": 0, "params": [-0.00981593132019043, -0.4588055908679962, 0.5260547995567322, 0.0025093958247452974, 0.999877393245697, -0.015458432957530022, 3.0918667316436768], "dist": 0.029956636478139606, "part_a": 1, "type": "ROT_SYM"}]}]}], "edges": [{"part_b": 0, "dist": 0.019875438422303632, "part_a": 1, "type": "ADJ"}, {"part_b": 0, "dist": 0.009578417810154914, "part_a": 2, "type": "ADJ"}, {"part_b": 1, "dist": 0.008953772253647312, "part_a": 2, "type": "ADJ"}]}