{"id": 0, "label": "chair", "box": [-0.000679507851600647, -0.1446525901556015, 0.07660359144210815, 0.5682649612426758, 0.6671602129936218, 1.5813268423080444, 1.0, 6.123195881745417e-17, -1.2246468525851679e-16, -1.2246448673516977e-16, -3.0975641038821777e-06, -1.0], "children": [{"id": 1, "label": "chair_back", "box": [-0.000680855824612081, 0.31479611992836, -0.17172619700431824, 0.1705130636692047, 0.5682765245437622, 0.662439227104187, 2.301544554939028e-05, 8.421436480896219e-17, -1.0, 1.0, -2.3111399059416726e-05, 2.301544554939028e-05], "children": [{"id": 2, "label": "back_surface", "box": [-0.000680855824612081, 0.31479611992836, -0.17172619700431824, 0.1705130636692047, 0.5682765245437622, 0.662439227104187, 2.301544554939028e-05, 8.421436480896219e-17, -1.0, 1.0, -2.3111399059416726e-05, 2.301544554939028e-05], "children": [{"id": 3, "label": "back_single_surface", "box": [-0.000680855824612081, 0.31479611992836, -0.17172619700431824, 0.1705130636692047, 0.5682765245437622, 0.662439227104187, 2.301544554939028e-05, 8.421436480896219e-17, -1.0, 1.0, -2.3111399059416726e-05, 2.301544554939028e-05]}]}]}, {"id": 4, "label": "chair_seat", "box": [-0.0013165026903152466, 0.06161099672317505, 0.07758601009845734, 0.15937799215316772, 0.5669909715652466, 0.665194034576416, 0.0, -1.0, 0.0, -1.0, 0.0, 0.0], "children": [{"id": 5, "label": "seat_surface", "box": [-0.0013165026903152466, 0.06161099672317505, 0.07758601009845734, 0.15937799215316772, 0.5669909715652466, 0.665194034576416, 0.0, -1.0, 0.0, -1.0, 0.0, 0.0], "children": [{"id": 6, "label": "seat_single_surface", "box": [-0.0013165026903152466, 0.06161099672317505, 0.07758601009845734, 0.15937799215316772, 0.5669909715652466, 0.665194034576416, 0.0, -1.0, 0.0, -1.0, 0.0, 0.0]}]}]}, {"id": 7, "label": "chair_base", "box": [-0.0006190091371536255, -0.4766959846019745, 0.076555997133255, 0.5644539594650269, 0.6633300185203552, 0.9172419905662537, -1.0, 6.123234262925839e-17, 0.0, 0.0, 0.0, 1.0], "children": [{"id": 8, "label": "regular_leg_base", "box": [-0.0006190091371536255, -0.4766959846019745, 0.076555997133255, 0.5644539594650269, 0.6633300185203552, 0.9172419905662537, -1.0, 6.123234262925839e-17, 0.0, 0.0, 0.0, 1.0], "children": [{"id": 9, "label": "leg", "box": [-0.24747078120708466, -0.4766954779624939, -0.21977674961090088, 0.07062682509422302, 0.07065355032682419, 0.9172442555427551, 0.9999990463256836, 8.159329445334151e-05, -0.0013892240822315216, 0.0013892317656427622, -9.466978372074664e-05, 0.9999990463256836]}, {"id": 10, "label": "leg", "box": [0.24985794723033905, -0.4766981899738312, -0.2196817547082901, 0.06360206007957458, 0.07064959406852722, 0.9172430634498596, -0.9999990463256836, -7.841381375328638e-06, 0.0013703589793294668, 0.0013703596778213978, -8.488810999551788e-05, 0.9999990463256836]}, {"id": 11, "label": "leg", "box": [0.24616050720214844, -0.4766964912414551, 0.38128501176834106, 0.05387201905250549, 0.07089300453662872, 0.9172370433807373, 0.0, 0.0, -1.0, -1.0, 1.8369701465288538e-16, 0.0]}, {"id": 12, "label": "leg", "box": [-0.2473990023136139, -0.4766964912414551, 0.38128501176834106, 0.05387201905250549, 0.07089400291442871, 0.9172370433807373, 0.0, 0.0, -1.0, -1.0, 1.8369701465288538e-16, 0.0]}, {"id": 13, "label": "bar_stretcher", "box": [0.2525765001773834, -0.4204555153846741, 0.08899150788784027, 0.042323023080825806, 0.049389004707336426, 0.5520349740982056, -6.123234262925839e-17, -1.0, -6.123234262925839e-17, -1.0, 6.123234262925839e-17, -1.2246468525851679e-16]}, {"id": 14, "label": "bar_stretcher", "box": [-0.253493994474411, -0.4204555153846741, 0.09017549455165863, 0.042323023080825806, 0.049390003085136414, 0.5520349740982056, 1.2246468525851679e-16, 1.0, 0.0, 1.0, -1.2246468525851679e-16, 0.0]}, {"id": 15, "label": "bar_stretcher", "box": [-0.001690748962573707, -0.5091080069541931, 0.3870450258255005, 0.035277992486953735, 0.035278283059597015, 0.452742338180542, 0.0, 0.0, -1.0, 0.03304082900285721, 0.9994540214538574, 0.0]}], "edges": [{"part_a": 4, "part_b": 1, "type": "ADJ", "dist": 0.008154044610341105}, {"part_a": 4, "part_b": 2, "type": "ADJ", "dist": 0.0034639109663132705}, {"part_a": 5, "part_b": 0, "type": "ADJ", "dist": 0.005170930371398708}, {"part_a": 5, "part_b": 3, "type": "ADJ", "dist": 0.00655806167076932}, {"part_a": 6, "part_b": 2, "type": "ADJ", "dist": 0.0075806943223440245}, {"part_a": 6, "part_b": 3, "type": "ADJ", "dist": 0.001986254490288341}, {"part_a": 5, "part_b": 4, "type": "REF_SYM", "params": [-0.0004718601703643799, -0.42060136795043945, 0.08971776068210602, 0.9999899864196777, -9.507727372692898e-05, -0.004458581563085318], "dist": 0.01539462435717631}, {"part_a": 5, "part_b": 4, "type": "TRANS_SYM", "params": [0.5055957436561584, -4.807114601135254e-05, -0.0022542625665664673], "dist": 0.015283869931707642}, {"part_a": 5, "part_b": 4, "type": "ROT_SYM", "params": [-0.0004716276307590306, -0.4215260446071625, 0.0891977921128273, -0.0004304662870708853, 0.0001241852733073756, -0.9999999403953552, 3.134284734725952], "dist": 0.015117601945657175}, {"part_a": 6, "part_b": 4, "type": "ROT_SYM", "params": [-0.3308200240135193, -0.6868926882743835, -0.22680802643299103, -0.6870856285095215, -0.25111842155456543, -0.6818011403083801, 2.6331772804260254], "dist": 0.040418866647633396}, {"part_a": 6, "part_b": 5, "type": "ROT_SYM", "params": [0.3132404386997223, -0.7083918452262878, -0.22148889303207397, -0.6699860095977783, 0.28859609365463257, 0.6839817762374878, 2.6543729305267334], "dist": 0.03842756855836542}, {"part_a": 1, "part_b": 0, "type": "REF_SYM", "params": [-0.0003034323453903198, -0.45470690727233887, -0.21554937958717346, -0.999988317489624, 0.004746974445879459, 0.0008601390873081982], "dist": 0.012179888923897103}, {"part_a": 1, "part_b": 0, "type": "TRANS_SYM", "params": [-0.5005402565002441, 0.002376079559326172, 0.00043053925037384033], "dist": 0.011707320247095705}, {"part_a": 1, "part_b": 0, "type": "ROT_SYM", "params": [-0.006177020259201527, -0.5367441773414612, -6.724227428436279, -0.004028028808534145, -0.9999073147773743, 0.013007373549044132, 0.07686080038547516], "dist": 0.012014479964331587}, {"part_a": 2, "part_b": 0, "type": "REF_SYM", "params": [0.0012333095073699951, -0.44379353523254395, 0.08579902350902557, -0.6412835121154785, -0.024767812341451645, -0.7669041752815247], "dist": 0.02379342023484538}, {"part_a": 2, "part_b": 0, "type": "TRANS_SYM", "params": [-0.5036137104034424, -0.01945069432258606, -0.6022663116455078], "dist": 0.019137314946855093}, {"part_a": 2, "part_b": 0, "type": "ROT_SYM", "params": [-0.002725910395383835, -0.45255887508392334, 0.0893339067697525, -0.0003593850415199995, 0.9999625086784363, -0.008656774647533894, 3.1148030757904053], "dist": 0.018178882654945515}, {"part_a": 2, "part_b": 1, "type": "REF_SYM", "params": [0.2515034079551697, -0.44498157501220703, 0.08558375388383865, -0.00509614497423172, -0.03619098290801048, -0.9993318915367126], "dist": 0.029100305618841065}, {"part_a": 2, "part_b": 1, "type": "TRANS_SYM", "params": [-0.00307348370552063, -0.02182677388191223, -0.6026968359947205], "dist": 0.01984593271542173}, {"part_a": 2, "part_b": 1, "type": "ROT_SYM", "params": [0.2605675160884857, -0.4479425251483917, 0.0896136537194252, -0.9999623894691467, -0.007074818015098572, 0.005027676932513714, 3.1205649375915527], "dist": 0.023029569299816807}, {"part_a": 3, "part_b": 0, "type": "REF_SYM", "params": [-0.2526018023490906, -0.4424050450325012, 0.08581386506557465, 0.006730298977345228, -0.03687896206974983, -0.9992970824241638], "dist": 0.028660119027058294}, {"part_a": 3, "part_b": 0, "type": "TRANS_SYM", "params": [0.004056483507156372, -0.02222767472267151, -0.602295994758606], "dist": 0.01957985728675098}, {"part_a": 3, "part_b": 0, "type": "ROT_SYM", "params": [8.814035415649414, 0.8442894220352173, 0.13139869272708893, 0.15844416618347168, -0.9872633814811707, 0.014366949908435345, 0.06578680872917175],