{"id": 0, "label": "chair", "box": [0.010656105354428291, -0.18552055954933167, 0.017842911183834076, 0.6115990281105042, 0.6988965272903442, 1.4477152824401855, 1.3729171769227833e-05, -0.0008279011817649007, -0.9999996423721313, 0.9999999403953552, 0.0003451682277955115, 1.3443410352920182e-05], "children": [{"id": 1, "label": "chair_back", "box": [0.010687347501516342, 0.33233484625816345, -0.24020414054393768, 0.025272049009799957, 0.4222566485404968, 0.5954902172088623, -0.011256194673478603, 0.19017651677131653, 0.9816854000091553, -0.00361391669139266, 0.9817334413528442, -0.19022727012634277], "children": [{"id": 2, "label": "back_surface", "box": [0.009423845447599888, 0.3828705847263336, -0.2439199686050415, 0.00805575866252184, 0.2318035513162613, 0.5631222724914551, 0.00019169857841916382, -0.18821856379508972, -0.9821271300315857, -0.0008672665571793914, 0.982126772403717, -0.18821866810321808], "children": [{"id": 3, "label": "back_single_surface", "box": [0.009423845447599888, 0.3828705847263336, -0.2439199686050415, 0.00805575866252184, 0.2318035513162613, 0.5631222724914551, 0.00019169857841916382, -0.18821856379508972, -0.9821271300315857, -0.0008672665571793914, 0.982126772403717, -0.18821866810321808]}]}, {"id": 4, "label": "back_frame", "box": [0.010968722403049469, 0.33260560035705566, -0.24033597111701965, 0.019338859245181084, 0.42037060856819153, 0.5943911075592041, 0.0001777265133569017, -0.19173339009284973, -0.9814470410346985, -0.0005710925324819982, -0.9814469218254089, 0.191733255982399], "children": [{"id": 5, "label": "back_frame_vertical_bar", "box": [0.29122814536094666, 0.32304903864860535, -0.2343762367963791, 0.016507092863321304, 0.036459967494010925, 0.3997335433959961, -0.3778723478317261, -0.1748681664466858, -0.9091939330101013, -0.9258577227592468, 0.07146278768777847, 0.3710533380508423]}, {"id": 6, "label": "back_frame_vertical_bar", "box": [-0.2673180401325226, 0.3286672532558441, -0.2348417043685913, 0.018086625263094902, 0.040798354893922806, 0.40472614765167236, 0.313344806432724, -0.1837029606103897, -0.9317017793655396, -0.9496375322341919, -0.058656737208366394, -0.30781155824661255]}, {"id": 7, "label": "back_frame_horizontal_bar", "box": [0.013430947437882423, 0.5282974243164062, -0.2819737493991852, 0.011937500908970833, 0.027783581987023354, 0.5881423950195312, -0.00021458932314999402, -0.24874962866306305, -0.9685677886009216, -0.014945665374398232, -0.9684588313102722, 0.24872495234012604]}], "edges": [{"part_a": 2, "part_b": 0, "type": "ADJ", "dist": 0.006179515667879086}, {"part_a": 2, "part_b": 1, "type": "ADJ", "dist": 0.008114120705251223}, {"part_a": 1, "part_b": 0, "type": "REF_SYM", "dist": 0.012080218030249449, "params": [0.011727795004844666, 0.34665656089782715, -0.24174389243125916, 0.9999768733978271, -0.006761589087545872, 0.0007385442149825394]}, {"part_a": 1, "part_b": 0, "type": "TRANS_SYM", "dist": 0.02260850251502196, "params": [0.5715235471725464, -0.003864496946334839, 0.00042210519313812256]}, {"part_a": 1, "part_b": 0, "type": "ROT_SYM", "dist": 0.015166180948780396, "params": [0.01182551123201847, 0.34850218892097473, -0.12228328734636307, 0.005254985764622688, -0.981896698474884, 0.18934430181980133, 2.3604490756988525]}]}], "edges": [{"part_a": 1, "part_b": 0, "type": "ADJ", "dist": 0.00731650290983669}]}, {"id": 8, "label": "chair_seat", "box": [0.010877418331801891, 0.11730469763278961, 0.0558118000626564, 0.06767307966947556, 0.5299311280250549, 0.5944459438323975, 0.0019995339680463076, 0.9999266862869263, 0.011940071359276772, 8.47652045194991e-05, -0.011940264143049717, 0.9999287128448486], "children": [{"id": 9, "label": "seat_surface", "box": [0.010920277796685696, 0.13395267724990845, 0.055988818407058716, 0.03299134597182274, 0.5293891429901123, 0.5949198007583618, 0.004835207015275955, -0.9999645352363586, -0.006892745848745108, 0.0011408444261178374, -0.006887305993586779, 0.9999756217002869], "children": [{"id": 10, "label": "seat_single_surface", "box": [0.010920277796685696, 0.13395267724990845, 0.055988818407058716, 0.03299134597182274, 0.5293891429901123, 0.5949198007583618, 0.004835207015275955, -0.9999645352363586, -0.006892745848745108, 0.0011408444261178374, -0.006887305993586779, 0.9999756217002869]}]}, {"id": 11, "label": "seat_support", "box": [0.00925600528717041, 0.11099400371313095, 0.21601051092147827, 0.011093005537986755, 0.058876000344753265, 0.5838000178337097, 0.0, 0.0, -1.0, 1.2246468525851679e-16, 1.0, 0.0]}], "edges": [{"part_a": 1, "part_b": 0, "type": "ADJ", "dist": 0.005422246959041518}]}, {"id": 12, "label": "chair_base", "box": [0.011049981229007244, -0.3853423297405243, 0.0238826684653759, 0.6005454063415527, 0.6988910436630249, 1.0482529401779175, -6.568399552448362e-20, 0.0010727010667324066, -0.9999994039535522, 0.9999999403953552, -0.00028169184224680066, -3.0217131552490173e-07], "children": [{"id": 13, "label": "regular_leg_base", "box": [0.011049981229007244, -0.3853423297405243, 0.0238826684653759, 0.6005454063415527, 0.6988910436630249, 1.0482529401779175, -6.568399552448362e-20, 0.0010727010667324066, -0.9999994039535522, 0.9999999403953552, -0.00028169184224680066, -3.0217131552490173e-07], "children": [{"id": 14, "label": "leg", "box": [0.3148387372493744, -0.38440826535224915, 0.31620970368385315, 0.017154118046164513, 0.01721167378127575, 1.046144723892212, -0.48915719985961914, -0.01051165722310543, 0.8721323013305664, 0.8717581629753113, 0.025773093104362488, 0.4892580211162567]}, {"id": 15, "label": "leg", "box": [-0.2921575605869293, -0.3827359080314636, -0.237266406416893, 0.012939141131937504, 0.013116138055920601, 1.0333200693130493, 0.9956032037734985, -0.01809987612068653, -0.09190566092729568, -0.09047365188598633, 0.06834744662046432, -0.9935507774353027]}, {"id": 16, "label": "leg", "box": [0.3140585124492645, -0.38444942235946655, -0.2373065948486328, 0.012098985724151134, 0.012984542176127434, 1.0294464826583862, 0.29133832454681396, 0.0695033147931099, -0.9540918469429016, 0.9563187956809998, 0.003868102328851819, 0.29230010509490967]}, {"id": 17, "label": "leg", "box": [-0.2921212315559387, -0.3813004195690155, 0.3179205656051636, 0.011661163531243801, 0.01284745428711176, 1.033273458480835, 0.19259868562221527, -0.005028999876230955, -0.9812647104263306, 0.9809861183166504, -0.02338649332523346, 0.19266384840011597]}, {"id": 18, "label": "bar_stretcher", "box": [0.012304991483688354, -0.570421576499939, 0.3184111714363098, 0.010248187929391861, 0.010249096900224686, 0.6152999997138977, -5.657396582182516e-17, -0.3825785219669342, 0.9239229559898376, -2.342617846397537e-17, 0.9239229559898376, 0.3825785219669342]}, {"id": 19, "label": "runner", "box": [0.34535181522369385, -0.9034795165061951, 0.023234881460666656, 0.014490282163023949, 0.039049405604600906, 0.5998333692550659, 0.21667608618736267, 0.9762435555458069, -0.00011118823749711737, -0.9761126637458801, 0.2166488915681839, 0.016350701451301575]}, {"id": 20, "label": "runner", "box": [-0.3180588185787201, -0.9016111493110657, 0.02331811748445034, 0.017027951776981354, 0.04174119606614113, 0.600544810295105, -0.33792799711227417, 0.9411719441413879, -0.0001225982268806547, -0.9411706924438477, -0.3379277288913727, -0.0016152742318809032]}], "edges": [{"part_a": 4, "part_b": 0, "type": "ADJ", "dist": 0.0030610471431552046}, {"part_a": 4, "part_b": 3, "type": "ADJ", "dist": 0.002494326656440617}, {"part_a": 5, "part_b": 0, "type": "ADJ", "dist": 0.004571275995527082}, {"part_a": 5, "part_b": 2, "type": "ADJ", "dist": 0.007050015527237155}, {"part_a": 6, "part_b": 1, "type": "ADJ", "dist": 0.0006541959519554742}, {"part_a": 6, "part_b": 3, "type": "ADJ", "dist": 0.00702620703711365}, {"part_a": 1, "part_b": 0, "type": "REF_SYM", "dist": 0.015325507867529684, "params": [0.01072511076927185, -0.38683733344078064, 0.04021987318992615, 0.7370472550392151, -0.00291153765283525, 0.6758348941802979]}, {"part_a": 1, "part_b": 0,