{"id": 0, "label": "chair", "box": [0.007960124872624874, -0.026979608461260796, -0.1617935299873352, 0.474370539188385, 0.6609354019165039, 1.641217589378357, -1.0, 5.19348668603925e-06, -2.9287722469462096e-08, 4.900179646938341e-06, 0.9453625679016113, 0.32602083683013916], "children": [{"id": 1, "label": "chair_back", "box": [0.008049271069467068, 0.28195470571517944, -0.5737491250038147, 0.04190516099333763, 0.47359150648117065, 0.7249367833137512, -0.00042855890933424234, -0.7132384181022644, -0.700921356678009, -0.9999998807907104, 0.000288809445919469, 0.00031753757502883673], "children": [{"id": 2, "label": "back_surface", "box": [0.007979427464306355, 0.29691800475120544, -0.5797426104545593, 0.03553450480103493, 0.47340646386146545, 0.6947247385978699, 0.003362898016348481, -0.7074384093284607, -0.7067670226097107, 0.9999943375587463, 0.0023699025623500347, 0.0023859618231654167], "children": [{"id": 3, "label": "back_single_surface", "box": [0.007979427464306355, 0.29691800475120544, -0.5797426104545593, 0.03553450480103493, 0.47340646386146545, 0.6947247385978699, 0.003362898016348481, -0.7074384093284607, -0.7067670226097107, 0.9999943375587463, 0.0023699025623500347, 0.0023859618231654167]}]}, {"id": 4, "label": "back_support", "box": [0.008065406233072281, 0.2817566692829132, -0.5739423632621765, 0.04195930436253548, 0.4735916554927826, 0.7249418497085571, 0.0024228268302977085, 0.7129819393157959, 0.7011781930923462, -0.999997079372406, 0.0017132831271737814, 0.0017132301582023501]}], "edges": [{"dist": 0.002962216940242952, "part_b": 0, "type": "ADJ", "part_a": 1}]}, {"id": 5, "label": "chair_seat", "box": [0.008023560047149658, -0.010769362561404705, 0.13589027523994446, 0.14750055968761444, 0.47457215189933777, 0.9458017349243164, 0.0025776897091418505, 0.9999923706054688, 0.00293168262578547, -0.9999966621398926, 0.002577692037448287, 3.005390226462623e-06], "children": [{"id": 6, "label": "seat_surface", "box": [0.0041156066581606865, 0.04770667850971222, 0.13607148826122284, 0.03426683321595192, 0.4576391279697418, 0.945794939994812, 0.004193447530269623, -0.9999911785125732, 0.0, -0.9999911785125732, -0.004193447530269623, 0.0], "children": [{"id": 7, "label": "seat_single_surface", "box": [0.0041156066581606865, 0.04770667850971222, 0.13607148826122284, 0.03426683321595192, 0.4576391279697418, 0.945794939994812, 0.004193447530269623, -0.9999911785125732, 0.0, -0.9999911785125732, -0.004193447530269623, 0.0]}]}, {"id": 8, "label": "seat_support", "box": [0.008534103631973267, -0.013081111013889313, 0.13714149594306946, 0.12973767518997192, 0.47904011607170105, 0.9411743879318237, -0.05700075253844261, -0.9983542561531067, -0.0063008833676576614, 0.9983740448951721, -0.05699668452143669, -0.0008233070257119834]}], "edges": [{"dist": 0.0022514301180489265, "part_b": 0, "type": "ADJ", "part_a": 1}]}, {"id": 9, "label": "chair_base", "box": [0.007873056456446648, -0.17728938162326813, 0.1370917409658432, 0.28824082016944885, 0.4759368896484375, 0.9424607157707214, 0.00676563149318099, 0.9999771118164062, -0.00013703087461180985, -0.9999770522117615, 0.0067655956372618675, -0.00026076281210407615]}], "edges": [{"dist": 0.009222627486206465, "part_b": 0, "type": "ADJ", "part_a": 1}, {"dist": 0.003537001187385093, "part_b": 1, "type": "ADJ", "part_a": 2}]}