{"id": 0, "label": "chair", "box": [0.005114263389259577, -0.02382023073732853, 0.10887899249792099, 0.8390307426452637, 0.9674659371376038, 1.5111525058746338, -0.9999993443489075, 6.357266829581931e-05, 0.0011499911779537797, 0.0011517469538375735, 0.055196695029735565, 0.9984748363494873], "children": [{"id": 1, "label": "chair_back", "box": [0.00441800057888031, 0.22977788746356964, -0.33960989117622375, 0.07650212198495865, 0.8309400081634521, 0.9559713006019592, 6.079527362847517e-17, -0.1192672997713089, -0.9928621649742126, 1.0, 0.0, 6.123234262925839e-17], "children": [{"id": 2, "label": "back_surface", "box": [0.00441800057888031, 0.5103641152381897, -0.3681495487689972, 0.05146704614162445, 0.39095941185951233, 0.8309400081634521, -6.103530820734826e-17, 0.08015692979097366, 0.9967822432518005, 4.908196519362516e-18, 0.9967822432518005, -0.08015692979097366], "children": [{"id": 3, "label": "back_single_surface", "box": [0.00441800057888031, 0.5103641152381897, -0.3681495487689972, 0.05146704614162445, 0.39095941185951233, 0.8309400081634521, -6.103530820734826e-17, 0.08015692979097366, 0.9967822432518005, 4.908196519362516e-18, 0.9967822432518005, -0.08015692979097366]}]}, {"id": 4, "label": "back_frame", "box": [0.0030642785131931305, 0.19670359790325165, -0.338187575340271, 0.06859198212623596, 0.8238973617553711, 0.8899944424629211, -0.0020726502407342196, -0.1325758844614029, -0.9911707043647766, -0.9999978542327881, 0.00022371656086761504, 0.0020611851941794157], "children": [{"id": 5, "label": "back_frame_vertical_bar", "box": [0.3890426456928253, 0.2496570348739624, -0.34757721424102783, 0.05185556411743164, 0.06509306281805038, 0.769245982170105, -0.9999988675117493, -0.00010177936928812414, -0.0015116456197574735, -0.0015126002253964543, 0.12399335950613022, 0.9922819137573242]}, {"id": 6, "label": "back_frame_vertical_bar", "box": [-0.3829434812068939, 0.19679005444049835, -0.33739233016967773, 0.05186440423130989, 0.06859315931797028, 0.8899941444396973, 0.9999999403953552, 1.2991392395633738e-05, -0.0004100461956113577, -0.0004047042748425156, -0.13257618248462677, -0.991172730922699]}], "edges": [{"dist": 0.036640261476681174, "type": "REF_SYM", "part_a": 1, "params": [0.003071904182434082, 0.2306189239025116, -0.3452550768852234, 0.9985556602478027, 0.052614059299230576, -0.010882272385060787], "part_b": 0}, {"dist": 0.017712492457899652, "type": "TRANS_SYM", "part_a": 1, "params": [0.7722287178039551, 0.040688857436180115, -0.008415758609771729], "part_b": 0}, {"dist": 0.01765886956411823, "type": "ROT_SYM", "part_a": 1, "params": [0.002129531465470791, 0.25803709030151367, -0.14586983621120453, -0.002155601279810071, 0.13295768201351166, 0.991119384765625, 3.1379878520965576], "part_b": 0}]}], "edges": [{"dist": 0.0050264076530369, "type": "ADJ", "part_a": 1, "part_b": 0}]}, {"id": 7, "label": "chair_arm", "box": [0.3980255126953125, 0.2447286695241928, -0.000513606471940875, 0.052360981702804565, 0.23055508732795715, 0.7370768785476685, -1.0, 0.0, -6.123234262925839e-17, -2.6845091297946896e-17, 0.8987733125686646, 0.4384136199951172], "children": [{"id": 8, "label": "arm_horizontal_bar", "box": [0.39840197563171387, 0.3382819890975952, -0.10866449773311615, 0.026733994483947754, 0.051607996225357056, 0.34074100852012634, 1.2246468525851679e-16, 1.0, 0.0, 1.0, -1.2246468525851679e-16, 0.0]}, {"id": 9, "label": "arm_holistic_frame", "box": [0.3939405083656311, 0.24369509518146515, -0.0010177744552493095, 0.04419100284576416, 0.22825512290000916, 0.7370768785476685, -1.0, 0.0, -6.123234262925839e-17, -2.6845091297946896e-17, 0.8987733125686646, 0.4384136199951172]}], "edges": [{"dist": 0.003132161583145145, "type": "ADJ", "part_a": 1, "part_b": 0}]}, {"id": 10, "label": "chair_arm", "box": [-0.38807451725006104, 0.2170426994562149, 0.012868215329945087, 0.05160900950431824, 0.22825483977794647, 0.7370772957801819, -1.0, 0.0, -6.123234262925839e-17, 2.6845054901999943e-17, -0.8987736105918884, -0.43841299414634705], "children": [{"id": 11, "label": "arm_horizontal_bar", "box": [-0.38807451725006104, 0.3097214996814728, -0.10909749567508698, 0.026735007762908936, 0.05160900950431824, 0.34074100852012634, 0.0, -1.0, 0.0, -1.0, 0.0, 0.0]}, {"id": 12, "label": "arm_holistic_frame", "box": [-0.3917835056781769, 0.2170426994562149, 0.012868215329945087, 0.04419100284576416, 0.22825483977794647, 0.7370772957801819, -1.0, 0.0, -6.123234262925839e-17, -2.6845054901999943e-17, 0.8987736105918884, 0.43841299414634705]}], "edges": [{"dist": 0.0031132456227422516, "type": "ADJ", "part_a": 1, "part_b": 0}]}, {"id": 13, "label": "chair_seat", "box": [0.003327503800392151, -0.13095423579216003, 0.11174313724040985, 0.2383297234773636, 0.8344130516052246, 0.9029077291488647, 1.1690704550080154e-21, 1.0, -1.909236925712321e-05, 1.0, 0.0, 6.123234262925839e-17], "children": [{"id": 14, "label": "seat_surface", "box": [0.003327503800392151, -0.13095423579216003, 0.11174313724040985, 0.2383297234773636, 0.8344130516052246, 0.9029077291488647, 1.1690704550080154e-21, 1.0, -1.909236925712321e-05, 1.0, 0.0, 6.123234262925839e-17], "children": [{"id": 15, "label": "seat_single_surface", "box": [0.003327503800392151, -0.13095423579216003, 0.11174313724040985, 0.2383297234773636, 0.8344130516052246, 0.9029077291488647, 1.1690704550080154e-21, 1.0, -1.909236925712321e-05, 1.0, 0.0, 6.123234262925839e-17]}]}, {"id": 16, "label": "seat_support", "box": [0.003327503800392151, -0.23067301511764526, 0.11979001760482788, 0.038876011967659, 0.8309400081634521, 0.8344130516052246, 7.498798786105971e-33, 1.0, -1.2246468525851679e-16, 6.123234262925839e-17, -1.2246468525851679e-16, -1.0]}], "edges": [{"dist": 0.009860331534831105, "type": "ADJ", "part_a": 1, "part_b": 0}]}, {"id": 17, "label": "chair_base", "box": [0.003413477446883917, -0.3924559950828552, 0.14739109575748444, 0.7281476259231567, 0.8252646923065186, 0.9650846719741821, -0.002289967378601432, 0.999967634677887, -0.007713504135608673, 0.9999967813491821, 0.0022816676646471024, -0.0010846273507922888], "children": [{"id": 18, "label": "regular_leg_base", "box": [0.003413477446883917, -0.3924559950828552, 0.14739109575748444, 0.7281476259231567, 0.8252646923065186, 0.9650846719741821, -0.002289967378601432, 0.999967634677887, -0.007713504135608673, 0.9999967813491821, 0.0022816676646471024, -0.0010846273507922888], "children": [{"id": 19, "label": "leg", "box": [-0.38299575448036194, -0.4786456227302551, -0.27515241503715515, 0.05197080597281456, 0.08252445608377457, 0.5495452880859375, 0.9999999403953552, 0.0001734074467094615, -0.0002108862972818315, -0.00022092490689828992, 0.06008768454194069, -0.998193085193634]}, {"id": 20, "label": "leg", "box": [0.3890898823738098, -0.4256264865398407, -0.27945995330810547, 0.05196600779891014, 0.09425479918718338, 0.6671926975250244, -0.9999992251396179, 0.00018407551397103816, -0.001242314581759274, -0.001245699473656714, -0.01969778724014759, 0.999805212020874]}, {"id": 21, "label": "leg", "box": [0.36723655462265015, -0.3890078067779541, 0.5425325632095337, 0.050514139235019684, 0.09819979965686798, 0.7325686812400818, -0.9999290704727173, -0.001388705219142139, -0.011827903799712658, -0.011909144930541515, 0.11580181121826172, 0.993200957775116]}, {"id": 22, "label": "leg", "box": [-0.3714301884174347, -0.3907002806663513, 0.542347252368927, 0.050525590777397156, 0.09819933772087097, 0.7325695753097534, -0.9999301433563232, -0.0013580509694293141, -0.011741640977561474, -0.011819912120699883, 0.11580327153205872, 0.9932018518447876]}], "edges": [{"dist": 0.049971493818438316, "type": "REF_SYM", "part_a": 1, "params": [0.00313664972782135, -0.4622623026371002, -0.272095263004303, -0.9976806044578552, -0.06798327714204788, 0.0034211452584713697], "part_b": 0}, {"dist": 0.031577508029396524, "type": "TRANS_SYM", "part_a": 1, "params": [-0.7723698616027832, -0.05263030529022217, 0.0026485323905944824], "part_b": 0}, {"dist": 0.03697290141804976,