{"id": 0, "label": "chair", "box": [0.004291504621505737, 0.0030641464982181787, 0.12914857268333435, 0.7469969987869263, 0.8808510303497314, 1.5773760080337524, -1.0, 6.123234262925839e-17, 1.9256344636783475e-34, 1.0725495757988934e-18, 0.017516063526272774, 0.9998465776443481], "children": [{"id": 1, "label": "chair_back", "box": [-0.010749945417046547, 0.28543621301651, -0.21658110618591309, 0.11555934697389603, 0.6998274326324463, 1.0207715034484863, 0.00231335056014359, -0.10274855047464371, -0.9947046637535095, -0.9995552897453308, -0.029811223968863487, 0.000754734908696264], "children": [{"id": 2, "label": "back_surface", "box": [0.004570612218230963, 0.31903785467147827, -0.23429666459560394, 0.08702605217695236, 0.5958293080329895, 0.8915741443634033, -0.0031512973364442587, -0.16262224316596985, -0.9866833686828613, -0.9999948740005493, -3.751195663426188e-06, 0.0031944303773343563], "children": [{"id": 3, "label": "back_single_surface", "box": [0.004570612218230963, 0.31903785467147827, -0.23429666459560394, 0.08702605217695236, 0.5958293080329895, 0.8915741443634033, -0.0031512973364442587, -0.16262224316596985, -0.9866833686828613, -0.9999948740005493, -3.751195663426188e-06, 0.0031944303773343563]}]}, {"id": 4, "label": "back_frame", "box": [-0.01794493943452835, 0.283939391374588, -0.22234587371349335, 0.10402881354093552, 0.7059381604194641, 1.0315474271774292, -0.002803067909553647, 0.10282319784164429, 0.9946957230567932, -0.9987145066261292, -0.050630830228328705, 0.0024193923454731703], "children": [{"id": 5, "label": "back_frame_vertical_bar", "box": [0.3027186989784241, 0.2686569392681122, -0.22046737372875214, 0.06158960610628128, 0.10281207412481308, 0.9688878655433655, 0.999052882194519, 0.04344611614942551, -0.00239656213670969, -0.002025360707193613, 0.1014506071805954, 0.994838535785675]}, {"id": 6, "label": "back_frame_vertical_bar", "box": [-0.29433733224868774, 0.25907865166664124, -0.2194274663925171, 0.06147560104727745, 0.10367877781391144, 0.984096109867096, 0.99906325340271, -0.043273329734802246, 0.00024898527772165835, 0.0040850164368748665, 0.10003677010536194, 0.9949753284454346]}, {"id": 7, "label": "back_frame_horizontal_bar", "box": [0.004173502326011658, 0.7621510624885559, -0.2994377017021179, 0.03911176696419716, 0.04598189890384674, 0.6137850284576416, -6.06365078904242e-17, 0.9902693033218384, -0.1391642987728119, 6.153867104785604e-08, 0.1391642987728119, 0.9902693033218384]}], "edges": [{"dist": 0.0017872524828037898, "part_a": 2, "part_b": 0, "type": "ADJ"}, {"dist": 0.004389654456104278, "part_a": 2, "part_b": 1, "type": "ADJ"}, {"dist": 0.018065972928755388, "part_a": 1, "part_b": 0, "type": "REF_SYM", "params": [0.004210427403450012, 0.2446005642414093, -0.2246803343296051, 0.9998208284378052, 0.018784431740641594, -0.002341887913644314]}, {"dist": 0.029010966036213833, "part_a": 1, "part_b": 0, "type": "TRANS_SYM", "params": [0.5980103015899658, 0.011235296726226807, -0.0014007240533828735]}, {"dist": 0.013303633547480449, "part_a": 1, "part_b": 0, "type": "ROT_SYM", "params": [-0.04190356284379959, 1.8434100151062012, -3.570619583129883, -0.014621622860431671, 0.9070415496826172, 0.4207870364189148, 0.16094093024730682]}]}], "edges": [{"dist": 0.008593853264531423, "part_a": 1, "part_b": 0, "type": "ADJ"}]}, {"id": 8, "label": "chair_seat", "box": [0.005238011479377747, -0.16407817602157593, 0.17184770107269287, 0.17986534535884857, 0.7326719760894775, 0.8002404570579529, -1.75486180837487e-18, -0.9995892643928528, 0.028659069910645485, 1.0, 0.0, 6.123234262925839e-17], "children": [{"id": 9, "label": "seat_surface", "box": [0.007446005940437317, -0.16026726365089417, 0.17054137587547302, 0.16955547034740448, 0.7282559871673584, 0.7881235480308533, -2.030211002344531e-18, -0.9994502067565918, 0.033155862241983414, 1.0, 0.0, 6.123234262925839e-17], "children": [{"id": 10, "label": "seat_single_surface", "box": [0.007446005940437317, -0.16026726365089417, 0.17054137587547302, 0.16955547034740448, 0.7282559871673584, 0.7881235480308533, -2.030211002344531e-18, -0.9994502067565918, 0.033155862241983414, 1.0, 0.0, 6.123234262925839e-17]}]}, {"id": 11, "label": "seat_frame", "box": [0.005209394730627537, -0.23272262513637543, 0.1738128364086151, 0.04234016686677933, 0.732597827911377, 0.8002409934997559, -0.0002706250816117972, 0.9995885491371155, -0.02868165262043476, 0.9999999403953552, 0.00027078556013293564, 1.7107204257627018e-06], "children": [{"id": 12, "label": "seat_frame_bar", "box": [0.33227160573005676, -0.23326407372951508, 0.19148844480514526, 0.03858426958322525, 0.03911198675632477, 0.7639118432998657, -0.018652381375432014, 0.9994365572929382, -0.02790398709475994, 0.9984973073005676, 0.017181966453790665, -0.05203791707754135]}, {"id": 13, "label": "seat_frame_bar", "box": [-0.32144835591316223, -0.2335817664861679, 0.1915096789598465, 0.03858597204089165, 0.03911304846405983, 0.763911783695221, 0.017220722511410713, -0.9994359016418457, 0.02883303537964821, 0.9985083341598511, 0.018684785813093185, 0.05130261182785034]}, {"id": 14, "label": "seat_frame_bar", "box": [0.002586095128208399, -0.24331247806549072, -0.18961898982524872, 0.03891443833708763, 0.06813675910234451, 0.6042609810829163, -2.580053660494741e-06, -0.9993934035301208, -0.03482478857040405, -0.004301995504647493, 0.03482447937130928, -0.9993841648101807]}, {"id": 15, "label": "seat_frame_bar", "box": [0.005206495523452759, -0.22322218120098114, 0.5510854721069336, 0.03854195028543472, 0.04550633206963539, 0.6545029878616333, -8.261225658315111e-18, 0.1349160522222519, -0.9908570051193237, 1.0013976873998021e-16, 0.9908570051193237, 0.1349160522222519]}], "edges": [{"dist": 0.005948875847250237, "part_a": 2, "part_b": 0, "type": "ADJ"}, {"dist": 0.004949639743266729, "part_a": 2, "part_b": 1, "type": "ADJ"}, {"dist": 0.0037090589512350563, "part_a": 3, "part_b": 0, "type": "ADJ"}, {"dist": 0.0009265900445823613, "part_a": 3, "part_b": 1, "type": "ADJ"}, {"dist": 0.011760529786820151, "part_a": 1, "part_b": 0, "type": "REF_SYM", "params": [0.00546032190322876, -0.23357290029525757, 0.19158321619033813, 0.9999973773956299, 0.0006107693770900369, -0.002202374627813697]}, {"dist": 0.03197182216648734, "part_a": 1, "part_b": 0, "type": "TRANS_SYM", "params": [0.6539207696914673, 0.00039939582347869873, -0.0014401823282241821]}, {"dist": 0.014856148215203636, "part_a": 1, "part_b": 0, "type": "ROT_SYM", "params": [0.005542906932532787, -0.4254385530948639, 0.1309375911951065, -0.0010186540894210339, 0.0008748489199206233, -0.9999991059303284, 2.080014705657959]}, {"dist": 0.046903172485776426, "part_a": 2, "part_b": 1, "type": "ROT_SYM", "params": [-0.2535278797149658, 0.07910962402820587, -0.07435169816017151, -0.2627945840358734, -0.9358711838722229, -0.234700009226799, 1.6800860166549683]}, {"dist": 0.025083373812924983, "part_a": 3, "part_b": 0, "type": "REF_SYM", "params": [0.16926109790802002, -0.22826948761940002, 0.3710611164569855, 0.6710444092750549, -0.02099066786468029, -0.7411199808120728]}, {"dist": 0.025938384568272233, "part_a": 3, "part_b": 0, "type": "ROT_SYM", "params": [0.011647533625364304, 0.2569781243801117, 0.20225313305854797, 0.508137583732605, -0.7026692628860474, 0.49804824590682983, 1.848919153213501]}, {"dist": 0.02334169700408841, "part_a": 3, "part_b": 1, "type": "REF_SYM", "params": [-0.15769928693771362, -0.22846917808055878, 0.37178120017051697, -0.6739509105682373, -0.021820714697241783, -0.73845374584198]}, {"dist": 0.025997379951927926, "part_a": 3, "part_b": 1, "type": "ROT_SYM", "params": [-0.255235493183136, -0.1173938661813736, 0.4787321090698242, 0.5254161357879639, 0.6570925712585449, -0.540524959564209, 1.8732764720916748]}, {"dist": 0.026175620198040588, "part_a": 3, "part_b": 2, "type": "REF_SYM", "params": [0.004067028872668743, -0.23316222429275513, 0.18053635954856873, -0.0054857246577739716, -0.026954621076583862, -0.999621570110321]}, {"dist": 0.026218943230737764,