{"id": 0, "label": "chair", "box": [0.002284552436321974, 0.11925157904624939, 0.14928694069385529, 0.7159031629562378, 0.9453290104866028, 1.568385124206543, -1.0, 8.108835572784301e-06, -3.142273999401368e-05, -3.142892455798574e-05, -0.0007640346302650869, 0.9999997019767761], "children": [{"id": 1, "label": "chair_back", "box": [0.0023298177402466536, 0.427694708108902, -0.18279044330120087, 0.10854069143533707, 0.7159805297851562, 0.9694084525108337, 0.0021447166800498962, -0.12646602094173431, -0.9919686317443848, 0.9999976754188538, 0.0001716733240755275, 0.0021401895210146904], "children": [{"id": 2, "label": "back_surface", "box": [0.0023298177402466536, 0.427694708108902, -0.18279044330120087, 0.10854069143533707, 0.7159805297851562, 0.9694084525108337, 0.0021447166800498962, -0.12646602094173431, -0.9919686317443848, 0.9999976754188538, 0.0001716733240755275, 0.0021401895210146904], "children": [{"id": 3, "label": "back_single_surface", "box": [0.0023298177402466536, 0.427694708108902, -0.18279044330120087, 0.10854069143533707, 0.7159805297851562, 0.9694084525108337, 0.0021447166800498962, -0.12646602094173431, -0.9919686317443848, 0.9999976754188538, 0.0001716733240755275, 0.0021401895210146904]}]}]}, {"id": 4, "label": "chair_seat", "box": [0.0022924989461898804, -0.10361449420452118, 0.25225698947906494, 0.08093100041151047, 0.7114529609680176, 0.7381680011749268, 1.2246468525851679e-16, 1.0, 0.0, 1.0, -1.2246468525851679e-16, 0.0], "children": [{"id": 5, "label": "seat_surface", "box": [0.0022924989461898804, -0.09772299230098724, 0.25225698947906494, 0.0691479966044426, 0.7114529609680176, 0.7381680011749268, 1.2246468525851679e-16, 1.0, 0.0, 1.0, -1.2246468525851679e-16, 0.0], "children": [{"id": 6, "label": "seat_single_surface", "box": [0.0022924989461898804, -0.09772299230098724, 0.25225698947906494, 0.0691479966044426, 0.7114529609680176, 0.7381680011749268, 1.2246468525851679e-16, 1.0, 0.0, 1.0, -1.2246468525851679e-16, 0.0]}]}, {"id": 7, "label": "seat_support", "box": [0.334819495677948, -0.13818849623203278, 0.25225698947906494, 0.011783003807067871, 0.04639899730682373, 0.7381680011749268, 1.2246468525851679e-16, 1.0, 0.0, 1.0, -1.2246468525851679e-16, 0.0]}, {"id": 8, "label": "seat_support", "box": [-0.33023449778556824, -0.13818849623203278, 0.25225698947906494, 0.011783003807067871, 0.04639899730682373, 0.7381680011749268, 1.2246468525851679e-16, 1.0, 0.0, 1.0, -1.2246468525851679e-16, 0.0]}], "edges": [{"dist": 0.0017170351965721418, "type": "ADJ", "part_b": 0, "part_a": 1}, {"dist": 0.0014531803723592223, "type": "ADJ", "part_b": 0, "part_a": 2}, {"dist": 0.01026884476363758, "type": "REF_SYM", "params": [0.002306714653968811, -0.1381462961435318, 0.2500761151313782, 0.9999942779541016, 0.00012895013787783682, 0.003378130728378892], "part_b": 1, "part_a": 2}, {"dist": 0.009973389554835562, "type": "TRANS_SYM", "params": [0.6651453971862793, 8.577108383178711e-05, 0.002246960997581482], "part_b": 1, "part_a": 2}, {"dist": 0.010021104521175266, "type": "ROT_SYM", "params": [0.015641042962670326, -75.33393096923828, -13.068498611450195, 0.0033971040975302458, 0.18705624341964722, -0.982343316078186, 0.008707329630851746], "part_b": 1, "part_a": 2}]}, {"id": 9, "label": "chair_base", "box": [0.002293005585670471, -0.35040900111198425, 0.14872249960899353, 0.6297499537467957, 0.7159019708633423, 0.9452369809150696, 0.0, -1.0, 0.0, -1.0, 0.0, 0.0]}], "edges": [{"dist": 0.006947196223405675, "type": "ADJ", "part_b": 0, "part_a": 2}, {"dist": 0.005292005675378668, "type": "ADJ", "part_b": 1, "part_a": 2}]}