{"id": 0, "label": "chair", "box": [-0.017458118498325348, -0.07426726073026657, 0.06408882141113281, 0.9157667756080627, 0.9870859980583191, 1.4432622194290161, -3.4208430861326633e-06, 0.016127754002809525, -0.9998699426651001, -1.0, 1.1732013263099361e-05, 3.610523663155618e-06], "children": [{"id": 1, "label": "chair_back", "box": [-0.017840459942817688, 0.22779348492622375, -0.005444100126624107, 0.8177422881126404, 0.90994793176651, 0.9546309113502502, -0.0006046925554983318, 0.08258968591690063, 0.9965834617614746, 0.00045395761844702065, 0.9965835809707642, -0.08258941769599915], "children": [{"id": 2, "label": "back_surface", "box": [-0.01721586287021637, 0.23035666346549988, 0.026571199297904968, 0.7121652364730835, 0.9402540326118469, 0.9545868039131165, 0.0014977898681536317, 0.12572723627090454, 0.9920637011528015, -0.0005642705364152789, -0.9920645952224731, 0.12572818994522095], "children": [{"id": 3, "label": "back_single_surface", "box": [-0.01721586287021637, 0.23035666346549988, 0.026571199297904968, 0.7121652364730835, 0.9402540326118469, 0.9545868039131165, 0.0014977898681536317, 0.12572723627090454, 0.9920637011528015, -0.0005642705364152789, -0.9920645952224731, 0.12572818994522095]}]}, {"id": 4, "label": "back_frame", "box": [-0.42929136753082275, 0.09158527106046677, -0.30128946900367737, 0.12343917787075043, 0.13608260452747345, 0.7028980255126953, 0.9996932744979858, 0.023744456470012665, -0.007039234507828951, 0.0075767505913972855, -0.022624051198363304, 0.9997153282165527], "children": [{"id": 5, "label": "back_frame_vertical_bar", "box": [-0.42929136753082275, 0.09158527106046677, -0.30128946900367737, 0.12343917787075043, 0.13608260452747345, 0.7028980255126953, 0.9996932744979858, 0.023744456470012665, -0.007039234507828951, 0.0075767505913972855, -0.022624051198363304, 0.9997153282165527]}]}, {"id": 6, "label": "back_frame", "box": [0.395067036151886, 0.099126897752285, -0.2986222505569458, 0.11677961051464081, 0.14451582729816437, 0.6870065927505493, -0.9986743927001953, 0.01228326465934515, -0.049986109137535095, -0.05023062229156494, -0.020476480945944786, 0.9985277056694031], "children": [{"id": 7, "label": "back_frame_vertical_bar", "box": [0.395067036151886, 0.099126897752285, -0.2986222505569458, 0.11677961051464081, 0.14451582729816437, 0.6870065927505493, -0.9986743927001953, 0.01228326465934515, -0.049986109137535095, -0.05023062229156494, -0.020476480945944786, 0.9985277056694031]}]}], "edges": [{"dist": 0.011788866579599879, "type": "ADJ", "part_b": 0, "part_a": 1}, {"dist": 0.008478568686440263, "type": "ADJ", "part_b": 0, "part_a": 2}, {"params": [-0.01885014772415161, 0.03661034256219864, -0.32836711406707764, -0.9999359250068665, 0.010826677083969116, 0.003318986389786005], "dist": 0.018159657051710406, "type": "REF_SYM", "part_b": 1, "part_a": 2}, {"params": [-0.824762761592865, 0.008930012583732605, 0.0027375519275665283], "dist": 0.03537248931946183, "type": "TRANS_SYM", "part_b": 1, "part_a": 2}, {"params": [-0.018308725208044052, 0.08926563709974289, -0.10736339539289474, -0.013393224216997623, 0.9995099902153015, 0.028292441740632057, 2.163404941558838], "dist": 0.03562137758630905, "type": "ROT_SYM", "part_b": 1, "part_a": 2}]}, {"id": 8, "label": "chair_arm", "box": [0.41330432891845703, 0.04815531149506569, -0.05512957647442818, 0.11264006793498993, 0.43252333998680115, 0.644593358039856, -0.9989705085754395, 0.04522265866398811, -0.0035874515306204557, 0.044711798429489136, 0.9948775768280029, 0.09066128730773926], "children": [{"id": 9, "label": "arm_horizontal_bar", "box": [0.4210740327835083, 0.19530749320983887, -0.040713753551244736, 0.09262961894273758, 0.11496546119451523, 0.6505193114280701, -0.42829689383506775, 0.9032761454582214, -0.025573326274752617, -0.9035975337028503, -0.4278380274772644, 0.02158968150615692]}, {"id": 10, "label": "arm_near_vertical_bar", "box": [0.4064948260784149, 0.0019040764309465885, 0.20380131900310516, 0.09053157269954681, 0.0964353084564209, 0.39065825939178467, 0.9995409250259399, -0.028832679614424706, 0.009306344203650951, -0.008591026067733765, 0.024834604933857918, 0.9996546506881714]}], "edges": [{"dist": 0.009078627261736912, "type": "ADJ", "part_b": 0, "part_a": 1}]}, {"id": 11, "label": "chair_arm", "box": [-0.45089244842529297, 0.04488721117377281, -0.05241945758461952, 0.11222120374441147, 0.42819666862487793, 0.6468918919563293, 0.9996440410614014, 0.026614191010594368, -0.0018761517712846398, 0.026422154158353806, -0.9972807765007019, -0.06879616528749466], "children": [{"id": 12, "label": "arm_horizontal_bar", "box": [-0.4558536410331726, 0.2033226490020752, -0.041892360895872116, 0.07219383120536804, 0.1134299710392952, 0.6520459055900574, -0.14505408704280853, 0.9884435534477234, -0.044030286371707916, -0.989416241645813, -0.14473651349544525, 0.010333904065191746]}, {"id": 13, "label": "arm_near_vertical_bar", "box": [-0.4371258318424225, 0.003180022118613124, 0.2095244824886322, 0.08915256708860397, 0.09952712804079056, 0.38725826144218445, 0.9987207651138306, 0.05052568390965462, -0.001982409041374922, -0.0035920478403568268, 0.1099998727440834, 0.9939250946044922]}], "edges": [{"dist": 0.015068948489700452, "type": "ADJ", "part_b": 0, "part_a": 1}]}, {"id": 14, "label": "chair_seat", "box": [-0.01742573454976082, -0.12143432348966599, 0.10892677307128906, 0.2047826200723648, 0.8332436084747314, 0.933009922504425, -0.00042203100747428834, -0.9994379878044128, 0.03351965919137001, -0.00023064090055413544, 0.03351975604891777, 0.9994380474090576], "children": [{"id": 15, "label": "seat_surface", "box": [-0.016042176634073257, -0.053308527916669846, 0.1331760585308075, 0.0962156429886818, 0.7829846143722534, 0.9327823519706726, 0.0343647263944149, -0.9987111687660217, 0.037350382655858994, -0.0033085315953940153, 0.0372585654258728, 0.9993001818656921], "children": [{"id": 16, "label": "seat_single_surface", "box": [-0.016042176634073257, -0.053308527916669846, 0.1331760585308075, 0.0962156429886818, 0.7829846143722534, 0.9327823519706726, 0.0343647263944149, -0.9987111687660217, 0.037350382655858994, -0.0033085315953940153, 0.0372585654258728, 0.9993001818656921]}]}, {"id": 17, "label": "seat_frame", "box": [-0.01749238185584545, -0.15342649817466736, -0.2356087565422058, 0.13135842978954315, 0.1640995293855667, 0.7565897703170776, -0.0005059671238996089, 0.0928138792514801, -0.9956833720207214, 3.968400415033102e-05, 0.995683491230011, 0.0928138718008995], "children": [{"id": 18, "label": "seat_frame_bar", "box": [-0.01749238185584545, -0.15342649817466736, -0.2356087565422058, 0.13135842978954315, 0.1640995293855667, 0.7565897703170776, -0.0005059671238996089, 0.0928138792514801, -0.9956833720207214, 3.968400415033102e-05, 0.995683491230011, 0.0928138718008995]}]}, {"id": 19, "label": "seat_frame", "box": [-0.018374118953943253, -0.11917074769735336, 0.4119061827659607, 0.11494828015565872, 0.1677107959985733, 0.9190598130226135, -0.00016086142568383366, 0.000657014490570873, -0.9999997615814209, 0.014773220755159855, 0.9998906850814819, 0.0006545663927681744], "children": [{"id": 20, "label": "seat_frame_bar", "box": [-0.018374118953943253, -0.11917074769735336, 0.4119061827659607, 0.11494828015565872, 0.1677107959985733, 0.9190598130226135, -0.00016086142568383366, 0.000657014490570873, -0.9999997615814209, 0.014773220755159855, 0.9998906850814819, 0.0006545663927681744]}]}, {"id": 21, "label": "seat_frame", "box": [0.3614298403263092, -0.1344839632511139, 0.07977127283811569, 0.07949313521385193, 0.17435677349567413, 0.713062047958374, 0.9947289824485779, 0.1019277349114418, -0.011179194785654545, 0.10230738669633865, -0.9938894510269165, 0.04143606498837471], "children": [{"id": 22, "label": "seat_frame_bar",