{"id": 0, "label": "chair", "box": [-0.010690104216337204, 0.02331114374101162, 0.1081661507487297, 0.7681547999382019, 1.4156181812286377, 1.5642856359481812, -0.00016663179849274457, -0.1819368153810501, -0.9833102226257324, 0.00014641332381870598, 0.9833102226257324, -0.1819368451833725], "children": [{"id": 1, "label": "chair_back", "box": [-0.010664533823728561, 0.2851767838001251, -0.25592559576034546, 0.1158960834145546, 0.7709329724311829, 1.5645027160644531, 7.989866571733728e-05, -0.22649119794368744, -0.9740132093429565, -0.0003436905681155622, 0.9740131497383118, -0.22649121284484863], "children": [{"id": 2, "label": "back_surface", "box": [-0.010664533823728561, 0.2851767838001251, -0.25592559576034546, 0.1158960834145546, 0.7709329724311829, 1.5645027160644531, 7.989866571733728e-05, -0.22649119794368744, -0.9740132093429565, -0.0003436905681155622, 0.9740131497383118, -0.22649121284484863], "children": [{"id": 3, "label": "back_single_surface", "box": [-0.010664533823728561, 0.2851767838001251, -0.25592559576034546, 0.1158960834145546, 0.7709329724311829, 1.5645027160644531, 7.989866571733728e-05, -0.22649119794368744, -0.9740132093429565, -0.0003436905681155622, 0.9740131497383118, -0.22649121284484863]}]}]}, {"id": 4, "label": "chair_seat", "box": [-0.010652512311935425, -0.05507749691605568, 0.14105451107025146, 0.09876099973917007, 0.7440450191497803, 1.5642790794372559, -1.2246468525851679e-16, -1.0, 0.0, 0.0, 0.0, 1.0], "children": [{"id": 5, "label": "seat_surface", "box": [-0.010652512311935425, -0.05507749691605568, 0.14105451107025146, 0.09876099973917007, 0.7440450191497803, 1.5642790794372559, -1.2246468525851679e-16, -1.0, 0.0, 0.0, 0.0, 1.0], "children": [{"id": 6, "label": "seat_single_surface", "box": [-0.010652512311935425, -0.05507749691605568, 0.14105451107025146, 0.09876099973917007, 0.7440450191497803, 1.5642790794372559, -1.2246468525851679e-16, -1.0, 0.0, 0.0, 0.0, 1.0]}]}]}, {"id": 7, "label": "chair_base", "box": [-0.010652005672454834, -0.3739685118198395, 0.14832450449466705, 0.5449250340461731, 0.6494029760360718, 1.3666880130767822, -1.2246468525851679e-16, -1.0, 0.0, 0.0, 0.0, 1.0], "children": [{"id": 8, "label": "regular_leg_base", "box": [-0.010652005672454834, -0.3739685118198395, 0.14832450449466705, 0.5449250340461731, 0.6494029760360718, 1.3666880130767822, -1.2246468525851679e-16, -1.0, 0.0, 0.0, 0.0, 1.0], "children": [{"id": 9, "label": "leg", "box": [-0.6430118680000305, -0.37247055768966675, 0.14858198165893555, 0.10264076292514801, 0.5419591069221497, 0.6392921805381775, -0.9999993443489075, 1.753789823660032e-17, 0.0011332602007314563, 7.606374197166588e-08, 1.0, 6.711935566272587e-05]}, {"id": 10, "label": "leg", "box": [-0.6427047252655029, -0.3602864742279053, -0.12168728560209274, 0.10276534408330917, 0.14367781579494476, 0.5245386362075806, 0.9999999403953552, -0.00040327347232960165, -6.123234262925839e-17, 3.9478611142840236e-05, 0.09789537638425827, 0.9951967000961304]}, {"id": 11, "label": "leg", "box": [0.6214041709899902, -0.3704414367675781, 0.41557902097702026, 0.10258283466100693, 0.12956088781356812, 0.5412486791610718, -1.0, -1.3966489120775805e-07, 0.00013066912651993334, 0.00013054303417447954, -0.04500185325741768, 0.9989868998527527]}, {"id": 12, "label": "leg", "box": [0.6214064359664917, -0.3709365427494049, -0.11998269706964493, 0.1025957465171814, 0.11586734652519226, 0.5397040843963623, -0.9999999403953552, 1.1654497029667255e-05, 0.00033808936132118106, 0.0003381897113285959, 0.010086880065500736, 0.9999490976333618]}, {"id": 13, "label": "runner", "box": [0.6214024424552917, -0.5917189717292786, 0.16477151215076447, 0.10258465260267258, 0.11017617583274841, 0.6021357774734497, 1.0, -0.00016806236817501485, 3.1009712984086946e-06, -0.00016806847997941077, -0.9999977946281433, 0.0020914364140480757]}, {"id": 14, "label": "runner", "box": [-0.6427080035209656, -0.591943621635437, 0.15472224354743958, 0.10257601737976074, 0.10920201987028122, 0.5789923071861267, -1.0, 0.0, -6.123234262925839e-17, 3.458970114959565e-20, -0.9999998211860657, -0.000564892659895122]}], "edges": [{"part_b": 0, "dist": 0.011172454247002287, "part_a": 1, "type": "ADJ"}, {"part_b": 2, "dist": 0.013456087937568525, "part_a": 4, "type": "ADJ"}, {"part_b": 3, "dist": 0.01436163851305949, "part_a": 4, "type": "ADJ"}, {"part_b": 0, "dist": 0.007996424935487814, "part_a": 5, "type": "ADJ"}, {"part_b": 1, "dist": 0.0014645280466320883, "part_a": 5, "type": "ADJ"}, {"params": [-0.010916262865066528, -0.5992331504821777, 0.15691310167312622, 0.9999964833259583, 0.002154991263523698, -0.001518953824415803], "part_b": 4, "dist": 0.02356055969930351, "part_a": 5, "type": "REF_SYM"}, {"params": [1.2638957500457764, 0.00272369384765625, -0.0019198060035705566], "part_b": 4, "dist": 0.02341643100121484, "part_a": 5, "type": "TRANS_SYM"}, {"params": [-0.0028255570214241743, -4.336877822875977, 0.155075341463089, 8.223171607824042e-05, 0.0028262825217097998, -0.9999960660934448, 0.3349858224391937], "part_b": 4, "dist": 0.030242576410599107, "part_a": 5, "type": "ROT_SYM"}, {"params": [-0.010793894529342651, -0.34958845376968384, 0.1472567915916443, -0.9180194735527039, 0.00825717207044363, -0.3964492678642273], "part_b": 1, "dist": 0.04004542048621957, "part_a": 2, "type": "REF_SYM"}, {"params": [-1.263953447341919, 0.01136869192123413, -0.5458418130874634], "part_b": 1, "dist": 0.0275458856543524, "part_a": 2, "type": "TRANS_SYM"}, {"params": [-0.12881602346897125, -0.34861692786216736, 0.4204045236110687, -0.00632006349042058, 0.9996471405029297, -0.025801271200180054, 2.325528860092163], "part_b": 1, "dist": 0.04102873385236596, "part_a": 2, "type": "ROT_SYM"}, {"params": [-0.010668933391571045, -0.34952983260154724, -0.1264456957578659, -0.9999596476554871, 0.008899671956896782, 0.0012364295544102788], "part_b": 1, "dist": 0.02491035421933683, "part_a": 3, "type": "REF_SYM"}, {"params": [-1.264203429222107, 0.011251449584960938, 0.0015631616115570068], "part_b": 1, "dist": 0.024350236384161967, "part_a": 3, "type": "TRANS_SYM"}, {"params": [-0.010872810147702694, -0.3505156934261322, -0.3354436755180359, -0.0006412466755136847, -0.9998752474784851, -0.015780681744217873, 2.503065824508667], "part_b": 1, "dist": 0.039096353797543185, "part_a": 3, "type": "ROT_SYM"}, {"params": [0.6213078498840332, -0.3552141785621643, 0.14647521078586578, -0.00045655816211365163, -0.0002141783625120297, 0.9999997615814209], "part_b": 2, "dist": 0.023972006071969223, "part_a": 3, "type": "REF_SYM"}, {"params": [-0.0002499222755432129, -0.00011724233627319336, 0.5474050045013428], "part_b": 2, "dist": 0.02788284177680248, "part_a": 3, "type": "TRANS_SYM"}, {"params": [0.3777209520339966, -0.3459030091762543, 0.14634189009666443, -0.009324111044406891, -0.999955415725708, 0.0014938191743567586, 1.6867890357971191], "part_b": 2, "dist": 0.02943643437700322, "part_a": 3, "type": "ROT_SYM"}]}]}], "edges": [{"part_b": 0, "dist": 0.011976434935902345, "part_a": 1, "type": "ADJ"}, {"part_b": 1, "dist": 0.00415475507054373, "part_a": 2, "type": "ADJ"}]}