{"id": 0, "label": "chair", "box": [-0.01669292151927948, 0.006902534049004316, 0.1260894238948822, 0.9880847334861755, 1.0238134860992432, 1.69307279586792, 0.9990336298942566, -0.04380979761481285, 0.0035350858233869076, 4.924932451105995e-18, 0.08043024688959122, 0.9967602491378784], "children": [{"id": 1, "label": "chair_back", "box": [-0.004808992147445679, 0.3756929636001587, -0.2877827286720276, 0.16290058195590973, 0.8232240080833435, 0.8645724654197693, -1.2443378870669927e-17, -0.2032157927751541, -0.9791339635848999, -1.0, -3.626974896935968e-17, 2.0236214334307498e-17], "children": [{"id": 2, "label": "back_surface", "box": [-0.004808992147445679, 0.3756929636001587, -0.2877827286720276, 0.16290058195590973, 0.8232240080833435, 0.8645724654197693, -1.2443378870669927e-17, -0.2032157927751541, -0.9791339635848999, -1.0, -3.626974896935968e-17, 2.0236214334307498e-17], "children": [{"id": 3, "label": "back_single_surface", "box": [-0.004808992147445679, 0.3756929636001587, -0.2877827286720276, 0.16290058195590973, 0.8232240080833435, 0.8645724654197693, -1.2443378870669927e-17, -0.2032157927751541, -0.9791339635848999, -1.0, -3.626974896935968e-17, 2.0236214334307498e-17]}]}]}, {"id": 4, "label": "chair_arm", "box": [0.41506898403167725, 0.1238510012626648, 0.06767450273036957, 0.13720402121543884, 0.38112199306488037, 0.6555310487747192, -1.0, 0.0, -6.123234262925839e-17, 7.498798786105971e-33, 1.0, -1.2246468525851679e-16], "children": [{"id": 5, "label": "arm_horizontal_bar", "box": [0.41506898403167725, 0.2829994559288025, 0.07939667999744415, 0.13720402121543884, 0.13885211944580078, 0.6706386208534241, -1.0, 0.0, -6.123234262925839e-17, 1.3216123554291452e-17, -0.9764297008514404, -0.21583567559719086]}, {"id": 6, "label": "arm_holistic_frame", "box": [0.3922020196914673, 0.1086065024137497, 0.06005199998617172, 0.030490010976791382, 0.35063299536705017, 0.6097959876060486, -1.0, -6.123234262925839e-17, 0.0, -6.123234262925839e-17, 1.0, 0.0]}], "edges": [{"dist": 0.0038217250240428604, "type": "ADJ", "part_a": 1, "part_b": 0}]}, {"id": 7, "label": "chair_arm", "box": [-0.42538201808929443, 0.1238510012626648, 0.06767450273036957, 0.13720402121543884, 0.38112199306488037, 0.6555310487747192, -1.0, 0.0, -6.123234262925839e-17, 7.498798786105971e-33, 1.0, -1.2246468525851679e-16], "children": [{"id": 8, "label": "arm_horizontal_bar", "box": [-0.42538201808929443, 0.2829994559288025, 0.07939667999744415, 0.13720402121543884, 0.13885211944580078, 0.6706386208534241, 1.0, -8.766458808348007e-17, 1.1957815579295174e-16, 5.978907789647587e-17, 0.9764297008514404, 0.21583567559719086]}, {"id": 9, "label": "arm_holistic_frame", "box": [-0.4025139808654785, 0.1086064949631691, 0.06005199998617172, 0.030490010976791382, 0.35063299536705017, 0.6097959876060486, -1.0, -6.123234262925839e-17, 0.0, -6.123234262925839e-17, 1.0, 0.0]}], "edges": [{"dist": 0.0038389261015262964, "type": "ADJ", "part_a": 1, "part_b": 0}]}, {"id": 10, "label": "chair_seat", "box": [-0.0048090070486068726, -0.08149750530719757, 0.1841769963502884, 0.12195900827646255, 0.7317600250244141, 0.7927340269088745, -6.123234262925839e-17, -1.0, -6.123234262925839e-17, 6.123234262925839e-17, -6.123234262925839e-17, 1.0], "children": [{"id": 11, "label": "seat_surface", "box": [-0.0048090070486068726, -0.08149750530719757, 0.1841769963502884, 0.12195900827646255, 0.7317600250244141, 0.7927340269088745, -6.123234262925839e-17, -1.0, -6.123234262925839e-17, 6.123234262925839e-17, -6.123234262925839e-17, 1.0], "children": [{"id": 12, "label": "seat_single_surface", "box": [-0.0048090070486068726, -0.08149750530719757, 0.1841769963502884, 0.12195900827646255, 0.7317600250244141, 0.7927340269088745, -6.123234262925839e-17, -1.0, -6.123234262925839e-17, 6.123234262925839e-17, -6.123234262925839e-17, 1.0]}]}]}, {"id": 13, "label": "chair_base", "box": [-0.02059699036180973, -0.46796852350234985, 0.13894131779670715, 0.6509829759597778, 0.9837725162506104, 1.0262537002563477, -6.123234262925839e-17, -1.0, -6.123234262925839e-17, 0.3230750262737274, -7.773129374468598e-17, 0.9463733434677124], "children": [{"id": 14, "label": "star_leg_base", "box": [-0.02059699036180973, -0.46796852350234985, 0.13894131779670715, 0.6509829759597778, 0.9837725162506104, 1.0262537002563477, -6.123234262925839e-17, -1.0, -6.123234262925839e-17, 0.3230750262737274, -7.773129374468598e-17, 0.9463733434677124], "children": [{"id": 15, "label": "central_support", "box": [-0.0025086363311856985, -0.41688501834869385, 0.177289217710495, 0.13793034851551056, 0.145108163356781, 0.5488159656524658, 0.30902406573295593, -3.784453211081568e-17, -0.9510542154312134, -0.9510542154312134, -4.4341714876342043e-17, -0.30902406573295593]}, {"id": 16, "label": "star_leg_set", "box": [-0.02059699036180973, -0.6966420412063599, 0.13894131779670715, 0.1936360001564026, 0.9837725162506104, 1.0262537002563477, -6.123234262925839e-17, -1.0, -6.123234262925839e-17, 0.3230750262737274, -7.773129374468598e-17, 0.9463733434677124], "children": [{"id": 17, "label": "leg", "box": [-0.09452899545431137, -0.6455584764480591, -0.09195546805858612, 0.08960762619972229, 0.09146898984909058, 0.4573475122451782, 0.9510565400123596, -1.1647082866083914e-16, -0.3090169429779053, 1.2246468525851679e-16, 1.0, -6.162975822039155e-33]}, {"id": 18, "label": "leg", "box": [0.22962461411952972, -0.6455584764480591, 0.012540352530777454, 0.08960659056901932, 0.09146898984909058, 0.4573472738265991, 0.5915218591690063, -8.559123009961386e-17, 0.8062889575958252, 6.123234262925839e-17, 1.0, 6.123234262925839e-17]}, {"id": 19, "label": "leg", "box": [0.2304157167673111, -0.6455585360527039, 0.3545878827571869, 0.08960753679275513, 0.09146898984909058, 0.45734721422195435, 0.5877852439880371, -7.198293111792428e-17, -0.80901700258255, -2.21540686495864e-16, -1.0, -7.198293111792428e-17]}, {"id": 20, "label": "leg", "box": [-0.09454090148210526, -0.6455584764480591, 0.4603416621685028, 0.08960793167352676, 0.09146898984909058, 0.45734715461730957, -0.9510565400123596, 0.0, -0.3090169429779053, 0.0, -1.0, 0.0]}, {"id": 21, "label": "leg", "box": [-0.2951489984989166, -0.6455584764480591, 0.18417449295520782, 0.08960700035095215, 0.09146898984909058, 0.45734602212905884, 0.0, 0.0, -1.0, 1.2246468525851679e-16, 1.0, 0.0]}, {"id": 22, "label": "caster", "box": [-0.48048725724220276, -0.742392361164093, 0.20278450846672058, 0.09747540950775146, 0.10201564431190491, 0.10427463054656982, -0.5869196653366089, 0.05441434681415558, -0.8078145384788513, 0.03198389336466789, 0.9985184669494629, 0.044022172689437866], "children": [{"id": 23, "label": "caster_stem", "box": [-0.4940989911556244, -0.7147699594497681, 0.18404899537563324, 0.04534322768449783, 0.04534323886036873, 0.04695397615432739, 0.6883519291877747, -8.656592017644224e-17, 0.7253769040107727, -0.7253769040107727, 2.267125662742222e-18, 0.6883519291877747]}, {"id": 24, "label": "wheel", "box": [-0.48114314675331116, -0.7457337975502014, 0.2018817514181137, 0.09373580664396286, 0.0937359482049942, 0.10427463054656982, -0.22493097186088562, -0.9238815307617188, -0.3095948100090027, 0.5430428981781006, -0.3826785683631897, 0.7474366426467896]}], "edges": [{"dist": 0.009196738867690929, "type": "ADJ", "part_a": 1, "part_b": 0}]}, {"id": 25, "label": "caster", "box": [-0.1695006638765335, -0.742392361164093, -0.26247161626815796, 0.09747561067342758, 0.10201561450958252, 0.10427463054656982, 0.5869137048721313, 0.05441927909851074, -0.8078185319900513, 0.0319867879152298, -0.998518168926239, -0.044026169925928116], "children": [{"id": 26, "label": "caster_stem", "box": [-0.15588875114917755, -0.7147699594497681, -0.28120675683021545, 0.04534321650862694, 0.04534389451146126, 0.04695397615432739, -0.6883531808853149, -2.2669767702319624e-18, 0.7253757119178772, -0.7253757119178772, 8.656592679388714e-17, -0.6883531808853149]}, {"id": 27, "label": "wheel",