{"id": 0, "label": "chair", "box": [0.005257218610495329, -0.015225976705551147, 0.10416185855865479, 0.8001242280006409, 0.8302784562110901, 1.7391600608825684, 1.0, -6.123933065107324e-17, 0.00011417615314712748, -0.00011417615314712748, -6.122534798999864e-17, 1.0], "children": [{"id": 1, "label": "chair_back", "box": [0.005160230677574873, 0.38104909658432007, -0.23034563660621643, 0.16010236740112305, 0.8003523945808411, 0.9469325542449951, 0.005122445058077574, -0.003183308755978942, -0.9999818205833435, -0.9999868869781494, -0.00011278716556262225, -0.005122112110257149], "children": [{"id": 2, "label": "back_surface", "box": [0.003842026460915804, 0.38088470697402954, -0.22494493424892426, 0.1036432683467865, 0.6944220066070557, 0.9468390941619873, 0.008990360423922539, 0.010815005749464035, 0.9999011158943176, 0.9999595284461975, -0.00037146787508390844, -0.00898686796426773], "children": [{"id": 3, "label": "back_single_surface", "box": [0.003842026460915804, 0.38088470697402954, -0.22494493424892426, 0.1036432683467865, 0.6944220066070557, 0.9468390941619873, 0.008990360423922539, 0.010815005749464035, 0.9999011158943176, 0.9999595284461975, -0.00037146787508390844, -0.00898686796426773]}]}, {"id": 4, "label": "back_frame", "box": [0.005160230677574873, 0.38104909658432007, -0.23034563660621643, 0.16010236740112305, 0.8003523945808411, 0.9469325542449951, 0.005122445058077574, -0.003183308755978942, -0.9999818205833435, -0.9999868869781494, -0.00011278716556262225, -0.005122112110257149], "children": [{"id": 5, "label": "back_frame_vertical_bar", "box": [0.34441736340522766, 0.3809485137462616, -0.21934491395950317, 0.1301676630973816, 0.14444352686405182, 0.9474209547042847, -0.9999456405639648, 0.009594527073204517, -0.004081767983734608, -0.004081553313881159, 4.19348398281727e-05, 0.9999916553497314]}, {"id": 6, "label": "back_frame_vertical_bar", "box": [-0.3428667485713959, 0.38025766611099243, -0.2313239425420761, 0.12962175905704498, 0.15997560322284698, 0.949303925037384, 0.9995860457420349, 0.028770828619599342, -1.2246464555384738e-16, 1.982112917175982e-05, -0.0006886462797410786, -0.9999997615814209]}], "edges": [{"type": "REF_SYM", "part_b": 0, "dist": 0.022904001969874067, "part_a": 1, "params": [0.004221022129058838, 0.3870970606803894, -0.23785917460918427, 0.9999865293502808, -0.004777108784765005, -0.00201968289911747]}, {"type": "TRANS_SYM", "part_b": 0, "dist": 0.03942320916365796, "part_a": 1, "params": [0.7434090375900269, -0.003551393747329712, -0.0015014708042144775]}, {"type": "ROT_SYM", "part_b": 0, "dist": 0.037155938194259795, "part_a": 1, "params": [0.013193223625421524, -0.5128610134124756, -1.6374480724334717, 0.004326221998780966, 0.9974215626716614, 0.07163401693105698, 0.5444046258926392]}]}], "edges": [{"type": "ADJ", "part_b": 0, "dist": 0.008770946738948068, "part_a": 1}]}, {"id": 7, "label": "chair_seat", "box": [0.005376532673835754, -0.053339116275310516, 0.14462105929851532, 0.09979838877916336, 0.7491049766540527, 0.8009138107299805, -0.0258238036185503, -0.9996598958969116, -0.0036430449690669775, -0.0004700186545960605, -0.0036321182269603014, 0.9999932646751404], "children": [{"id": 8, "label": "seat_surface", "box": [0.005376532673835754, -0.053339116275310516, 0.14462105929851532, 0.09979838877916336, 0.7491049766540527, 0.8009138107299805, -0.0258238036185503, -0.9996598958969116, -0.0036430449690669775, -0.0004700186545960605, -0.0036321182269603014, 0.9999932646751404], "children": [{"id": 9, "label": "seat_single_surface", "box": [0.005376532673835754, -0.053339116275310516, 0.14462105929851532, 0.09979838877916336, 0.7491049766540527, 0.8009138107299805, -0.0258238036185503, -0.9996598958969116, -0.0036430449690669775, -0.0004700186545960605, -0.0036321182269603014, 0.9999932646751404]}]}]}, {"id": 10, "label": "chair_base", "box": [0.0027444942388683558, -0.48727449774742126, 0.1468374878168106, 0.5807067155838013, 0.6345491409301758, 0.7950629591941833, -0.0030845787841826677, 6.142092657403068e-17, -0.999995231628418, 0.999995231628418, -6.104316973188997e-17, -0.0030845787841826677], "children": [{"id": 11, "label": "regular_leg_base", "box": [0.0027444942388683558, -0.48727449774742126, 0.1468374878168106, 0.5807067155838013, 0.6345491409301758, 0.7950629591941833, -0.0030845787841826677, 6.142092657403068e-17, -0.999995231628418, 0.999995231628418, -6.104316973188997e-17, -0.0030845787841826677], "children": [{"id": 12, "label": "leg", "box": [-0.2547352612018585, -0.48727449774742126, -0.09390268474817276, 0.09680385142564774, 0.09680446237325668, 0.7950629591941833, -0.608788251876831, 0.0, -0.7933327555656433, -0.7933327555656433, 1.8369701465288538e-16, 0.608788251876831]}, {"id": 13, "label": "leg", "box": [0.27045294642448425, -0.48727449774742126, -0.09552282094955444, 0.0968036875128746, 0.09680406004190445, 0.7950629591941833, -0.9238896369934082, 0.0, -0.38265901803970337, -0.38265901803970337, 1.8369701465288538e-16, 0.9238896369934082]}, {"id": 14, "label": "leg", "box": [0.26022350788116455, -0.48727449774742126, 0.3875785171985626, 0.09680384397506714, 0.09680385142564774, 0.7950629591941833, 0.6087890267372131, -1.8369701465288538e-16, -0.7933321595191956, 0.7933321595191956, 0.0, 0.6087890267372131]}, {"id": 15, "label": "leg", "box": [-0.2649644911289215, -0.48727449774742126, 0.38919851183891296, 0.09680383652448654, 0.09680383652448654, 0.7950629591941833, 0.6087890267372131, -1.8369701465288538e-16, -0.7933321595191956, 0.7933321595191956, 0.0, 0.6087890267372131]}], "edges": [{"type": "REF_SYM", "part_b": 0, "dist": 0.01800495338992552, "part_a": 1, "params": [0.008296266198158264, -0.48615092039108276, -0.09485340118408203, -0.9999459981918335, 0.00982385128736496, 0.0033917375840246677]}, {"type": "TRANS_SYM", "part_b": 0, "dist": 0.016277844936780948, "part_a": 1, "params": [-0.5256186723709106, 0.0051638782024383545, 0.0017828568816184998]}, {"type": "ROT_SYM", "part_b": 0, "dist": 0.01635751986414898, "part_a": 1, "params": [-0.03625283017754555, 0.6047382950782776, -13.82193660736084, -0.0019360592123121023, -0.9972530603408813, -0.07404393702745438, 0.038167987018823624]}, {"type": "REF_SYM", "part_b": 0, "dist": 0.019257554372074537, "part_a": 2, "params": [0.0031415075063705444, -0.4879598319530487, 0.1466318964958191, -0.7308340072631836, 0.012454637326300144, -0.6824415326118469]}, {"type": "TRANS_SYM", "part_b": 0, "dist": 0.017088298472008972, "part_a": 2, "params": [-0.5153090953826904, 0.008781731128692627, -0.48118770122528076]}, {"type": "ROT_SYM", "part_b": 0, "dist": 0.01772292092423124, "part_a": 2, "params": [-0.09684255719184875, -0.48737430572509766, 0.2536851763725281, -0.009300818666815758, 0.9999566078186035, 0.0005099597619846463, 2.3539133071899414]}, {"type": "REF_SYM", "part_b": 1, "dist": 0.017522710208394132, "part_a": 2, "params": [0.2659508287906647, -0.4905417561531067, 0.14574046432971954, 0.021340597420930862, 0.007488919422030449, -0.9997442364692688]}, {"type": "TRANS_SYM", "part_b": 1, "dist": 0.016158891778059205, "part_a": 2, "params": [0.01030951738357544, 0.0036178529262542725, -0.48297056555747986]}, {"type": "ROT_SYM", "part_b": 1, "dist": 0.016629379754435607, "part_a": 2, "params": [0.17095507681369781, -0.48918911814689636, 0.14371415972709656, -0.002914767013862729, 0.9999956488609314, -0.0005304876831360161, 2.3920466899871826]}, {"type": "REF_SYM", "part_b": 0, "dist": 0.019406112446090536, "part_a": 3, "params": [-0.25927162170410156, -0.4868659973144531, 0.1474456787109375, 0.019706081598997116, 0.013653598725795746, -0.9997126460075378]}, {"type": "TRANS_SYM", "part_b": 0, "dist": 0.016535696679408306, "part_a": 3, "params": [0.009517133235931396, 0.006594061851501465, -0.48281532526016235]}, {"type": "ROT_SYM", "part_b": 0, "dist": 0.01665050909003412, "part_a": 3,