{"id": 0, "label": "chair", "box": [0.017770402133464813, -0.04129108414053917, 0.18864214420318604, 0.8482850790023804, 1.0812212228775024, 1.3690310716629028, 0.9937313795089722, -0.004763366654515266, -0.11169255524873734, -0.11169368028640747, 2.949551162600983e-05, -0.9937427043914795], "children": [{"id": 1, "label": "chair_back", "box": [-0.03778921440243721, 0.2631579637527466, -0.2972814738750458, 0.023038165643811226, 0.7585445642471313, 0.8427921533584595, -0.000506314798258245, -0.016447056084871292, -0.9998646378517151, -0.001384190865792334, 0.9998638033866882, -0.016446340829133987], "children": [{"id": 2, "label": "back_surface", "box": [-0.03778921440243721, 0.2631579637527466, -0.2972814738750458, 0.023038165643811226, 0.7585445642471313, 0.8427921533584595, -0.000506314798258245, -0.016447056084871292, -0.9998646378517151, -0.001384190865792334, 0.9998638033866882, -0.016446340829133987], "children": [{"id": 3, "label": "back_single_surface", "box": [-0.03778921440243721, 0.2631579637527466, -0.2972814738750458, 0.023038165643811226, 0.7585445642471313, 0.8427921533584595, -0.000506314798258245, -0.016447056084871292, -0.9998646378517151, -0.001384190865792334, 0.9998638033866882, -0.016446340829133987]}]}]}, {"id": 4, "label": "chair_seat", "box": [0.017508508637547493, -0.14381486177444458, 0.18913160264492035, 0.08614031970500946, 0.8451688289642334, 1.0829315185546875, -0.006582192145287991, -0.9997779130935669, -0.020018694922327995, -0.993356466293335, 0.004237254150211811, 0.11499998718500137], "children": [{"id": 5, "label": "seat_surface", "box": [0.017508508637547493, -0.14381486177444458, 0.18913160264492035, 0.08614031970500946, 0.8451688289642334, 1.0829315185546875, -0.006582192145287991, -0.9997779130935669, -0.020018694922327995, -0.993356466293335, 0.004237254150211811, 0.11499998718500137], "children": [{"id": 6, "label": "seat_single_surface", "box": [0.017508508637547493, -0.14381486177444458, 0.18913160264492035, 0.08614031970500946, 0.8451688289642334, 1.0829315185546875, -0.006582192145287991, -0.9997779130935669, -0.020018694922327995, -0.993356466293335, 0.004237254150211811, 0.11499998718500137]}]}]}, {"id": 7, "label": "chair_base", "box": [0.016165336593985558, -0.4281640350818634, 0.1899050772190094, 0.5819961428642273, 0.852073609828949, 1.078988790512085, 0.0011143041774630547, 0.9999445080757141, 0.010474800132215023, -0.9944131970405579, 2.385515927016968e-06, 0.10555747151374817], "children": [{"id": 8, "label": "regular_leg_base", "box": [0.016165336593985558, -0.4281640350818634, 0.1899050772190094, 0.5819961428642273, 0.852073609828949, 1.078988790512085, 0.0011143041774630547, 0.9999445080757141, 0.010474800132215023, -0.9944131970405579, 2.385515927016968e-06, 0.10555747151374817], "children": [{"id": 9, "label": "leg", "box": [0.47426384687423706, -0.42427748441696167, 0.678303599357605, 0.004042127635329962, 0.04431385546922684, 0.562203586101532, -0.0029991213232278824, 7.615199137944728e-08, 0.9999955296516418, 0.9999954700469971, -0.00012210816203150898, 0.0029991213232278824]}, {"id": 10, "label": "leg", "box": [-0.45972946286201477, -0.41943109035491943, -0.27617397904396057, 0.007124698255211115, 0.04593059793114662, 0.5751280188560486, 0.9972350001335144, -0.003999842796474695, -0.0742047056555748, -0.07420461624860764, 0.00017065087740775198, -0.9972430467605591]}, {"id": 11, "label": "leg", "box": [0.39086365699768066, -0.43189555406570435, -0.24216534197330475, 0.00463848328217864, 0.1146734431385994, 0.550195038318634, 0.9921510219573975, -0.0001328198704868555, -0.12504509091377258, 0.12504509091377258, -1.1557253698538615e-16, 0.9921510815620422]}, {"id": 12, "label": "leg", "box": [-0.31974413990974426, -0.4328530430793762, 0.6783034801483154, 0.004030339885503054, 0.05478275194764137, 0.5820437669754028, 6.774163921363652e-05, -6.746207509422675e-05, -1.0, -0.9999995827674866, -0.0008822488016448915, -6.768209277652204e-05]}], "edges": [{"part_a": 1, "type": "REF_SYM", "dist": 0.01173617864011384, "part_b": 0, "params": [0.006404787302017212, -0.4200258255004883, 0.20088835060596466, 0.6988105773925781, 0.0052122860215604305, 0.7152878046035767]}, {"part_a": 1, "type": "TRANS_SYM", "dist": 0.03390921970436614, "part_b": 0, "params": [0.9323598146438599, 0.006954282522201538, 0.9543439149856567]}, {"part_a": 1, "type": "ROT_SYM", "dist": 0.010299082656856416, "part_b": 0, "params": [-0.41223788261413574, -0.41649261116981506, 0.6098808646202087, 0.00016451135161332786, -0.9999959468841553, 0.0028431301470845938, 1.701290488243103]}, {"part_a": 2, "type": "REF_SYM", "dist": 0.03849377595315854, "part_b": 1, "params": [-0.034537941217422485, -0.4298574924468994, -0.25930044054985046, -0.9990920424461365, 0.014929953031241894, -0.03990178927779198]}, {"part_a": 2, "type": "TRANS_SYM", "dist": 0.02962058994738079, "part_b": 1, "params": [-0.8504743576049805, 0.012709081172943115, -0.03396628797054291]}, {"part_a": 2, "type": "ROT_SYM", "dist": 0.03061255533326927, "part_b": 1, "params": [-1.9875483512878418, 2.9369449615478516, 62.23806381225586, 0.01664552092552185, 0.9984611868858337, -0.05289788916707039, 0.01359766349196434]}, {"part_a": 3, "type": "REF_SYM", "dist": 0.013098616663166729, "part_b": 0, "params": [0.07639850676059723, -0.425262451171875, 0.6781632304191589, 0.999758243560791, 0.021988803520798683, -0.00025975750759243965]}, {"part_a": 3, "type": "TRANS_SYM", "dist": 0.0119413639462248, "part_b": 0, "params": [0.7923723459243774, 0.017427533864974976, -0.00020587444305419922]}, {"part_a": 3, "type": "ROT_SYM", "dist": 0.012590517960728983, "part_b": 0, "params": [0.40961816906929016, -5.317978858947754, 142.390380859375, 0.021937398239970207, -0.9993810057640076, -0.027503550052642822, 0.005609931889921427]}, {"part_a": 3, "type": "REF_SYM", "dist": 0.03928823976203377, "part_b": 1, "params": [-0.3897814154624939, -0.4287395775318146, 0.20099128782749176, -0.14509224891662598, 0.010855170898139477, -0.9893586039543152]}, {"part_a": 3, "type": "TRANS_SYM", "dist": 0.03919171148388968, "part_b": 1, "params": [-0.13998743891716003, 0.010473251342773438, -0.9545497894287109]}, {"part_a": 3, "type": "ROT_SYM", "dist": 0.012034723520015412, "part_b": 1, "params": [0.1517392098903656, -0.42859140038490295, 0.12157377600669861, -0.007984166033565998, -0.9999678134918213, -0.0007680545095354319, 1.4448926448822021]}, {"part_a": 3, "type": "REF_SYM", "dist": 0.027772044941388453, "part_b": 2, "params": [0.03545577824115753, -0.43509411811828613, 0.21797442436218262, 0.6109761595726013, -0.0019226797157898545, -0.7916466593742371]}, {"part_a": 3, "type": "ROT_SYM", "dist": 0.026248683255408318, "part_b": 2, "params": [0.5518860220909119, -0.4365086257457733, 0.6186421513557434, -0.0008452929323539138, -0.9999980926513672, 0.0017699450254440308, 1.45401930809021]}]}]}], "edges": [{"part_a": 1, "type": "ADJ", "dist": 0.012999955231806228, "part_b": 0}, {"part_a": 2, "type": "ADJ", "dist": 0.043699688584669785, "part_b": 0}, {"part_a": 2, "type": "ADJ", "dist": 0.00710486794549999, "part_b": 1}]}