{"id": 0, "label": "chair", "box": [-0.007359753828495741, 0.009544888511300087, 0.11563203483819962, 1.0234026908874512, 1.3016047477722168, 1.057327151298523, 0.9999441504478455, 0.0002532183425500989, 0.010566736571490765, -0.00012234129826538265, 0.9999232888221741, -0.012384568341076374], "children": [{"id": 1, "label": "chair_back", "box": [-0.0007037314353510737, 0.2647154629230499, -0.2988285422325134, 0.9705291986465454, 0.8220009207725525, 0.22345519065856934, 0.9999861717224121, -0.004622729029506445, -0.002517384709790349, 0.0043645212426781654, 0.9955267310142517, -0.09437950700521469], "children": [{"id": 2, "label": "back_surface", "box": [-0.01032126136124134, 0.2618492543697357, -0.3267878592014313, 0.9735702276229858, 0.8035226464271545, 0.1773868203163147, 0.9999824166297913, -0.0056509459391236305, -0.001802179147489369, 0.005427876487374306, 0.9943418502807617, -0.1060887798666954], "children": [{"id": 3, "label": "back_single_surface", "box": [-0.00010577216744422913, 0.2434965819120407, -0.31200331449508667, 0.9362812638282776, 0.7776257991790771, 0.19911067187786102, 0.9999665021896362, -0.002618116559460759, 0.007755732629448175, 0.003534328658133745, 0.9926968812942505, -0.12058359384536743]}]}]}, {"id": 4, "label": "chair_seat", "box": [-0.004053538665175438, -0.07900498062372208, 0.1664469987154007, 0.9792966246604919, 0.19528302550315857, 0.9229707717895508, 0.9999481439590454, 0.007644182071089745, -0.006728526204824448, -0.007582378573715687, 0.9999293088912964, 0.009163446724414825], "children": [{"id": 5, "label": "seat_surface", "box": [-0.0018846668535843492, -0.09612531214952469, 0.18018166720867157, 0.9515405297279358, 0.16577821969985962, 0.919869065284729, 0.9999877214431763, 0.000888527138158679, -0.004875386133790016, -0.0008863669354468584, 0.9999995231628418, 0.00044521514791995287], "children": [{"id": 6, "label": "seat_single_surface", "box": [0.0007692871731705964, -0.08291441947221756, 0.17312760651111603, 0.9731265902519226, 0.1836264580488205, 0.9198253154754639, 0.9999818205833435, -0.0037471111863851547, -0.004731432534754276, 0.0037618004716932774, 0.9999881386756897, 0.0030996091663837433]}]}]}, {"id": 7, "label": "chair_base", "box": [0.005055403336882591, -0.39893510937690735, 0.11325381696224213, 1.0300750732421875, 0.5475531816482544, 1.0341830253601074, 0.9999961256980896, -0.001429981435649097, 0.0024022411089390516, 0.0014387145638465881, 0.9999923706054688, -0.0036376675125211477], "children": [{"id": 8, "label": "regular_leg_base", "box": [-0.0015508426586166024, -0.39207571744918823, 0.11195042729377747, 1.0047221183776855, 0.5455148220062256, 1.0107609033584595, 0.9999671578407288, 0.006982161197811365, 0.004113982897251844, -0.0069432505406439304, 0.9999317526817322, -0.009397756308317184], "children": [{"id": 10, "label": "leg", "box": [-0.41488924622535706, -0.3942514657974243, -0.30611565709114075, 0.12362323701381683, 0.526386022567749, 0.17019028961658478, 0.9998002052307129, -0.014473688788712025, 0.013788505457341671, 0.012968653813004494, 0.9945343136787415, 0.1036020964384079]}, {"id": 12, "label": "leg", "box": [-0.4323893189430237, -0.41055169701576233, 0.524112343788147, 0.12735982239246368, 0.5033128261566162, 0.1436670869588852, 0.9997035264968872, -0.01686437614262104, 0.01756381243467331, 0.017373884096741676, 0.9994204640388489, -0.029272137209773064]}, {"id": 11, "label": "leg", "box": [0.408332496881485, -0.40848851203918457, -0.31737565994262695, 0.12580707669258118, 0.49136748909950256, 0.17714308202266693, 0.9997901320457458, 0.01882763020694256, 0.008074925281107426, -0.019434718415141106, 0.9963431358337402, 0.08320293575525284]}, {"id": 9, "label": "leg", "box": [0.43074819445610046, -0.4126684069633484, 0.5321754217147827, 0.12123847007751465, 0.505988597869873, 0.1372743844985962, 0.9998950958251953, 0.013820632360875607, 0.004336879123002291, -0.013711828738451004, 0.9996134042739868, -0.02418757788836956]}], "edges": [{"part_a": 0, "part_b": 1, "type": "ROT_SYM"}, {"part_a": 0, "part_b": 2, "type": "ROT_SYM"}, {"part_a": 0, "part_b": 2, "type": "TRANS_SYM"}, {"part_a": 0, "part_b": 2, "type": "REF_SYM"}, {"part_a": 1, "part_b": 0, "type": "ROT_SYM"}, {"part_a": 1, "part_b": 3, "type": "ROT_SYM"}, {"part_a": 1, "part_b": 3, "type": "TRANS_SYM"}, {"part_a": 1, "part_b": 3, "type": "REF_SYM"}, {"part_a": 2, "part_b": 0, "type": "ROT_SYM"}, {"part_a": 2, "part_b": 0, "type": "TRANS_SYM"}, {"part_a": 2, "part_b": 0, "type": "REF_SYM"}, {"part_a": 2, "part_b": 3, "type": "ROT_SYM"}, {"part_a": 2, "part_b": 3, "type": "REF_SYM"}, {"part_a": 3, "part_b": 1, "type": "ROT_SYM"}, {"part_a": 3, "part_b": 1, "type": "TRANS_SYM"}, {"part_a": 3, "part_b": 1, "type": "REF_SYM"}, {"part_a": 3, "part_b": 2, "type": "ROT_SYM"}, {"part_a": 3, "part_b": 2, "type": "REF_SYM"}]}]}], "edges": [{"part_a": 0, "part_b": 1, "type": "ADJ"}, {"part_a": 1, "part_b": 0, "type": "ADJ"}, {"part_a": 1, "part_b": 2, "type": "ADJ"}, {"part_a": 2, "part_b": 1, "type": "ADJ"}]}