{"id": 0, "label": "chair", "box": [0.0028289873152971268, -0.014373749494552612, 0.11519082635641098, 0.7301179766654968, 1.6185331344604492, 0.770963728427887, 0.999984085559845, 7.24027631804347e-05, 0.005642720963805914, 0.00024308371939696372, 0.9984369277954102, -0.05588960275053978], "children": [{"id": 1, "label": "chair_back", "box": [0.000553356425371021, 0.2631063461303711, -0.18919886648654938, 0.6732434630393982, 1.0151079893112183, 0.1659645289182663, 0.9999708533287048, -0.0001281409349758178, -0.00763709656894207, -0.0004223636642564088, 0.9974018335342407, -0.07203776389360428], "children": [{"id": 2, "label": "back_surface", "box": [-0.005923315417021513, 0.27936533093452454, -0.17834341526031494, 0.6319268941879272, 0.937656819820404, 0.14742985367774963, 0.9999989867210388, -0.000528583477716893, -0.0013321252772584558, 0.00043536239536479115, 0.997614324092865, -0.06903291493654251], "children": [{"id": 3, "label": "back_single_surface", "box": [-0.005106419790536165, 0.26587581634521484, -0.1968262493610382, 0.633491039276123, 0.8897374272346497, 0.137116938829422, 0.9999731779098511, -0.0052634719759225845, -0.0050946674309670925, 0.004878090228885412, 0.9973267316818237, -0.072907954454422]}]}]}, {"id": 4, "label": "chair_seat", "box": [-0.0035402849316596985, -0.18234007060527802, 0.16352415084838867, 0.7449733018875122, 0.2333650141954422, 0.7191908955574036, 0.9999961256980896, 0.0013588893925771117, 0.0024274257011711597, -0.0013589885784313083, 0.9999991059303284, 3.918512447853573e-05], "children": [{"id": 5, "label": "seat_surface", "box": [5.0649046897888184e-05, -0.1767263114452362, 0.16006958484649658, 0.7211791276931763, 0.1886676847934723, 0.6844907402992249, 0.9999794960021973, 0.003257072065025568, -0.005511957220733166, -0.003219011938199401, 0.9999710321426392, 0.006899850443005562], "children": [{"id": 6, "label": "seat_single_surface", "box": [0.0007455049781128764, -0.1959407478570938, 0.16214999556541443, 0.663605809211731, 0.1778869777917862, 0.6846100687980652, 0.9999974370002747, 0.0021437921095639467, 0.000734727771487087, -0.0021530778612941504, 0.9999147653579712, 0.01287958025932312]}]}]}, {"id": 7, "label": "chair_base", "box": [0.004224381409585476, -0.4901644289493561, 0.128181591629982, 0.7232092022895813, 0.6232314109802246, 0.7202587723731995, 0.9999920725822449, -0.0011435982305556536, 0.0038167904131114483, 0.0011487925658002496, 0.9999984502792358, -0.0013589505106210709], "children": [{"id": 8, "label": "regular_leg_base", "box": [-0.0009977497393265367, -0.4979840815067291, 0.12740075588226318, 0.6983281970024109, 0.629784107208252, 0.7209094762802124, 0.9999943375587463, -0.00029090020689181983, 0.003354155458509922, 0.000287054106593132, 0.9999993443489075, 0.0011471036123111844], "children": [{"id": 12, "label": "leg", "box": [-0.28869739174842834, -0.5108412504196167, -0.16763640940189362, 0.1127106100320816, 0.6161237955093384, 0.10347570478916168, 0.9996554255485535, -0.005776671227067709, -0.025607585906982422, 0.00695392768830061, 0.9989114999771118, 0.046124961227178574]}, {"id": 11, "label": "leg", "box": [-0.3057669401168823, -0.5099042654037476, 0.4306035041809082, 0.10335664451122284, 0.6078145503997803, 0.10379869490861893, 0.999564528465271, -0.006488490849733353, 0.02878749556839466, 0.006636350881308317, 0.999965250492096, -0.0050437068566679955]}, {"id": 9, "label": "leg", "box": [0.2683252990245819, -0.5073720216751099, -0.16841626167297363, 0.10739581286907196, 0.611802875995636, 0.10787644982337952, 0.9996054172515869, 0.009550288319587708, 0.02641558088362217, -0.010798202827572823, 0.9988124370574951, 0.04750967025756836]}, {"id": 10, "label": "leg", "box": [0.31085291504859924, -0.5070171356201172, 0.43141618371009827, 0.10997239500284195, 0.6241863965988159, 0.09788341820240021, 0.9994105100631714, 0.014550985768437386, -0.03109489567577839, -0.01489115972071886, 0.99983149766922, -0.010736413300037384]}], "edges": [{"part_a": 0, "part_b": 1, "type": "ROT_SYM"}, {"part_a": 0, "part_b": 1, "type": "TRANS_SYM"}, {"part_a": 0, "part_b": 1, "type": "REF_SYM"}, {"part_a": 0, "part_b": 2, "type": "ROT_SYM"}, {"part_a": 0, "part_b": 2, "type": "TRANS_SYM"}, {"part_a": 0, "part_b": 2, "type": "REF_SYM"}, {"part_a": 0, "part_b": 3, "type": "ROT_SYM"}, {"part_a": 0, "part_b": 3, "type": "TRANS_SYM"}, {"part_a": 0, "part_b": 3, "type": "REF_SYM"}, {"part_a": 1, "part_b": 0, "type": "ROT_SYM"}, {"part_a": 1, "part_b": 0, "type": "TRANS_SYM"}, {"part_a": 1, "part_b": 0, "type": "REF_SYM"}, {"part_a": 1, "part_b": 2, "type": "ROT_SYM"}, {"part_a": 1, "part_b": 2, "type": "TRANS_SYM"}, {"part_a": 1, "part_b": 2, "type": "REF_SYM"}, {"part_a": 1, "part_b": 3, "type": "ROT_SYM"}, {"part_a": 1, "part_b": 3, "type": "TRANS_SYM"}, {"part_a": 1, "part_b": 3, "type": "REF_SYM"}, {"part_a": 2, "part_b": 0, "type": "ROT_SYM"}, {"part_a": 2, "part_b": 0, "type": "TRANS_SYM"}, {"part_a": 2, "part_b": 0, "type": "REF_SYM"}, {"part_a": 2, "part_b": 1, "type": "ROT_SYM"}, {"part_a": 2, "part_b": 1, "type": "TRANS_SYM"}, {"part_a": 2, "part_b": 1, "type": "REF_SYM"}, {"part_a": 2, "part_b": 3, "type": "ROT_SYM"}, {"part_a": 2, "part_b": 3, "type": "TRANS_SYM"}, {"part_a": 2, "part_b": 3, "type": "REF_SYM"}, {"part_a": 3, "part_b": 0, "type": "ROT_SYM"}, {"part_a": 3, "part_b": 0, "type": "TRANS_SYM"}, {"part_a": 3, "part_b": 0, "type": "REF_SYM"}, {"part_a": 3, "part_b": 1, "type": "ROT_SYM"}, {"part_a": 3, "part_b": 1, "type": "TRANS_SYM"}, {"part_a": 3, "part_b": 1, "type": "REF_SYM"}, {"part_a": 3, "part_b": 2, "type": "ROT_SYM"}, {"part_a": 3, "part_b": 2, "type": "TRANS_SYM"}, {"part_a": 3, "part_b": 2, "type": "REF_SYM"}]}]}], "edges": [{"part_a": 0, "part_b": 1, "type": "ADJ"}, {"part_a": 0, "part_b": 2, "type": "ADJ"}, {"part_a": 1, "part_b": 0, "type": "ADJ"}, {"part_a": 1, "part_b": 2, "type": "ADJ"}, {"part_a": 2, "part_b": 0, "type": "ADJ"}, {"part_a": 2, "part_b": 1, "type": "ADJ"}]}