{"id": 0, "label": "chair", "box": [0.010763058438897133, -0.056128643453121185, 0.08162789791822433, 0.8536490797996521, 1.4320359230041504, 0.9805465340614319, 0.999995231628418, -0.00018912066298071295, 0.0030765340197831392, 0.0002503051364328712, 0.9998019337654114, -0.01989925093948841], "children": [{"id": 1, "label": "chair_back", "box": [0.003775163320824504, 0.2791549563407898, -0.2979571223258972, 0.7863295674324036, 0.7763370871543884, 0.11638586223125458, 0.9999551773071289, -0.007890780456364155, -0.005240056198090315, 0.007151744328439236, 0.9916757345199585, -0.1285618245601654], "children": [{"id": 2, "label": "back_surface", "box": [-0.005581781268119812, 0.3793044686317444, -0.3099729120731354, 0.8547884225845337, 0.5714519619941711, 0.11536368727684021, 0.9999485611915588, 0.0014832210727036, 0.010037407279014587, -8.567456825403497e-05, 0.990456759929657, -0.13782405853271484], "children": [{"id": 3, "label": "back_single_surface", "box": [-0.0019962426740676165, 0.36927565932273865, -0.28946051001548767, 0.8551242351531982, 0.6339238286018372, 0.14751984179019928, 0.999996542930603, 0.002408121945336461, -0.0010917234467342496, -0.002532151760533452, 0.991073727607727, -0.13329079747200012]}]}, {"id": 7, "label": "back_connector", "box": [-0.2986258566379547, 0.018611641600728035, -0.2712118327617645, 0.10311571508646011, 0.31185439229011536, 0.07368350028991699, 0.9977230429649353, -0.06275288760662079, -0.02471533603966236, 0.06163519620895386, 0.9971438646316528, -0.04364902526140213]}], "edges": [{"part_a": 0, "part_b": 1, "type": "ADJ"}, {"part_a": 1, "part_b": 0, "type": "ADJ"}]}, {"id": 8, "label": "chair_seat", "box": [-0.0029725790955126286, -0.07816049456596375, 0.13826794922351837, 0.7755346894264221, 0.15739430487155914, 0.7237391471862793, 0.9999787211418152, 0.004298475570976734, 0.004910604562610388, -0.0042973351664841175, 0.9999907612800598, -0.0002428060834063217], "children": [{"id": 11, "label": "seat_frame", "box": [0.006749153137207031, -0.112029530107975, 0.1310863494873047, 0.8151601552963257, 0.09298127144575119, 0.7316716909408569, 0.9999878406524658, -0.0017433402827009559, 0.00461667450144887, 0.0017482285620644689, 0.9999979138374329, -0.0010550031438469887], "children": [{"id": 12, "label": "seat_frame_bar", "box": [0.3880392014980316, -0.10257617384195328, 0.12769387662410736, 0.0686505064368248, 0.09366701543331146, 0.6975594162940979, 0.9994972944259644, 0.0255607720464468, -0.018757591024041176, -0.025255560874938965, 0.9995476603507996, 0.016331827268004417]}, {"id": 13, "label": "seat_frame_bar", "box": [-0.3768480122089386, -0.09402362257242203, 0.12331070750951767, 0.08403031527996063, 0.07032489031553268, 0.664980411529541, 0.9997555613517761, -0.021836427971720695, 0.003465916495770216, 0.02179739437997341, 0.9997027516365051, 0.01092677190899849]}], "edges": [{"part_a": 0, "part_b": 1, "type": "ROT_SYM"}, {"part_a": 0, "part_b": 1, "type": "TRANS_SYM"}, {"part_a": 0, "part_b": 1, "type": "REF_SYM"}, {"part_a": 1, "part_b": 0, "type": "ROT_SYM"}, {"part_a": 1, "part_b": 0, "type": "TRANS_SYM"}, {"part_a": 1, "part_b": 0, "type": "REF_SYM"}]}, {"id": 9, "label": "seat_surface", "box": [-0.0015078510623425245, -0.05601131543517113, 0.13303089141845703, 0.755818784236908, 0.07632232457399368, 0.7184927463531494, 0.9999992251396179, 0.0011220489395782351, 0.0006118012242950499, -0.0011235106503590941, 0.999996542930603, 0.0023939914535731077], "children": [{"id": 10, "label": "seat_single_surface", "box": [0.0007472446886822581, -0.06499061733484268, 0.14278684556484222, 0.7426576614379883, 0.09105439484119415, 0.7161787748336792, 0.9999920725822449, 0.003346259007230401, 0.0021631470881402493, -0.003371284808963537, 0.9999262094497681, 0.011670856736600399]}]}], "edges": [{"part_a": 0, "part_b": 1, "type": "ADJ"}, {"part_a": 1, "part_b": 0, "type": "ADJ"}]}, {"id": 15, "label": "chair_base", "box": [0.0047171213664114475, -0.43563562631607056, 0.07877185195684433, 0.8445464372634888, 0.7113388180732727, 0.9121984839439392, 0.9999995231628418, 0.0006544278585352004, 0.0007751617231406271, -0.0006518178852275014, 0.999994158744812, -0.0033623988274484873], "children": [{"id": 16, "label": "regular_leg_base", "box": [0.0003531109250616282, -0.4379633367061615, 0.08374766260385513, 0.8446552753448486, 0.7114970088005066, 0.9169442653656006, 0.9999984502792358, -0.000409789354307577, 0.001718854415230453, 0.00041014343150891364, 0.9999998807907104, -0.00020565792510751635], "children": [{"id": 20, "label": "leg", "box": [-0.391183078289032, -0.45678210258483887, -0.31473463773727417, 0.07121393084526062, 0.7285336852073669, 0.08523967117071152, 0.9982993602752686, -0.029344767332077026, -0.050371453166007996, 0.03807487338781357, 0.9825220108032227, 0.18221111595630646]}, {"id": 19, "label": "leg", "box": [-0.400537371635437, -0.44094598293304443, 0.48229050636291504, 0.07417140156030655, 0.7351037263870239, 0.08859077841043472, 0.9976290464401245, -0.024474071338772774, 0.06432199478149414, 0.02771163173019886, 0.9983680248260498, -0.04993312805891037]}, {"id": 18, "label": "leg", "box": [0.3835541307926178, -0.4427429735660553, -0.3121764361858368, 0.07340340316295624, 0.7482662796974182, 0.07799707353115082, 0.9948323369026184, 0.014457997865974903, 0.10049658268690109, -0.03156272694468498, 0.9848061800003052, 0.1707649528980255]}, {"id": 17, "label": "leg", "box": [0.39062780141830444, -0.43177664279937744, 0.47756800055503845, 0.06996774673461914, 0.7067142128944397, 0.08977219462394714, 0.9984714984893799, 0.014889523386955261, -0.053225692361593246, -0.017566563561558723, 0.9985853433609009, -0.050187285989522934]}], "edges": [{"part_a": 0, "part_b": 1, "type": "ROT_SYM"}, {"part_a": 0, "part_b": 1, "type": "REF_SYM"}, {"part_a": 0, "part_b": 2, "type": "ROT_SYM"}, {"part_a": 0, "part_b": 2, "type": "TRANS_SYM"}, {"part_a": 0, "part_b": 2, "type": "REF_SYM"}, {"part_a": 0, "part_b": 3, "type": "ROT_SYM"}, {"part_a": 1, "part_b": 0, "type": "ROT_SYM"}, {"part_a": 1, "part_b": 0, "type": "REF_SYM"}, {"part_a": 1, "part_b": 2, "type": "ROT_SYM"}, {"part_a": 1, "part_b": 3, "type": "ROT_SYM"}, {"part_a": 1, "part_b": 3, "type": "TRANS_SYM"}, {"part_a": 1, "part_b": 3, "type": "REF_SYM"}, {"part_a": 2, "part_b": 0, "type": "ROT_SYM"}, {"part_a": 2, "part_b": 0, "type": "TRANS_SYM"}, {"part_a": 2, "part_b": 0, "type": "REF_SYM"}, {"part_a": 2, "part_b": 1, "type": "ROT_SYM"}, {"part_a": 2, "part_b": 3, "type": "ROT_SYM"}, {"part_a": 2, "part_b": 3, "type": "REF_SYM"}, {"part_a": 3, "part_b": 0, "type": "ROT_SYM"}, {"part_a": 3, "part_b": 1, "type": "ROT_SYM"}, {"part_a": 3, "part_b": 1, "type": "TRANS_SYM"}, {"part_a": 3, "part_b": 1, "type": "REF_SYM"}, {"part_a": 3, "part_b": 2, "type": "ROT_SYM"}, {"part_a": 3, "part_b": 2, "type": "REF_SYM"}]}]}], "edges": [{"part_a": 0, "part_b": 1, "type": "ADJ"}, {"part_a": 0, "part_b": 2, "type": "ADJ"}, {"part_a": 1, "part_b": 0, "type": "ADJ"}, {"part_a": 1, "part_b": 2, "type": "ADJ"}, {"part_a": 2, "part_b": 0, "type": "ADJ"}, {"part_a": 2, "part_b": 1, "type": "ADJ"}]}