{"id": 0, "label": "chair", "box": [-0.008372008800506592, -0.029072999954223633, -0.008823007345199585, 1.1545180082321167, 1.246880054473877, 1.3498979806900024, -6.123234262925839e-17, -1.0, -6.123234262925839e-17, 6.123234262925839e-17, 6.123234262925839e-17, -1.0], "children": [{"id": 1, "label": "chair_back", "box": [-0.008372008800506592, 0.2671304941177368, -0.38623714447021484, 0.5113933682441711, 0.5767106413841248, 0.8746140003204346, 5.880639394620777e-17, 0.039618685841560364, 0.9992148876190186, 6.118426689205681e-17, -0.9992148876190186, 0.039618685841560364], "children": [{"id": 2, "label": "back_surface", "box": [-0.008372008800506592, 0.2671304941177368, -0.38623714447021484, 0.5113933682441711, 0.5767106413841248, 0.8746140003204346, 5.880639394620777e-17, 0.039618685841560364, 0.9992148876190186, 6.118426689205681e-17, -0.9992148876190186, 0.039618685841560364], "children": [{"id": 3, "label": "back_single_surface", "box": [-0.008372008800506592, 0.2671304941177368, -0.38623714447021484, 0.5113933682441711, 0.5767106413841248, 0.8746140003204346, 5.880639394620777e-17, 0.039618685841560364, 0.9992148876190186, 6.118426689205681e-17, -0.9992148876190186, 0.039618685841560364]}]}]}, {"id": 4, "label": "chair_arm", "box": [0.5382269024848938, 0.25896155834198, -0.009315874427556992, 0.25709763169288635, 0.5784738659858704, 1.2407349348068237, 0.9999998807907104, 0.00010440131882205606, -0.0005345434183254838, -0.00010440130427014083, 1.0, 5.580703898999673e-08], "children": [{"id": 5, "label": "arm_sofa_style", "box": [0.5382269024848938, 0.25896155834198, -0.009315874427556992, 0.25709763169288635, 0.5784738659858704, 1.2407349348068237, 0.9999998807907104, 0.00010440131882205606, -0.0005345434183254838, -0.00010440130427014083, 1.0, 5.580703898999673e-08]}]}, {"id": 6, "label": "chair_arm", "box": [-0.5547255277633667, 0.2589614987373352, -0.00928950309753418, 0.257191002368927, 0.578449010848999, 1.2406710386276245, -1.0, 0.0, -6.123234262925839e-17, 7.498798786105971e-33, 1.0, -1.2246468525851679e-16], "children": [{"id": 7, "label": "arm_sofa_style", "box": [-0.5547255277633667, 0.2589614987373352, -0.00928950309753418, 0.257191002368927, 0.578449010848999, 1.2406710386276245, -1.0, 0.0, -6.123234262925839e-17, 7.498798786105971e-33, 1.0, -1.2246468525851679e-16]}]}, {"id": 8, "label": "chair_seat", "box": [-0.008372008800506592, -0.176503986120224, -0.008823007345199585, 0.5405460000038147, 1.246880054473877, 1.3498979806900024, 0.0, 1.0, 0.0, 0.0, 0.0, 1.0], "children": [{"id": 9, "label": "seat_surface", "box": [-0.008372008800506592, 0.07921747863292694, 0.22502458095550537, 0.1174403727054596, 0.7922548055648804, 0.8746140003204346, -8.30207845440788e-18, 0.9907659888267517, 0.13558323681354523, 6.066691504974165e-17, 0.13558323681354523, -0.9907659888267517], "children": [{"id": 10, "label": "seat_single_surface", "box": [-0.008372008800506592, 0.07921747863292694, 0.22502458095550537, 0.1174403727054596, 0.7922548055648804, 0.8746140003204346, -8.30207845440788e-18, 0.9907659888267517, 0.13558323681354523, 6.066691504974165e-17, 0.13558323681354523, -0.9907659888267517]}]}, {"id": 11, "label": "seat_support", "box": [-0.008372008800506592, -0.22908149659633636, -0.008823007345199585, 0.43539097905158997, 1.246880054473877, 1.3498979806900024, 0.0, 1.0, 0.0, 0.0, 0.0, 1.0]}], "edges": [{"part_a": 1, "part_b": 0, "type": "ADJ", "dist": 0.015222885317012371}]}, {"id": 12, "label": "chair_base", "box": [-0.008372008800506592, -0.5265544652938843, -0.006787002086639404, 0.15955501794815063, 1.1448479890823364, 1.2559820413589478, -1.2246468525851679e-16, -1.0, 0.0, 0.0, 0.0, 1.0], "children": [{"id": 13, "label": "foot_base", "box": [-0.008372008800506592, -0.5265544652938843, -0.006787002086639404, 0.15955501794815063, 1.1448479890823364, 1.2559820413589478, -1.2246468525851679e-16, -1.0, 0.0, 0.0, 0.0, 1.0], "children": [{"id": 14, "label": "foot", "box": [-0.5604095458984375, -0.5265544652938843, 0.48748499155044556, 0.1519070267677307, 0.1563040018081665, 0.15955501794815063, 1.0, -1.8369701465288538e-16, 0.0, 0.0, 0.0, 1.0]}, {"id": 15, "label": "foot", "box": [0.5436655282974243, -0.5265544652938843, 0.48748499155044556, 0.1519070267677307, 0.1563040018081665, 0.15955501794815063, 1.0, -1.8369701465288538e-16, 0.0, 0.0, 0.0, 1.0]}, {"id": 16, "label": "foot", "box": [0.5436655282974243, -0.5265544652938843, -0.5010589957237244, 0.1519070267677307, 0.1563040018081665, 0.15955501794815063, 1.0, -1.8369701465288538e-16, 0.0, 0.0, 0.0, 1.0]}, {"id": 17, "label": "foot", "box": [-0.5604095458984375, -0.5265544652938843, -0.5010589957237244, 0.1519070267677307, 0.1563040018081665, 0.15955501794815063, 1.0, -1.8369701465288538e-16, 0.0, 0.0, 0.0, 1.0]}], "edges": [{"part_a": 1, "params": [-0.008223026990890503, -0.527251124382019, 0.4875999093055725, -0.999998927116394, -0.001416084705851972, 0.00014332130376715213], "part_b": 0, "type": "REF_SYM", "dist": 0.03727179645643534}, {"part_a": 1, "params": [-1.1031239032745361, -0.0015621185302734375, 0.00015810132026672363], "part_b": 0, "type": "TRANS_SYM", "dist": 0.037440533274338925}, {"part_a": 2, "params": [-0.008060425519943237, -0.5274392366409302, -0.007095366716384888, -0.7444855570793152, -0.0008001505048014224, 0.6676381230354309], "part_b": 0, "type": "REF_SYM", "dist": 0.04675863400297968}, {"part_a": 2, "params": [-1.1034491062164307, -0.0011859536170959473, 0.9895486235618591], "part_b": 0, "type": "TRANS_SYM", "dist": 0.03804645543710665}, {"part_a": 2, "params": [0.5435014963150024, -0.5266581773757935, -0.0071744173765182495, -0.0003286901337560266, 0.0003801985876634717, 0.9999998807907104], "part_b": 1, "type": "REF_SYM", "dist": 0.03575512296925362}, {"part_a": 2, "params": [-0.00032520294189453125, 0.00037616491317749023, 0.98939049243927], "part_b": 1, "type": "TRANS_SYM", "dist": 0.036337332817876745}, {"part_a": 3, "params": [-0.5603890419006348, -0.5274813175201416, -0.0068340301513671875, 0.0012215300230309367, -0.0011140155838802457, 0.9999986290931702], "part_b": 0, "type": "REF_SYM", "dist": 0.03722679918476803}, {"part_a": 3, "params": [0.0012081265449523926, -0.0011017918586730957, 0.9890259504318237], "part_b": 0, "type": "TRANS_SYM", "dist": 0.03767662050858481}, {"part_a": 3, "params": [-0.0088270902633667, -0.5267002582550049, -0.006913080811500549, 0.7449793219566345, 0.00031053510610945523, 0.6670875549316406], "part_b": 1, "type": "REF_SYM", "dist": 0.04609340433001101}, {"part_a": 3, "params": [1.1043319702148438, 0.0004603266716003418, 0.9888678789138794], "part_b": 1, "type": "TRANS_SYM", "dist": 0.03630216327874923}, {"part_a": 3, "params": [-0.008664488792419434, -0.5268883109092712, -0.5016083717346191, 0.9999998807907104, 7.61881165090017e-05, -0.0004731540975626558], "part_b": 2, "type": "REF_SYM", "dist": 0.03641308066394921}, {"part_a": 3, "params": [1.1046571731567383, 8.416175842285156e-05, -0.0005226731300354004], "part_b": 2, "type": "TRANS_SYM", "dist": 0.03641036204193893}]}]}], "edges": [{"part_a": 1, "part_b": 0, "type": "ADJ", "dist": 0.013275016066578325}, {"part_a": 2, "part_b": 0, "type": "ADJ", "dist": 0.00939479086721342}, {"part_a": 3, "part_b": 0, "type": "ADJ", "dist": 0.012274697199213664}, {"part_a": 3, "part_b": 1, "type": "ADJ", "dist": 0.007567812870807949}, {"part_a": 3, "part_b": 2, "type": "ADJ", "dist": 0.010807912366594338}, {"part_a": 4, "part_b": 3, "type": "ADJ", "dist": 0.002981243911728981}, {"part_a": 2, "params": [-0.008118361234664917, 0.30200719833374023, 0.029660005122423172, 0.9999736547470093, -0.005863217171281576, 0.004262755624949932], "part_b": 1, "type": "REF_SYM", "dist": 0.024350381401456272}, {"part_a": 2, "params": [1.1096811294555664, -0.006506472826004028, 0.004730423912405968], "part_b": 1, "type": "TRANS_SYM", "dist": 0.034915354839623526}, {"part_a": 2,