{"id": 0, "label": "chair", "box": [-0.0010894982842728496, 0.11821730434894562, 0.07191002368927002, 0.6969394087791443, 0.6994275450706482, 1.7365810871124268, -1.0, -1.3484802901468884e-16, -5.321848584571853e-05, -5.321848584571853e-05, -5.3294039389584213e-05, 1.0], "children": [{"id": 1, "label": "chair_back", "box": [-0.0010894984006881714, 0.3908354938030243, -0.16081050038337708, 0.23388300836086273, 0.6969070434570312, 1.1913670301437378, 6.123234262925839e-17, 6.123234262925839e-17, -1.0, 1.0, 0.0, 6.123234262925839e-17], "children": [{"id": 2, "label": "back_surface", "box": [-0.0010894984006881714, 0.3908354938030243, -0.16081050038337708, 0.23388300836086273, 0.6969070434570312, 1.1913670301437378, 6.123234262925839e-17, 6.123234262925839e-17, -1.0, 1.0, 0.0, 6.123234262925839e-17], "children": [{"id": 3, "label": "back_single_surface", "box": [-0.0010894984006881714, 0.3908354938030243, -0.16081050038337708, 0.23388300836086273, 0.6969070434570312, 1.1913670301437378, 6.123234262925839e-17, 6.123234262925839e-17, -1.0, 1.0, 0.0, 6.123234262925839e-17]}]}]}, {"id": 4, "label": "chair_seat", "box": [-0.0010894984006881714, -0.06191040575504303, 0.1346398890018463, 0.3178692162036896, 0.5810757875442505, 0.6969070434570312, 1.85290090893588e-18, -0.9995420575141907, -0.030260169878602028, -6.12042978977704e-17, -0.030260169878602028, 0.9995420575141907], "children": [{"id": 5, "label": "seat_surface", "box": [-0.0010894984006881714, -0.06191040575504303, 0.1346398890018463, 0.3178692162036896, 0.5810757875442505, 0.6969070434570312, 1.85290090893588e-18, -0.9995420575141907, -0.030260169878602028, -6.12042978977704e-17, -0.030260169878602028, 0.9995420575141907], "children": [{"id": 6, "label": "seat_single_surface", "box": [-0.0010894984006881714, -0.06191040575504303, 0.1346398890018463, 0.3178692162036896, 0.5810757875442505, 0.6969070434570312, 1.85290090893588e-18, -0.9995420575141907, -0.030260169878602028, -6.12042978977704e-17, -0.030260169878602028, 0.9995420575141907]}]}]}, {"id": 7, "label": "chair_base", "box": [-0.001089498051442206, -0.46707531809806824, 0.07190469652414322, 0.5659957528114319, 0.6969394087791443, 0.6993758082389832, 3.5880360644317485e-16, -1.0, -5.3294039389584213e-05, -1.0, 2.8362276971449774e-09, -5.321848584571853e-05], "children": [{"id": 8, "label": "regular_leg_base", "box": [-0.001089498051442206, -0.46707531809806824, 0.07190469652414322, 0.5659957528114319, 0.6969394087791443, 0.6993758082389832, 3.5880360644317485e-16, -1.0, -5.3294039389584213e-05, -1.0, 2.8362276971449774e-09, -5.321848584571853e-05], "children": [{"id": 9, "label": "leg", "box": [0.25376495718955994, -0.4670862555503845, -0.21520937979221344, 0.12523463368415833, 0.1872091293334961, 0.5659487247467041, 0.0003176647296641022, -0.00021048399503342807, 0.9999999403953552, -0.9999999403953552, 1.0017489415758973e-07, 0.00031766475876793265]}, {"id": 10, "label": "leg", "box": [0.2398289293050766, -0.46787089109420776, 0.3118070065975189, 0.21533119678497314, 0.21951401233673096, 0.5644365549087524, 0.9999998807907104, 0.0004626099835149944, 0.0, 0.0, 0.0, 1.0]}, {"id": 11, "label": "leg", "box": [-0.23484453558921814, -0.4677160084247589, 0.3168025016784668, 0.209523007273674, 0.23288846015930176, 0.565854012966156, 0.0, 0.0, -1.0, -0.9999778866767883, 0.006648307666182518, 0.0]}, {"id": 12, "label": "leg", "box": [-0.2487555742263794, -0.46865716576576233, -0.22060181200504303, 0.12471208721399307, 0.20232798159122467, 0.5639081001281738, -0.007383362855762243, -0.0181588027626276, 0.9998078346252441, -0.9999724626541138, -0.0006174864829517901, -0.007395793218165636]}], "edges": [{"params": [0.007752150297164917, -0.4916539192199707, 0.32015299797058105, 0.9999403953552246, 0.010900345630943775, -0.0006896862178109586], "type": "REF_SYM", "dist": 0.04117321159630327, "part_b": 1, "part_a": 2}, {"params": [0.48895132541656494, 0.0053300559520721436, -0.00033724308013916016], "type": "TRANS_SYM", "dist": 0.040914558880600194, "part_b": 1, "part_a": 2}, {"params": [0.0025482177734375, -0.4861193895339966, -0.22146394848823547, 0.9999498128890991, 0.010015275329351425, -0.000412593362852931], "type": "REF_SYM", "dist": 0.026362462456759543, "part_b": 0, "part_a": 3}, {"params": [0.5083051323890686, 0.005091071128845215, -0.00020973384380340576], "type": "TRANS_SYM", "dist": 0.02572615514455468, "part_b": 0, "part_a": 3}, {"params": [-0.28864213824272156, -17.938461303710938, -26.849533081054688, 0.013262924738228321, 0.8362656235694885, -0.5481640100479126, 0.015961067751049995], "type": "ROT_SYM", "dist": 0.0267187945609271, "part_b": 0, "part_a": 3}]}]}], "edges": [{"type": "ADJ", "dist": 0.0089347058352926, "part_b": 0, "part_a": 1}, {"type": "ADJ", "dist": 0.006859915023253321, "part_b": 0, "part_a": 2}, {"type": "ADJ", "dist": 0.015705779824249623, "part_b": 1, "part_a": 2}]}