{"id": 0, "label": "chair", "box": [0.001077722292393446, 0.09404847025871277, 0.09093763679265976, 0.7264383435249329, 1.69840669631958, 0.695914626121521, 0.9999968409538269, -0.0017016060883179307, 0.0018603558419272304, 0.001711453078314662, 0.9999844431877136, -0.005304370075464249], "children": [{"id": 1, "label": "chair_back", "box": [-0.0019398679723963141, 0.39619114995002747, -0.14951170980930328, 0.7416568994522095, 1.0979187488555908, 0.21169155836105347, 0.9999709129333496, 0.0038219811394810677, 0.006600841414183378, -0.0036803162656724453, 0.9997654557228088, -0.021342067047953606], "children": [{"id": 2, "label": "back_surface", "box": [-0.00642092851921916, 0.42541560530662537, -0.16190464794635773, 0.7294040322303772, 1.075476884841919, 0.18227511644363403, 0.9999849200248718, -0.0032750219106674194, 0.004405392799526453, 0.003383143339306116, 0.9996876120567322, -0.024763667955994606], "children": [{"id": 3, "label": "back_single_surface", "box": [-0.010817880742251873, 0.4201795756816864, -0.168740913271904, 0.7395223379135132, 1.0685491561889648, 0.1836031973361969, 0.9999743700027466, 0.002048871945589781, 0.006862790789455175, -0.001934544648975134, 0.9998599290847778, -0.016624415293335915]}]}]}, {"id": 4, "label": "chair_seat", "box": [-0.006482409778982401, -0.09411311149597168, 0.10888364911079407, 0.6774297952651978, 0.2387886792421341, 0.6215535998344421, 0.9999852776527405, 0.0048680976033210754, 0.0023954592179507017, -0.004890426993370056, 0.9999438524246216, 0.009405595250427723], "children": [{"id": 5, "label": "seat_surface", "box": [-0.0007162707624956965, -0.09505133330821991, 0.10782713443040848, 0.7083308696746826, 0.2789376676082611, 0.6204715371131897, 0.9999703764915466, 0.007268915884196758, -0.0025277002714574337, -0.007224546745419502, 0.999826967716217, 0.017140336334705353], "children": [{"id": 6, "label": "seat_single_surface", "box": [-0.0034476977307349443, -0.10742425173521042, 0.11712808907032013, 0.6626619696617126, 0.22615694999694824, 0.6379594802856445, 0.9999774098396301, -0.0037040296010673046, 0.0056090387515723705, 0.003588691120967269, 0.9997847676277161, 0.020435292273759842]}]}]}, {"id": 7, "label": "chair_base", "box": [0.002256566658616066, -0.4712448716163635, 0.09647946059703827, 0.6992931962013245, 0.6463249325752258, 0.7065834403038025, 0.9999709725379944, 0.0018936466658487916, 0.007384062744677067, -0.0019441703334450722, 0.9999747276306152, 0.0068410891108214855], "children": [{"id": 8, "label": "regular_leg_base", "box": [-0.006960123311728239, -0.46385911107063293, 0.10373684763908386, 0.7019230127334595, 0.6023827791213989, 0.6599639654159546, 0.9999693632125854, -0.004356258548796177, -0.006502692587673664, 0.004326458554714918, 0.9999801516532898, -0.004589855205267668], "children": [{"id": 12, "label": "leg", "box": [-0.2758139669895172, -0.48814788460731506, -0.12891696393489838, 0.15506882965564728, 0.580488920211792, 0.168022021651268, 0.9999427199363708, -0.009136717766523361, -0.005582033656537533, 0.009465020149946213, 0.9980354309082031, 0.061932697892189026]}, {"id": 11, "label": "leg", "box": [-0.271767795085907, -0.4832673668861389, 0.3768451511859894, 0.13375674188137054, 0.6051925420761108, 0.1478545069694519, 0.9995777010917664, -0.010470252484083176, 0.027107112109661102, 0.010500192642211914, 0.9999444484710693, -0.0009623650694265962]}, {"id": 9, "label": "leg", "box": [0.25452959537506104, -0.4711974263191223, -0.1276828497648239, 0.1570856273174286, 0.6108013391494751, 0.16078969836235046, 0.99962317943573, 0.017126211896538734, -0.02145279571413994, -0.015215369872748852, 0.9961556196212769, 0.08627016842365265]}, {"id": 10, "label": "leg", "box": [0.2612695097923279, -0.49036943912506104, 0.37903717160224915, 0.15618939697742462, 0.5848497748374939, 0.14868660271167755, 0.999595046043396, 0.02825360931456089, 0.003392609767615795, -0.02824493683874607, 0.9995977282524109, -0.0025770918000489473]}], "edges": [{"part_a": 0, "part_b": 1, "type": "ROT_SYM"}, {"part_a": 0, "part_b": 1, "type": "TRANS_SYM"}, {"part_a": 0, "part_b": 1, "type": "REF_SYM"}, {"part_a": 0, "part_b": 2, "type": "ROT_SYM"}, {"part_a": 0, "part_b": 2, "type": "TRANS_SYM"}, {"part_a": 0, "part_b": 2, "type": "REF_SYM"}, {"part_a": 0, "part_b": 3, "type": "ROT_SYM"}, {"part_a": 0, "part_b": 3, "type": "TRANS_SYM"}, {"part_a": 1, "part_b": 0, "type": "ROT_SYM"}, {"part_a": 1, "part_b": 0, "type": "TRANS_SYM"}, {"part_a": 1, "part_b": 0, "type": "REF_SYM"}, {"part_a": 1, "part_b": 2, "type": "ROT_SYM"}, {"part_a": 1, "part_b": 2, "type": "TRANS_SYM"}, {"part_a": 1, "part_b": 2, "type": "REF_SYM"}, {"part_a": 1, "part_b": 3, "type": "ROT_SYM"}, {"part_a": 1, "part_b": 3, "type": "TRANS_SYM"}, {"part_a": 1, "part_b": 3, "type": "REF_SYM"}, {"part_a": 2, "part_b": 0, "type": "ROT_SYM"}, {"part_a": 2, "part_b": 0, "type": "TRANS_SYM"}, {"part_a": 2, "part_b": 0, "type": "REF_SYM"}, {"part_a": 2, "part_b": 1, "type": "ROT_SYM"}, {"part_a": 2, "part_b": 1, "type": "TRANS_SYM"}, {"part_a": 2, "part_b": 3, "type": "ROT_SYM"}, {"part_a": 2, "part_b": 3, "type": "TRANS_SYM"}, {"part_a": 2, "part_b": 3, "type": "REF_SYM"}, {"part_a": 3, "part_b": 0, "type": "ROT_SYM"}, {"part_a": 3, "part_b": 0, "type": "TRANS_SYM"}, {"part_a": 3, "part_b": 1, "type": "ROT_SYM"}, {"part_a": 3, "part_b": 1, "type": "TRANS_SYM"}, {"part_a": 3, "part_b": 1, "type": "REF_SYM"}, {"part_a": 3, "part_b": 2, "type": "ROT_SYM"}, {"part_a": 3, "part_b": 2, "type": "TRANS_SYM"}, {"part_a": 3, "part_b": 2, "type": "REF_SYM"}]}]}], "edges": [{"part_a": 0, "part_b": 1, "type": "ADJ"}, {"part_a": 1, "part_b": 0, "type": "ADJ"}, {"part_a": 1, "part_b": 2, "type": "ADJ"}, {"part_a": 2, "part_b": 1, "type": "ADJ"}]}