{"id": 0, "label": "chair", "box": [-0.0015557983424514532, 0.05572362244129181, 0.16599257290363312, 1.2906063795089722, 1.3703649044036865, 1.383714199066162, -0.6136794090270996, 0.03143778815865517, 0.7889291644096375, 0.7895552515983582, 0.02413720078766346, 0.6132045984268188], "children": [{"id": 1, "label": "chair_back", "box": [-0.02232900820672512, 0.12094444036483765, -0.2548525631427765, 0.4090743064880371, 1.1296254396438599, 1.2277631759643555, 0.020991243422031403, -0.05447506159543991, -0.998294472694397, -0.9997115731239319, 0.010510280728340149, -0.021594567224383354], "children": [{"id": 2, "label": "back_surface", "box": [-0.02232900820672512, 0.12094444036483765, -0.2548525631427765, 0.4090743064880371, 1.1296254396438599, 1.2277631759643555, 0.020991243422031403, -0.05447506159543991, -0.998294472694397, -0.9997115731239319, 0.010510280728340149, -0.021594567224383354], "children": [{"id": 3, "label": "back_single_surface", "box": [-0.02232900820672512, 0.12094444036483765, -0.2548525631427765, 0.4090743064880371, 1.1296254396438599, 1.2277631759643555, 0.020991243422031403, -0.05447506159543991, -0.998294472694397, -0.9997115731239319, 0.010510280728340149, -0.021594567224383354]}]}]}, {"id": 4, "label": "chair_arm", "box": [0.5902878046035767, 0.20063737034797668, 0.1482199877500534, 0.1290608048439026, 0.4178932011127472, 0.6240993142127991, 0.9856019020080566, -0.028914643451571465, -0.16659176349639893, 0.030801530927419662, 0.9994871616363525, 0.008753321133553982], "children": [{"id": 5, "label": "arm_near_vertical_bar", "box": [0.6126916408538818, 0.16699036955833435, 0.4340823292732239, 0.0458470843732357, 0.07128848880529404, 0.35505568981170654, -0.025210745632648468, 0.0, -0.9996821880340576, -0.9996821284294128, -0.00018226669635623693, 0.025210745632648468]}, {"id": 6, "label": "arm_horizontal_bar", "box": [0.5950327515602112, 0.3683401048183441, 0.1474481225013733, 0.08260685950517654, 0.12944036722183228, 0.6195431351661682, -0.023011885583400726, -0.9996739029884338, -0.011069762520492077, 0.9858796000480652, -0.020854484289884567, -0.16615208983421326]}], "edges": [{"dist": 0.008589621059215758, "type": "ADJ", "part_b": 0, "part_a": 1}]}, {"id": 7, "label": "chair_arm", "box": [-0.6326392889022827, 0.19294215738773346, 0.1645256131887436, 0.12723493576049805, 0.4272010326385498, 0.5838764309883118, -0.9880710244178772, 5.350908395485021e-06, -0.15399868786334991, -9.56261828832794e-06, -1.0, 2.6608266125549562e-05], "children": [{"id": 8, "label": "arm_near_vertical_bar", "box": [-0.6463462710380554, 0.1574699431657791, 0.43856561183929443, 0.04534952715039253, 0.071156807243824, 0.3564999997615814, 0.06053178012371063, -0.02427348494529724, -0.9978711009025574, 0.9981651902198792, -1.6756614058976993e-05, 0.0605500265955925]}, {"id": 9, "label": "arm_horizontal_bar", "box": [-0.6308716535568237, 0.3803577423095703, 0.16573576629161835, 0.0869852751493454, 0.13062290847301483, 0.5872551202774048, -0.1282186061143875, -0.9892539381980896, -0.07026157528162003, 0.9806930422782898, -0.13701871037483215, 0.13952435553073883]}], "edges": [{"dist": 0.011104586625664348, "type": "ADJ", "part_b": 0, "part_a": 1}]}, {"id": 10, "label": "chair_seat", "box": [-0.015700461342930794, 0.03715253248810768, 0.22108115255832672, 0.23370902240276337, 1.1842467784881592, 1.1948601007461548, -1.046719989972189e-05, -1.0, 1.0467454558238387e-05, -0.6597872376441956, 1.4771919268241618e-05, 0.7514524459838867], "children": [{"id": 11, "label": "seat_surface", "box": [-0.022233696654438972, 0.03715300187468529, 0.26452621817588806, 0.23370401561260223, 0.9739983081817627, 0.9741404056549072, -6.123234262925839e-17, -1.0, -6.123234262925839e-17, -0.9999600648880005, 6.177714363302052e-17, -0.008937269449234009], "children": [{"id": 12, "label": "seat_single_surface", "box": [-0.022233696654438972, 0.03715300187468529, 0.26452621817588806, 0.23370401561260223, 0.9739983081817627, 0.9741404056549072, -6.123234262925839e-17, -1.0, -6.123234262925839e-17, -0.9999600648880005, 6.177714363302052e-17, -0.008937269449234009]}]}, {"id": 13, "label": "seat_frame", "box": [-0.017039701342582703, 0.03763088211417198, 0.21743415296077728, 0.11114992946386337, 1.1841760873794556, 1.1844903230667114, -0.0038919299840927124, -0.9999863505363464, -0.0034932808484882116, -0.71217280626297, 0.0052240281365811825, -0.7019847631454468], "children": [{"id": 14, "label": "seat_holistic_frame", "box": [-0.017039701342582703, 0.03763088211417198, 0.21743415296077728, 0.11114992946386337, 1.1841760873794556, 1.1844903230667114, -0.0038919299840927124, -0.9999863505363464, -0.0034932808484882116, -0.71217280626297, 0.0052240281365811825, -0.7019847631454468]}]}], "edges": [{"dist": 0.0066046023984729025, "type": "ADJ", "part_b": 0, "part_a": 1}]}, {"id": 15, "label": "chair_base", "box": [-0.01893066242337227, -0.31462812423706055, 0.02651018649339676, 0.6342670917510986, 0.9227811694145203, 1.389801263809204, -0.007637464441359043, 0.9999565482139587, -0.005339896306395531, 0.00016321039583999664, 0.005341298412531614, 0.9999856948852539], "children": [{"id": 16, "label": "regular_leg_base", "box": [-0.01893066242337227, -0.31462812423706055, 0.02651018649339676, 0.6342670917510986, 0.9227811694145203, 1.389801263809204, -0.007637464441359043, 0.9999565482139587, -0.005339896306395531, 0.00016321039583999664, 0.005341298412531614, 0.9999856948852539], "children": [{"id": 17, "label": "leg", "box": [0.6151888966560364, -0.2470368891954422, 0.4268174469470978, 0.06733062118291855, 0.07156237214803696, 0.5136889815330505, -0.9485822319984436, 0.0016519146738573909, -0.3165264129638672, -0.3165222704410553, 0.0023609944619238377, 0.948582112789154]}, {"id": 18, "label": "leg", "box": [-0.6470996141433716, -0.23007293045520782, 0.4374389350414276, 0.04888392984867096, 0.07509522885084152, 0.4580768346786499, 0.2259303629398346, 0.020595267415046692, -0.9739257097244263, -0.9741086959838867, 0.01321923453360796, -0.22569327056407928]}, {"id": 19, "label": "runner", "box": [-0.016577081754803658, -0.5157372355461121, 0.028176026418805122, 0.21895955502986908, 0.9225894212722778, 1.3898428678512573, -0.00043271182221360505, -0.9999983906745911, -0.0017284681089222431, -0.0001233450457220897, 0.0017285216599702835, -0.9999985098838806]}], "edges": [{"dist": 0.009096003711383116, "type": "ADJ", "part_b": 0, "part_a": 2}, {"dist": 0.009280364188352841, "type": "ADJ", "part_b": 1, "part_a": 2}, {"dist": 0.02153475357361865, "type": "REF_SYM", "part_b": 0, "part_a": 1, "params": [-0.017203688621520996, -0.23528195917606354, 0.4369772672653198, 0.9998603463172913, -0.016713256016373634, 7.954009925015271e-05]}, {"dist": 0.02174010526934807, "type": "TRANS_SYM", "part_b": 0, "part_a": 1, "params": [1.2572605609893799, -0.021015852689743042, 0.00010001659393310547]}, {"dist": 0.020886461625656307, "type": "ROT_SYM", "part_b": 0, "part_a": 1, "params": [-0.020058900117874146, -0.38961488008499146, -4.652127265930176, 0.020569175481796265, 0.9994276762008667, -0.026854004710912704, 0.24572594463825226]}]}]}], "edges": [{"dist": 0.01094141993914135, "type": "ADJ", "part_b": 0, "part_a": 1}, {"dist": 0.02704281061978881, "type": "ADJ", "part_b": 0, "part_a": 2}, {"dist": 0.012414443420940417, "type": "ADJ", "part_b": 0, "part_a": 3}, {"dist": 0.02761532791104736, "type": "ADJ", "part_b": 1, "part_a": 3}, {"dist": 0.01314543795751308, "type": "ADJ", "part_b": 2, "part_a": 3}, {"dist": 0.013787404912185615, "type": "ADJ", "part_b": 0, "part_a": 4}, {"dist": 0.014855098342458635, "type": "ADJ", "part_b": 1, "part_a": 4}, {"dist": 0.009862354547960774, "type": "ADJ", "part_b": 2, "part_a": 4}, {"dist": 0.025514801879868685, "type": "REF_SYM", "part_b": 1, "part_a": 2, "params": [-0.017862915992736816, 0.3073641061782837, 0.2615126967430115, 0.9998630881309509, 0.005273110698908567, -0.01568121649324894]}]}