{"id": 0, "label": "chair", "box": [0.006700565572828054, -0.03982352465391159, 0.0885753482580185, 0.8487396240234375, 1.4017791748046875, 0.9571123123168945, 0.9999979138374329, 0.00016930278798099607, 0.002034139586612582, -0.00011930248729186133, 0.9996984601020813, -0.024555588141083717], "children": [{"id": 1, "label": "chair_back", "box": [0.0023585569579154253, 0.3333806097507477, -0.2711956202983856, 0.7581232786178589, 0.7099323272705078, 0.09791219234466553, 0.9999313950538635, -0.007705888245254755, -0.008823340758681297, 0.006649657152593136, 0.9934535622596741, -0.11404311656951904], "children": [{"id": 0, "label": "back_surface", "box": [-0.00550616392865777, 0.34874144196510315, -0.25925540924072266, 0.8010700941085815, 0.6499583125114441, 0.1273118257522583, 0.9999818801879883, -0.0017986323218792677, -0.005748078227043152, 0.0011423774994909763, 0.9936853051185608, -0.11219710856676102], "children": [{"id": 0, "label": "back_single_surface", "box": [-0.009103268384933472, 0.37129753828048706, -0.27512234449386597, 0.8021062016487122, 0.655655026435852, 0.13931353390216827, 0.9999866485595703, 0.004925674758851528, 0.0015522749163210392, -0.0047269160859286785, 0.9940189719200134, -0.1091049537062645]}]}, {"id": 2, "label": "back_surface", "box": [-0.006253418046981096, 0.32851114869117737, -0.28407013416290283, 0.7961190938949585, 0.7692257165908813, 0.11741508543491364, 0.999969482421875, 0.003742002882063389, -0.0068585630506277084, -0.0044600083492696285, 0.9941565990447998, -0.10785567760467529], "children": [{"id": 3, "label": "back_single_surface", "box": [-0.008774422109127045, 0.31034648418426514, -0.2894505560398102, 0.7641646265983582, 0.7758198380470276, 0.13525047898292542, 0.999985933303833, 0.00148444389924407, 0.0050999014638364315, -0.0009654486202634871, 0.9949567317962646, -0.10030043125152588]}]}], "edges": [{"part_a": 0, "part_b": 1, "type": "ADJ"}, {"part_a": 1, "part_b": 0, "type": "ADJ"}]}, {"id": 6, "label": "chair_seat", "box": [0.0030770613811910152, -0.08724259585142136, 0.14904765784740448, 0.7751002907752991, 0.14863716065883636, 0.7097220420837402, 0.999965250492096, 0.005259486846625805, 0.006467650644481182, -0.00526310782879591, 0.9999859929084778, 0.0005429183947853744], "children": [{"id": 9, "label": "seat_frame", "box": [0.00948358979076147, -0.12427394837141037, 0.13035540282726288, 0.8236958980560303, 0.08461059629917145, 0.7180889844894409, 0.9999783635139465, -0.0031882787588983774, 0.005758550018072128, 0.003210092894732952, 0.9999877214431763, -0.003782877465710044], "children": [{"id": 10, "label": "seat_frame_bar", "box": [0.3985321819782257, -0.12093890458345413, 0.13220298290252686, 0.06046132370829582, 0.08084604889154434, 0.6981430053710938, 0.9996276497840881, 0.023364458233118057, -0.014098363928496838, -0.02303229086101055, 0.9994636178016663, 0.02327999845147133]}, {"id": 11, "label": "seat_frame_bar", "box": [-0.382388710975647, -0.10357034206390381, 0.13169856369495392, 0.07752732932567596, 0.06144755706191063, 0.6494038701057434, 0.999730110168457, -0.022776387631893158, 0.0045851608738303185, 0.022710567340254784, 0.9996450543403625, 0.013928399421274662]}], "edges": [{"part_a": 0, "part_b": 1, "type": "ROT_SYM"}, {"part_a": 0, "part_b": 1, "type": "TRANS_SYM"}, {"part_a": 0, "part_b": 1, "type": "REF_SYM"}, {"part_a": 1, "part_b": 0, "type": "ROT_SYM"}, {"part_a": 1, "part_b": 0, "type": "TRANS_SYM"}, {"part_a": 1, "part_b": 0, "type": "REF_SYM"}]}, {"id": 7, "label": "seat_surface", "box": [-0.005610908381640911, -0.07424826174974442, 0.13862775266170502, 0.7521141171455383, 0.06924059987068176, 0.7143198847770691, 0.9999945163726807, 0.0030824716668576, -0.0012443738523870707, -0.0030755396001040936, 0.9999799728393555, 0.00553462840616703], "children": [{"id": 8, "label": "seat_single_surface", "box": [0.0005079395486973226, -0.08332031220197678, 0.14534683525562286, 0.7392470240592957, 0.08874519169330597, 0.7019410133361816, 0.999985933303833, 0.004899243824183941, -0.002043158281594515, -0.004866400733590126, 0.9998636245727539, 0.01578114740550518]}]}], "edges": [{"part_a": 0, "part_b": 1, "type": "ADJ"}, {"part_a": 1, "part_b": 0, "type": "ADJ"}]}, {"id": 12, "label": "chair_base", "box": [0.005141824018210173, -0.43117985129356384, 0.08180402964353561, 0.8476521372795105, 0.7071040272712708, 0.9080603718757629, 0.9999996423721313, -0.00023446972772944719, 0.0008007781580090523, 0.0002372980525251478, 0.9999937415122986, -0.0035337088629603386], "children": [{"id": 13, "label": "regular_leg_base", "box": [0.0017175452085211873, -0.4393793046474457, 0.08691641688346863, 0.8417066931724548, 0.7018774151802063, 0.9056972861289978, 0.9999974966049194, -0.0012175556039437652, 0.001884358935058117, 0.0012191198766231537, 0.999998927116394, -0.000829225464258343], "children": [{"id": 14, "label": "leg", "box": [-0.37988489866256714, -0.4575823247432709, -0.29843172430992126, 0.07607051730155945, 0.7229647636413574, 0.08559750765562057, 0.9984225034713745, -0.027378125116229057, -0.049020249396562576, 0.03498728945851326, 0.9862023591995239, 0.16180503368377686]}, {"id": 16, "label": "leg", "box": [-0.39640215039253235, -0.44549113512039185, 0.4816189408302307, 0.07575387507677078, 0.721904993057251, 0.08893251419067383, 0.9981117248535156, -0.020890040323138237, 0.057763032615184784, 0.02313470095396042, 0.9989920258522034, -0.03846806287765503]}, {"id": 15, "label": "leg", "box": [0.36946094036102295, -0.44317030906677246, -0.301385760307312, 0.07384125888347626, 0.7305076718330383, 0.07699133455753326, 0.9953857660293579, 0.01434110477566719, 0.09487634152173996, -0.029519902542233467, 0.9865816831588745, 0.160577654838562]}, {"id": 17, "label": "leg", "box": [0.3849402964115143, -0.4386737644672394, 0.47464972734451294, 0.07039127498865128, 0.7020661234855652, 0.08773686736822128, 0.9984754920005798, 0.014290706254541874, -0.053314968943595886, -0.016618791967630386, 0.99891597032547, -0.04348202049732208]}], "edges": [{"part_a": 0, "part_b": 1, "type": "ROT_SYM"}, {"part_a": 0, "part_b": 1, "type": "REF_SYM"}, {"part_a": 0, "part_b": 2, "type": "ROT_SYM"}, {"part_a": 0, "part_b": 2, "type": "TRANS_SYM"}, {"part_a": 0, "part_b": 2, "type": "REF_SYM"}, {"part_a": 0, "part_b": 3, "type": "ROT_SYM"}, {"part_a": 1, "part_b": 0, "type": "ROT_SYM"}, {"part_a": 1, "part_b": 0, "type": "TRANS_SYM"}, {"part_a": 1, "part_b": 0, "type": "REF_SYM"}, {"part_a": 1, "part_b": 2, "type": "ROT_SYM"}, {"part_a": 1, "part_b": 3, "type": "ROT_SYM"}, {"part_a": 1, "part_b": 3, "type": "TRANS_SYM"}, {"part_a": 1, "part_b": 3, "type": "REF_SYM"}, {"part_a": 2, "part_b": 0, "type": "ROT_SYM"}, {"part_a": 2, "part_b": 0, "type": "TRANS_SYM"}, {"part_a": 2, "part_b": 0, "type": "REF_SYM"}, {"part_a": 2, "part_b": 1, "type": "ROT_SYM"}, {"part_a": 2, "part_b": 3, "type": "ROT_SYM"}, {"part_a": 2, "part_b": 3, "type": "REF_SYM"}, {"part_a": 3, "part_b": 0, "type": "ROT_SYM"}, {"part_a": 3, "part_b": 1, "type": "ROT_SYM"}, {"part_a": 3, "part_b": 1, "type": "TRANS_SYM"}, {"part_a": 3, "part_b": 1, "type": "REF_SYM"}, {"part_a": 3, "part_b": 2, "type": "ROT_SYM"}, {"part_a": 3, "part_b": 2, "type": "REF_SYM"}]}]}], "edges": [{"part_a": 0, "part_b": 1, "type": "ADJ"}, {"part_a": 0, "part_b": 2, "type": "ADJ"}, {"part_a": 1, "part_b": 0, "type": "ADJ"}, {"part_a": 1, "part_b": 2, "type": "ADJ"}, {"part_a": 2, "part_b": 0, "type": "ADJ"}, {"part_a": 2, "part_b": 1, "type": "ADJ"}]}