{"id": 0, "label": "chair", "box": [-0.019604504108428955, -0.05897200107574463, 0.05596798658370972, 1.1182329654693604, 1.1445159912109375, 1.2918779850006104, -1.0, 6.123234262925839e-17, 0.0, 0.0, 0.0, 1.0], "children": [{"id": 1, "label": "chair_back", "box": [-0.01976737007498741, 0.06714564561843872, 0.005142868496477604, 1.041658639907837, 1.0443475246429443, 1.1179546117782593, -6.670416769338772e-05, 0.9999977946281433, -0.00210837135091424, -2.9868406272726133e-06, 0.0021083711180835962, 0.9999977946281433], "children": [{"id": 2, "label": "back_surface", "box": [-0.01976737007498741, 0.06714564561843872, 0.005142868496477604, 1.041658639907837, 1.0443475246429443, 1.1179546117782593, -6.670416769338772e-05, 0.9999977946281433, -0.00210837135091424, -2.9868406272726133e-06, 0.0021083711180835962, 0.9999977946281433], "children": [{"id": 3, "label": "back_single_surface", "box": [-0.01976737007498741, 0.06714564561843872, 0.005142868496477604, 1.041658639907837, 1.0443475246429443, 1.1179546117782593, -6.670416769338772e-05, 0.9999977946281433, -0.00210837135091424, -2.9868406272726133e-06, 0.0021083711180835962, 0.9999977946281433]}]}]}, {"id": 4, "label": "chair_arm", "box": [0.46896228194236755, 0.0661194771528244, 0.07045044004917145, 0.14116564393043518, 1.0416971445083618, 1.1155377626419067, -1.0, 1.2469785133362166e-06, -7.008059037616476e-05, 1.2474503137127613e-06, 1.0, -6.733430382155348e-06], "children": [{"id": 5, "label": "arm_sofa_style", "box": [0.46896228194236755, 0.0661194771528244, 0.07045044004917145, 0.14116564393043518, 1.0416971445083618, 1.1155377626419067, -1.0, 1.2469785133362166e-06, -7.008059037616476e-05, 1.2474503137127613e-06, 1.0, -6.733430382155348e-06]}]}, {"id": 6, "label": "chair_arm", "box": [-0.50523442029953, 0.07289250940084457, 0.06427761167287827, 0.1805422008037567, 1.030601978302002, 1.127855896949768, -0.9989473223686218, -0.04586350917816162, 0.0008903315174393356, -0.04586349055171013, 0.9989477396011353, 4.231569982948713e-05], "children": [{"id": 7, "label": "arm_sofa_style", "box": [-0.50523442029953, 0.07289250940084457, 0.06427761167287827, 0.1805422008037567, 1.030601978302002, 1.127855896949768, -0.9989473223686218, -0.04586350917816162, 0.0008903315174393356, -0.04586349055171013, 0.9989477396011353, 4.231569982948713e-05]}]}, {"id": 8, "label": "chair_seat", "box": [-0.01960364729166031, -0.21946553885936737, 0.0559692457318306, 0.527349054813385, 1.1182339191436768, 1.144517183303833, 1.1946644008276053e-05, 1.0, 1.493461468271562e-06, 1.0, -1.1946648555749562e-05, 2.9867833291064017e-06], "children": [{"id": 9, "label": "seat_surface", "box": [-0.019583001732826233, -0.04010700061917305, 0.1167990118265152, 0.16861999034881592, 0.8786300420761108, 1.007256031036377, -7.498798786105971e-33, -1.0, 1.2246468525851679e-16, 1.0, 0.0, 6.123234262925839e-17], "children": [{"id": 10, "label": "seat_single_surface", "box": [-0.019583001732826233, -0.04010700061917305, 0.1167990118265152, 0.16861999034881592, 0.8786300420761108, 1.007256031036377, -7.498798786105971e-33, -1.0, 1.2246468525851679e-16, 1.0, 0.0, 6.123234262925839e-17]}]}, {"id": 11, "label": "seat_support", "box": [-0.01972450315952301, -0.20872750878334045, 0.1062135100364685, 0.1686210036277771, 0.8786289691925049, 1.0113890171051025, 0.0, -1.0, 0.0, -1.0, 0.0, 0.0]}, {"id": 12, "label": "seat_frame", "box": [-0.019600678235292435, -0.3743743598461151, 0.056474409997463226, 0.22570453584194183, 1.1182388067245483, 1.145424723625183, -9.052810491994023e-05, 0.9999651908874512, -0.008344247005879879, -1.0, -9.052270615939051e-05, 1.0242212056255084e-06], "children": [{"id": 13, "label": "seat_frame_bar", "box": [0.4574916660785675, -0.3830063045024872, 0.06238884478807449, 0.1640453189611435, 0.2244204580783844, 1.1376807689666748, -1.0, -7.167562671384076e-06, -7.16731346983579e-06, -6.984116680541774e-06, 0.9996805191040039, -0.02527531422674656]}, {"id": 14, "label": "seat_frame_bar", "box": [-0.5111824870109558, -0.3697907328605652, 0.0628589615225792, 0.13728778064250946, 0.19693467020988464, 1.136153221130371, -0.999997615814209, 0.00032289675436913967, 0.0021495562978088856, -0.00026763000641949475, -0.9996706247329712, 0.025661595165729523]}, {"id": 15, "label": "seat_frame_bar", "box": [-0.024417981505393982, -0.36967524886131287, -0.45232415199279785, 0.12796391546726227, 0.18904587626457214, 1.1035845279693604, -3.584045043680817e-05, -0.008192796260118484, -0.9999664425849915, 0.017459118738770485, 0.9998140335083008, -0.008192173205316067]}, {"id": 16, "label": "seat_frame_bar", "box": [-0.016019929200410843, -0.35449567437171936, 0.5647918581962585, 0.10775218904018402, 0.1540525108575821, 0.8644529581069946, -0.0002806762349791825, 0.014632027596235275, -0.9998928904533386, 0.00046094111166894436, 0.9998928308486938, 0.014631897211074829]}], "edges": [{"dist": 0.009267080719410398, "type": "ADJ", "part_b": 0, "part_a": 2}, {"dist": 0.0029367704372549085, "type": "ADJ", "part_b": 1, "part_a": 2}, {"dist": 0.006700022131508731, "type": "ADJ", "part_b": 0, "part_a": 3}, {"dist": 0.017351235753301667, "type": "ADJ", "part_b": 1, "part_a": 3}, {"dist": 0.04765623809273881, "type": "ROT_SYM", "part_b": 0, "params": [-0.03815963864326477, 0.33390283584594727, 0.18093116581439972, 0.03376505896449089, -0.05260621756315231, 0.9980443120002747, 1.2493716478347778], "part_a": 1}, {"dist": 0.040331412550803, "type": "REF_SYM", "part_b": 0, "params": [0.22480596601963043, -0.37408608198165894, -0.18277645111083984, 0.6724538803100586, 0.0055947862565517426, 0.7401179075241089], "part_a": 2}, {"dist": 0.04602084285977866, "type": "ROT_SYM", "part_b": 2, "params": [-0.03422079607844353, -0.03981950506567955, 0.049515604972839355, 0.9997151494026184, 0.02285146526992321, 0.006884212139993906, 2.0400280952453613], "part_a": 3}]}], "edges": [{"dist": 0.0053331741930724335, "type": "ADJ", "part_b": 0, "part_a": 1}, {"dist": 0.002052990826623861, "type": "ADJ", "part_b": 1, "part_a": 2}]}, {"id": 17, "label": "chair_base", "box": [-0.019577277824282646, -0.5373755693435669, 0.058625295758247375, 0.3350709080696106, 1.1107019186019897, 1.1416947841644287, 1.0240696610708255e-06, 1.0, -1.0250881814499735e-06, 0.9999970197677612, -1.0215517249889672e-06, 0.002453280845656991], "children": [{"id": 18, "label": "foot_base", "box": [-0.019577277824282646, -0.5373755693435669, 0.058625295758247375, 0.3350709080696106, 1.1107019186019897, 1.1416947841644287, 1.0240696610708255e-06, 1.0, -1.0250881814499735e-06, 0.9999970197677612, -1.0215517249889672e-06, 0.002453280845656991], "children": [{"id": 19, "label": "foot", "box": [-0.5130687952041626, -0.5645360350608826, -0.4541849195957184, 0.12000267207622528, 0.13014639914035797, 0.2836987376213074, 0.0005535869277082384, 0.0487428717315197, -0.9988111853599548, -0.9992424845695496, 0.0388922244310379, 0.001344149000942707]}, {"id": 20, "label": "foot", "box": [0.46945351362228394, -0.5631337761878967, -0.4473755657672882, 0.12518011033535004, 0.1290610432624817, 0.28372451663017273, -0.004414521623402834, -0.009046458639204502, -0.9999493360519409, -0.9997825622558594, 0.020420612767338753, 0.0042290412820875645]}, {"id": 21, "label": "foot", "box": [0.4739520847797394, -0.554033637046814, 0.5562534332275391, 0.12894763052463531, 0.14393401145935059, 0.3046483099460602, -0.9982984066009521, -0.058311961591243744, -3.390488200238906e-05, -3.396267129573971e-05, 4.15922769811393e-21, 1.0]}, {"id": 22, "label": "foot", "box": [-0.5079124569892883, -0.5373762845993042, 0.5678330063819885, 0.12078900635242462, 0.13652625679969788, 0.3350685238838196, -0.0001079230714822188, -3.387942342669703e-05, -1.0, -1.0, 3.385306627023965e-05, 0.00010792192188091576]}], "edges": [{"dist": 0.03894823134678694, "type": "REF_SYM", "part_b": 0, "params": [-0.017981871962547302, -0.5722767114639282, -0.45191800594329834, -0.9999960064888, -0.0027997028082609177, 0.00045507430331781507],