{"id": 0, "label": "chair", "box": [-0.016632080078125, -0.011675027199089527, 0.09273771941661835, 1.0936557054519653, 1.1915545463562012, 1.5569257736206055, 0.006864050403237343, 0.2129710465669632, -0.9770343899726868, -0.9999764561653137, 0.0013117017224431038, -0.006739306263625622], "children": [{"id": 1, "label": "chair_back", "box": [-0.014410261996090412, 0.22821854054927826, -0.15003201365470886, 0.30350616574287415, 1.036984920501709, 1.2341907024383545, 4.5957702241139486e-05, 0.03669673204421997, -0.9993264675140381, -1.0, -0.00011411739978939295, -5.017923467676155e-05], "children": [{"id": 2, "label": "back_surface", "box": [-0.014342604205012321, 0.3550878167152405, -0.19131247699260712, 0.13590340316295624, 0.9826910495758057, 1.024366855621338, 0.0015107428189367056, -0.07903843373060226, -0.9968703985214233, -9.835428045334993e-07, 0.9968715906143188, -0.07903852313756943], "children": [{"id": 3, "label": "back_single_surface", "box": [-0.014342604205012321, 0.3550878167152405, -0.19131247699260712, 0.13590340316295624, 0.9826910495758057, 1.024366855621338, 0.0015107428189367056, -0.07903843373060226, -0.9968703985214233, -9.835428045334993e-07, 0.9968715906143188, -0.07903852313756943]}]}, {"id": 4, "label": "back_connector", "box": [-0.015286747366189957, -0.2297087460756302, -0.17390131950378418, 0.3022876977920532, 0.3190993070602417, 1.0367859601974487, -0.012473056092858315, -0.04761950671672821, -0.9987876415252686, 0.015120569616556168, -0.9987601637840271, 0.047429364174604416]}], "edges": [{"dist": 0.010923739415802425, "type": "ADJ", "part_b": 0, "part_a": 1}]}, {"id": 5, "label": "chair_seat", "box": [-0.01435040682554245, -0.31693288683891296, 0.2925863265991211, 0.5115315318107605, 0.6998902559280396, 1.0243639945983887, 3.018532515852712e-05, 0.9977827072143555, -0.06655538082122803, -1.9942406197515083e-06, -0.06655538082122803, -0.9977827072143555], "children": [{"id": 6, "label": "seat_surface", "box": [-0.014329953119158745, -0.14903624355793, 0.28086063265800476, 0.1853657364845276, 0.70146244764328, 1.024956226348877, 0.006497103255242109, 0.9967859387397766, -0.07984728366136551, -2.2047174752515275e-07, -0.07984896749258041, -0.9968069791793823], "children": [{"id": 7, "label": "seat_single_surface", "box": [-0.014329953119158745, -0.14903624355793, 0.28086063265800476, 0.1853657364845276, 0.70146244764328, 1.024956226348877, 0.006497103255242109, 0.9967859387397766, -0.07984728366136551, -2.2047174752515275e-07, -0.07984896749258041, -0.9968069791793823]}]}, {"id": 8, "label": "seat_support", "box": [-0.42142561078071594, -0.3851317763328552, 0.3397507667541504, 0.08281902968883514, 0.12719035148620605, 0.376436710357666, 0.9962036609649658, -0.0007714457460679114, -0.08705013990402222, -0.08684076368808746, 0.06106775999069214, -0.9943487644195557]}, {"id": 9, "label": "seat_support", "box": [0.39278072118759155, -0.3974262475967407, 0.3395926356315613, 0.08299719542264938, 0.12520141899585724, 0.3517635464668274, -0.9998703598976135, 0.012268141843378544, 0.010427387431263924, 0.009653656743466854, -0.061520617455244064, 0.9980591535568237]}], "edges": [{"dist": 0.009486345621407094, "type": "ADJ", "part_b": 0, "part_a": 1}, {"dist": 0.00434583851601058, "type": "ADJ", "part_b": 0, "part_a": 2}, {"dist": 0.022013012715035946, "type": "REF_SYM", "params": [-0.01356053352355957, -0.3954547047615051, 0.349671870470047, -0.9999932646751404, 0.0034802169539034367, -0.0011547351023182273], "part_b": 1, "part_a": 2}, {"dist": 0.02188216733694537, "type": "TRANS_SYM", "params": [-0.8152427673339844, 0.002837240695953369, -0.0009413957595825195], "part_b": 1, "part_a": 2}, {"dist": 0.023566832304647373, "type": "ROT_SYM", "params": [-0.10864195227622986, -8.619644165039062, 35.439483642578125, 0.007147115655243397, 0.9746640920639038, 0.22355963289737701, 0.022622715681791306], "part_b": 1, "part_a": 2}]}, {"id": 10, "label": "chair_base", "box": [-0.013126221485435963, -0.48316681385040283, -0.055579133331775665, 0.364197701215744, 1.0906342267990112, 1.1916462182998657, -0.0004736364644486457, -0.9999486207962036, -0.010125557892024517, 0.0018125522183254361, -0.010126401670277119, 0.9999470710754395], "children": [{"id": 11, "label": "regular_leg_base", "box": [-0.013126221485435963, -0.48316681385040283, -0.055579133331775665, 0.364197701215744, 1.0906342267990112, 1.1916462182998657, -0.0004736364644486457, -0.9999486207962036, -0.010125557892024517, 0.0018125522183254361, -0.010126401670277119, 0.9999470710754395], "children": [{"id": 12, "label": "leg", "box": [-0.5369585156440735, -0.543528139591217, -0.3739977478981018, 0.09095068275928497, 0.1632031798362732, 0.4747653305530548, 0.9699233770370483, -0.22646930813789368, -0.08922028541564941, 0.10060717165470123, 0.7067583799362183, -0.7002648115158081]}, {"id": 13, "label": "leg", "box": [-0.43151459097862244, -0.5354882478713989, 0.18041622638702393, 0.08260837942361832, 0.1254703402519226, 0.6532048583030701, 0.9901142120361328, 0.07341211289167404, -0.11951787024736404, -0.0016504536615684628, -0.8459383845329285, -0.5332781076431274]}, {"id": 14, "label": "leg", "box": [0.5059462785720825, -0.5432761311531067, -0.37614795565605164, 0.09069269150495529, 0.16581988334655762, 0.4765390157699585, -0.9738619327545166, -0.20285388827323914, -0.10219220072031021, -0.07101345807313919, 0.6992673277854919, -0.7113242745399475]}, {"id": 15, "label": "leg", "box": [0.4104078710079193, -0.5284462571144104, 0.17102795839309692, 0.10280809551477432, 0.12781298160552979, 0.679969310760498, -0.995436429977417, 0.03740853816270828, -0.08778927475214005, -0.015664078295230865, 0.8434283137321472, 0.5370133519172668]}], "edges": [{"dist": 0.017954672362109878, "type": "REF_SYM", "params": [-0.014372169971466064, -0.5381132364273071, -0.35967177152633667, -0.9999899864196777, 0.002693372080102563, 0.003563719103112817], "part_b": 0, "part_a": 2}, {"dist": 0.018235875767436682, "type": "REF_SYM", "params": [-0.01381024718284607, -0.5231447815895081, 0.1475028544664383, -0.9998910427093506, -0.009226574562489986, 0.011521177366375923], "part_b": 1, "part_a": 3}, {"dist": 0.017913270589175686, "type": "ROT_SYM", "params": [-0.0270035732537508, 0.247020423412323, 2.685474395751953, 0.0001507238921476528, 0.9989718198776245, 0.04533498361706734, 0.3362385332584381], "part_b": 1, "part_a": 3}]}]}], "edges": [{"dist": 0.016747146982153606, "type": "ADJ", "part_b": 0, "part_a": 1}, {"dist": 0.017077220496188886, "type": "ADJ", "part_b": 0, "part_a": 2}, {"dist": 0.014999557874150478, "type": "ADJ", "part_b": 1, "part_a": 2}]}