{"id": 0, "label": "chair", "box": [0.0013227342860773206, 0.01603010855615139, 0.10191848874092102, 0.6878777146339417, 1.7241523265838623, 0.718603253364563, 0.9999747276306152, -0.001882603857666254, 0.0068537043407559395, 0.0020371340215206146, 0.9997422695159912, -0.0226102527230978], "children": [{"id": 1, "label": "chair_back", "box": [-0.005446741357445717, 0.38892579078674316, -0.20715776085853577, 0.6819061636924744, 1.073292851448059, 0.13726462423801422, 0.9999329447746277, 0.010959173552691936, 0.0037464562337845564, -0.010923358611762524, 0.9998956918716431, -0.009450017474591732], "children": [{"id": 2, "label": "back_surface", "box": [0.011451885104179382, 0.3230694532394409, -0.22624939680099487, 0.5209195613861084, 0.7324202060699463, 0.1140192523598671, 0.9998841285705566, -0.014105149544775486, 0.00573367765173316, 0.014315891079604626, 0.999154269695282, -0.0385463573038578], "children": [{"id": 0, "label": "back_surface_vertical_bar", "box": [0.18262533843517303, 0.3287011981010437, -0.23052118718624115, 0.16311638057231903, 0.6348001956939697, 0.11370877921581268, 0.9994294047355652, -0.002421092940494418, 0.033690664917230606, 0.00303648691624403, 0.9998292922973633, -0.018226848915219307]}]}, {"id": 7, "label": "back_frame", "box": [-0.0013884352520108223, 0.391166627407074, -0.2074814885854721, 0.7719088196754456, 0.9834288954734802, 0.151918426156044, 0.999986469745636, 0.0009111635736189783, -0.005123226437717676, -0.0010588231962174177, 0.9995819330215454, -0.02889316715300083], "children": [{"id": 0, "label": "back_frame_vertical_bar", "box": [0.2858235239982605, 0.3475567400455475, -0.1891290545463562, 0.13541434705257416, 0.8163080811500549, 0.13435126841068268, 0.9998136758804321, -0.012157495133578777, -0.014995348639786243, 0.011799552477896214, 0.9996487498283386, -0.023732148110866547]}, {"id": 0, "label": "back_frame_vertical_bar", "box": [-0.2809113562107086, 0.3408048152923584, -0.20567651093006134, 0.1229955404996872, 0.8242389559745789, 0.14172932505607605, 0.9992354512214661, 0.001686135190539062, 0.039060648530721664, -0.0011832331074401736, 0.9999161958694458, -0.012894448824226856]}, {"id": 0, "label": "back_frame_horizontal_bar", "box": [-0.003534920746460557, 0.7341779470443726, -0.21484318375587463, 0.7540412545204163, 0.22119943797588348, 0.16140954196453094, 0.9999585747718811, -0.001192199531942606, -0.009023196995258331, 0.0012558968737721443, 0.9999743103981018, 0.007056910544633865]}], "edges": [{"part_a": 0, "part_b": 1, "type": "ROT_SYM"}, {"part_a": 0, "part_b": 1, "type": "TRANS_SYM"}, {"part_a": 0, "part_b": 1, "type": "REF_SYM"}, {"part_a": 0, "part_b": 2, "type": "ADJ"}, {"part_a": 1, "part_b": 0, "type": "ROT_SYM"}, {"part_a": 1, "part_b": 0, "type": "TRANS_SYM"}, {"part_a": 1, "part_b": 0, "type": "REF_SYM"}, {"part_a": 1, "part_b": 2, "type": "ADJ"}, {"part_a": 2, "part_b": 0, "type": "ADJ"}, {"part_a": 2, "part_b": 1, "type": "ADJ"}]}], "edges": [{"part_a": 0, "part_b": 1, "type": "ADJ"}, {"part_a": 1, "part_b": 0, "type": "ADJ"}]}, {"id": 9, "label": "chair_seat", "box": [-0.002913522766903043, -0.11508839577436447, 0.11042017489671707, 0.7218777537345886, 0.1610361784696579, 0.716907262802124, 0.9999635815620422, 0.006651525851339102, 0.005354739725589752, -0.006701081059873104, 0.9999344348907471, 0.009290349669754505], "children": [{"id": 12, "label": "seat_support", "box": [0.0009260677616111934, -0.1204637885093689, 0.1077781692147255, 0.7078753113746643, 0.13240373134613037, 0.7310615181922913, 0.9998675584793091, 0.00666752690449357, 0.014849373139441013, -0.006826821714639664, 0.9999194145202637, 0.010702673345804214]}, {"id": 10, "label": "seat_surface", "box": [0.007251661736518145, -0.05057181790471077, 0.10401290655136108, 0.7419455647468567, 0.10212414711713791, 0.7429711818695068, 0.9999480247497559, 0.0019346796907484531, 0.010013226419687271, -0.002039829269051552, 0.9999427795410156, 0.010501543059945107], "children": [{"id": 11, "label": "seat_single_surface", "box": [0.007115565240383148, -0.04702670872211456, 0.09361536800861359, 0.7091071009635925, 0.10656733065843582, 0.698672890663147, 0.9999957084655762, -0.002055221004411578, -0.002089038025587797, 0.0020429736468940973, 0.9999808073043823, -0.005847965367138386]}]}], "edges": [{"part_a": 0, "part_b": 1, "type": "ADJ"}, {"part_a": 1, "part_b": 0, "type": "ADJ"}]}, {"id": 13, "label": "chair_base", "box": [0.002299228450283408, -0.49215346574783325, 0.1070004403591156, 0.6944790482521057, 0.6825986504554749, 0.6808449625968933, 0.9999987483024597, -0.001588190090842545, -0.00024303917598444968, 0.0015873686643317342, 0.9999931454658508, -0.0033433723729103804], "children": [{"id": 14, "label": "regular_leg_base", "box": [-0.0031027228105813265, -0.4952913224697113, 0.11016970127820969, 0.6917453408241272, 0.6960189342498779, 0.6909133195877075, 0.9999997019767761, 0.000784526695497334, -0.00019266254093963653, -0.0007841879269108176, 0.999998152256012, 0.0017520883120596409], "children": [{"id": 15, "label": "leg", "box": [-0.2931717038154602, -0.5064337849617004, -0.1847100853919983, 0.09348441660404205, 0.7066705822944641, 0.08665446937084198, 0.9999162554740906, -0.006908819079399109, -0.010946800000965595, 0.007126923650503159, 0.9997743368148804, 0.02001197449862957]}, {"id": 18, "label": "leg", "box": [-0.2986430823802948, -0.5045852661132812, 0.4145892858505249, 0.0969228744506836, 0.7020062208175659, 0.09485310316085815, 0.999930739402771, -0.005509714130312204, 0.010398936457931995, 0.005542452447116375, 0.9999797940254211, -0.003122073831036687]}, {"id": 16, "label": "leg", "box": [0.2805774211883545, -0.5094283819198608, -0.18197564780712128, 0.0982682853937149, 0.6865519881248474, 0.09019581228494644, 0.999553918838501, 0.002098129130899906, 0.029793163761496544, -0.0024521660525351763, 0.9999268054962158, 0.011851604096591473]}, {"id": 17, "label": "leg", "box": [0.3032291531562805, -0.5001539587974548, 0.39831221103668213, 0.09642715007066727, 0.7003248929977417, 0.09163836389780045, 0.9998226165771484, 0.005416275933384895, -0.018038615584373474, -0.005418908782303333, 0.9999853372573853, -9.707770368549973e-05]}], "edges": [{"part_a": 0, "part_b": 1, "type": "ROT_SYM"}, {"part_a": 0, "part_b": 1, "type": "TRANS_SYM"}, {"part_a": 0, "part_b": 1, "type": "REF_SYM"}, {"part_a": 0, "part_b": 2, "type": "ROT_SYM"}, {"part_a": 0, "part_b": 2, "type": "TRANS_SYM"}, {"part_a": 0, "part_b": 2, "type": "REF_SYM"}, {"part_a": 0, "part_b": 3, "type": "ROT_SYM"}, {"part_a": 0, "part_b": 3, "type": "TRANS_SYM"}, {"part_a": 0, "part_b": 3, "type": "REF_SYM"}, {"part_a": 1, "part_b": 0, "type": "ROT_SYM"}, {"part_a": 1, "part_b": 0, "type": "TRANS_SYM"}, {"part_a": 1, "part_b": 0, "type": "REF_SYM"}, {"part_a": 1, "part_b": 2, "type": "ROT_SYM"}, {"part_a": 1, "part_b": 2, "type": "TRANS_SYM"}, {"part_a": 1, "part_b": 2, "type": "REF_SYM"}, {"part_a": 1, "part_b": 3, "type": "ROT_SYM"}, {"part_a": 1, "part_b": 3, "type": "TRANS_SYM"}, {"part_a": 1, "part_b": 3, "type": "REF_SYM"}, {"part_a": 2, "part_b": 0, "type": "ROT_SYM"}, {"part_a": 2, "part_b": 0, "type": "TRANS_SYM"}, {"part_a": 2, "part_b": 0, "type": "REF_SYM"}, {"part_a": 2, "part_b": 1, "type": "ROT_SYM"}, {"part_a": 2, "part_b": 1, "type": "TRANS_SYM"}, {"part_a": 2, "part_b": 1, "type": "REF_SYM"}, {"part_a": 2, "part_b": 3, "type": "ROT_SYM"}, {"part_a": 2, "part_b": 3, "type": "TRANS_SYM"}, {"part_a": 2, "part_b": 3, "type": "REF_SYM"}, {"part_a": 3, "part_b": 0, "type": "ROT_SYM"}, {"part_a": 3, "part_b": 0, "type": "TRANS_SYM"}, {"part_a": 3, "part_b": 0, "type": "REF_SYM"}, {"part_a": 3, "part_b": 1, "type": "ROT_SYM"}, {"part_a": 3, "part_b": 1, "type": "TRANS_SYM"}, {"part_a": 3, "part_b": 1, "type": "REF_SYM"}, {"part_a": 3, "part_b": 2, "type": "ROT_SYM"}, {"part_a": 3, "part_b": 2, "type": "TRANS_SYM"}, {"part_a": 3, "part_b": 2, "type": "REF_SYM"}]}]}], "edges": [{"part_a": 0, "part_b": 1, "type": "ADJ"}, {"part_a": 1, "part_b": 0,