{"id": 0, "label": "chair", "box": [0.015417499467730522, 0.0417880043387413, 0.038123589009046555, 1.2825859785079956, 1.3323471546173096, 1.2422765493392944, 0.9999856948852539, 4.564982737065293e-05, 0.0053493911400437355, -4.8443354899063706e-05, 0.9999998807907104, 0.0005220858729444444], "children": [{"id": 1, "label": "chair_back", "box": [-0.005693085491657257, 0.22612078487873077, -0.3678576350212097, 1.0684226751327515, 0.7956673502922058, 0.3116503953933716, 0.9999197721481323, -0.01004753913730383, 0.007715233601629734, 0.01073154155164957, 0.9954726696014404, -0.09444037824869156], "children": [{"id": 2, "label": "back_surface", "box": [-0.013133586384356022, 0.22698500752449036, -0.38115108013153076, 1.0643810033798218, 0.7439929246902466, 0.263162761926651, 0.99998939037323, -0.0024429578334093094, 0.003907063510268927, 0.002795036183670163, 0.9956802725791931, -0.09280665218830109], "children": [{"id": 3, "label": "back_single_surface", "box": [-0.0011271159164607525, 0.218828946352005, -0.35778093338012695, 1.0510536432266235, 0.8036489486694336, 0.26172783970832825, 0.9999920725822449, 0.0005632094107568264, 0.003948732744902372, -0.00018491402443032712, 0.9954624772071838, -0.09515490382909775]}]}]}, {"id": 6, "label": "chair_arm", "box": [-0.523213267326355, 0.08988185971975327, 0.10754530876874924, 0.2374483048915863, 0.7423893809318542, 1.0796600580215454, 0.9984606504440308, 0.04368119686841965, 0.03418105095624924, -0.04314826428890228, 0.998937726020813, -0.01617707684636116], "children": [{"id": 7, "label": "arm_sofa_style", "box": [-0.5251678228378296, 0.06601293385028839, 0.09857470542192459, 0.21480034291744232, 0.755393385887146, 1.0526328086853027, 0.9989399909973145, 0.03727506846189499, 0.027009382843971252, -0.03695831820368767, 0.9992431402206421, -0.01213342510163784]}]}, {"id": 4, "label": "chair_arm", "box": [0.5136117339134216, 0.08264969289302826, 0.08285331726074219, 0.24118293821811676, 0.7995738983154297, 1.1034698486328125, 0.9991456866264343, -0.037800077348947525, -0.016706742346286774, 0.037750937044620514, 0.9992818832397461, -0.0032470484729856253], "children": [{"id": 5, "label": "arm_sofa_style", "box": [0.49609896540641785, 0.06060510128736496, 0.07570008188486099, 0.23360146582126617, 0.7465069890022278, 1.0950568914413452, 0.9993653893470764, -0.033807750791311264, -0.011216881684958935, 0.033833228051662445, 0.9994252920150757, 0.0020893688779324293]}]}, {"id": 8, "label": "chair_seat", "box": [0.018844710662961006, -0.04460752755403519, 0.15350063145160675, 0.9080764055252075, 0.2630668580532074, 0.8855572938919067, 0.9999875426292419, -0.002604034496471286, -0.0042614103294909, 0.0027514956891536713, 0.9993845224380493, 0.03497190773487091], "children": [{"id": 9, "label": "seat_surface", "box": [-0.005432745907455683, -0.026108738034963608, 0.15471220016479492, 0.9036464691162109, 0.25403696298599243, 0.8216241002082825, 0.9999891519546509, -0.003662962233647704, -0.0028823046013712883, 0.0037618260830640793, 0.9993775486946106, 0.03507712855935097], "children": [{"id": 10, "label": "seat_single_surface", "box": [-0.003997585736215115, -0.007443816401064396, 0.1682775765657425, 0.892798125743866, 0.25931301712989807, 0.8272995948791504, 0.9999774098396301, 0.005600554868578911, -0.003724976908415556, -0.005534730385988951, 0.9998323917388916, 0.01745256781578064]}]}]}, {"id": 11, "label": "chair_base", "box": [-0.0012126074871048331, -0.33642661571502686, 0.037472520023584366, 1.1896659135818481, 0.4205222427845001, 1.145085096359253, 0.99944007396698, -0.0046213241294026375, -0.03313947468996048, 0.003028100123628974, 0.9988443851470947, -0.04796633496880531]}], "edges": [{"part_a": 0, "part_b": 1, "type": "ADJ"}, {"part_a": 0, "part_b": 2, "type": "ADJ"}, {"part_a": 0, "part_b": 3, "type": "ADJ"}, {"part_a": 1, "part_b": 0, "type": "ADJ"}, {"part_a": 1, "part_b": 2, "type": "ROT_SYM"}, {"part_a": 1, "part_b": 2, "type": "REF_SYM"}, {"part_a": 1, "part_b": 3, "type": "ADJ"}, {"part_a": 1, "part_b": 4, "type": "ADJ"}, {"part_a": 2, "part_b": 0, "type": "ADJ"}, {"part_a": 2, "part_b": 1, "type": "ROT_SYM"}, {"part_a": 2, "part_b": 1, "type": "TRANS_SYM"}, {"part_a": 2, "part_b": 1, "type": "REF_SYM"}, {"part_a": 2, "part_b": 3, "type": "ADJ"}, {"part_a": 2, "part_b": 4, "type": "ADJ"}, {"part_a": 3, "part_b": 0, "type": "ADJ"}, {"part_a": 3, "part_b": 1, "type": "ADJ"}, {"part_a": 3, "part_b": 2, "type": "ADJ"}, {"part_a": 3, "part_b": 4, "type": "ADJ"}, {"part_a": 4, "part_b": 1, "type": "ADJ"}, {"part_a": 4, "part_b": 2, "type": "ADJ"}, {"part_a": 4, "part_b": 3, "type": "ADJ"}]}