{"id": 0, "label": "chair", "box": [0.0006608552066609263, -0.05281606689095497, 0.08700045943260193, 1.0105211734771729, 1.3119105100631714, 1.0741162300109863, 0.9999905228614807, 0.0020372828003019094, 0.003845969680696726, -0.0019260735716670752, 0.9995861649513245, -0.028701327741146088], "children": [{"id": 1, "label": "chair_back", "box": [0.004281092435121536, 0.2500538229942322, -0.29826435446739197, 0.8698088526725769, 0.8121702075004578, 0.17972105741500854, 0.9999455809593201, -0.009545194916427135, 0.004209416918456554, 0.010121999308466911, 0.9853862524032593, -0.1700340062379837], "children": [{"id": 2, "label": "back_surface", "box": [-0.009901615791022778, 0.24978703260421753, -0.31617680191993713, 0.8475199341773987, 0.7786511778831482, 0.14142730832099915, 0.9999806880950928, -0.005916228983551264, 0.0019031594274565578, 0.006139078177511692, 0.9879988431930542, -0.15433922410011292], "children": [{"id": 3, "label": "back_single_surface", "box": [-0.005359371192753315, 0.23234349489212036, -0.30325832962989807, 0.8580844402313232, 0.7779111266136169, 0.17365674674510956, 0.9999907612800598, -0.0023405535612255335, 0.003613291308283806, 0.0028922301717102528, 0.9869272708892822, -0.16114047169685364]}]}]}, {"id": 4, "label": "chair_arm", "box": [0.420311838388443, 0.02255195379257202, 0.09921205788850784, 0.1587180495262146, 0.5114519596099854, 0.8234423995018005, 0.9998428821563721, 0.013795040547847748, 0.011133150197565556, -0.013444184325635433, 0.9994291067123413, -0.03099692612886429], "children": [{"id": 7, "label": "arm_near_vertical_bar", "box": [0.45213770866394043, -0.024276969954371452, -0.23099467158317566, 0.12019774317741394, 0.40225693583488464, 0.15444080531597137, 0.9991270303726196, -0.03555096685886383, 0.021938055753707886, 0.03332611173391342, 0.9949598908424377, 0.09457405656576157]}, {"id": 5, "label": "arm_horizontal_bar", "box": [0.4543778896331787, 0.17866069078445435, 0.09097161144018173, 0.12251027673482895, 0.13498073816299438, 0.8336872458457947, 0.9996674656867981, 0.0032651827204972506, -0.02558046765625477, -0.004168023355305195, 0.999367356300354, -0.03532072529196739]}, {"id": 6, "label": "arm_near_vertical_bar", "box": [0.40537428855895996, -0.010505308397114277, -0.2947758138179779, 0.10395462810993195, 0.35756915807724, 0.10484658181667328, 0.9994895458221436, -0.010535405948758125, 0.03016161173582077, 0.008072535507380962, 0.9967103600502014, 0.08064331859350204]}], "edges": [{"part_a": 0, "part_b": 1, "type": "ADJ"}, {"part_a": 1, "part_b": 0, "type": "ADJ"}, {"part_a": 2, "part_b": 1, "type": "ADJ"}]}, {"id": 8, "label": "chair_arm", "box": [-0.374697744846344, 0.022592633962631226, 0.11549151688814163, 0.23249594867229462, 0.44934073090553284, 0.8638826608657837, 0.9990829825401306, 0.010743362829089165, 0.04144613817334175, -0.011527115479111671, 0.9997583627700806, 0.01871774159371853], "children": [{"id": 9, "label": "arm_horizontal_bar", "box": [-0.4298296272754669, 0.1304706186056137, 0.1314646601676941, 0.10498262196779251, 0.12018437683582306, 0.7398604154586792, 0.999569833278656, -0.0009507407667115331, 0.029312804341316223, 0.0012608481338247657, 0.9999434351921082, -0.010562578216195107]}, {"id": 11, "label": "arm_near_vertical_bar", "box": [-0.4608091115951538, -0.0017268942901864648, 0.5387956500053406, 0.10958722978830338, 0.38831835985183716, 0.11086709797382355, 0.9997872710227966, 0.008388238027691841, 0.01884164847433567, -0.007925153709948063, 0.9996679425239563, -0.02451932057738304]}, {"id": 10, "label": "arm_near_vertical_bar", "box": [-0.4651075303554535, -0.04674304276704788, -0.26173582673072815, 0.10672668367624283, 0.40155914425849915, 0.13665002584457397, 0.9995862245559692, 0.005393812898546457, 0.02825380116701126, -0.0083455266430974, 0.9943928718566895, 0.1054195761680603]}, {"id": 0, "label": "arm_horizontal_bar", "box": [-0.4541283845901489, 0.19625873863697052, 0.09298177063465118, 0.13328321278095245, 0.12269073724746704, 0.868252694606781, 0.9997434020042419, 0.0007940682698972523, 0.02263849414885044, -0.0007755635888315737, 0.9999993443489075, -0.0008261680486612022]}], "edges": [{"part_a": 1, "part_b": 3, "type": "ADJ"}, {"part_a": 3, "part_b": 1, "type": "ADJ"}]}, {"id": 12, "label": "chair_seat", "box": [0.007513369433581829, -0.13138706982135773, 0.16234537959098816, 0.9084202647209167, 0.2044045627117157, 0.8191652894020081, 0.9999747276306152, 0.005775094963610172, 0.0041481791995465755, -0.005665695294737816, 0.9996480345726013, -0.02591739222407341], "children": [{"id": 15, "label": "seat_frame", "box": [0.01225164532661438, -0.17888225615024567, 0.12827402353286743, 0.9766569137573242, 0.1370329111814499, 0.769094705581665, 0.9999887347221375, -0.0035693759564310312, 0.00312607130035758, 0.003718149848282337, 0.9987940788269043, -0.04895492270588875], "children": [{"id": 16, "label": "seat_frame_bar", "box": [0.454807311296463, -0.1560327708721161, 0.1158900037407875, 0.08641340583562851, 0.12263699620962143, 0.8056990504264832, 0.9996266961097717, 0.024730900302529335, -0.011614246293902397, -0.025120211765170097, 0.9990832805633545, -0.03466465696692467]}, {"id": 17, "label": "seat_frame_bar", "box": [-0.44971543550491333, -0.16174450516700745, 0.12244836241006851, 0.09658484160900116, 0.10188920050859451, 0.7977770566940308, 0.9997435808181763, -0.013189984485507011, 0.018407532945275307, 0.013688226230442524, 0.9995360374450684, -0.027209050953388214]}], "edges": [{"part_a": 0, "part_b": 1, "type": "ROT_SYM"}, {"part_a": 0, "part_b": 1, "type": "TRANS_SYM"}, {"part_a": 0, "part_b": 1, "type": "REF_SYM"}, {"part_a": 1, "part_b": 0, "type": "ROT_SYM"}, {"part_a": 1, "part_b": 0, "type": "TRANS_SYM"}, {"part_a": 1, "part_b": 0, "type": "REF_SYM"}]}, {"id": 13, "label": "seat_surface", "box": [-0.0019477562746033072, -0.11565806716680527, 0.15933094918727875, 0.9207333326339722, 0.13099324703216553, 0.8276819586753845, 0.999958336353302, 0.003356693312525749, -0.008487086743116379, -0.0034186122938990593, 0.9999675750732422, -0.007291714660823345], "children": [{"id": 14, "label": "seat_single_surface", "box": [0.0075942110270261765, -0.0867997407913208, 0.15537668764591217, 0.8929141759872437, 0.14448247849941254, 0.863117516040802, 0.9999809861183167, 0.00544290104880929, -0.0028997701592743397, -0.005436369217932224, 0.9999827146530151, 0.0022558332420885563]}]}], "edges": [{"part_a": 0, "part_b": 1, "type": "ADJ"}, {"part_a": 1, "part_b": 0, "type": "ADJ"}]}, {"id": 18, "label": "chair_base", "box": [-0.001073156949132681, -0.40457966923713684, 0.07783036679029465, 0.970088541507721, 0.6529747843742371, 0.9521418809890747, 0.9999796748161316, -0.004569299053400755, -0.004453133326023817, 0.004545524716377258, 0.9999754428863525, -0.005334404297173023], "children": [{"id": 19, "label": "regular_leg_base", "box": [-0.0019193529151380062, -0.4206671714782715, 0.06890849024057388, 0.9623677134513855, 0.613182544708252, 0.9937750101089478, 0.9999853372573853, 0.005089521873742342, 0.0018610531697049737, -0.0050943829119205475, 0.9999836087226868, 0.00261671026237309], "children": [{"id": 20, "label": "leg", "box": [-0.42180705070495605, -0.4313260614871979, -0.3383581340312958, 0.08870677649974823, 0.612578272819519, 0.12372318655252457, 0.9995868802070618, -0.02727866917848587, -0.009055029600858688, 0.02849082462489605, 0.9819681644439697, 0.18688718974590302]}, {"id": 23, "label": "leg", "box": [-0.4475120007991791, -0.4265424311161041, 0.5181859135627747, 0.09022818505764008, 0.6013714075088501, 0.11365566402673721, 0.998842716217041, -0.015836592763662338, 0.04541422426700592, 0.017856959253549576, 0.9988527894020081, -0.044432517141103745]}, {"id": 21, "label": "leg", "box": [0.4265359044075012, -0.43271908164024353, -0.34730854630470276, 0.09021563082933426, 0.601825475692749, 0.11410006135702133, 0.999306857585907, 0.015533535741269588, 0.033831365406513214, -0.021746665239334106, 0.9811846017837524, 0.1918434202671051]}, {"id": 22,