{"id": 0, "label": "chair", "box": [0.0008890235330909491, -0.083701953291893, 0.06015290692448616, 0.8922392129898071, 1.4137879610061646, 0.8921244740486145, 0.9999711513519287, -0.007428651209920645, -0.0015708737773820758, 0.0073809134773910046, 0.9995671510696411, -0.028477733954787254], "children": [{"id": 1, "label": "chair_back", "box": [-0.00600781524553895, 0.23648926615715027, -0.23283760249614716, 0.8884097337722778, 0.8473570942878723, 0.2093198299407959, 0.9999858140945435, -0.004911038093268871, -0.0020655416883528233, 0.0046486621722579, 0.9936909675598145, -0.1120566874742508], "children": [{"id": 2, "label": "back_surface", "box": [-0.008551664650440216, 0.24458487331867218, -0.25760316848754883, 0.865247368812561, 0.8730986714363098, 0.19396920502185822, 0.999991238117218, -0.003447159193456173, -0.0023758721072226763, 0.003114731051027775, 0.9917706251144409, -0.12798987329006195], "children": [{"id": 3, "label": "back_single_surface", "box": [0.0003925747878383845, 0.24054574966430664, -0.26034781336784363, 0.8335320949554443, 0.8746588230133057, 0.17673148214817047, 0.9999818801879883, 0.0013221657136455178, 0.005871551111340523, -0.0006699383957311511, 0.993961751461029, -0.1097249910235405]}]}]}, {"id": 6, "label": "chair_arm", "box": [-0.3779054582118988, 0.0705864205956459, 0.1274707317352295, 0.1400660276412964, 0.37126293778419495, 0.6845895648002625, 0.9945500493049622, 0.08299683779478073, 0.06310086697340012, -0.08363711088895798, 0.9964675307273865, 0.007569465320557356], "children": [{"id": 7, "label": "arm_sofa_style", "box": [-0.41417595744132996, 0.08391440659761429, 0.12796121835708618, 0.11008408665657043, 0.3770027458667755, 0.6793920993804932, 0.9982998967170715, 0.04421548917889595, 0.037978675216436386, -0.045899126678705215, 0.9979469776153564, 0.044666726142168045]}]}, {"id": 4, "label": "chair_arm", "box": [0.37484845519065857, 0.07040940225124359, 0.11776087433099747, 0.14597754180431366, 0.3985021710395813, 0.6979042887687683, 0.9982272386550903, -0.051334820687770844, -0.030119411647319794, 0.05191434919834137, 0.9984748959541321, 0.01878485269844532], "children": [{"id": 5, "label": "arm_sofa_style", "box": [0.3665592074394226, 0.07097190618515015, 0.10991737246513367, 0.1384361982345581, 0.36876192688941956, 0.6299315094947815, 0.9978458285331726, -0.0633610188961029, -0.017004070803523064, 0.06380753964185715, 0.9975929856300354, 0.027145516127347946]}]}, {"id": 8, "label": "chair_seat", "box": [-0.0003042258322238922, -0.07830072939395905, 0.10641727596521378, 0.7722814679145813, 0.23660452663898468, 0.7405556440353394, 0.9997707009315491, 0.02140015922486782, 0.0007820512400940061, -0.021390946581959724, 0.9997178316116333, -0.010333079844713211], "children": [{"id": 9, "label": "seat_surface", "box": [0.005920071620494127, -0.11582520604133606, 0.14233383536338806, 0.6249942779541016, 0.06001598387956619, 0.5782549977302551, 0.999879002571106, -0.013028577901422977, 0.008503956720232964, 0.013254190795123577, 0.9995465874671936, -0.027036447077989578], "children": [{"id": 10, "label": "seat_single_surface", "box": [-0.0037471179384738207, -0.08940140157938004, 0.12731848657131195, 0.7705122232437134, 0.08662774413824081, 0.6788069605827332, 0.9999931454658508, -0.0031474733259528875, 0.0019599872175604105, 0.0031617647036910057, 0.9999681115150452, -0.007331663277000189]}]}, {"id": 0, "label": "seat_surface", "box": [-0.003886180929839611, -0.09704660624265671, 0.12912937998771667, 0.7440233826637268, 0.1147720068693161, 0.758246898651123, 0.9999364018440247, 0.00957601610571146, -0.005957754794508219, -0.009517799131572247, 0.9999074339866638, 0.009724433533847332], "children": [{"id": 0, "label": "seat_single_surface", "box": [-0.00022106803953647614, -0.09541982412338257, 0.13543353974819183, 0.7613219618797302, 0.13316403329372406, 0.7565948367118835, 0.9999918341636658, -0.0007355858106166124, -0.003972827922552824, 0.0007132752798497677, 0.9999839663505554, -0.005614280700683594]}]}], "edges": [{"part_a": 0, "part_b": 1, "type": "ADJ"}]}, {"id": 13, "label": "chair_base", "box": [0.005759963300079107, -0.4514099657535553, 0.07613219320774078, 0.8461207747459412, 0.6502413749694824, 0.8652108907699585, 0.9999858140945435, -0.004609028808772564, 0.002667397726327181, 0.004608677700161934, 0.99998939037323, 0.0001377784356009215], "children": [{"id": 14, "label": "regular_leg_base", "box": [0.0024378772359341383, -0.4657483398914337, 0.08044356852769852, 0.8425390124320984, 0.6651118993759155, 0.8728170394897461, 0.9999775886535645, -0.0006644985405728221, 0.00666102534160018, 0.0006513240514323115, 0.9999978542327881, 0.0019798227585852146], "children": [{"id": 18, "label": "leg", "box": [-0.3603470027446747, -0.47037273645401, -0.26691827178001404, 0.09118757396936417, 0.6547585725784302, 0.09780977666378021, 0.9990209937095642, -0.01992061734199524, -0.03949965909123421, 0.02520263008773327, 0.9900987148284912, 0.1380917727947235]}, {"id": 15, "label": "leg", "box": [-0.3764452338218689, -0.4567377269268036, 0.45864254236221313, 0.09019747376441956, 0.6558437347412109, 0.10201042890548706, 0.9991418123245239, -0.015950754284858704, 0.03822661191225052, 0.016859307885169983, 0.9995801448822021, -0.02356426790356636]}, {"id": 17, "label": "leg", "box": [0.35405921936035156, -0.4648924767971039, -0.26934266090393066, 0.08844263106584549, 0.6550433039665222, 0.09406831115484238, 0.9972240328788757, 0.00909238588064909, 0.07390259206295013, -0.018214905634522438, 0.992149829864502, 0.1237214133143425]}, {"id": 16, "label": "leg", "box": [0.3770122528076172, -0.46209192276000977, 0.46688714623451233, 0.0818084180355072, 0.6441569924354553, 0.09858674556016922, 0.9988375306129456, 0.013254420831799507, -0.04634510353207588, -0.01479859184473753, 0.9993413090705872, -0.03313617408275604]}], "edges": [{"part_a": 0, "part_b": 1, "type": "ROT_SYM"}, {"part_a": 0, "part_b": 1, "type": "TRANS_SYM"}, {"part_a": 0, "part_b": 1, "type": "REF_SYM"}, {"part_a": 0, "part_b": 2, "type": "ROT_SYM"}, {"part_a": 0, "part_b": 2, "type": "TRANS_SYM"}, {"part_a": 0, "part_b": 2, "type": "REF_SYM"}, {"part_a": 0, "part_b": 3, "type": "ROT_SYM"}, {"part_a": 0, "part_b": 3, "type": "TRANS_SYM"}, {"part_a": 0, "part_b": 3, "type": "REF_SYM"}, {"part_a": 1, "part_b": 0, "type": "ROT_SYM"}, {"part_a": 1, "part_b": 0, "type": "TRANS_SYM"}, {"part_a": 1, "part_b": 0, "type": "REF_SYM"}, {"part_a": 1, "part_b": 2, "type": "ROT_SYM"}, {"part_a": 1, "part_b": 2, "type": "TRANS_SYM"}, {"part_a": 1, "part_b": 2, "type": "REF_SYM"}, {"part_a": 1, "part_b": 3, "type": "ROT_SYM"}, {"part_a": 1, "part_b": 3, "type": "TRANS_SYM"}, {"part_a": 1, "part_b": 3, "type": "REF_SYM"}, {"part_a": 2, "part_b": 0, "type": "ROT_SYM"}, {"part_a": 2, "part_b": 0, "type": "TRANS_SYM"}, {"part_a": 2, "part_b": 0, "type": "REF_SYM"}, {"part_a": 2, "part_b": 1, "type": "ROT_SYM"}, {"part_a": 2, "part_b": 1, "type": "TRANS_SYM"}, {"part_a": 2, "part_b": 1, "type": "REF_SYM"}, {"part_a": 2, "part_b": 3, "type": "ROT_SYM"}, {"part_a": 2, "part_b": 3, "type": "TRANS_SYM"}, {"part_a": 2, "part_b": 3, "type": "REF_SYM"}, {"part_a": 3, "part_b": 0, "type": "ROT_SYM"}, {"part_a": 3, "part_b": 0, "type": "TRANS_SYM"}, {"part_a": 3, "part_b": 0, "type": "REF_SYM"}, {"part_a": 3, "part_b": 1, "type": "ROT_SYM"}, {"part_a": 3, "part_b": 1, "type": "TRANS_SYM"}, {"part_a": 3, "part_b": 1, "type": "REF_SYM"}, {"part_a": 3, "part_b": 2, "type": "ROT_SYM"}, {"part_a": 3, "part_b": 2, "type": "TRANS_SYM"}, {"part_a": 3, "part_b": 2, "type": "REF_SYM"}]}]}], "edges": [{"part_a": 0, "part_b": 1, "type": "ADJ"}, {"part_a": 0, "part_b": 2, "type": "ADJ"}, {"part_a": 0, "part_b": 3, "type": "ADJ"}, {"part_a": 0, "part_b": 4, "type": "ADJ"}, {"part_a": 1, "part_b": 0, "type": "ADJ"}, {"part_a": 1, "part_b": 2, "type": "ROT_SYM"}, {"part_a": 1, "part_b": 2, "type": "TRANS_SYM"}, {"part_a": 1, "part_b": 2, "type": "REF_SYM"}, {"part_a": 1, "part_b": 3,