{"id": 0, "label": "chair", "box": [-0.01626068353652954, -0.021729644387960434, -0.0035067361313849688, 1.0393093824386597, 1.3432649374008179, 1.9312819242477417, 0.00016132177552208304, -0.21686120331287384, -0.9762024283409119, 6.056000643184234e-07, -0.9762024283409119, 0.21686120331287384], "children": [{"id": 1, "label": "chair_back", "box": [0.015707535669207573, 0.2548767328262329, -0.3778388500213623, 0.33066579699516296, 0.7398040294647217, 1.638517141342163, -0.030489202588796616, 0.6434019804000854, 0.7649211287498474, -0.013657118193805218, -0.7654736042022705, 0.6433223485946655], "children": [{"id": 2, "label": "back_surface", "box": [0.015707535669207573, 0.2548767328262329, -0.3778388500213623, 0.33066579699516296, 0.7398040294647217, 1.638517141342163, -0.030489202588796616, 0.6434019804000854, 0.7649211287498474, -0.013657118193805218, -0.7654736042022705, 0.6433223485946655], "children": [{"id": 3, "label": "back_single_surface", "box": [0.015707535669207573, 0.2548767328262329, -0.3778388500213623, 0.33066579699516296, 0.7398040294647217, 1.638517141342163, -0.030489202588796616, 0.6434019804000854, 0.7649211287498474, -0.013657118193805218, -0.7654736042022705, 0.6433223485946655]}]}]}, {"id": 4, "label": "chair_arm", "box": [0.7504773736000061, 0.090858094394207, 0.15851639211177826, 0.09881380945444107, 0.35470303893089294, 0.6252079010009766, 0.21076367795467377, -0.9578925371170044, -0.19498848915100098, 0.9673415422439575, 0.23310798406600952, -0.09955428540706635], "children": [{"id": 5, "label": "arm_horizontal_bar", "box": [0.7504773736000061, 0.090858094394207, 0.15851639211177826, 0.09881380945444107, 0.35470303893089294, 0.6252079010009766, 0.21076367795467377, -0.9578925371170044, -0.19498848915100098, 0.9673415422439575, 0.23310798406600952, -0.09955428540706635]}]}, {"id": 6, "label": "chair_arm", "box": [-0.7706315517425537, 0.11135430634021759, 0.11082912236452103, 0.11163809895515442, 0.33902397751808167, 0.6997358202934265, -0.2097194641828537, -0.9434364438056946, -0.2567983567714691, 0.956142008304596, -0.2528073787689209, 0.14792199432849884], "children": [{"id": 7, "label": "arm_horizontal_bar", "box": [-0.7706315517425537, 0.11135430634021759, 0.11082912236452103, 0.11163809895515442, 0.33902397751808167, 0.6997358202934265, -0.2097194641828537, -0.9434364438056946, -0.2567983567714691, 0.956142008304596, -0.2528073787689209, 0.14792199432849884]}]}, {"id": 8, "label": "chair_seat", "box": [0.0014104631263762712, -0.05788490176200867, 0.07451070100069046, 0.42998984456062317, 1.06795072555542, 1.388489842414856, 0.01114096399396658, 0.9866266846656799, 0.16261518001556396, -0.05177928879857063, -0.1618378609418869, 0.9854579567909241], "children": [{"id": 9, "label": "seat_surface", "box": [-0.006913218647241592, -0.0026469302829355, 0.06180070713162422, 0.41197094321250916, 0.9996289014816284, 1.331451177597046, -0.05510992929339409, -0.9963091015815735, -0.06581105291843414, -0.045557692646980286, -0.06333354115486145, 0.9969520568847656], "children": [{"id": 10, "label": "seat_single_surface", "box": [-0.006913218647241592, -0.0026469302829355, 0.06180070713162422, 0.41197094321250916, 0.9996289014816284, 1.331451177597046, -0.05510992929339409, -0.9963091015815735, -0.06581105291843414, -0.045557692646980286, -0.06333354115486145, 0.9969520568847656]}]}, {"id": 11, "label": "seat_support", "box": [-0.003492087358608842, -0.10300204902887344, 0.15135270357131958, 0.3668513894081116, 0.8982350826263428, 1.3888843059539795, 0.006299999076873064, 0.9886373281478882, 0.15018849074840546, -0.04805527627468109, -0.14971861243247986, 0.9875601530075073]}], "edges": [{"part_a": 1, "dist": 0.00355101873892568, "type": "ADJ", "part_b": 0}]}, {"id": 12, "label": "chair_base", "box": [-0.016308289021253586, -0.32427361607551575, 0.015124780125916004, 0.5928725600242615, 0.8422690033912659, 1.3374119997024536, -1.5367855894510285e-06, -0.9999998211860657, -0.000590699550230056, -7.676081281715597e-07, -0.000590699550230056, 0.9999998211860657], "children": [{"id": 13, "label": "regular_leg_base", "box": [-0.016308289021253586, -0.32427361607551575, 0.015124780125916004, 0.5928725600242615, 0.8422690033912659, 1.3374119997024536, -1.5367855894510285e-06, -0.9999998211860657, -0.000590699550230056, -7.676081281715597e-07, -0.000590699550230056, 0.9999998211860657], "children": [{"id": 14, "label": "leg", "box": [-0.6751372218132019, -0.31844568252563477, 0.4256764352321625, 0.01928049325942993, 0.029817311093211174, 0.5808283686637878, -0.9998676180839539, 0.0004545988922473043, -0.016264069825410843, -0.016270216554403305, -0.022910451516509056, 0.999605119228363]}, {"id": 15, "label": "leg", "box": [-0.4985354244709015, -0.36715224385261536, -0.2776094079017639, 0.022329095751047134, 0.030855653807520866, 0.6502235531806946, -0.7410443425178528, 0.6412277221679688, -0.1991991400718689, -0.38694700598716736, -0.16537192463874817, 0.9071516394615173]}, {"id": 16, "label": "leg", "box": [0.4658544361591339, -0.36666563153266907, -0.2781570553779602, 0.022051027044653893, 0.023383725434541702, 0.6502612233161926, 0.8390422463417053, 0.5037490725517273, 0.205535888671875, 0.03898179158568382, -0.4324680268764496, 0.900806188583374]}, {"id": 17, "label": "leg", "box": [0.6425046324729919, -0.32194092869758606, 0.4257228374481201, 0.019257817417383194, 0.02867172285914421, 0.5874797105789185, 0.9956426024436951, 0.0008745420491322875, -0.09324703365564346, -0.09324508160352707, 0.020731696859002113, -0.9954273104667664]}, {"id": 18, "label": "runner", "box": [0.6426059007644653, -0.6086187958717346, 0.011199796572327614, 0.023667218163609505, 0.028516627848148346, 0.8337265253067017, 0.9714288711547852, 0.23728038370609283, -0.004892113618552685, 0.2373080998659134, -0.9714147448539734, 0.006189029198139906]}, {"id": 19, "label": "runner", "box": [-0.674037516117096, -0.6060416102409363, 0.012775695882737637, 0.024090059101581573, 0.03177414834499359, 0.8374522924423218, -0.9665573239326477, 0.2563609182834625, -0.00678719999268651, -0.25638407468795776, -0.9665709733963013, 0.002776529872789979]}, {"id": 20, "label": "runner", "box": [-0.01910749077796936, -0.6103881001472473, 0.05243238806724548, 0.01816418208181858, 0.01976730301976204, 1.3194310665130615, 1.734002580633387e-05, 0.17866212129592896, -0.9839105010032654, -0.00010303039016434923, -0.9839105010032654, -0.17866212129592896]}], "edges": [{"part_a": 4, "dist": 0.00774101940349455, "type": "ADJ", "part_b": 2}, {"part_a": 4, "dist": 0.008958484019898093, "type": "ADJ", "part_b": 3}, {"part_a": 5, "dist": 0.005030078010844068, "type": "ADJ", "part_b": 0}, {"part_a": 5, "dist": 0.0067383072911444165, "type": "ADJ", "part_b": 1}, {"part_a": 6, "dist": 0.00572817671517604, "type": "ADJ", "part_b": 4}, {"part_a": 6, "dist": 0.003979428272664487, "type": "ADJ", "part_b": 5}, {"params": [-0.016407787799835205, -0.36383217573165894, -0.27628493309020996, -0.9999998807907104, -0.0005015573115088046, -0.00014194901450537145], "part_a": 2, "dist": 0.009514120679086458, "type": "REF_SYM", "part_b": 1}, {"params": [-0.016040386632084846, -0.5621687173843384, -0.03722300007939339, -0.0008638394647277892, 0.9926267862319946, 0.12120772153139114, 2.144162178039551], "part_a": 2, "dist": 0.009637872761515101, "type": "ROT_SYM", "part_b": 1}, {"params": [-0.01618024706840515, -0.3181648254394531, 0.4261850118637085, -0.999990701675415, 0.004311125725507736, 7.000123150646687e-05], "part_a": 3, "dist": 0.010089410924626764, "type": "REF_SYM", "part_b": 0}, {"params": [-1.317652940750122, 0.0056806206703186035, 9.223818778991699e-05], "part_a": 3, "dist": 0.00953323625150871, "type": "TRANS_SYM", "part_b": 0}, {"params": [-0.0160394087433815, -0.32535937428474426, 2.929084300994873, 0.0028471413534134626, 0.9999902248382568, 0.0033672719728201628, 0.5147755742073059], "part_a": 3, "dist": 0.009575387508721686, "type": "ROT_SYM",