{"id": 0, "label": "chair", "box": [-0.0037500113248825073, -0.1561538726091385, 0.0626862421631813, 0.6486979722976685, 0.6990696787834167, 1.5307152271270752, -1.0, 6.123234262925839e-17, 1.5365928074124552e-33, 4.491831435721193e-18, 0.07335717976093292, 0.9973057508468628], "children": [{"id": 1, "label": "chair_back", "box": [-0.0028874550480395555, 0.24147310853004456, -0.22534562647342682, 0.14527982473373413, 0.5378764867782593, 0.6974858045578003, 0.0009973997948691249, -0.13712234795093536, -0.990553617477417, -0.9999995231628418, -0.00013676586968358606, -0.0009879785357043147], "children": [{"id": 2, "label": "back_surface", "box": [-0.0028874550480395555, 0.24147310853004456, -0.22534562647342682, 0.14527982473373413, 0.5378764867782593, 0.6974858045578003, 0.0009973997948691249, -0.13712234795093536, -0.990553617477417, -0.9999995231628418, -0.00013676586968358606, -0.0009879785357043147], "children": [{"id": 3, "label": "back_single_surface", "box": [-0.0028874550480395555, 0.24147310853004456, -0.22534562647342682, 0.14527982473373413, 0.5378764867782593, 0.6974858045578003, 0.0009973997948691249, -0.13712234795093536, -0.990553617477417, -0.9999995231628418, -0.00013676586968358606, -0.0009879785357043147]}]}]}, {"id": 4, "label": "chair_seat", "box": [-0.0037333250511437654, 0.06392088532447815, 0.11014676094055176, 0.3263518512248993, 0.5593227744102478, 0.6486984491348267, -2.1180612748139538e-06, 0.9999509453773499, 0.009907595813274384, -6.136786396382377e-05, -0.009907595813274384, 0.9999509453773499], "children": [{"id": 5, "label": "seat_surface", "box": [-0.0037333250511437654, 0.06392088532447815, 0.11014676094055176, 0.3263518512248993, 0.5593227744102478, 0.6486984491348267, -2.1180612748139538e-06, 0.9999509453773499, 0.009907595813274384, -6.136786396382377e-05, -0.009907595813274384, 0.9999509453773499], "children": [{"id": 6, "label": "seat_single_surface", "box": [-0.0037333250511437654, 0.06392088532447815, 0.11014676094055176, 0.3263518512248993, 0.5593227744102478, 0.6486984491348267, -2.1180612748139538e-06, 0.9999509453773499, 0.009907595813274384, -6.136786396382377e-05, -0.009907595813274384, 0.9999509453773499]}]}]}, {"id": 7, "label": "chair_base", "box": [-0.0037145018577575684, -0.4257865250110626, 0.07293200492858887, 0.6296200156211853, 0.6468830108642578, 0.9491890072822571, 0.0, 0.0, -1.0, -1.0, 1.8369701465288538e-16, 0.0], "children": [{"id": 8, "label": "regular_leg_base", "box": [-0.0037145018577575684, -0.4257865250110626, 0.07293200492858887, 0.6296200156211853, 0.6468830108642578, 0.9491890072822571, 0.0, 0.0, -1.0, -1.0, 1.8369701465288538e-16, 0.0], "children": [{"id": 9, "label": "leg", "box": [-0.21768499910831451, -0.5017170310020447, -0.21245600283145905, 0.05884400010108948, 0.05884400010108948, 0.797327995300293, 1.0, 6.123234262925839e-17, 0.0, 0.0, 0.0, 1.0]}, {"id": 10, "label": "leg", "box": [0.20928600430488586, -0.5017170310020447, -0.21245600283145905, 0.05884400010108948, 0.05884400010108948, 0.797327995300293, 1.0, 6.123234262925839e-17, 0.0, 0.0, 0.0, 1.0]}, {"id": 11, "label": "leg", "box": [-0.29491299390792847, -0.4257865250110626, 0.3554984927177429, 0.06448599696159363, 0.06448701024055481, 0.9491890072822571, 1.0, -1.8369701465288538e-16, 0.0, 0.0, 0.0, 1.0]}, {"id": 12, "label": "leg", "box": [0.28748399019241333, -0.4257865250110626, 0.3554984927177429, 0.06448599696159363, 0.06448701024055481, 0.9491890072822571, 1.0, -1.8369701465288538e-16, 0.0, 0.0, 0.0, 1.0]}, {"id": 13, "label": "bar_stretcher", "box": [0.24057655036449432, -0.4368405044078827, 0.0711328536272049, 0.031659964472055435, 0.031961992383003235, 0.5301579833030701, 0.9812429547309875, 0.1317698210477829, -0.1407088339328766, -0.13043555617332458, 0.9912803173065186, 0.01870427280664444]}, {"id": 14, "label": "bar_stretcher", "box": [-0.0037145018577575684, -0.43704506754875183, 0.36063352227211, 0.031967535614967346, 0.03196853771805763, 0.5179110169410706, 8.001213013287642e-18, 0.9914259314537048, -0.1306697130203247, 6.070733440319344e-17, -0.1306697130203247, -0.9914259314537048]}, {"id": 15, "label": "bar_stretcher", "box": [-0.2511345446109772, -0.4368405044078827, 0.07113286107778549, 0.031659822911024094, 0.03196199610829353, 0.5301579833030701, -0.9812470078468323, 0.13173922896385193, -0.14070941507816315, 0.13040532171726227, 0.9912844300270081, 0.018699688836932182]}], "edges": [{"part_b": 1, "dist": 0.002950032600449267, "type": "ADJ", "part_a": 4}, {"part_b": 3, "dist": 0.006214899585298745, "type": "ADJ", "part_a": 4}, {"part_b": 2, "dist": 0.004797171620129251, "type": "ADJ", "part_a": 5}, {"part_b": 3, "dist": 0.003527779731466986, "type": "ADJ", "part_a": 5}, {"part_b": 0, "dist": 0.006489500012066631, "type": "ADJ", "part_a": 6}, {"part_b": 2, "dist": 0.007023948365195313, "type": "ADJ", "part_a": 6}, {"params": [-0.004414193332195282, -0.4810847043991089, -0.21163222193717957, -0.9999277591705322, -0.012020669877529144, -0.00010933493467746302], "part_b": 0, "dist": 0.015551135900339151, "type": "REF_SYM", "part_a": 1}, {"params": [-0.4247824549674988, -0.005106538534164429, -4.6446919441223145e-05], "part_b": 0, "dist": 0.013323181936936646, "type": "TRANS_SYM", "part_a": 1}, {"params": [-0.004432382062077522, -0.48327213525772095, -0.13217471539974213, 0.0045340098440647125, 0.999979555606842, 0.004513485357165337, 2.4254963397979736], "part_b": 0, "dist": 0.018288291286179932, "type": "ROT_SYM", "part_a": 1}, {"params": [0.07706548273563385, -0.08607515692710876, -0.56773442029953], "part_b": 0, "dist": 0.021641297532253804, "type": "TRANS_SYM", "part_a": 2}, {"params": [-2.0210282802581787, -0.26556459069252014, -0.18110716342926025, 0.18090632557868958, 0.9821240901947021, -0.05201023072004318, 0.320548415184021], "part_b": 0, "dist": 0.03222272707998817, "type": "ROT_SYM", "part_a": 2}, {"params": [0.5018479228019714, -0.08096861839294434, -0.56768798828125], "part_b": 1, "dist": 0.021783103076677697, "type": "TRANS_SYM", "part_a": 2}, {"params": [-0.5461981296539307, -0.4663439691066742, -0.3705974519252777, 0.04509204253554344, 0.998414933681488, -0.033679861575365067, 1.033034086227417], "part_b": 1, "dist": 0.032398105036857104, "type": "ROT_SYM", "part_a": 2}, {"params": [-0.503021776676178, -0.08635270595550537, -0.5671643614768982], "part_b": 0, "dist": 0.021522598848888012, "type": "TRANS_SYM", "part_a": 3}, {"params": [0.6355141401290894, -0.4703407883644104, -0.4583214819431305, 0.050971969962120056, -0.9978947639465332, 0.04009802266955376, 0.8880926370620728], "part_b": 0, "dist": 0.031697531305770146, "type": "ROT_SYM", "part_a": 3}, {"params": [-0.07823935151100159, -0.08124616742134094, -0.5671179294586182], "part_b": 1, "dist": 0.02104559038181619, "type": "TRANS_SYM", "part_a": 3}, {"params": [3.503307580947876, 0.0829208493232727, -0.4282764792442322, 0.21173273026943207, -0.9750703573226929, 0.06638559699058533, 0.1729348599910736], "part_b": 1, "dist": 0.02633567234077661, "type": "ROT_SYM", "part_a": 3}, {"params": [-0.0038272589445114136, -0.39742404222488403, 0.35579392313957214, -0.999999463558197, -0.00047846054076217115, 0.0009827115572988987], "part_b": 2, "dist": 0.011916387104350707, "type": "REF_SYM", "part_a": 3}, {"params": [-0.5800873041152954, -0.00027754902839660645, 0.0005700588226318359], "part_b": 2, "dist": 0.01247161859647197, "type": "TRANS_SYM", "part_a": 3}, {"params": [-0.004246287513524294, -0.39700186252593994, -0.06947339326143265, 0.002007982460781932, -0.9999979734420776, 0.00015984168567229062, 1.197121500968933], "part_b": 2, "dist": 0.015295273701662252, "type": "ROT_SYM", "part_a": 3}, {"params": [0.11895827203989029, -0.43709343671798706, 0.2164405882358551, 0.6447427868843079, -0.0007420745096169412, -0.7643992304801941], "part_b": 4, "dist": 0.015368262616168193, "type": "REF_SYM",