{"id": 0, "label": "chair", "box": [-0.007791326381266117, -0.08379665017127991, 0.04091176763176918, 1.0349849462509155, 1.0504283905029297, 1.3176313638687134, -0.9999982118606567, -5.2228544518584386e-05, 0.001892103347927332, 0.001891924999654293, 0.0032260764855891466, 0.9999930262565613], "children": [{"id": 1, "label": "chair_back", "box": [0.005518311634659767, 0.18258750438690186, -0.31807729601860046, 0.22706475853919983, 0.8164218068122864, 0.8298071026802063, 0.0138899190351367, 0.19343535602092743, 0.9810146689414978, 0.9990332126617432, -0.043610621243715286, -0.00554594537243247], "children": [{"id": 2, "label": "back_surface", "box": [0.005518311634659767, 0.18258750438690186, -0.31807729601860046, 0.22706475853919983, 0.8164218068122864, 0.8298071026802063, 0.0138899190351367, 0.19343535602092743, 0.9810146689414978, 0.9990332126617432, -0.043610621243715286, -0.00554594537243247], "children": [{"id": 3, "label": "back_single_surface", "box": [0.005518311634659767, 0.18258750438690186, -0.31807729601860046, 0.22706475853919983, 0.8164218068122864, 0.8298071026802063, 0.0138899190351367, 0.19343535602092743, 0.9810146689414978, 0.9990332126617432, -0.043610621243715286, -0.00554594537243247]}]}]}, {"id": 4, "label": "chair_arm", "box": [0.4316154420375824, 0.014789541251957417, 0.051942069083452225, 0.13633812963962555, 0.5324668884277344, 0.873282790184021, 0.9990168809890747, 0.02249395288527012, -0.03820076957345009, -0.022315481677651405, 0.9997380375862122, 0.005091952625662088], "children": [{"id": 5, "label": "arm_near_vertical_bar", "box": [0.4633164703845978, -0.009029751643538475, 0.46666890382766724, 0.03917332738637924, 0.05135573819279671, 0.4882493317127228, 0.4324718713760376, -0.04469157010316849, -0.9005391597747803, 0.9005066156387329, -0.028817368671298027, 0.43388640880584717]}, {"id": 6, "label": "arm_horizontal_bar", "box": [0.4302586615085602, 0.26472607254981995, 0.05473583564162254, 0.04907309636473656, 0.05286937952041626, 0.8347904682159424, 0.932394802570343, 0.35271066427230835, -0.0789630189538002, -0.34819868206977844, 0.9351300001144409, 0.06549487262964249]}, {"id": 7, "label": "arm_sofa_style", "box": [0.4316572844982147, 0.019456559792160988, 0.021216636523604393, 0.1363402158021927, 0.45214807987213135, 0.8101189136505127, -0.9994258880615234, -0.012794885784387589, 0.03137081116437912, -0.012793241068720818, 0.9999181032180786, 0.00025316080427728593]}], "edges": [{"part_a": 1, "type": "ADJ", "dist": 0.006591149698412782, "part_b": 0}, {"part_a": 2, "type": "ADJ", "dist": 0.007365135469870095, "part_b": 1}]}, {"id": 8, "label": "chair_arm", "box": [-0.4463253617286682, 0.020089400932192802, 0.05207660421729088, 0.1361009180545807, 0.5218894481658936, 0.8730506300926208, -0.9990137815475464, 0.02260451950132847, -0.03821651265025139, -0.02242203801870346, -0.9997351169586182, -0.0051968577317893505], "children": [{"id": 9, "label": "arm_near_vertical_bar", "box": [-0.4767214059829712, 0.010440392419695854, 0.4703834056854248, 0.03577520325779915, 0.05934755504131317, 0.5019330382347107, 0.9992043375968933, 0.0011882225517183542, -0.03986608237028122, 0.039631422609090805, 0.0826856717467308, 0.9957873225212097]}, {"id": 10, "label": "arm_horizontal_bar", "box": [-0.448594331741333, 0.26188433170318604, 0.04619340971112251, 0.046774350106716156, 0.04870402440428734, 0.818975567817688, -0.6215222477912903, 0.7820772528648376, -0.04544500261545181, 0.7770553827285767, 0.622819185256958, 0.09100112318992615]}, {"id": 11, "label": "arm_sofa_style", "box": [-0.4417210817337036, 0.019291693344712257, 0.02167021483182907, 0.13624821603298187, 0.4527835547924042, 0.8105345368385315, -0.9986521005630493, 0.02113465964794159, -0.0474056676030159, 0.021076107397675514, 0.9997763633728027, 0.0017346732784062624]}], "edges": [{"part_a": 1, "type": "ADJ", "dist": 0.006404968474979481, "part_b": 0}, {"part_a": 2, "type": "ADJ", "dist": 0.027260449174768296, "part_b": 1}]}, {"id": 12, "label": "chair_seat", "box": [-0.013567706570029259, -0.1164926216006279, 0.12309736013412476, 0.2919590175151825, 0.8877453804016113, 0.9149167537689209, -0.006008647847920656, 0.9992765188217163, -0.03755465894937515, 0.0018945287447422743, -0.0375438928604126, -0.9992932081222534], "children": [{"id": 13, "label": "seat_surface", "box": [-0.008121403865516186, -0.10221034288406372, 0.12271261215209961, 0.2655046284198761, 0.8873117566108704, 0.8906463384628296, 0.0010046540992334485, 0.9994269013404846, -0.03383566811680794, 0.0017463993281126022, 0.033833879977464676, 0.9994259476661682], "children": [{"id": 14, "label": "seat_single_surface", "box": [-0.008121403865516186, -0.10221034288406372, 0.12271261215209961, 0.2655046284198761, 0.8873117566108704, 0.8906463384628296, 0.0010046540992334485, 0.9994269013404846, -0.03383566811680794, 0.0017463993281126022, 0.033833879977464676, 0.9994259476661682]}]}, {"id": 15, "label": "seat_support", "box": [0.005046500358730555, -0.22634099423885345, 0.09549100697040558, 0.025029735639691353, 0.02503500133752823, 0.7324267625808716, -1.2548259582077363e-18, -0.9997900128364563, 0.020492862910032272, 1.0, 0.0, 6.123234262925839e-17]}, {"id": 16, "label": "seat_frame", "box": [-0.013567432761192322, -0.2448669970035553, 0.09604582190513611, 0.039480291306972504, 0.7834506630897522, 0.9150806069374084, 0.003210056107491255, 0.9996623992919922, -0.02578338235616684, 5.928607267470482e-17, -0.025783514603972435, -0.9996675252914429], "children": [{"id": 17, "label": "seat_frame_bar", "box": [0.012861264869570732, -0.2531205415725708, -0.2777726948261261, 0.027895517647266388, 0.03518638759851456, 0.7018213868141174, 0.00047057823394425213, 0.27108949422836304, -0.9625540375709534, -0.008510217070579529, -0.9625182151794434, -0.2710835635662079]}, {"id": 18, "label": "seat_frame_bar", "box": [-0.013529193587601185, -0.23337553441524506, 0.4740903079509735, 0.030355321243405342, 0.031212380155920982, 0.9150446057319641, 0.0011201106244698167, -0.3185127377510071, -0.9479179382324219, -0.0015388678293675184, -0.9479179382324219, 0.31851091980934143]}], "edges": [{"part_a": 1, "type": "REF_SYM", "dist": 0.036603550864038874, "part_b": 0, "params": [0.0066845309920609, -0.24172085523605347, 0.09837767481803894, 0.040853749960660934, -0.022826939821243286, -0.9989043474197388]}, {"part_a": 1, "type": "TRANS_SYM", "dist": 0.024016452719258164, "part_b": 0, "params": [0.030726678669452667, -0.01716846227645874, -0.7512900233268738]}, {"part_a": 1, "type": "ROT_SYM", "dist": 0.03291830669834103, "part_b": 0, "params": [0.012986063957214355, -0.5336426496505737, 0.1049937754869461, -0.9994256496429443, 0.03355144336819649, 0.004759642761200666, 1.8213376998901367]}]}], "edges": [{"part_a": 1, "type": "ADJ", "dist": 0.002436510483972571, "part_b": 0}, {"part_a": 2, "type": "ADJ", "dist": 0.003937851430509097, "part_b": 0}, {"part_a": 2, "type": "ADJ", "dist": 0.003939686017670221, "part_b": 1}]}, {"id": 19, "label": "chair_base", "box": [-0.008632175624370575, -0.4902726113796234, 0.020012933760881424, 0.5057916641235352, 0.9331331253051758, 0.973513662815094, 6.993924216658343e-06, -0.999997615814209, 0.0021870017517358065, 0.0024660516064614058, 0.002187012229114771, 0.9999945759773254], "children": [{"id": 20, "label": "regular_leg_base", "box": [-0.008632175624370575, -0.4902726113796234, 0.020012933760881424, 0.5057916641235352, 0.9331331253051758, 0.973513662815094, 6.993924216658343e-06, -0.999997615814209, 0.0021870017517358065, 0.0024660516064614058, 0.002187012229114771, 0.9999945759773254], "children": [{"id": 21, "label": "leg", "box": [-0.34570538997650146, -0.5012015700340271, -0.3570941090583801, 0.02713083289563656, 0.04651758819818497, 0.5120875239372253, 0.0006333774072118104, 0.304360568523407, -0.9525566697120667, -0.9980155825614929, 0.060169193893671036, 0.01856163516640663]}, {"id": 22, "label": "leg",