{"id": 0, "label": "chair", "box": [-0.0023690015077590942, -0.07360097765922546, -0.002610735595226288, 0.8982105255126953, 0.9338979721069336, 1.5262473821640015, -6.116275357868553e-17, 0.047660112380981445, 0.9988636374473572, 1.0, 0.0, 6.123234262925839e-17], "children": [{"id": 1, "label": "chair_back", "box": [0.02313641645014286, 0.37596938014030457, -0.2507678270339966, 0.3036668300628662, 0.7167398929595947, 0.7314128875732422, -0.007791642099618912, 0.2851580083370209, 0.9584488272666931, -0.8488705158233643, -0.5084987282752991, 0.1443878710269928], "children": [{"id": 2, "label": "back_surface", "box": [-0.0064088162034749985, 0.31402459740638733, -0.3396024703979492, 0.06949395686388016, 0.3465965986251831, 0.6563974022865295, 0.003211382543668151, -0.2386626899242401, -0.9710972309112549, 0.9999948143959045, 0.0008018380613066256, 0.0031098814215511084], "children": [{"id": 3, "label": "back_single_surface", "box": [-0.0064088162034749985, 0.31402459740638733, -0.3396024703979492, 0.06949395686388016, 0.3465965986251831, 0.6563974022865295, 0.003211382543668151, -0.2386626899242401, -0.9710972309112549, 0.9999948143959045, 0.0008018380613066256, 0.0031098814215511084]}]}, {"id": 4, "label": "back_frame", "box": [0.003368012374266982, 0.5346362590789795, -0.30541878938674927, 0.0666094720363617, 0.4262230098247528, 0.8201155662536621, -0.0007260839338414371, -0.8349982500076294, -0.5502521395683289, -0.028120243921875954, -0.5500175952911377, 0.8346794843673706], "children": [{"id": 5, "label": "back_frame_horizontal_bar", "box": [0.003368012374266982, 0.5346362590789795, -0.30541878938674927, 0.0666094720363617, 0.4262230098247528, 0.8201155662536621, -0.0007260839338414371, -0.8349982500076294, -0.5502521395683289, -0.028120243921875954, -0.5500175952911377, 0.8346794843673706]}]}], "edges": [{"dist": 0.007396916967434233, "part_b": 0, "type": "ADJ", "part_a": 1}]}, {"id": 6, "label": "chair_arm", "box": [-0.4015906751155853, 0.287584513425827, 0.1944722831249237, 0.08401520550251007, 0.24971505999565125, 0.7052087187767029, 0.9436043500900269, 0.25838902592658997, 0.20699265599250793, -0.33084455132484436, 0.7125892639160156, 0.6186746954917908], "children": [{"id": 7, "label": "arm_near_vertical_bar", "box": [-0.3950549364089966, 0.15603254735469818, 0.2890178859233856, 0.06518055498600006, 0.08026591688394547, 0.41042643785476685, -0.4479526877403259, -0.5198318958282471, -0.7274016737937927, -0.8774284720420837, 0.09942273795604706, 0.4692913889884949]}, {"id": 8, "label": "arm_horizontal_bar", "box": [-0.4032478630542755, 0.3715359568595886, 0.08217082917690277, 0.050962112843990326, 0.08287711441516876, 0.4769912362098694, -0.37069985270500183, -0.8925638198852539, -0.2567322254180908, 0.9199540019035339, -0.3908402919769287, 0.03047182410955429]}], "edges": [{"dist": 0.007669972467712957, "part_b": 0, "type": "ADJ", "part_a": 1}]}, {"id": 9, "label": "chair_arm", "box": [0.39604076743125916, 0.2800256311893463, 0.20152032375335693, 0.08019687235355377, 0.2526935636997223, 0.7134736776351929, 0.9511363506317139, -0.2413605898618698, -0.19257383048534393, 0.30815979838371277, 0.7027860283851624, 0.641193687915802], "children": [{"id": 10, "label": "arm_near_vertical_bar", "box": [0.3754645586013794, 0.15458224713802338, 0.2890387773513794, 0.07284097373485565, 0.07712720334529877, 0.41761723160743713, 0.9957640171051025, -0.08407745510339737, -0.037215426564216614, 0.07408769428730011, 0.4939981698989868, 0.866300642490387]}, {"id": 11, "label": "arm_horizontal_bar", "box": [0.39874714612960815, 0.3703537583351135, 0.08704399317502975, 0.05100247263908386, 0.08290410786867142, 0.4666198790073395, 0.37791571021080017, -0.889842689037323, -0.25565534830093384, -0.9168736338615417, -0.39804160594940186, 0.030093062669038773]}], "edges": [{"dist": 0.007086170369751811, "part_b": 0, "type": "ADJ", "part_a": 1}]}, {"id": 12, "label": "chair_seat", "box": [0.007181217893958092, -0.04612930864095688, 0.0647076964378357, 0.13945765793323517, 0.7621733546257019, 0.7883914709091187, -0.019692478701472282, 0.9998043775558472, -0.0018359462264925241, -5.027054430684075e-05, -0.0018372924532741308, -0.9999983310699463], "children": [{"id": 13, "label": "seat_surface", "box": [0.007181217893958092, -0.04612930864095688, 0.0647076964378357, 0.13945765793323517, 0.7621733546257019, 0.7883914709091187, -0.019692478701472282, 0.9998043775558472, -0.0018359462264925241, -5.027054430684075e-05, -0.0018372924532741308, -0.9999983310699463], "children": [{"id": 14, "label": "seat_single_surface", "box": [0.007181217893958092, -0.04612930864095688, 0.0647076964378357, 0.13945765793323517, 0.7621733546257019, 0.7883914709091187, -0.019692478701472282, 0.9998043775558472, -0.0018359462264925241, -5.027054430684075e-05, -0.0018372924532741308, -0.9999983310699463]}]}]}, {"id": 15, "label": "chair_base", "box": [-0.0018777437508106232, -0.40088799595832825, 0.016335289925336838, 0.8299727439880371, 0.8309114575386047, 0.8629379272460938, 0.002470363164320588, 0.999981701374054, 0.005525988060981035, 0.9999969601631165, -0.002469954313710332, -8.082800195552409e-05], "children": [{"id": 16, "label": "regular_leg_base", "box": [-0.0018777437508106232, -0.40088799595832825, 0.016335289925336838, 0.8299727439880371, 0.8309114575386047, 0.8629379272460938, 0.002470363164320588, 0.999981701374054, 0.005525988060981035, 0.9999969601631165, -0.002469954313710332, -8.082800195552409e-05], "children": [{"id": 17, "label": "leg", "box": [-0.3161447048187256, -0.40615203976631165, -0.31104928255081177, 0.08274255692958832, 0.09207797050476074, 0.8312855958938599, -0.9567306041717529, -0.0201223473995924, 0.29027849435806274, 0.2899962365627289, -0.1477002501487732, 0.9455616474151611]}, {"id": 18, "label": "leg", "box": [-0.3796441853046417, -0.40054038166999817, 0.41437992453575134, 0.08200618624687195, 0.08342224359512329, 0.8327314257621765, 0.6272004246711731, -0.08312345296144485, -0.7744095325469971, 0.778325617313385, 0.0301394984126091, 0.6271370053291321]}, {"id": 19, "label": "leg", "box": [0.3810547888278961, -0.4073852598667145, 0.41573598980903625, 0.0764787346124649, 0.08882813900709152, 0.8191331028938293, -0.9829615354537964, -0.04578407108783722, -0.1780179738998413, -0.18072563409805298, 0.06401783972978592, 0.9814478754997253]}, {"id": 20, "label": "leg", "box": [0.3154356777667999, -0.406628280878067, -0.30628374218940735, 0.08609702438116074, 0.09681851416826248, 0.8304475545883179, 0.7413873672485352, 0.1082499548792839, -0.662289023399353, 0.670642614364624, -0.08399680256843567, 0.7370095252990723]}], "edges": [{"dist": 0.02485034511294213, "params": [-0.3526167869567871, -0.38539695739746094, 0.05177544057369232, 0.09462043642997742, 0.03875875845551491, -0.9947586059570312], "part_b": 0, "type": "REF_SYM", "part_a": 1}, {"dist": 0.029567877760977388, "params": [1.4466862678527832, 1.8775945901870728, 0.27328383922576904, 0.8714949488639832, -0.4883106052875519, 0.045269060879945755, 0.2481638491153717], "part_b": 0, "type": "ROT_SYM", "part_a": 1}, {"dist": 0.0418495128596212, "params": [0.031342118978500366, -0.3901168704032898, 0.052253901958465576, -0.7012954354286194, 0.03715265914797783, -0.7119019627571106], "part_b": 0, "type": "REF_SYM", "part_a": 2}, {"dist": 0.03288003364951345, "params": [0.21797668933868408, -0.23706454038619995, -0.13740792870521545, 0.10442949831485748, -0.9913503527641296, -0.07949228584766388, 2.106981039047241], "part_b": 0, "type": "ROT_SYM", "part_a": 2}, {"dist": 0.0155486457967109, "params": [-0.00242595374584198, -0.4039490818977356, 0.4072626233100891, -0.9999237060546875, 0.012291855178773403, -0.0012460313737392426], "part_b": 1, "type": "REF_SYM", "part_a": 2}, {"dist": 0.020198849624575622, "params": [-0.7679178714752197, 0.009439855813980103, -0.0009569227695465088], "part_b": 1, "type": "TRANS_SYM", "part_a": 2}, {"dist": 0.019847620657248374,