{"id": 0, "label": "chair", "box": [0.02226349711418152, 0.017621010541915894, 0.09568949043750763, 1.122399091720581, 1.123190999031067, 1.1941180229187012, -1.0, 6.123234262925839e-17, -1.2246468525851679e-16, 1.2246468525851679e-16, 6.123234262925839e-17, -1.0], "children": [{"id": 1, "label": "chair_back", "box": [0.02180352807044983, 0.12211043387651443, -0.2204064577817917, 0.4675561785697937, 0.9780488610267639, 1.1186914443969727, -5.961856004432775e-05, -0.1554325819015503, -0.9878464937210083, 7.033826444959734e-17, 0.9878464937210083, -0.1554325819015503], "children": [{"id": 2, "label": "back_surface", "box": [0.019437015056610107, 0.28936004638671875, -0.16928869485855103, 0.22160236537456512, 0.6837813854217529, 0.9834280014038086, -2.4321712319266105e-17, -0.3972037136554718, -0.917730450630188, -1.0461748268418696e-16, 0.917730450630188, -0.3972037136554718], "children": [{"id": 3, "label": "back_single_surface", "box": [0.019437015056610107, 0.28936004638671875, -0.16928869485855103, 0.22160236537456512, 0.6837813854217529, 0.9834280014038086, -2.4321712319266105e-17, -0.3972037136554718, -0.917730450630188, -1.0461748268418696e-16, 0.917730450630188, -0.3972037136554718]}]}, {"id": 4, "label": "back_support", "box": [0.022752797231078148, 0.06727322936058044, -0.3113080859184265, 0.2829350531101227, 0.9014952182769775, 1.123565912246704, 0.02302640490233898, -0.1414143592119217, -0.989682674407959, 9.491133823757991e-05, -0.9899448156356812, 0.14145402610301971]}], "edges": [{"dist": 0.007746767034942399, "part_b": 0, "part_a": 1, "type": "ADJ"}]}, {"id": 5, "label": "chair_arm", "box": [-0.47208839654922485, 0.05692416429519653, 0.10045024752616882, 0.1321982443332672, 0.9056452512741089, 1.1107290983200073, 0.9999991059303284, 0.0012213977752253413, -0.0005318233743309975, 0.001221398008055985, -0.9999992251396179, -1.224647646678556e-16], "children": [{"id": 6, "label": "arm_sofa_style", "box": [-0.47208839654922485, 0.05692416429519653, 0.10045024752616882, 0.1321982443332672, 0.9056452512741089, 1.1107290983200073, 0.9999991059303284, 0.0012213977752253413, -0.0005318233743309975, 0.001221398008055985, -0.9999992251396179, -1.224647646678556e-16]}]}, {"id": 7, "label": "chair_arm", "box": [0.5377053618431091, 0.03790903091430664, 0.08323966711759567, 0.11881495267152786, 0.9032143354415894, 1.1287341117858887, -0.9990769028663635, 0.008772004395723343, 0.04205211251974106, 0.010507536120712757, 0.9990944862365723, 0.04122922196984291], "children": [{"id": 8, "label": "arm_sofa_style", "box": [0.5377053618431091, 0.03790903091430664, 0.08323966711759567, 0.11881495267152786, 0.9032143354415894, 1.1287341117858887, -0.9990769028663635, 0.008772004395723343, 0.04205211251974106, 0.010507536120712757, 0.9990944862365723, 0.04122922196984291]}]}, {"id": 9, "label": "chair_seat", "box": [0.020919326692819595, -0.20228518545627594, 0.14119648933410645, 0.3875355124473572, 1.0321769714355469, 1.0359019041061401, -0.00024122097238432616, 1.0, 0.0, 0.0, 0.0, 1.0], "children": [{"id": 10, "label": "seat_surface", "box": [0.012248131446540356, -0.037082426249980927, 0.22740082442760468, 0.15585732460021973, 0.8938705325126648, 1.018057107925415, 0.0053856042213737965, -0.9874358773231506, -0.1579284369945526, 0.011167659424245358, -0.15786148607730865, 0.987398087978363], "children": [{"id": 11, "label": "seat_single_surface", "box": [0.012248131446540356, -0.037082426249980927, 0.22740082442760468, 0.15585732460021973, 0.8938705325126648, 1.018057107925415, 0.0053856042213737965, -0.9874358773231506, -0.1579284369945526, 0.011167659424245358, -0.15786148607730865, 0.987398087978363]}]}, {"id": 12, "label": "seat_support", "box": [0.024559464305639267, -0.21643388271331787, 0.14159387350082397, 0.3799026310443878, 1.0298340320587158, 1.038810133934021, -0.020017797127366066, -0.9997996091842651, -0.00011928406456718221, -0.0033560104202479124, -5.21138972544577e-05, 0.9999943375587463]}], "edges": [{"dist": 0.017485407452296015, "part_b": 0, "part_a": 1, "type": "ADJ"}]}, {"id": 13, "label": "chair_base", "box": [0.026042520999908447, -0.4862020015716553, 0.12566399574279785, 0.18647196888923645, 0.9982939958572388, 1.1148409843444824, -1.2246468525851679e-16, -1.0, 0.0, 0.0, 0.0, 1.0], "children": [{"id": 14, "label": "foot_base", "box": [0.026042520999908447, -0.4862020015716553, 0.12566399574279785, 0.18647196888923645, 0.9982939958572388, 1.1148409843444824, -1.2246468525851679e-16, -1.0, 0.0, 0.0, 0.0, 1.0], "children": [{"id": 15, "label": "foot", "box": [-0.5055824518203735, -0.4862019717693329, -0.34910398721694946, 0.04875800013542175, 0.05159097909927368, 0.18647196888923645, 6.123234262925839e-17, -6.123234262925839e-17, 1.0, -1.0, 6.123234262925839e-17, 6.123234262925839e-17]}, {"id": 16, "label": "foot", "box": [0.5576679706573486, -0.4862020015716553, -0.34910398721694946, 0.04875800013542175, 0.051590025424957275, 0.18647196888923645, 0.0, 0.0, -1.0, -1.0, 1.8369701465288538e-16, 0.0]}, {"id": 17, "label": "foot", "box": [0.5465580224990845, -0.4862020015716553, 0.6004320383071899, 0.048757970333099365, 0.051590025424957275, 0.18647196888923645, 0.0, 0.0, -1.0, -1.0, 1.8369701465288538e-16, 0.0]}, {"id": 18, "label": "foot", "box": [-0.5055824518203735, -0.4862020015716553, 0.6004320383071899, 0.048757970333099365, 0.05159097909927368, 0.18647196888923645, 0.0, 0.0, -1.0, -1.0, 1.8369701465288538e-16, 0.0]}], "edges": [{"params": [0.026232630014419556, -0.4817982316017151, -0.3488517999649048, -0.9999997615814209, 0.0006987072410993278, 4.317885031923652e-05], "dist": 0.03374434172148693, "part_b": 0, "part_a": 1, "type": "REF_SYM"}, {"params": [-1.063607931137085, 0.0007431507110595703, 4.5925378799438477e-05], "dist": 0.026317691779272425, "part_b": 0, "part_a": 1, "type": "TRANS_SYM"}, {"params": [0.02702648565173149, -2.124722957611084, 14.218733787536621, -0.0015951709356158972, 0.9939825534820557, 0.1095270961523056, 0.07252031564712524], "dist": 0.028283037685726865, "part_b": 0, "part_a": 1, "type": "ROT_SYM"}, {"params": [0.020540833473205566, -0.4809688329696655, 0.1260845959186554, -0.7423021793365479, -0.0006459520664066076, -0.6700649261474609], "dist": 0.04799185675196836, "part_b": 0, "part_a": 2, "type": "REF_SYM"}, {"params": [-1.0522242784500122, -0.0009156465530395508, -0.9498268961906433], "dist": 0.026104442883203797, "part_b": 0, "part_a": 2, "type": "TRANS_SYM"}, {"params": [6.449080944061279, -1.2382018566131592, -7.057407379150391, 0.017336556687951088, -0.999686062335968, -0.018092786893248558, 0.14711502194404602], "dist": 0.04332951444580239, "part_b": 0, "part_a": 2, "type": "ROT_SYM"}, {"params": [0.552344799041748, -0.4813404083251953, 0.12606163322925568, 0.01198345422744751, -0.0017462080577388406, -0.9999266266822815], "dist": 0.04873105585094819, "part_b": 1, "part_a": 2, "type": "REF_SYM"}, {"params": [0.011383593082427979, -0.001658797264099121, -0.9498728513717651], "dist": 0.027059165123756827, "part_b": 1, "part_a": 2, "type": "TRANS_SYM"}, {"params": [-0.5056259632110596, -0.48062050342559814, 0.12592485547065735, 0.00011506509326864034, -0.0016980732325464487, -0.9999985694885254], "dist": 0.04725366406797438, "part_b": 0, "part_a": 3, "type": "REF_SYM"}, {"params": [0.00010925531387329102, -0.001612335443496704, -0.9495074152946472], "dist": 0.02673723288332584, "part_b": 0, "part_a": 3, "type": "TRANS_SYM"}, {"params": [43.93583297729492, -38.04733657836914, 0.08781546354293823, -0.6373706459999084, -0.7705538272857666, 0.002302284585312009, 0.0163156446069479], "dist": 0.02925906404164898, "part_b": 0, "part_a": 3, "type": "ROT_SYM"}, {"params": [0.02617800235748291, -0.48099207878112793, 0.12590189278125763, 0.7460042238235474, -0.0016519454075023532, -0.6659390926361084], "dist": 0.04138013830689738, "part_b": 1, "part_a": 3, "type": "REF_SYM"}, {"params": [1.0637171268463135, -0.0023554861545562744, -0.949553370475769], "dist": 0.026810076977195712, "part_b": 1, "part_a": 3,