{"id": 0, "label": "chair", "box": [0.010313852690160275, 0.032876282930374146, 0.02954423986375332, 1.2861229181289673, 1.429777979850769, 1.273136854171753, 0.9999855160713196, 2.2243398234422784e-06, -0.0053870901465415955, -6.526140350615606e-05, 0.9999315142631531, -0.011701357550919056], "children": [{"id": 1, "label": "chair_back", "box": [-0.009932768531143665, 0.2734662592411041, -0.37901607155799866, 1.1030738353729248, 0.8637326955795288, 0.29062896966934204, 0.9999822378158569, -0.004461570177227259, 0.003962034825235605, 0.00498223677277565, 0.9897138476371765, -0.14297471940517426], "children": [{"id": 2, "label": "back_surface", "box": [-0.00662611611187458, 0.2437078058719635, -0.3546369671821594, 1.1779893636703491, 0.8488517999649048, 0.3246833384037018, 0.9998639822006226, -0.0013925614766776562, 0.016435205936431885, 0.0035401571076363325, 0.9913263320922852, -0.13137607276439667], "children": [{"id": 3, "label": "back_single_surface", "box": [0.0042322175577282906, 0.23724153637886047, -0.32801955938339233, 1.127829909324646, 0.8408161997795105, 0.3396546244621277, 0.9999762773513794, 0.005141057539731264, 0.004588670562952757, -0.004441181197762489, 0.9899576902389526, -0.14129437506198883]}]}]}, {"id": 6, "label": "chair_arm", "box": [-0.4770813286304474, 0.09246771782636642, 0.12223711609840393, 0.2509918808937073, 0.6965998411178589, 0.9805010557174683, 0.9939355850219727, 0.1012515053153038, 0.042897410690784454, -0.09849672019481659, 0.993198573589325, -0.06208912283182144], "children": [{"id": 7, "label": "arm_sofa_style", "box": [-0.4893070459365845, 0.0792638286948204, 0.11523006856441498, 0.24219246208667755, 0.7219329476356506, 0.9716113805770874, 0.996108889579773, 0.07502324134111404, 0.046245452016592026, -0.07402622699737549, 0.9969931244850159, -0.02290976047515869]}]}, {"id": 4, "label": "chair_arm", "box": [0.5072228908538818, 0.09158570319414139, 0.12986451387405396, 0.20361478626728058, 0.7386960983276367, 0.9457674026489258, 0.9956488013267517, -0.08526690304279327, -0.03759028762578964, 0.08418627083301544, 0.9960147142410278, -0.0294526144862175], "children": [{"id": 5, "label": "arm_sofa_style", "box": [0.4664757251739502, 0.08861887454986572, 0.14270465075969696, 0.22605611383914948, 0.7000924944877625, 0.9546866416931152, 0.9945257902145386, -0.10121519863605499, -0.025959908962249756, 0.10121510922908783, 0.9948636889457703, -0.001320915762335062]}]}, {"id": 8, "label": "chair_seat", "box": [0.007238009478896856, -0.06359454244375229, 0.09225154668092728, 0.9869956374168396, 0.39404192566871643, 0.9370099902153015, 0.9999596476554871, 0.004957300145179033, -0.007492372766137123, -0.004719108808785677, 0.9994932413101196, 0.03148132935166359], "children": [{"id": 11, "label": "seat_support", "box": [0.002194011816754937, -0.12528006732463837, 0.10779573023319244, 1.065314531326294, 0.3570908308029175, 1.0034950971603394, 0.9999445676803589, -0.003433047793805599, -0.009957403875887394, 0.0034388452768325806, 0.9999939203262329, 0.0005651915562339127]}, {"id": 9, "label": "seat_surface", "box": [0.0038870861753821373, 0.02148723043501377, 0.155115008354187, 0.8703800439834595, 0.16422946751117706, 0.8479300737380981, 0.9997839331626892, -0.005563936661928892, -0.020029205828905106, 0.006178520154207945, 0.9995079040527344, 0.030754420906305313], "children": [{"id": 10, "label": "seat_single_surface", "box": [-0.0018560418393462896, 0.016906600445508957, 0.15920458734035492, 0.8605570793151855, 0.16996556520462036, 0.7921945452690125, 0.999956488609314, 0.006350122857838869, -0.006835655774921179, -0.006111806258559227, 0.9993916153907776, 0.03433748707175255]}]}], "edges": [{"part_a": 0, "part_b": 1, "type": "ADJ"}, {"part_a": 1, "part_b": 0, "type": "ADJ"}]}, {"id": 12, "label": "chair_base", "box": [-0.02926206961274147, -0.449074923992157, 0.06274839490652084, 0.9512593150138855, 0.31462737917900085, 0.9505912065505981, 0.995008111000061, -0.06217019259929657, -0.07806232571601868, 0.05800006538629532, 0.9968224763870239, -0.0545988455414772], "children": [{"id": 13, "label": "pedestal_base", "box": [-0.009717049077153206, -0.4219259023666382, 0.0666816309094429, 0.8913449645042419, 0.45376822352409363, 0.9232552647590637, 0.999980628490448, -0.0008096956298686564, 0.006173460278660059, 0.0009434651001356542, 0.9997641444206238, -0.02169644832611084], "children": [{"id": 15, "label": "pedestal", "box": [0.012405040673911572, -0.5166064500808716, 0.06145486235618591, 0.9410470128059387, 0.1891641467809677, 0.847642183303833, 0.9999082088470459, 0.0012531817192211747, -0.013492275029420853, -0.0008782435907050967, 0.9996142983436584, 0.0277592483907938]}, {"id": 14, "label": "central_support", "box": [-0.015644917264580727, -0.41745826601982117, 0.07862592488527298, 0.12625913321971893, 0.29915499687194824, 0.1542310267686844, 0.992768406867981, -0.006501288153231144, -0.1198696494102478, 0.009610962122678757, 0.9996316432952881, 0.02538229152560234]}], "edges": [{"part_a": 0, "part_b": 1, "type": "ADJ"}, {"part_a": 1, "part_b": 0, "type": "ADJ"}]}]}], "edges": [{"part_a": 0, "part_b": 1, "type": "ADJ"}, {"part_a": 0, "part_b": 2, "type": "ADJ"}, {"part_a": 0, "part_b": 3, "type": "ADJ"}, {"part_a": 1, "part_b": 0, "type": "ADJ"}, {"part_a": 1, "part_b": 2, "type": "ROT_SYM"}, {"part_a": 1, "part_b": 2, "type": "REF_SYM"}, {"part_a": 1, "part_b": 3, "type": "ADJ"}, {"part_a": 2, "part_b": 0, "type": "ADJ"}, {"part_a": 2, "part_b": 1, "type": "ROT_SYM"}, {"part_a": 2, "part_b": 1, "type": "REF_SYM"}, {"part_a": 2, "part_b": 3, "type": "ADJ"}, {"part_a": 3, "part_b": 0, "type": "ADJ"}, {"part_a": 3, "part_b": 1, "type": "ADJ"}, {"part_a": 3, "part_b": 2, "type": "ADJ"}, {"part_a": 3, "part_b": 4, "type": "ADJ"}, {"part_a": 4, "part_b": 3, "type": "ADJ"}]}