{"id": 0, "label": "chair", "box": [0.002523089526221156, 0.035953253507614136, 0.09452499449253082, 1.0892524719238281, 1.1741430759429932, 1.5469859838485718, -8.081002306425944e-05, -0.12117855995893478, -0.9926307201385498, -1.0, 9.792442142497748e-06, 8.021451503736898e-05], "children": [{"id": 1, "label": "chair_back", "box": [0.009666778147220612, 0.15863123536109924, -0.2475380152463913, 0.4398636817932129, 1.069225549697876, 1.2230603694915771, -1.4446719660554663e-06, -0.12120886147022247, -0.9926270246505737, -0.9994768500328064, -0.03210420906543732, 0.003921672701835632], "children": [{"id": 2, "label": "back_surface", "box": [0.009666778147220612, 0.15863123536109924, -0.2475380152463913, 0.4398636817932129, 1.069225549697876, 1.2230603694915771, -1.4446719660554663e-06, -0.12120886147022247, -0.9926270246505737, -0.9994768500328064, -0.03210420906543732, 0.003921672701835632], "children": [{"id": 3, "label": "back_single_surface", "box": [0.009666778147220612, 0.15863123536109924, -0.2475380152463913, 0.4398636817932129, 1.069225549697876, 1.2230603694915771, -1.4446719660554663e-06, -0.12120886147022247, -0.9926270246505737, -0.9994768500328064, -0.03210420906543732, 0.003921672701835632]}]}]}, {"id": 4, "label": "chair_arm", "box": [0.446647047996521, -0.088847815990448, 0.08884721249341965, 0.2237989604473114, 0.742404580116272, 1.0716527700424194, 0.9899938702583313, -0.14110827445983887, -0.0008040023967623711, 0.1410905122756958, 0.9899330735206604, -0.011223371140658855], "children": [{"id": 5, "label": "arm_sofa_style", "box": [0.446647047996521, -0.088847815990448, 0.08884721249341965, 0.2237989604473114, 0.742404580116272, 1.0716527700424194, 0.9899938702583313, -0.14110827445983887, -0.0008040023967623711, 0.1410905122756958, 0.9899330735206604, -0.011223371140658855]}]}, {"id": 6, "label": "chair_arm", "box": [-0.45658764243125916, -0.10323691368103027, 0.0825510025024414, 0.21834267675876617, 0.7043123841285706, 1.0779139995574951, -0.9967374205589294, -0.0807122215628624, 0.0, -0.0807122215628624, 0.9967374205589294, 0.0], "children": [{"id": 7, "label": "arm_sofa_style", "box": [-0.45658764243125916, -0.10323691368103027, 0.0825510025024414, 0.21834267675876617, 0.7043123841285706, 1.0779139995574951, -0.9967374205589294, -0.0807122215628624, 0.0, -0.0807122215628624, 0.9967374205589294, 0.0]}]}, {"id": 8, "label": "chair_seat", "box": [0.00418720580637455, -0.24582095444202423, 0.2058669924736023, 0.40676507353782654, 0.7702696323394775, 0.9027299880981445, 0.006827306468039751, -0.9999766945838928, 0.0, -0.9999766945838928, -0.006827306468039751, 0.0], "children": [{"id": 9, "label": "seat_surface", "box": [0.0033078864216804504, -0.13558758795261383, 0.21073198318481445, 0.18899166584014893, 0.7700156569480896, 0.8930000066757202, -0.011143235489726067, 0.999937891960144, 0.0, 0.999937891960144, 0.011143235489726067, 0.0], "children": [{"id": 10, "label": "seat_single_surface", "box": [0.0033078864216804504, -0.13558758795261383, 0.21073198318481445, 0.18899166584014893, 0.7700156569480896, 0.8930000066757202, -0.011143235489726067, 0.999937891960144, 0.0, 0.999937891960144, 0.011143235489726067, 0.0]}]}, {"id": 11, "label": "seat_support", "box": [0.0029144883155822754, -0.32905900478363037, 0.1880050003528595, 0.2353540062904358, 0.7286970019340515, 0.8670060038566589, 1.2246468525851679e-16, 1.0, 0.0, 1.0, -1.2246468525851679e-16, 0.0]}], "edges": [{"dist": 0.002388644983590392, "part_b": 0, "type": "ADJ", "part_a": 1}]}, {"id": 12, "label": "chair_base", "box": [-0.005001500248908997, -0.5627747178077698, 0.11512921005487442, 0.24244165420532227, 0.9360530376434326, 0.9480785131454468, 2.695271090776007e-19, -0.9999902844429016, -0.004401711747050285, 1.0, 0.0, 6.123234262925839e-17], "children": [{"id": 13, "label": "foot_base", "box": [-0.005001500248908997, -0.5627747178077698, 0.11512921005487442, 0.24244165420532227, 0.9360530376434326, 0.9480785131454468, 2.695271090776007e-19, -0.9999902844429016, -0.004401711747050285, 1.0, 0.0, 6.123234262925839e-17], "children": [{"id": 14, "label": "foot", "box": [-0.4458659887313843, -0.5608370304107666, -0.32508599758148193, 0.048817217350006104, 0.05432400107383728, 0.2393244206905365, -6.101759330734983e-17, -0.08367723971605301, 0.9964929223060608, 1.0, 0.0, 6.123234262925839e-17]}, {"id": 15, "label": "foot", "box": [0.4358629882335663, -0.5608370304107666, -0.32508599758148193, 0.048817217350006104, 0.05432400107383728, 0.2393244206905365, -5.123753169548935e-18, 0.08367723971605301, -0.9964929223060608, 1.0, -6.080284398544126e-17, -1.024750633909787e-17]}, {"id": 16, "label": "foot", "box": [0.43586301803588867, -0.5632990002632141, 0.5642349720001221, 0.04881805181503296, 0.05432400107383728, 0.23932397365570068, 0.0, 0.0, -1.0, -1.0, 1.8369701465288538e-16, 0.0]}, {"id": 17, "label": "foot", "box": [-0.44586601853370667, -0.5632990002632141, 0.5642349720001221, 0.04881805181503296, 0.05432400107383728, 0.23932397365570068, 0.0, 0.0, -1.0, -1.0, 1.8369701465288538e-16, 0.0]}], "edges": [{"dist": 0.023280076474058643, "part_b": 0, "params": [-0.004778638482093811, -0.5576819181442261, -0.3246786594390869, -1.0, -4.664989319280721e-05, -0.0002980746212415397], "type": "REF_SYM", "part_a": 1}, {"dist": 0.026200420695688488, "part_b": 0, "params": [-0.8854472637176514, -4.13060188293457e-05, -0.0002639293670654297], "type": "TRANS_SYM", "part_a": 1}, {"dist": 0.03113119863704418, "part_b": 0, "params": [-0.004829145967960358, -0.5468828082084656, -0.27039802074432373, -0.0016264180885627866, 0.9966087937355042, 0.08226913213729858, 2.902372121810913], "type": "ROT_SYM", "part_a": 1}, {"dist": 0.03229269977720753, "part_b": 0, "params": [-0.004862993955612183, -0.5586285591125488, 0.11954328417778015, -0.705737829208374, 0.0014763346407562494, -0.7084715962409973], "type": "REF_SYM", "part_a": 2}, {"dist": 0.036711305797022045, "part_b": 0, "params": [-0.8852785229682922, 0.0018519163131713867, -0.8887078166007996], "type": "TRANS_SYM", "part_a": 2}, {"dist": 0.03358478830863071, "part_b": 1, "params": [0.4378606081008911, -0.5586079359054565, 0.11967524886131287, 0.0001898944319691509, 0.0021309368312358856, -0.9999976754188538], "type": "REF_SYM", "part_a": 2}, {"dist": 0.03465049168640352, "part_b": 1, "params": [0.00016871094703674316, 0.0018932223320007324, -0.8884438872337341], "type": "TRANS_SYM", "part_a": 2}, {"dist": 0.028586622640982592, "part_b": 1, "params": [-3.76351261138916, 1.6458964347839355, 0.11762641370296478, 0.4500960409641266, 0.8929761648178101, 0.002673629904165864, 0.18673421442508698], "type": "ROT_SYM", "part_a": 2}, {"dist": 0.03266470984938673, "part_b": 0, "params": [-0.44794344902038574, -0.5595910549163818, 0.1198495626449585, 0.0009921945165842772, 0.004246852360665798, -0.9999904632568359], "type": "REF_SYM", "part_a": 3}, {"dist": 0.034942094719571264, "part_b": 0, "params": [0.0008823871612548828, 0.003776848316192627, -0.8893203735351562], "type": "TRANS_SYM", "part_a": 3}, {"dist": 0.032490508816296344, "part_b": 0, "params": [3.23234486579895, 8.869851112365723, 0.17773552238941193, 0.9356130361557007, -0.3530130684375763, 0.003163920948281884, 0.08780685812234879], "type": "ROT_SYM", "part_a": 3}, {"dist": 0.03241750510652197, "part_b": 1, "params": [-0.0052198320627212524, -0.5595703721046448, 0.11998152732849121, 0.7060166597366333, 0.00304139731451869, -0.7081887125968933], "type": "REF_SYM", "part_a": 3}, {"dist": 0.03774421857833215, "part_b": 1, "params": [0.8863296508789062, 0.0038181543350219727, -0.8890564441680908], "type": "TRANS_SYM", "part_a": 3}, {"dist": 0.024144955858975747, "part_b": 2, "params": [-0.005304187536239624, -0.5605169534683228, 0.5642035007476807, 0.9999973773956299, 0.002172209322452545, -0.0006912461831234396], "type": "REF_SYM", "part_a": 3}, {"dist": 0.02660365533326255, "part_b": 2, "params": [0.8861609101295471, 0.0019249320030212402, -0.0006125569343566895], "type": "TRANS_SYM",