{"id": 0, "label": "chair", "box": [0.007915496826171875, -0.06801977753639221, 0.06276768445968628, 0.8410170674324036, 0.9103977680206299, 1.4315698146820068, -1.0, -1.3031899778054301e-12, -4.511989004640782e-08, -4.511977280685642e-08, -0.002227218123152852, 0.9999974966049194], "children": [{"id": 1, "label": "chair_back", "box": [0.02503594569861889, 0.2876189053058624, -0.2923417389392853, 0.11381363123655319, 0.7428387403488159, 0.8001282215118408, -0.01895546354353428, 0.14053504168987274, 0.9898942112922668, 0.0029371653217822313, 0.9900756478309631, -0.14050455391407013], "children": [{"id": 2, "label": "back_surface", "box": [0.02503594569861889, 0.2876189053058624, -0.2923417389392853, 0.11381363123655319, 0.7428387403488159, 0.8001282215118408, -0.01895546354353428, 0.14053504168987274, 0.9898942112922668, 0.0029371653217822313, 0.9900756478309631, -0.14050455391407013], "children": [{"id": 3, "label": "back_single_surface", "box": [0.02503594569861889, 0.2876189053058624, -0.2923417389392853, 0.11381363123655319, 0.7428387403488159, 0.8001282215118408, -0.01895546354353428, 0.14053504168987274, 0.9898942112922668, 0.0029371653217822313, 0.9900756478309631, -0.14050455391407013]}]}]}, {"id": 4, "label": "chair_seat", "box": [0.008029534481465816, -0.021133696660399437, 0.12287750840187073, 0.1434301882982254, 0.7877790331840515, 0.8425503373146057, -0.021786993369460106, -0.9997626543045044, 0.0, 0.0, 0.0, 1.0], "children": [{"id": 5, "label": "seat_surface", "box": [0.008029534481465816, -0.021133696660399437, 0.12287750840187073, 0.1434301882982254, 0.7877790331840515, 0.8425503373146057, -0.021786993369460106, -0.9997626543045044, 0.0, 0.0, 0.0, 1.0], "children": [{"id": 6, "label": "seat_single_surface", "box": [0.008029534481465816, -0.021133696660399437, 0.12287750840187073, 0.1434301882982254, 0.7877790331840515, 0.8425503373146057, -0.021786993369460106, -0.9997626543045044, 0.0, 0.0, 0.0, 1.0]}]}]}, {"id": 7, "label": "chair_base", "box": [0.007915496826171875, -0.3010409474372864, 0.06220507621765137, 0.8410170078277588, 0.9103991985321045, 0.9654456973075867, -1.0, 0.0, -6.123234262925839e-17, 6.123220366291548e-17, 0.0021330968011170626, -0.9999977350234985], "children": [{"id": 8, "label": "regular_leg_base", "box": [0.007915496826171875, -0.3010409474372864, 0.06220507621765137, 0.8410170078277588, 0.9103991985321045, 0.9654456973075867, -1.0, 0.0, -6.123234262925839e-17, 6.123220366291548e-17, 0.0021330968011170626, -0.9999977350234985], "children": [{"id": 9, "label": "leg", "box": [-0.36461228132247925, -0.3045727014541626, -0.2891450822353363, 0.09596209973096848, 0.1262078583240509, 0.9697474241256714, 1.0, 2.419855081825517e-05, -9.071214299183339e-05, 9.27796500036493e-05, -0.10693327337503433, 0.9942662119865417]}, {"id": 10, "label": "leg", "box": [0.37269672751426697, -0.3054752051830292, -0.28397276997566223, 0.11155739426612854, 0.1369463950395584, 0.9694187045097351, -0.9999938011169434, 0.0008371814037673175, -0.003412078833207488, -0.0034818423446267843, -0.10651801526546478, 0.9943046569824219]}, {"id": 11, "label": "leg", "box": [0.39294299483299255, -0.4171433448791504, 0.49893102049827576, 0.07096201181411743, 0.09175164252519608, 0.7290310859680176, -1.0, 0.0, -6.123234262925839e-17, 6.10358243680505e-17, -0.08005281537771225, -0.9967906475067139]}, {"id": 12, "label": "leg", "box": [-0.39344778656959534, -0.4205297827720642, 0.47690439224243164, 0.07275539636611938, 0.0797283872961998, 0.723828136920929, 0.998814046382904, -0.048687878996133804, -6.452103116316721e-05, -6.459769792854786e-05, -1.172534402904546e-09, -1.0]}], "edges": [{"dist": 0.015239104967138078, "type": "REF_SYM", "part_b": 0, "params": [0.00851932168006897, -0.27275902032852173, -0.30856120586395264, -0.9999090433120728, 0.013487029820680618, 5.6133019825210795e-05], "part_a": 1}, {"dist": 0.020907052836527752, "type": "TRANS_SYM", "part_b": 0, "params": [-0.7851639986038208, 0.01059049367904663, 4.407763481140137e-05], "part_a": 1}, {"dist": 0.02031256469300955, "type": "ROT_SYM", "part_b": 0, "params": [0.027200203388929367, 0.9500929117202759, -5.74454402923584, -0.018195683136582375, -0.9783456921577454, -0.20617610216140747, 0.14070755243301392], "part_a": 1}, {"dist": 0.04240418219162085, "type": "ROT_SYM", "part_b": 0, "params": [-1.3058481216430664, -0.11725221574306488, 1.4289002418518066, 0.15236108005046844, 0.9872313141822815, 0.04647918790578842, 0.5781755447387695], "part_a": 2}, {"dist": 0.04922441562871703, "type": "REF_SYM", "part_b": 1, "params": [0.40009093284606934, -0.3299965262413025, 0.08959774672985077, 0.002516146283596754, 0.12935248017311096, -0.9915955066680908], "part_a": 2}, {"dist": 0.012392318831908541, "type": "REF_SYM", "part_b": 2, "params": [0.007454022765159607, -0.3825684189796448, 0.4881429672241211, 0.9999982714653015, 0.0016077752225100994, -0.0009300783276557922], "part_a": 3}, {"dist": 0.018941456717071117, "type": "TRANS_SYM", "part_b": 2, "params": [0.7832530736923218, 0.0012592971324920654, -0.0007284879684448242], "part_a": 3}, {"dist": 0.01268651811609063, "type": "ROT_SYM", "part_b": 2, "params": [-0.00598114961758256, 3.1385531425476074, -6.7670769691467285, -0.0009103789925575256, 0.882514238357544, 0.4702848792076111, 0.0971159115433693], "part_a": 3}]}]}], "edges": [{"dist": 0.014763551631570183, "type": "ADJ", "part_b": 0, "part_a": 1}, {"dist": 0.012566969867004153, "type": "ADJ", "part_b": 0, "part_a": 2}, {"dist": 0.009005332804458956, "type": "ADJ", "part_b": 1, "part_a": 2}]}