{"id": 0, "label": "chair", "box": [-0.0069609880447387695, 0.04976147413253784, 0.05199599266052246, 1.2361400127410889, 1.3107960224151611, 1.3267149925231934, 1.0, -1.8369701465288538e-16, 0.0, 0.0, 0.0, 1.0], "children": [{"id": 1, "label": "chair_back", "box": [-0.006887003313750029, 0.1674976944923401, -0.4722687602043152, 0.17014551162719727, 0.9868483543395996, 1.0976961851119995, -0.00047613109927624464, -0.08984854072332382, -0.9959553480148315, -0.9999998807907104, -7.760550033708569e-06, 0.0004787647631019354], "children": [{"id": 2, "label": "back_surface", "box": [-0.006887003313750029, 0.1674976944923401, -0.4722687602043152, 0.17014551162719727, 0.9868483543395996, 1.0976961851119995, -0.00047613109927624464, -0.08984854072332382, -0.9959553480148315, -0.9999998807907104, -7.760550033708569e-06, 0.0004787647631019354], "children": [{"id": 3, "label": "back_single_surface", "box": [-0.006887003313750029, 0.1674976944923401, -0.4722687602043152, 0.17014551162719727, 0.9868483543395996, 1.0976961851119995, -0.00047613109927624464, -0.08984854072332382, -0.9959553480148315, -0.9999998807907104, -7.760550033708569e-06, 0.0004787647631019354]}]}]}, {"id": 4, "label": "chair_arm", "box": [0.502345860004425, 0.01837335340678692, 0.06597432494163513, 0.21912336349487305, 0.8098375201225281, 1.2726118564605713, 0.9999992251396179, -0.0002094116498483345, 0.0012457265984266996, 0.00020927564764861017, 1.0, 0.00010931198630714789], "children": [{"id": 5, "label": "arm_sofa_style", "box": [0.502345860004425, 0.01837335340678692, 0.06597432494163513, 0.21912336349487305, 0.8098375201225281, 1.2726118564605713, 0.9999992251396179, -0.0002094116498483345, 0.0012457265984266996, 0.00020927564764861017, 1.0, 0.00010931198630714789]}]}, {"id": 6, "label": "chair_arm", "box": [-0.5305958390235901, 0.017584988847374916, 0.05658768117427826, 0.21527469158172607, 0.8085275292396545, 1.2610210180282593, -0.9997192025184631, -0.002283273497596383, -0.023587018251419067, -0.0022839088924229145, 0.9999973773956299, -1.2243738168085764e-16], "children": [{"id": 7, "label": "arm_sofa_style", "box": [-0.5305958390235901, 0.017584988847374916, 0.05658768117427826, 0.21527469158172607, 0.8085275292396545, 1.2610210180282593, -0.9997192025184631, -0.002283273497596383, -0.023587018251419067, -0.0022839088924229145, 0.9999973773956299, -1.2243738168085764e-16]}]}, {"id": 8, "label": "chair_seat", "box": [-0.023871496319770813, -0.20715849101543427, 0.10822400450706482, 0.35861900448799133, 0.8976730108261108, 1.1983399391174316, 0.0, -1.0, 0.0, -1.0, 0.0, 0.0], "children": [{"id": 9, "label": "seat_surface", "box": [-0.023871496319770813, -0.20715849101543427, 0.10822400450706482, 0.35861900448799133, 0.8976730108261108, 1.1983399391174316, 0.0, -1.0, 0.0, -1.0, 0.0, 0.0], "children": [{"id": 10, "label": "seat_single_surface", "box": [-0.023871496319770813, -0.20715849101543427, 0.10822400450706482, 0.35861900448799133, 0.8976730108261108, 1.1983399391174316, 0.0, -1.0, 0.0, -1.0, 0.0, 0.0]}]}]}, {"id": 11, "label": "chair_base", "box": [-0.006958991289138794, -0.4983460009098053, 0.0893554836511612, 0.2305000126361847, 1.0756670236587524, 1.1524999141693115, -6.123234262925839e-17, -1.0, -6.123234262925839e-17, 6.123234262925839e-17, 6.123234262925839e-17, -1.0], "children": [{"id": 12, "label": "regular_leg_base", "box": [-0.006958991289138794, -0.4983460009098053, 0.0893554836511612, 0.2305000126361847, 1.0756670236587524, 1.1524999141693115, -6.123234262925839e-17, -1.0, -6.123234262925839e-17, 6.123234262925839e-17, 6.123234262925839e-17, -1.0], "children": [{"id": 13, "label": "leg", "box": [0.5020619630813599, -0.4983460307121277, -0.38124850392341614, 0.1344580054283142, 0.1344590187072754, 0.2305000126361847, -1.0, 6.123234262925839e-17, -1.2246468525851679e-16, 1.2246468525851679e-16, 6.123234262925839e-17, -1.0]}, {"id": 14, "label": "leg", "box": [0.5020619630813599, -0.4983460307121277, 0.5599600076675415, 0.13445797562599182, 0.1344580054283142, 0.2305000126361847, -1.8369701465288538e-16, -6.123234262925839e-17, 1.0, -1.0, 6.123234262925839e-17, -1.8369701465288538e-16]}, {"id": 15, "label": "leg", "box": [-0.5159794688224792, -0.4983460307121277, 0.5599600076675415, 0.13445797562599182, 0.134458988904953, 0.2305000126361847, -1.8369701465288538e-16, -6.123234262925839e-17, 1.0, -1.0, 6.123234262925839e-17, -1.8369701465288538e-16]}, {"id": 16, "label": "leg", "box": [-0.5159794688224792, -0.4983460009098053, -0.38124850392341614, 0.134458988904953, 0.1344590187072754, 0.2305000126361847, -1.0, 6.123234262925839e-17, -1.2246468525851679e-16, 1.2246468525851679e-16, 6.123234262925839e-17, -1.0]}], "edges": [{"dist": 0.031870462580026925, "part_a": 1, "type": "REF_SYM", "part_b": 0, "params": [0.5020773410797119, -0.4794464707374573, 0.08914415538311005, 0.0010575943160802126, -0.0005479686078615487, -0.9999992847442627]}, {"dist": 0.031634068930232746, "part_a": 1, "type": "TRANS_SYM", "part_b": 0, "params": [0.0009962916374206543, -0.0005162060260772705, -0.9420350790023804]}, {"dist": 0.0354223124251314, "part_a": 2, "type": "REF_SYM", "part_b": 0, "params": [-0.006786376237869263, -0.47837013006210327, 0.08903394639492035, 0.734279453754425, -0.0019236474763602018, -0.6788446307182312]}, {"dist": 0.03286266830562665, "part_a": 2, "type": "TRANS_SYM", "part_b": 0, "params": [1.018723726272583, -0.002668827772140503, -0.941814661026001]}, {"dist": 0.031459922403677634, "part_a": 2, "type": "REF_SYM", "part_b": 1, "params": [-0.00728452205657959, -0.47811204195022583, 0.5600515007972717, 0.9999977946281433, -0.0021151213441044092, 0.00021657811885233968]}, {"dist": 0.03141003230268541, "part_a": 2, "type": "TRANS_SYM", "part_b": 1, "params": [1.0177273750305176, -0.0021526217460632324, 0.00022041797637939453]}, {"dist": 0.03142999881599975, "part_a": 3, "type": "REF_SYM", "part_b": 0, "params": [-0.006678253412246704, -0.4792238771915436, -0.38148415088653564, 0.9999992847442627, -0.0009438935667276382, -0.0007643202552571893]}, {"dist": 0.031683197707582614, "part_a": 3, "type": "TRANS_SYM", "part_b": 0, "params": [1.018507480621338, -0.0009613633155822754, -0.0007784664630889893]}, {"dist": 0.044445461672189865, "part_a": 3, "type": "ROT_SYM", "part_b": 0, "params": [-0.003762804437428713, -0.7641024589538574, -5.431228160858154, 0.0009898043936118484, 0.9984928369522095, -0.05487453192472458, 0.20069894194602966]}, {"dist": 0.03472508161544081, "part_a": 3, "type": "REF_SYM", "part_b": 1, "params": [-0.007176399230957031, -0.47896575927734375, 0.08953338861465454, 0.7340782284736633, -0.0003211564617231488, 0.6790648102760315]}, {"dist": 0.03048995344248071, "part_a": 3, "type": "TRANS_SYM", "part_b": 1, "params": [1.0175111293792725, -0.0004451572895050049, 0.9412566423416138]}, {"dist": 0.03122597760095461, "part_a": 3, "type": "REF_SYM", "part_b": 2, "params": [-0.5160400867462158, -0.4778894782066345, 0.08942317962646484, -0.0002297948522027582, 0.0018144482746720314, 0.9999982714653015]}, {"dist": 0.03135111052062022, "part_a": 3, "type": "TRANS_SYM", "part_b": 2, "params": [-0.0002162456512451172, 0.0017074644565582275, 0.9410362243652344]}]}]}], "edges": [{"dist": 0.016220832827645713, "part_a": 1, "type": "ADJ", "part_b": 0}, {"dist": 0.015926987463436883, "part_a": 2, "type": "ADJ", "part_b": 0}, {"dist": 0.009658882035090856, "part_a": 3, "type": "ADJ", "part_b": 0}, {"dist": 0.009216760120720346, "part_a": 3, "type": "ADJ", "part_b": 1}, {"dist": 0.010712446294235432, "part_a": 3, "type": "ADJ", "part_b": 2}, {"dist": 0.005684940736484945, "part_a": 4, "type": "ADJ", "part_b": 1}, {"dist": 0.0046508592951146795, "part_a": 4, "type": "ADJ", "part_b": 2}, {"dist": 0.016277068452094118, "part_a": 4, "type": "ADJ", "part_b": 3}, {"dist": 0.02655639159335458, "part_a": 2, "type": "REF_SYM", "part_b": 1,