{"id": 0, "label": "chair", "box": [-0.0034900009632110596, 0.021614491939544678, 0.1446160078048706, 0.5416439771652222, 0.6758459806442261, 1.7476249933242798, 1.0, 6.123234262925839e-17, 0.0, 0.0, 0.0, 1.0], "children": [{"id": 1, "label": "chair_back", "box": [-0.003489087102934718, 0.381011426448822, -0.1392095685005188, 0.10823637992143631, 0.5416433215141296, 1.0288310050964355, -6.95645940140821e-05, 1.7400900105712935e-05, -1.0, 1.0, -3.546281773820195e-17, -6.95645940140821e-05], "children": [{"id": 2, "label": "back_surface", "box": [0.00586027093231678, 0.3935399651527405, -0.10672849416732788, 0.017412997782230377, 0.4792799949645996, 0.9005420207977295, 0.0, 0.0, -1.0, 1.0, 0.00010440068581374362, 0.0], "children": [{"id": 3, "label": "back_single_surface", "box": [0.00586027093231678, 0.3935399651527405, -0.10672849416732788, 0.017412997782230377, 0.4792799949645996, 0.9005420207977295, 0.0, 0.0, -1.0, 1.0, 0.00010440068581374362, 0.0]}]}, {"id": 4, "label": "back_support", "box": [-0.0034893257543444633, 0.3810109794139862, -0.13920782506465912, 0.10822196304798126, 0.541642963886261, 1.028831958770752, -5.138866254128516e-05, -9.153156566021892e-10, -1.0, -1.0, 1.2246468525851679e-16, 5.138866254128516e-05]}], "edges": [{"dist": 0.008522454366921615, "part_a": 1, "type": "ADJ", "part_b": 0}]}, {"id": 5, "label": "chair_seat", "box": [-0.004021597560495138, -0.21728631854057312, 0.14461186528205872, 0.23223015666007996, 0.5477280616760254, 0.675963819026947, -0.029678717255592346, 0.9995594620704651, -5.98848273511976e-05, 0.9995594620704651, 0.02967873215675354, 0.0002611427626106888], "children": [{"id": 6, "label": "seat_surface", "box": [-0.003492234041914344, -0.18114522099494934, 0.1433129906654358, 0.18979260325431824, 0.5416503548622131, 0.6776500344276428, -5.754641824751161e-05, 0.9996187686920166, -0.027609823271632195, -1.0, -5.752448123530485e-05, 1.5888464304225636e-06], "children": [{"id": 7, "label": "seat_single_surface", "box": [-0.003492234041914344, -0.18114522099494934, 0.1433129906654358, 0.18979260325431824, 0.5416503548622131, 0.6776500344276428, -5.754641824751161e-05, 0.9996187686920166, -0.027609823271632195, -1.0, -5.752448123530485e-05, 1.5888464304225636e-06]}]}, {"id": 8, "label": "seat_frame", "box": [-0.0036736405454576015, -0.2840186357498169, 0.1446159929037094, 0.07656220346689224, 0.5429685711860657, 0.6784804463386536, -0.026027962565422058, 0.9989593625068665, -0.03745272755622864, 0.9996610879898071, 0.025990718975663185, -0.0014810512075200677], "children": [{"id": 9, "label": "seat_frame_bar", "box": [-0.003482039086520672, -0.2756665349006653, 0.4279405176639557, 0.060590267181396484, 0.10938973724842072, 0.5416945219039917, 0.001172826741822064, -0.9999992847442627, -2.730087373947754e-07, 0.0004191563348285854, 2.185891929684658e-07, 0.9999999403953552]}, {"id": 10, "label": "seat_frame_bar", "box": [-0.003626495599746704, -0.30275413393974304, -0.14826299250125885, 0.07604411989450455, 0.09227209538221359, 0.541668713092804, 0.005844632163643837, -0.9995529651641846, -0.02932032011449337, 7.808051616441607e-17, 0.029320821166038513, -0.9995700716972351]}], "edges": [{"dist": 0.026799899400666797, "params": [-0.005504302214831114, -0.2897040843963623, 0.1463872492313385, -0.004830329678952694, 0.03549635410308838, 0.9993581175804138], "part_a": 1, "type": "REF_SYM", "part_b": 0}, {"dist": 0.03178608692676314, "params": [-0.0028970418497920036, 0.021289318799972534, 0.5993757247924805], "part_a": 1, "type": "TRANS_SYM", "part_b": 0}, {"dist": 0.027185013134293157, "params": [0.8586904406547546, 7.511007785797119, -0.1764630675315857, -0.9998366832733154, -0.017592666670680046, -0.004145468585193157, 0.07694070786237717], "part_a": 1, "type": "ROT_SYM", "part_b": 0}]}], "edges": [{"dist": 0.004442487388829442, "part_a": 1, "type": "ADJ", "part_b": 0}]}, {"id": 11, "label": "chair_base", "box": [-0.0034905963111668825, -0.5617436766624451, 0.14461299777030945, 0.5416419506072998, 0.5809406042098999, 0.675849974155426, -1.0, 1.3773927010102299e-16, 2.0042496089445194e-06, -1.0444738823833788e-10, 1.0, -5.2113035053480417e-05], "children": [{"id": 12, "label": "regular_leg_base", "box": [-0.0034905963111668825, -0.5617436766624451, 0.14461299777030945, 0.5416419506072998, 0.5809406042098999, 0.675849974155426, -1.0, 1.3773927010102299e-16, 2.0042496089445194e-06, -1.0444738823833788e-10, 1.0, -5.2113035053480417e-05], "children": [{"id": 13, "label": "leg", "box": [0.2410752922296524, -0.5781959891319275, -0.15388962626457214, 0.07871129363775253, 0.07907340675592422, 0.5485589504241943, -0.022425612434744835, -0.00023158123076427728, -0.9997484683990479, 0.9982925653457642, 0.05394342169165611, -0.02240545116364956]}, {"id": 14, "label": "leg", "box": [0.2291494905948639, -0.5619236826896667, 0.44318610429763794, 0.07642487436532974, 0.08319155126810074, 0.5806716680526733, -0.9999955296516418, 5.51242358426407e-08, 0.002982562407851219, 0.0029824371449649334, 0.009186739102005959, 0.9999533295631409]}, {"id": 15, "label": "leg", "box": [-0.24391542375087738, -0.5646508932113647, 0.44308042526245117, 0.060816213488578796, 0.08263882994651794, 0.5752031803131104, -1.0, -5.294036600389518e-05, -2.497401574430569e-08, 4.7141273284978524e-07, -0.008432877250015736, -0.9999644160270691]}, {"id": 16, "label": "leg", "box": [-0.248361274600029, -0.5865058302879333, -0.15400858223438263, 0.06405162811279297, 0.07862947881221771, 0.531430184841156, 0.9997348189353943, -0.022724078968167305, -0.0037316158413887024, -0.003733538556843996, -4.218258254695684e-05, -0.9999930262565613]}], "edges": [{"dist": 0.02608320448434969, "params": [0.2414434552192688, -0.5785883665084839, 0.1443958729505539, -0.00023647972557228059, -0.0323660708963871, -0.9994760155677795], "part_a": 1, "type": "REF_SYM", "part_b": 0}, {"dist": 0.01837250785416267, "params": [-0.00014127790927886963, -0.019336163997650146, -0.5971077680587769], "part_a": 1, "type": "TRANS_SYM", "part_b": 0}, {"dist": 0.020224863341343657, "params": [82.3700180053711, 61.04188537597656, -2.2442362308502197, 0.5941261649131775, -0.8040367960929871, 0.023216374218463898, 0.005818550940603018], "part_a": 1, "type": "ROT_SYM", "part_b": 0}, {"dist": 0.03947227194005946, "params": [-0.004110395908355713, -0.5817934274673462, 0.144474595785141, 0.634925365447998, -0.016716158017516136, -0.7723926305770874], "part_a": 2, "type": "REF_SYM", "part_b": 0}, {"dist": 0.018584158971961442, "params": [0.49096640944480896, -0.012926042079925537, -0.5972651839256287], "part_a": 2, "type": "TRANS_SYM", "part_b": 0}, {"dist": 0.020427503174171704, "params": [-15.107276916503906, -0.012858986854553223, -12.155043601989746, -0.006552685983479023, 0.9996142983436584, -0.02698836848139763, 0.03972932696342468], "part_a": 2, "type": "ROT_SYM", "part_b": 0}, {"dist": 0.01980349184605433, "params": [-0.004039756953716278, -0.5721253752708435, 0.44302845001220703, 0.999914824962616, 0.013051263056695461, -0.00032056565396487713], "part_a": 2, "type": "REF_SYM", "part_b": 1}, {"dist": 0.0178167863599312, "params": [0.491107702255249, 0.006410121917724609, -0.00015744566917419434], "part_a": 2, "type": "TRANS_SYM", "part_b": 1}, {"dist": 0.017680666212144525, "params": [-0.004029941279441118, -0.5701757669448853, 0.44875073432922363, -0.0029298085719347, -0.9999788999557495, 0.005797964055091143, 3.094900608062744], "part_a": 2, "type": "ROT_SYM", "part_b": 1}, {"dist": 0.017282242506435782, "params": [-0.0036155954003334045, -0.5897136926651001, -0.15413498878479004, 0.9999822974205017, 0.005947868339717388, -9.391050843987614e-05], "part_a": 3, "type": "REF_SYM", "part_b": 0}, {"dist": 0.017531388632405276, "params": [0.48997682332992554, 0.0029143691062927246, -4.601478576660156e-05], "part_a": 3, "type": "TRANS_SYM", "part_b": 0}, {"dist": 0.016986431217097083,