{"id": 0, "label": "chair", "box": [0.0061330050230026245, -0.024680018424987793, 0.11244450509548187, 0.6645619869232178, 0.8070989847183228, 1.7557100057601929, -1.0, 6.123234262925839e-17, 0.0, 0.0, 0.0, 1.0], "children": [{"id": 1, "label": "chair_back", "box": [0.00046534102875739336, 0.2861250042915344, -0.1908327043056488, 0.20734094083309174, 0.6547046899795532, 1.1340999603271484, 0.011557898484170437, -1.4154343444707526e-18, -0.9999331831932068, 0.9999331831932068, -6.122415684991657e-17, 0.011557898484170437], "children": [{"id": 2, "label": "back_surface", "box": [0.00046534102875739336, 0.2861250042915344, -0.1908327043056488, 0.20734094083309174, 0.6547046899795532, 1.1340999603271484, 0.011557898484170437, -1.4154343444707526e-18, -0.9999331831932068, 0.9999331831932068, -6.122415684991657e-17, 0.011557898484170437], "children": [{"id": 3, "label": "back_single_surface", "box": [0.00046534102875739336, 0.2861250042915344, -0.1908327043056488, 0.20734094083309174, 0.6547046899795532, 1.1340999603271484, 0.011557898484170437, -1.4154343444707526e-18, -0.9999331831932068, 0.9999331831932068, -6.122415684991657e-17, 0.011557898484170437]}]}]}, {"id": 4, "label": "chair_seat", "box": [0.0061330050230026245, -0.08598099648952484, 0.17772600054740906, 0.28586000204086304, 0.6645619869232178, 0.6765360236167908, 0.0, -1.0, 0.0, -1.0, 0.0, 0.0], "children": [{"id": 5, "label": "seat_surface", "box": [0.00011500716209411621, 0.007013499736785889, 0.1831275075674057, 0.09987100213766098, 0.6476799845695496, 0.6657329797744751, 1.2246468525851679e-16, 1.0, 0.0, 1.0, -1.2246468525851679e-16, 0.0], "children": [{"id": 6, "label": "seat_single_surface", "box": [0.00011500716209411621, 0.007013499736785889, 0.1831275075674057, 0.09987100213766098, 0.6476799845695496, 0.6657329797744751, 1.2246468525851679e-16, 1.0, 0.0, 1.0, -1.2246468525851679e-16, 0.0]}]}, {"id": 7, "label": "seat_support", "box": [0.006060340441763401, -0.13558737933635712, 0.17764821648597717, 0.1894659548997879, 0.6645587682723999, 0.6761215925216675, 0.0010483497753739357, 0.999994158744812, 0.0032505078706890345, 0.999999463558197, -0.0010485214879736304, 5.1142800657544285e-05]}], "edges": [{"part_b": 0, "part_a": 1, "dist": 0.003985931246528575, "type": "ADJ"}]}, {"id": 8, "label": "chair_base", "box": [0.014321275986731052, -0.5616205334663391, 0.09427876770496368, 0.612734854221344, 0.681829035282135, 0.7251963019371033, 0.9997971653938293, -5.998674097565154e-17, -0.020139411091804504, 6.123234262925839e-17, 1.0, 6.123234262925839e-17], "children": [{"id": 9, "label": "regular_leg_base", "box": [0.014321275986731052, -0.5616205334663391, 0.09427876770496368, 0.612734854221344, 0.681829035282135, 0.7251963019371033, 0.9997971653938293, -5.998674097565154e-17, -0.020139411091804504, 6.123234262925839e-17, 1.0, 6.123234262925839e-17], "children": [{"id": 10, "label": "leg", "box": [0.24481426179409027, -0.5696389675140381, -0.20580944418907166, 0.1281243860721588, 0.13166457414627075, 0.6675589680671692, 0.21868497133255005, -0.018108518794178963, -0.9756274819374084, -0.9754465222358704, 0.022681310772895813, -0.21906539797782898]}, {"id": 11, "label": "leg", "box": [0.27437824010849, -0.5316904783248901, 0.3991978168487549, 0.10413069278001785, 0.1041312888264656, 0.6219689846038818, -0.6087412238121033, 2.5824631663464727e-16, -0.7933688759803772, -0.7933688759803772, 9.715966198607827e-17, 0.6087412238121033]}, {"id": 12, "label": "leg", "box": [-0.22660744190216064, -0.5412635207176208, 0.4077995717525482, 0.10413087159395218, 0.10413089394569397, 0.6411150097846985, -0.9914487600326538, 0.0, -0.13049651682376862, -0.13049651682376862, 1.8369701465288538e-16, 0.9914487600326538]}, {"id": 13, "label": "leg", "box": [-0.24685148894786835, -0.5450925230979919, -0.21171151101589203, 0.10196096450090408, 0.10196096450090408, 0.6323630213737488, 0.6087962985038757, -1.8369701465288538e-16, -0.7933265566825867, 0.7933265566825867, 0.0, 0.6087962985038757]}], "edges": [{"part_b": 0, "part_a": 1, "dist": 0.02392825242850791, "params": [-0.02928754687309265, -0.05067777633666992, -0.6047841310501099], "type": "TRANS_SYM"}, {"part_b": 0, "part_a": 2, "dist": 0.03761038669349111, "params": [0.009036533534526825, -0.5708585977554321, 0.10095180571079254, 0.6090450882911682, -0.04996746405959129, -0.7915599942207336], "type": "REF_SYM"}, {"part_b": 0, "part_a": 2, "dist": 0.023203893765878343, "params": [0.4714388847351074, -0.03867793083190918, -0.612716794013977], "type": "TRANS_SYM"}, {"part_b": 0, "part_a": 2, "dist": 0.027490566284056633, "params": [-0.030131621286273003, -0.5773066282272339, 0.07089806348085403, 0.005175625905394554, 0.9998570084571838, -0.016100283712148666, 2.8875136375427246], "type": "ROT_SYM"}, {"part_b": 1, "part_a": 2, "dist": 0.025418345592232168, "params": [0.02368030697107315, -0.5455197095870972, 0.40334388613700867, 0.9995875954627991, 0.02395498938858509, -0.015835775062441826], "type": "REF_SYM"}, {"part_b": 1, "part_a": 2, "dist": 0.01915023139616764, "params": [0.5007264614105225, 0.011999845504760742, -0.007932662963867188], "type": "TRANS_SYM"}, {"part_b": 1, "part_a": 2, "dist": 0.019979100336076295, "params": [0.01602497510612011, -0.5539805293083191, -0.08517136424779892, -0.012128028087317944, 0.9998875260353088, -0.008830643258988857, 0.9472754597663879], "type": "ROT_SYM"}, {"part_b": 0, "part_a": 3, "dist": 0.04432048525336961, "params": [-0.001208283007144928, -0.5741997957229614, -0.20873725414276123, 0.9978004097938538, -0.06489808112382889, 0.01351140160113573], "type": "REF_SYM"}, {"part_b": 0, "part_a": 3, "dist": 0.024803788247578215, "params": [0.4919285178184509, -0.03199559450149536, 0.0066612958908081055], "type": "TRANS_SYM"}, {"part_b": 0, "part_a": 3, "dist": 0.026342510933642673, "params": [-0.20080366730690002, -0.31113749742507935, 9.512697219848633, -0.06280731409788132, -0.9950693845748901, -0.07675960659980774, 0.05093911662697792], "type": "ROT_SYM"}, {"part_b": 1, "part_a": 3, "dist": 0.02489678058059514, "params": [0.013435490429401398, -0.5488609075546265, 0.0936548262834549, 0.6485472917556763, 0.023246170952916145, 0.7608193159103394], "type": "REF_SYM"}, {"part_b": 1, "part_a": 3, "dist": 0.01849451126385126, "params": [0.521216094493866, 0.01868218183517456, 0.611445426940918], "type": "TRANS_SYM"}, {"part_b": 1, "part_a": 3, "dist": 0.029449365850680715, "params": [-0.18325984477996826, -0.5274560451507568, 0.2617815434932709, -0.031148472800850868, -0.999508798122406, 0.0034527278039604425, 1.9949766397476196], "type": "ROT_SYM"}, {"part_b": 2, "part_a": 3, "dist": 0.020220932203447766, "params": [-0.23692773282527924, -0.5548608303070068, 0.09762115776538849, 0.03306096792221069, 0.010782258585095406, 0.9993951320648193], "type": "REF_SYM"}, {"part_b": 2, "part_a": 3, "dist": 0.018835937965934198, "params": [0.020489633083343506, 0.006682336330413818, 0.6193780899047852], "type": "TRANS_SYM"}, {"part_b": 2, "part_a": 3, "dist": 0.019146114170606802, "params": [-0.26787126064300537, -0.5565780401229858, 0.0986422747373581, -0.0029667590279132128, -0.9999899864196777, -0.0033445479348301888, 2.94244122505188], "type": "ROT_SYM"}]}]}], "edges": [{"part_b": 0, "part_a": 1, "dist": 0.007186309186600002, "type": "ADJ"}, {"part_b": 0, "part_a": 2, "dist": 0.006902532822242319, "type": "ADJ"}, {"part_b": 1, "part_a": 2, "dist": 0.012528330489455248, "type": "ADJ"}]}