{"id": 0, "label": "chair", "box": [0.0058407909236848354, -0.005658562760800123, 0.05817130208015442, 0.9758273363113403, 1.4396716356277466, 1.035530924797058, 0.999980628490448, -0.0057021151296794415, 0.002489704405888915, 0.005756623111665249, 0.9997310638427734, -0.022464653477072716], "children": [{"id": 1, "label": "chair_back", "box": [-0.00014888308942317963, 0.27778932452201843, -0.28548598289489746, 0.8413845896720886, 0.821455180644989, 0.18416248261928558, 0.9999878406524658, 0.003105301409959793, -0.0038318021688610315, -0.003789109643548727, 0.9810304045677185, -0.19381703436374664], "children": [{"id": 2, "label": "back_surface", "box": [-0.009192859753966331, 0.3235999345779419, -0.27179041504859924, 0.7375820875167847, 0.6511568427085876, 0.11900442838668823, 0.9999783039093018, 0.00044671708019450307, 0.006576848682016134, 0.0009587636450305581, 0.9772362112998962, -0.212151899933815], "children": [{"id": 3, "label": "back_single_surface", "box": [-0.0008627453353255987, 0.32108744978904724, -0.27501380443573, 0.6904551982879639, 0.6264398097991943, 0.10175687819719315, 0.9999839663505554, -0.004248740617185831, 0.003755302168428898, 0.00499205244705081, 0.9737343788146973, -0.22763226926326752]}]}, {"id": 4, "label": "back_frame", "box": [-0.009834211319684982, 0.29711413383483887, -0.27365097403526306, 0.8299704790115356, 0.8721244931221008, 0.158182755112648, 0.9999923706054688, 0.002203353215008974, 0.00322109111584723, -0.0014391714939847589, 0.9754036068916321, -0.22042164206504822], "children": [{"id": 6, "label": "back_frame_vertical_bar", "box": [0.3371056616306305, 0.2893794775009155, -0.27730587124824524, 0.12160935997962952, 0.8198549151420593, 0.14769062399864197, 0.9993511438369751, 0.003254203824326396, 0.035871680825948715, 0.004705138970166445, 0.9755823612213135, -0.21958352625370026]}, {"id": 5, "label": "back_frame_vertical_bar", "box": [-0.3532963991165161, 0.2783896028995514, -0.27096834778785706, 0.11456159502267838, 0.7997179627418518, 0.1533634066581726, 0.9991030693054199, -0.015259809792041779, -0.03950001299381256, 0.005982501432299614, 0.9743210077285767, -0.22508394718170166]}, {"id": 0, "label": "back_frame_horizontal_bar", "box": [-0.0013844063505530357, 0.6512596607208252, -0.3607719838619232, 0.7001384496688843, 0.15690453350543976, 0.11337754875421524, 0.9999150037765503, -0.0029363210778683424, -0.012704417109489441, 0.0008403384708799422, 0.9868009686470032, -0.16193559765815735]}], "edges": [{"part_a": 0, "part_b": 1, "type": "ROT_SYM"}, {"part_a": 0, "part_b": 1, "type": "TRANS_SYM"}, {"part_a": 0, "part_b": 1, "type": "REF_SYM"}, {"part_a": 0, "part_b": 2, "type": "ADJ"}, {"part_a": 1, "part_b": 0, "type": "ROT_SYM"}, {"part_a": 1, "part_b": 0, "type": "TRANS_SYM"}, {"part_a": 1, "part_b": 0, "type": "REF_SYM"}, {"part_a": 1, "part_b": 2, "type": "ADJ"}, {"part_a": 2, "part_b": 0, "type": "ADJ"}, {"part_a": 2, "part_b": 1, "type": "ADJ"}]}], "edges": [{"part_a": 0, "part_b": 1, "type": "ADJ"}, {"part_a": 1, "part_b": 0, "type": "ADJ"}]}, {"id": 7, "label": "chair_arm", "box": [0.35632315278053284, 0.010516706854104996, 0.06824713945388794, 0.24294015765190125, 0.48005402088165283, 0.7080675959587097, 0.9987356066703796, -0.03905322030186653, -0.031655389815568924, 0.04008161276578903, 0.9986667037010193, 0.032530974596738815], "children": [{"id": 10, "label": "arm_horizontal_bar", "box": [0.38605615496635437, -0.08384008705615997, 0.05480924993753433, 0.17457439005374908, 0.2592580318450928, 0.594948947429657, 0.9985601305961609, -0.03475315496325493, -0.040863875299692154, 0.032012201845645905, 0.997311532497406, -0.06591684371232986]}, {"id": 0, "label": "arm_connector", "box": [0.30716395378112793, 0.16404414176940918, -0.2641321122646332, 0.22028326988220215, 0.3395666182041168, 0.14703945815563202, 0.99880450963974, -0.00617577601224184, -0.04849189519882202, 0.005242003593593836, 0.9997988343238831, -0.01935986988246441]}, {"id": 0, "label": "arm_near_vertical_bar", "box": [0.3934166133403778, -0.025622457265853882, 0.007420542649924755, 0.11212476342916489, 0.2887433171272278, 0.1370435655117035, 0.9971707463264465, -0.04136002063751221, 0.0627688392996788, 0.018997566774487495, 0.9465760588645935, 0.3219207227230072]}, {"id": 0, "label": "arm_near_vertical_bar", "box": [0.35420626401901245, 0.016047822311520576, -0.15748664736747742, 0.0999765619635582, 0.23112505674362183, 0.10477077960968018, 0.9946719408035278, 0.0176096074283123, -0.10157585889101028, 0.010249246843159199, 0.9635294079780579, 0.267406165599823]}, {"id": 8, "label": "arm_horizontal_bar", "box": [0.43403196334838867, 0.1300291121006012, 0.10710953921079636, 0.08397400379180908, 0.15656736493110657, 0.6308975219726562, 0.9994374513626099, -0.03283950686454773, -0.006811153143644333, 0.033199869096279144, 0.997514545917511, 0.06214876100420952]}, {"id": 9, "label": "arm_near_vertical_bar", "box": [0.39986470341682434, 0.03975391760468483, 0.34710952639579773, 0.07331747561693192, 0.27594366669654846, 0.11151854693889618, 0.999918520450592, -0.01275368221104145, -0.000609966111369431, 0.012681384570896626, 0.9975444674491882, -0.06887830048799515]}]}, {"id": 11, "label": "chair_arm", "box": [-0.3700161874294281, 0.050798166543245316, 0.08557074517011642, 0.19045650959014893, 0.42011338472366333, 0.729546308517456, 0.9982571005821228, 0.04214932769536972, 0.04130660369992256, -0.04391085356473923, 0.9981221556663513, 0.04270852357149124], "children": [{"id": 12, "label": "arm_horizontal_bar", "box": [-0.38726988434791565, 0.19776879251003265, 0.10311814397573471, 0.09327977150678635, 0.13258802890777588, 0.4273267090320587, 0.9990416169166565, 0.006702419836074114, 0.043254826217889786, -0.007197292521595955, 0.999910295009613, 0.011295298114418983]}, {"id": 0, "label": "arm_near_vertical_bar", "box": [-0.3814152479171753, 0.041699524968862534, -0.05972829461097717, 0.08991222828626633, 0.20122167468070984, 0.16058510541915894, 0.9964020252227783, 0.03631708770990372, 0.07657776027917862, -0.05034512281417847, 0.9804768562316895, 0.19008031487464905]}, {"id": 14, "label": "arm_horizontal_bar", "box": [-0.42694422602653503, 0.07600955665111542, 0.14753732085227966, 0.08952342718839645, 0.20950667560100555, 0.37982600927352905, 0.9998024106025696, 0.01627689227461815, 0.011411427520215511, -0.016545763239264488, 0.9995779991149902, 0.023876987397670746]}, {"id": 0, "label": "arm_near_vertical_bar", "box": [-0.42723557353019714, 0.0698370486497879, 0.40189260244369507, 0.10533440858125687, 0.301572322845459, 0.16445466876029968, 0.999775767326355, 0.020534560084342957, -0.0051761590875685215, -0.020603617653250694, 0.9996944069862366, -0.013661282137036324]}, {"id": 0, "label": "arm_near_vertical_bar", "box": [-0.44359076023101807, 0.05361282825469971, -0.15171024203300476, 0.08323893696069717, 0.2881722152233124, 0.1193188950419426, 0.999956488609314, 0.007613414898514748, -0.005392263177782297, -0.006791380234062672, 0.9902969002723694, 0.13880197703838348]}, {"id": 0, "label": "arm_horizontal_bar", "box": [-0.42053186893463135, 0.2659132182598114, 0.07026544213294983, 0.12079277634620667, 0.12202171236276627, 0.6721736192703247, 0.9994428157806396, -0.0029223866295069456, 0.03324989974498749, 0.002828358905389905, 0.9999918937683105, 0.0028745976742357016]}, {"id": 13, "label": "arm_near_vertical_bar", "box": [-0.4492103159427643, -0.008465086109936237, 0.036261580884456635, 0.09439291059970856, 0.2496533989906311, 0.3043517470359802, 0.9977553486824036, 0.031090253964066505, 0.059310272336006165, -0.03622505068778992, 0.9955000877380371, 0.08756298571825027]}], "edges": [{"part_a": 5, "part_b": 3, "type": "ADJ"}]}, {"id": 15, "label": "chair_seat", "box": [-0.008946362882852554, -0.07619574666023254, 0.11158281564712524, 0.8378399014472961, 0.15214309096336365, 0.7163138389587402, 0.9999899864196777, -0.003478781785815954, -0.002810222562402487, 0.003399860579520464, 0.9996128082275391, -0.027616413310170174],