{"id": 0, "label": "chair", "box": [0.005428605247288942, -0.031275007873773575, 0.045665014535188675, 0.9397163391113281, 1.4394612312316895, 1.0311492681503296, 0.999970555305481, -0.0027196200098842382, 0.007178375497460365, 0.0026752720586955547, 0.9999773502349854, 0.006180380005389452], "children": [{"id": 1, "label": "chair_back", "box": [-0.0009372734348289669, 0.27454501390457153, -0.290944904088974, 0.887192964553833, 0.7733216881752014, 0.19587300717830658, 0.9999942779541016, -0.000314288743538782, -0.0033724671229720116, -0.0005885942955501378, 0.964411735534668, -0.2644042670726776], "children": [{"id": 5, "label": "back_surface", "box": [-0.0007478873012587428, 0.3008691668510437, -0.2869853675365448, 0.8232822418212891, 0.62741619348526, 0.1189919114112854, 0.9999574422836304, 0.0020882932003587484, 0.008985111489892006, 0.000598000711761415, 0.9573144316673279, -0.2890480160713196], "children": [{"id": 0, "label": "back_single_surface", "box": [-0.3750789165496826, 0.26835471391677856, -0.2668133080005646, 0.11638444662094116, 0.5252189040184021, 0.15143677592277527, 0.9985945820808411, -0.022566217929124832, -0.04795478656888008, 0.008867268450558186, 0.9632080793380737, -0.2686104476451874]}, {"id": 6, "label": "back_single_surface", "box": [-0.006213586777448654, 0.29462939500808716, -0.29462480545043945, 0.7167549133300781, 0.55731600522995, 0.11791956424713135, 0.9999816417694092, -5.29307835677173e-05, 0.006063525099307299, 0.0017969495384022593, 0.9576320648193359, -0.28798896074295044]}]}, {"id": 2, "label": "back_frame", "box": [-0.0008115114760585129, 0.2555727958679199, -0.2781340479850769, 0.8521836400032043, 0.738711416721344, 0.14366765320301056, 0.9999908208847046, 0.0042044008150696754, -0.0008172621019184589, -0.0042562950402498245, 0.9541631937026978, -0.29925671219825745], "children": [{"id": 3, "label": "back_frame_vertical_bar", "box": [0.3764033317565918, 0.264690101146698, -0.2929348647594452, 0.11549092829227448, 0.7060444355010986, 0.13398107886314392, 0.999047577381134, 0.029981276020407677, 0.03170415014028549, -0.018297754228115082, 0.9474520087242126, -0.31937429308891296]}, {"id": 4, "label": "back_frame_vertical_bar", "box": [-0.3879908323287964, 0.25322088599205017, -0.27271610498428345, 0.09541980177164078, 0.657477617263794, 0.1425103396177292, 0.9995518922805786, -0.014094838872551918, -0.026408163830637932, 0.00656988425180316, 0.9639942049980164, -0.26584213972091675]}], "edges": [{"part_a": 0, "part_b": 1, "type": "ROT_SYM"}, {"part_a": 0, "part_b": 1, "type": "TRANS_SYM"}, {"part_a": 0, "part_b": 1, "type": "REF_SYM"}, {"part_a": 1, "part_b": 0, "type": "ROT_SYM"}, {"part_a": 1, "part_b": 0, "type": "TRANS_SYM"}, {"part_a": 1, "part_b": 0, "type": "REF_SYM"}]}], "edges": [{"part_a": 0, "part_b": 1, "type": "ADJ"}, {"part_a": 1, "part_b": 0, "type": "ADJ"}]}, {"id": 7, "label": "chair_arm", "box": [0.4354194700717926, 0.12868991494178772, 0.11823456734418869, 0.13907742500305176, 0.3899371922016144, 0.7569432258605957, 0.99749356508255, -0.04658292979001999, -0.05326072499155998, 0.0548417866230011, 0.9846088290214539, 0.16594535112380981], "children": [{"id": 8, "label": "arm_near_vertical_bar", "box": [0.4383673071861267, 0.035843752324581146, 0.4278615415096283, 0.07777196168899536, 0.3584580719470978, 0.11462931334972382, 0.9996910095214844, -0.022334838286042213, -0.010911372490227222, 0.02087174542248249, 0.9926087260246277, -0.11955031752586365]}, {"id": 9, "label": "arm_horizontal_bar", "box": [0.4421389400959015, 0.2619173228740692, 0.05382920801639557, 0.12327519804239273, 0.13484147191047668, 0.6885111331939697, 0.9995154738426208, 0.001697516068816185, -0.03108013980090618, -0.002060157945379615, 0.9999301433563232, -0.011639660224318504]}], "edges": [{"part_a": 0, "part_b": 1, "type": "ADJ"}, {"part_a": 1, "part_b": 0, "type": "ADJ"}]}, {"id": 10, "label": "chair_arm", "box": [-0.44526955485343933, 0.17841358482837677, 0.09267601370811462, 0.11322526633739471, 0.38472017645835876, 0.7707976698875427, 0.9983406662940979, 0.03533908724784851, 0.04546532407402992, -0.04025767371058464, 0.99286288022995, 0.11226148158311844], "children": [{"id": 11, "label": "arm_near_vertical_bar", "box": [-0.43765562772750854, 0.12558789551258087, 0.30631062388420105, 0.06285572052001953, 0.291665643453598, 0.10824964940547943, 0.9979671239852905, 0.0426701083779335, 0.04733797162771225, -0.03940711170434952, 0.9969174265861511, -0.06784342229366302]}, {"id": 12, "label": "arm_horizontal_bar", "box": [-0.44420480728149414, 0.2906065285205841, 0.05775812268257141, 0.09609748423099518, 0.1108674556016922, 0.6279225945472717, 0.9993095993995667, 0.0038993959315121174, 0.036947235465049744, -0.0041863201186060905, 0.9999616742134094, 0.007691598497331142]}]}, {"id": 13, "label": "chair_seat", "box": [-0.0049896384589374065, -0.0978441908955574, 0.13429972529411316, 0.8659369945526123, 0.19440415501594543, 0.7960096597671509, 0.9999938011169434, -0.002783903619274497, 0.002163363853469491, 0.0028343547601252794, 0.9997156262397766, -0.023678487166762352], "children": [{"id": 14, "label": "seat_surface", "box": [0.001248059095814824, -0.08108728379011154, 0.14285758137702942, 0.8277121782302856, 0.12555675208568573, 0.7329015731811523, 0.9999912977218628, 0.0006112133851274848, -0.004134370479732752, -0.0007125460542738438, 0.999698281288147, -0.024552922695875168], "children": [{"id": 15, "label": "seat_single_surface", "box": [-0.0014794812304899096, -0.08198964595794678, 0.16849088668823242, 0.7580771446228027, 0.11280672997236252, 0.662257730960846, 0.9999640583992004, 0.00842890702188015, -0.0009483897010795772, -0.008457286283373833, 0.9993326663970947, -0.0355350561439991]}]}, {"id": 16, "label": "seat_frame", "box": [-0.0014459405792877078, -0.05291211977601051, 0.15307436883449554, 0.8400126099586487, 0.16904810070991516, 0.7941969037055969, 0.999805748462677, 0.003371649421751499, -0.01941799186170101, -0.0038478474598377943, 0.9996914863586426, -0.02453862689435482], "children": [{"id": 17, "label": "seat_frame_bar", "box": [0.41214051842689514, -0.05321104824542999, 0.15152037143707275, 0.12294215708971024, 0.13858193159103394, 0.7671482563018799, 0.9998766779899597, 0.011889858171343803, -0.010263736359775066, -0.012253827415406704, 0.9992709159851074, -0.036159124225378036]}, {"id": 18, "label": "seat_frame_bar", "box": [-0.38145050406455994, -0.04149977117776871, 0.17271912097930908, 0.13800066709518433, 0.14320911467075348, 0.7570824027061462, 0.999837338924408, -0.014818739145994186, 0.010282959789037704, 0.014982739463448524, 0.999758780002594, -0.016059400513768196]}], "edges": [{"part_a": 0, "part_b": 1, "type": "ROT_SYM"}, {"part_a": 0, "part_b": 1, "type": "TRANS_SYM"}, {"part_a": 0, "part_b": 1, "type": "REF_SYM"}, {"part_a": 1, "part_b": 0, "type": "ROT_SYM"}, {"part_a": 1, "part_b": 0, "type": "TRANS_SYM"}, {"part_a": 1, "part_b": 0, "type": "REF_SYM"}]}], "edges": [{"part_a": 0, "part_b": 1, "type": "ADJ"}, {"part_a": 1, "part_b": 0, "type": "ADJ"}]}, {"id": 19, "label": "chair_base", "box": [-0.005936519242823124, -0.3379218578338623, 0.07673929631710052, 0.9056363701820374, 0.6972658038139343, 0.9154247045516968, 0.9999897480010986, -0.002205783734098077, 0.0039593856781721115, 0.0022010672837495804, 0.9999969005584717, 0.0011952484492212534], "children": [{"id": 20, "label": "regular_leg_base", "box": [0.007564868777990341, -0.37571653723716736, 0.04677227512001991, 0.9245511889457703, 0.6671931147575378, 0.9339757561683655, 0.9999587535858154, -0.0005554305389523506, -0.00906473770737648, 0.000699539901688695, 0.9998733401298523, 0.01590236835181713], "children": [{"id": 25, "label": "bar_stretcher", "box": [0.07079435884952545, -0.5808833241462708, 0.4883238673210144, 0.5511950254440308, 0.17526789009571075, 0.1303732693195343, 0.9987456798553467, -0.01365620456635952, 0.04817308112978935, 0.020421242341399193, 0.9895310401916504, -0.14286795258522034]}, {"id": 21,