{"id": 0, "label": "chair", "box": [-0.03509106487035751, -0.10216615349054337, 0.02800239436328411, 1.070923924446106, 1.179335355758667, 1.022713303565979, 0.9999567270278931, 0.007622541859745979, -0.0053285034373402596, -0.0077125309035182, 0.9998244047164917, -0.01707681082189083], "children": [{"id": 1, "label": "chair_back", "box": [-0.004449476022273302, 0.2237541228532791, -0.39371123909950256, 1.0768873691558838, 0.7566627264022827, 0.13080470263957977, 0.999934196472168, -0.011467676609754562, -0.00039615752757526934, 0.011198798194527626, 0.9828481674194336, -0.1840762495994568], "children": [{"id": 2, "label": "back_surface", "box": [0.0032129029277712107, 0.2737968862056732, -0.3749295771121979, 0.8887684345245361, 0.6595587134361267, 0.07454169541597366, 0.9999503493309021, -0.00879494659602642, -0.004690937232226133, 0.0076801106333732605, 0.9797950387001038, -0.1998567432165146], "children": [{"id": 3, "label": "back_single_surface", "box": [-4.487857222557068e-05, 0.2844740152359009, -0.36353757977485657, 0.8908714056015015, 0.6870477199554443, 0.08981773257255554, 0.9999439716339111, 0.005144109018146992, 0.009252572432160378, -0.003003559308126569, 0.9759460687637329, -0.21799148619174957]}]}, {"id": 4, "label": "back_frame", "box": [-0.005701610352844, 0.19708770513534546, -0.4112055003643036, 1.070812702178955, 0.7674973607063293, 0.1054081916809082, 0.9999935030937195, -0.003131314879283309, 0.0017951326444745064, 0.0033172143157571554, 0.9933414459228516, -0.11516007035970688], "children": [{"id": 5, "label": "back_frame_vertical_bar", "box": [0.52846360206604, 0.1767309457063675, -0.34156909584999084, 0.04902041703462601, 0.7286880016326904, 0.16502776741981506, 0.9998677968978882, -0.014641189947724342, -0.007079975679516792, 0.013908697292208672, 0.9954463839530945, -0.09430275857448578]}, {"id": 6, "label": "back_frame_vertical_bar", "box": [-0.525409996509552, 0.1904222071170807, -0.3394884467124939, 0.062159452587366104, 0.7761713266372681, 0.11978572607040405, 0.99925297498703, -0.0058992099948227406, 0.03819343075156212, 0.008009177632629871, 0.9984360933303833, -0.055329129099845886]}, {"id": 0, "label": "back_frame_horizontal_bar", "box": [-0.010107703506946564, 0.5092244744300842, -0.44235607981681824, 0.988953709602356, 0.11049500107765198, 0.13264848291873932, 0.9999841451644897, -0.00321966758929193, -0.00462408596649766, 0.0030174453277140856, 0.9990665316581726, -0.043092772364616394]}], "edges": [{"part_a": 0, "part_b": 1, "type": "ROT_SYM"}, {"part_a": 0, "part_b": 1, "type": "TRANS_SYM"}, {"part_a": 0, "part_b": 1, "type": "REF_SYM"}, {"part_a": 0, "part_b": 2, "type": "ADJ"}, {"part_a": 1, "part_b": 0, "type": "ROT_SYM"}, {"part_a": 1, "part_b": 0, "type": "TRANS_SYM"}, {"part_a": 1, "part_b": 0, "type": "REF_SYM"}, {"part_a": 1, "part_b": 2, "type": "ADJ"}, {"part_a": 2, "part_b": 0, "type": "ADJ"}, {"part_a": 2, "part_b": 1, "type": "ADJ"}]}], "edges": [{"part_a": 0, "part_b": 1, "type": "ADJ"}, {"part_a": 1, "part_b": 0, "type": "ADJ"}]}, {"id": 7, "label": "chair_arm", "box": [0.5288877487182617, 0.10916823893785477, 0.08595939725637436, 0.09003881365060806, 0.41497498750686646, 0.9895899891853333, 0.9994761347770691, -0.029028739780187607, -0.014311658218502998, 0.030237751081585884, 0.9951961636543274, 0.09311425685882568], "children": [{"id": 9, "label": "arm_near_vertical_bar", "box": [0.5414868593215942, 0.04758327826857567, 0.4873395562171936, 0.04244053363800049, 0.4436033070087433, 0.09379628300666809, 0.9996322989463806, -0.017910948023200035, -0.02036013826727867, 0.01634235493838787, 0.9970678091049194, -0.07475791871547699]}, {"id": 8, "label": "arm_horizontal_bar", "box": [0.5380314588546753, 0.29893553256988525, 0.08841443806886673, 0.08345907181501389, 0.10236723721027374, 0.9509994387626648, 0.9997915029525757, -0.010326157324016094, -0.017617976292967796, 0.010456712916493416, 0.9999184608459473, 0.007334444206207991]}], "edges": [{"part_a": 0, "part_b": 1, "type": "ADJ"}]}, {"id": 10, "label": "chair_arm", "box": [-0.5311861634254456, 0.08869481831789017, 0.11865004152059555, 0.088252954185009, 0.4232722818851471, 1.0571484565734863, 0.9997960329055786, 0.009174506179988384, 0.017992906272411346, -0.010246403515338898, 0.9981207847595215, 0.06041533872485161], "children": [{"id": 12, "label": "arm_near_vertical_bar", "box": [-0.4926954507827759, -6.42002560198307e-05, 0.4826839566230774, 0.07334820926189423, 0.29705604910850525, 0.1018562838435173, 0.9997881650924683, 0.020347606390714645, 0.0030998459551483393, -0.020367685705423355, 0.9997708797454834, 0.006589669268578291]}, {"id": 11, "label": "arm_horizontal_bar", "box": [-0.4795674681663513, 0.20302864909172058, 0.10074872523546219, 0.10449956357479095, 0.08171039074659348, 0.9810676574707031, 0.9998760223388672, -0.004789524246007204, 0.015000533312559128, 0.004855881445109844, 0.9999786019325256, -0.00439036637544632]}], "edges": [{"part_a": 0, "part_b": 1, "type": "ADJ"}, {"part_a": 1, "part_b": 0, "type": "ADJ"}]}, {"id": 13, "label": "chair_seat", "box": [0.003049293300136924, -0.14976266026496887, 0.09989902377128601, 1.0122888088226318, 0.11510352790355682, 0.8275359869003296, 0.999993622303009, -0.001807931810617447, 0.003076710971072316, 0.0019329978385940194, 0.999151349067688, -0.041143953800201416], "children": [{"id": 22, "label": "seat_frame", "box": [-0.0027073947712779045, -0.09605363011360168, 0.1292990744113922, 0.8303253650665283, 0.08286498486995697, 0.8322380185127258, 0.9999834895133972, -0.002999095944687724, 0.004899999592453241, 0.0031394241377711296, 0.9995778203010559, -0.028886226937174797], "children": [{"id": 23, "label": "seat_frame_bar", "box": [-0.038116198033094406, -0.10053406655788422, 0.0930626168847084, 0.6275249123573303, 0.09240922331809998, 0.5925022959709167, 0.9999259114265442, 0.011294491589069366, 0.0045472364872694016, -0.011257336474955082, 0.9999037384986877, -0.008115221746265888]}]}, {"id": 14, "label": "seat_surface", "box": [0.012748485431075096, -0.11804645508527756, 0.1386452168226242, 0.9053066968917847, 0.028975822031497955, 0.862514317035675, 0.9999845623970032, -0.004471939988434315, 0.003310595639050007, 0.004622287582606077, 0.9988892078399658, -0.046893052756786346], "children": [{"id": 18, "label": "seat_surface_bar", "box": [0.015697486698627472, -0.10163139551877975, 0.44655629992485046, 0.6442649960517883, 0.044570378959178925, 0.09937483072280884, 0.999943733215332, 0.007031147368252277, -0.007948454469442368, -0.007418766152113676, 0.9987297654151917, -0.04983769357204437]}, {"id": 20, "label": "seat_surface_bar", "box": [0.01129138097167015, -0.09445192664861679, -0.24672208726406097, 0.6996163129806519, 0.062340740114450455, 0.12889604270458221, 0.9999913573265076, -0.0028524058870971203, 0.003020237199962139, 0.0029045874252915382, 0.9998441338539124, -0.017416201531887054]}, {"id": 21, "label": "seat_surface_bar", "box": [0.007717354688793421, -0.07113105058670044, 0.5154317021369934, 0.6615473628044128, 0.04568546637892723, 0.14677810668945312, 0.9999939203262329, 0.0013351498637348413, 0.003227218287065625, -0.0013622454134747386, 0.9999637603759766, 0.00840836577117443]}, {"id": 19, "label": "seat_surface_bar", "box": [0.013935417868196964, -0.08656614273786545, 0.20932501554489136, 0.5836493372917175, 0.03175358846783638, 0.13457928597927094, 0.9998279213905334, -0.005056323949247599, 0.01785142906010151, 0.006313106045126915, 0.9974518418312073, -0.07106322795152664]}], "edges": [{"part_a": 0, "part_b": 2, "type": "ROT_SYM"}, {"part_a": 0, "part_b": 3, "type": "ROT_SYM"}, {"part_a": 1, "part_b": 2, "type": "ROT_SYM"}, {"part_a": 1, "part_b": 2, "type": "TRANS_SYM"}, {"part_a": 1, "part_b": 2, "type": "REF_SYM"}, {"part_a": 2, "part_b": 0, "type": "ROT_SYM"}, {"part_a": 2, "part_b": 1, "type": "ROT_SYM"}, {"part_a": 2, "part_b": 1, "type": "TRANS_SYM"}, {"part_a": 2, "part_b": 1, "type": "REF_SYM"}, {"part_a": 2, "part_b": 3,