{"id": 0, "label": "chair", "box": [-0.0069449832662940025, -0.04332301393151283, -0.027429524809122086, 1.0729281902313232, 1.1518945693969727, 1.1984105110168457, 3.867919440381229e-05, -3.869984357152134e-05, -1.0, -1.0, -5.813949877087055e-10, -3.867919440381229e-05], "children": [{"id": 1, "label": "chair_back", "box": [-0.006315991282463074, 0.2694064974784851, -0.30598050355911255, 0.4104030132293701, 0.5729190111160278, 0.8428720235824585, 0.0, 0.0, -1.0, 1.2246468525851679e-16, 1.0, 0.0], "children": [{"id": 2, "label": "back_surface", "box": [-0.006315991282463074, 0.2694064974784851, -0.30598050355911255, 0.4104030132293701, 0.5729190111160278, 0.8428720235824585, 0.0, 0.0, -1.0, 1.2246468525851679e-16, 1.0, 0.0], "children": [{"id": 3, "label": "back_single_surface", "box": [-0.006315991282463074, 0.2694064974784851, -0.30598050355911255, 0.4104030132293701, 0.5729190111160278, 0.8428720235824585, 0.0, 0.0, -1.0, 1.2246468525851679e-16, 1.0, 0.0]}]}]}, {"id": 4, "label": "chair_arm", "box": [0.4531400799751282, 0.23491564393043518, -0.0010816216235980392, 0.23309674859046936, 0.6094123721122742, 1.0202980041503906, 0.9999904036521912, -0.00423080287873745, -0.0011210793163627386, 0.004230817314237356, 0.9999910593032837, 1.0462427781021688e-05], "children": [{"id": 5, "label": "arm_sofa_style", "box": [0.4531400799751282, 0.23491564393043518, -0.0010816216235980392, 0.23309674859046936, 0.6094123721122742, 1.0202980041503906, 0.9999904036521912, -0.00423080287873745, -0.0011210793163627386, 0.004230817314237356, 0.9999910593032837, 1.0462427781021688e-05]}]}, {"id": 6, "label": "chair_arm", "box": [-0.45875898003578186, 0.24763567745685577, -0.0010958458296954632, 0.24826538562774658, 0.5819019079208374, 1.0201923847198486, -1.0, -7.519076400318452e-17, -4.168089071754366e-05, -1.7405442642726143e-09, 1.0, 4.1758805309655145e-05], "children": [{"id": 7, "label": "arm_sofa_style", "box": [-0.45875898003578186, 0.24763567745685577, -0.0010958458296954632, 0.24826538562774658, 0.5819019079208374, 1.0201923847198486, -1.0, -7.519076400318452e-17, -4.168089071754366e-05, -1.7405442642726143e-09, 1.0, 4.1758805309655145e-05]}]}, {"id": 8, "label": "chair_seat", "box": [-0.006944540422409773, -0.06358283013105392, 0.00046681170351803303, 0.32960525155067444, 1.0256527662277222, 1.1518914699554443, -1.153643211182498e-06, 0.9995539784431458, 0.029863514006137848, 3.861329605570063e-05, 0.029863514006137848, -0.9995539784431458], "children": [{"id": 9, "label": "seat_surface", "box": [-0.006957073230296373, -0.025131162256002426, -0.0010935068130493164, 0.2636246979236603, 1.0201770067214966, 1.1518739461898804, -0.00017120130360126495, 1.0, 0.0, 0.0, 0.0, 1.0], "children": [{"id": 10, "label": "seat_single_surface", "box": [-0.006957073230296373, -0.025131162256002426, -0.0010935068130493164, 0.2636246979236603, 1.0201770067214966, 1.1518739461898804, -0.00017120130360126495, 1.0, 0.0, 0.0, 0.0, 1.0]}]}, {"id": 11, "label": "seat_support", "box": [0.4897642135620117, -0.18437014520168304, -0.0012572152772918344, 0.09428730607032776, 0.1642327606678009, 1.0198439359664917, 0.08868417143821716, -0.996059775352478, 7.708888006163761e-05, -0.996059775352478, -0.08868417143821716, 6.8636077230621595e-06]}, {"id": 12, "label": "seat_support", "box": [-0.489119291305542, -0.18908415734767914, -0.0012238870840519667, 0.09265752881765366, 0.1883300542831421, 1.0205880403518677, 0.01293708011507988, -0.999879002571106, -0.008637716062366962, -0.9999163150787354, -0.012936138547956944, -0.00016477081226184964]}], "edges": [{"dist": 0.004414606209012739, "part_a": 1, "part_b": 0, "type": "ADJ"}, {"dist": 0.006110825875227717, "part_a": 2, "part_b": 0, "type": "ADJ"}, {"dist": 0.017374361004403756, "params": [-0.002256646752357483, -0.19606250524520874, -0.027840547263622284, 0.9999977946281433, 0.0007825986831448972, 0.0019569257274270058], "part_a": 2, "part_b": 1, "type": "REF_SYM"}, {"dist": 0.017790101164790188, "params": [0.9855210781097412, 0.0007712692022323608, 0.0019285958260297775], "part_a": 2, "part_b": 1, "type": "TRANS_SYM"}, {"dist": 0.018081301671516704, "params": [-0.0013078050687909126, 27.785799026489258, 4.642859935760498, -0.001991372322663665, -0.13008347153663635, 0.9915010333061218, 0.03475900739431381], "part_a": 2, "part_b": 1, "type": "ROT_SYM"}]}, {"id": 13, "label": "chair_base", "box": [-0.006944689899682999, -0.42162272334098816, -0.027430232614278793, 0.4418373703956604, 1.0728964805603027, 1.1518850326538086, -5.38021504326025e-06, -1.0, 6.083157495595515e-05, -3.041472882614471e-05, 6.083173866500147e-05, 1.0], "children": [{"id": 14, "label": "regular_leg_base", "box": [-0.006944689899682999, -0.42162272334098816, -0.027430232614278793, 0.4418373703956604, 1.0728964805603027, 1.1518850326538086, -5.38021504326025e-06, -1.0, 6.083157495595515e-05, -3.041472882614471e-05, 6.083173866500147e-05, 1.0], "children": [{"id": 15, "label": "leg", "box": [-0.4891304075717926, -0.421589195728302, 0.42444002628326416, 0.1691109538078308, 0.18749117851257324, 0.4418441951274872, -7.517456833738834e-05, 2.1487114281626418e-05, -1.0, 1.0, -2.7571647933655186e-06, -7.517462654504925e-05]}, {"id": 16, "label": "leg", "box": [0.4879620373249054, -0.42196276783943176, 0.4285943806171417, 0.16204363107681274, 0.1689520627260208, 0.4429064989089966, -1.0, 6.505445981019875e-06, -2.9294924388523214e-05, -2.9139602702343836e-05, 0.022713882848620415, 0.9997420310974121]}, {"id": 17, "label": "runner", "box": [0.48791036009788513, -0.5943630933761597, -0.09510207921266556, 0.10391974449157715, 0.162144735455513, 0.9374669790267944, -2.1562619953232205e-16, -0.9999657869338989, 0.00827077031135559, -1.0, 3.6468154718249934e-08, 4.409130724525312e-06]}, {"id": 18, "label": "runner", "box": [-0.4907599985599518, -0.5905615091323853, -0.09661701321601868, 0.10389697551727295, 0.18422597646713257, 0.934469997882843, 0.0, -1.0, 0.0, -1.0, 0.0, 0.0]}, {"id": 19, "label": "runner", "box": [-0.003953376319259405, -0.5890885591506958, 0.43594902753829956, 0.12416444718837738, 0.14610522985458374, 0.847370982170105, -0.020304689183831215, -0.9997928142547607, -0.0014177862321957946, -1.3734040749113774e-06, -0.0014180507278069854, 0.9999989867210388]}], "edges": [{"dist": 0.014838690418652436, "part_a": 2, "part_b": 1, "type": "ADJ"}, {"dist": 0.011383815447643887, "part_a": 3, "part_b": 0, "type": "ADJ"}, {"dist": 0.01433730451053805, "part_a": 4, "part_b": 0, "type": "ADJ"}, {"dist": 0.009597544665135908, "part_a": 4, "part_b": 1, "type": "ADJ"}, {"dist": 0.00923397616118664, "part_a": 4, "part_b": 2, "type": "ADJ"}, {"dist": 0.0032315465469924137, "part_a": 4, "part_b": 3, "type": "ADJ"}, {"dist": 0.02193707468977873, "params": [-0.0018903911113739014, -0.5961389541625977, -0.10486902296543121, 0.9999962449073792, -0.0005175672704353929, 0.0026869734283536673], "part_a": 3, "part_b": 2, "type": "REF_SYM"}, {"dist": 0.02119665467327716, "params": [0.9877500534057617, -0.0005112290382385254, 0.002654068171977997], "part_a": 3, "part_b": 2, "type": "TRANS_SYM"}, {"dist": 0.022061657714841303, "params": [-0.0019032121635973454, -0.5940393209457397, -0.11091893911361694, 0.007184936199337244, 0.0048167710192501545, 0.999962568283081, 3.132967948913574], "part_a": 3, "part_b": 2, "type": "ROT_SYM"}, {"dist": 0.03668431927697381, "params": [0.24376492202281952, -0.5961698889732361, 0.1702474057674408, 0.6716650128364563, -0.0006078867590986192, -0.7408547401428223], "part_a": 4, "part_b": 2, "type": "REF_SYM"}, {"dist": 0.02840960551363181, "params": [0.5156857371330261, -0.6432682275772095, 0.4165995717048645, -0.027437591925263405, -0.9992237091064453, -0.028269413858652115, 1.5736931562423706], "part_a": 4, "part_b": 2, "type": "ROT_SYM"}, {"dist": 0.0404225494795858, "params": [-0.25011008977890015, -0.5959142446517944, 0.1689203679561615, -0.6660393476486206, 8.395361510338262e-05, -0.7459166049957275], "part_a": 4, "part_b": 3,