{"id": 0, "label": "chair", "box": [-0.01690986379981041, 0.08357705175876617, 0.1679217517375946, 1.0152842998504639, 1.2387886047363281, 1.5982303619384766, 0.9999985694885254, -1.6605528799118474e-05, -0.0017036772333085537, 0.0016922935610637069, 0.12548868358135223, 0.9920936226844788], "children": [{"id": 1, "label": "chair_back", "box": [-0.0016572363674640656, 0.27424347400665283, -0.3044479191303253, 0.2739005982875824, 0.9757281541824341, 1.0984872579574585, 0.00954285729676485, -0.28919559717178345, -0.9572224617004395, -0.9999452829360962, -0.006868202704936266, -0.007893756963312626], "children": [{"id": 2, "label": "back_surface", "box": [-0.0016572363674640656, 0.27424347400665283, -0.3044479191303253, 0.2739005982875824, 0.9757281541824341, 1.0984872579574585, 0.00954285729676485, -0.28919559717178345, -0.9572224617004395, -0.9999452829360962, -0.006868202704936266, -0.007893756963312626], "children": [{"id": 3, "label": "back_single_surface", "box": [-0.0016572363674640656, 0.27424347400665283, -0.3044479191303253, 0.2739005982875824, 0.9757281541824341, 1.0984872579574585, 0.00954285729676485, -0.28919559717178345, -0.9572224617004395, -0.9999452829360962, -0.006868202704936266, -0.007893756963312626]}]}]}, {"id": 4, "label": "chair_arm", "box": [0.42874056100845337, 0.04474518820643425, 0.21738848090171814, 0.1254083216190338, 0.34598204493522644, 1.1448185443878174, 0.9999471306800842, -0.009502602741122246, -0.00392328342422843, 0.01028062216937542, 0.923505961894989, 0.3834463059902191], "children": [{"id": 5, "label": "arm_horizontal_bar", "box": [0.44537100195884705, 0.0867418497800827, 0.13527098298072815, 0.0889739990234375, 0.09511347115039825, 1.0027432441711426, -1.0, 0.0, -6.123234262925839e-17, -7.148116004962716e-18, 0.9931628108024597, 0.11673758924007416]}, {"id": 6, "label": "arm_near_vertical_bar", "box": [0.4271094799041748, -0.13467220962047577, 0.6547417044639587, 0.09862132370471954, 0.1254970133304596, 0.3699291944503784, -6.027222416610074e-17, 0.1763913780450821, 0.9843201041221619, 1.0, 0.0, 6.123234262925839e-17]}], "edges": [{"dist": 0.007318827306282374, "part_a": 1, "part_b": 0, "type": "ADJ"}]}, {"id": 7, "label": "chair_arm", "box": [-0.4045470058917999, 0.04028037190437317, 0.22019094228744507, 0.11787998676300049, 0.366738498210907, 1.1468422412872314, -1.0, 0.0, -6.123234262925839e-17, -2.484256644429482e-17, 0.9140018820762634, 0.4057098925113678], "children": [{"id": 8, "label": "arm_horizontal_bar", "box": [-0.419016569852829, 0.08958476036787033, 0.1173197478055954, 0.067252978682518, 0.08945348858833313, 0.9666949510574341, 0.012401741929352283, -0.9962987899780273, -0.08505835384130478, -0.9999231100082397, -0.012356407940387726, -0.001059438451193273]}, {"id": 9, "label": "arm_near_vertical_bar", "box": [-0.4045470058917999, -0.12869693338871002, 0.64761883020401, 0.11787998676300049, 0.12385457009077072, 0.4218885600566864, -1.0, 0.0, -6.123234262925839e-17, 5.915680750601994e-17, -0.25815314054489136, -0.9661040306091309]}], "edges": [{"dist": 0.01217623369029052, "part_a": 1, "part_b": 0, "type": "ADJ"}]}, {"id": 10, "label": "chair_seat", "box": [-0.023776492103934288, -0.20172959566116333, 0.27497172355651855, 0.2873920202255249, 1.0012023448944092, 1.073178768157959, -0.01396722812205553, 0.996709942817688, -0.07983851432800293, -0.9991478323936462, -0.010810565203428268, 0.03983449563384056], "children": [{"id": 11, "label": "seat_surface", "box": [-0.022468896582722664, -0.20420102775096893, 0.27462202310562134, 0.2703097462654114, 1.0007669925689697, 1.0743300914764404, 0.026467425748705864, 0.9922234416007996, -0.12162286788225174, -0.9988515377044678, 0.031110676005482674, 0.03643815964460373], "children": [{"id": 12, "label": "seat_single_surface", "box": [-0.022468896582722664, -0.20420102775096893, 0.27462202310562134, 0.2703097462654114, 1.0007669925689697, 1.0743300914764404, 0.026467425748705864, 0.9922234416007996, -0.12162286788225174, -0.9988515377044678, 0.031110676005482674, 0.03643815964460373]}]}, {"id": 13, "label": "seat_support", "box": [0.007192115765064955, -0.2646631896495819, 0.6644604802131653, 0.052142027765512466, 0.1013304740190506, 0.7782989144325256, -5.378883297000278e-21, -8.784382953308523e-05, -1.0, 0.007702882867306471, -0.9999703168869019, 8.784122474025935e-05]}], "edges": [{"dist": 0.008997515067317835, "part_a": 1, "part_b": 0, "type": "ADJ"}]}, {"id": 14, "label": "chair_base", "box": [0.013185501098632812, -0.6153250336647034, 0.20508833229541779, 0.33916372060775757, 0.953345000743866, 1.1100397109985352, -1.8005692034056207e-17, -0.9557884335517883, 0.2940552532672882, 1.0, 0.0, 6.123234262925839e-17], "children": [{"id": 15, "label": "regular_leg_base", "box": [0.013185501098632812, -0.6153250336647034, 0.20508833229541779, 0.33916372060775757, 0.953345000743866, 1.1100397109985352, -1.8005692034056207e-17, -0.9557884335517883, 0.2940552532672882, 1.0, 0.0, 6.123234262925839e-17], "children": [{"id": 16, "label": "leg", "box": [-0.416151225566864, -0.4819832742214203, 0.6599792242050171, 0.09475452452898026, 0.0948546901345253, 0.3578208386898041, -0.9999942183494568, -1.682693319138854e-17, 0.0033924917224794626, 0.0033452361822128296, -0.16632787883281708, 0.9860648512840271]}, {"id": 17, "label": "leg", "box": [0.4425988495349884, -0.4772705137729645, 0.6605320572853088, 0.075672447681427, 0.09476891905069351, 0.3466196656227112, -0.0001632083294680342, 0.07597319781780243, -0.9971098303794861, -0.9999997019767761, -0.0007309239008463919, 0.00010798977746162564]}, {"id": 18, "label": "runner", "box": [0.4416629374027252, -0.637669026851654, 0.16417548060417175, 0.09236990660429001, 0.09686364978551865, 1.055629014968872, -0.008618227206170559, 0.9991534352302551, -0.040226344019174576, -0.9999628067016602, -0.008598138578236103, 0.0006723526166751981]}, {"id": 19, "label": "runner", "box": [0.015799505636096, -0.6386792659759521, -0.3151246905326843, 0.05471113696694374, 0.09735874086618423, 0.9474467039108276, 1.3168910566468763e-17, 1.0, 8.780583448242396e-05, 0.0006053204997442663, -8.780581993050873e-05, 0.9999998211860657]}, {"id": 20, "label": "runner", "box": [-0.41221824288368225, -0.6303216814994812, 0.15914228558540344, 0.07149408012628555, 0.10257209092378616, 1.0438687801361084, 0.0015575557481497526, -0.9999988079071045, -1.2226223589095753e-05, 0.9999988079071045, 0.0015575557481497526, 2.2722526082930017e-08]}], "edges": [{"dist": 0.007040259009406288, "part_a": 2, "part_b": 1, "type": "ADJ"}, {"dist": 0.0038701796756353325, "part_a": 3, "part_b": 2, "type": "ADJ"}, {"dist": 0.007482819404338676, "part_a": 4, "part_b": 0, "type": "ADJ"}, {"dist": 0.004672572673494418, "part_a": 4, "part_b": 3, "type": "ADJ"}, {"dist": 0.034073398705670076, "params": [0.011318624019622803, -0.46836817264556885, 0.6642135977745056, -0.9997895359992981, -0.020303023979067802, -0.00293086189776659], "part_a": 1, "part_b": 0, "type": "REF_SYM"}, {"dist": 0.025649902009634514, "params": [-0.8647463321685791, -0.01756066083908081, -0.0025349855422973633], "part_a": 1, "part_b": 0, "type": "TRANS_SYM"}, {"dist": 0.038549766586322545, "params": [0.23416076600551605, -0.6376267671585083, -0.0715952143073082, 0.6512023210525513, 0.000357307493686676, 0.7589040994644165], "part_a": 3, "part_b": 2, "type": "REF_SYM"}, {"dist": 0.020057704796275614, "params": [0.4777188003063202, -0.541460394859314, -0.28034964203834534, -0.06820288300514221, 0.9958075284957886, 0.06095627322793007, 1.5727686882019043], "part_a": 3, "part_b": 2, "type": "ROT_SYM"}, {"dist": 0.018583870223022218, "params": [0.015089690685272217, -0.6376498937606812, 0.1682489812374115, 0.9997472167015076, 0.00032453727908432484, 0.02248232066631317], "part_a": 4, "part_b": 2, "type": "REF_SYM"}, {"dist": 0.014967452931591517, "params": [0.8664743304252625, 0.00028127431869506836, 0.01948527991771698], "part_a": 4, "part_b": 2, "type": "TRANS_SYM"}, {"dist": 0.016304817337488595,