{"id": 0, "label": "chair", "box": [-0.006003605667501688, -0.16003069281578064, 0.09912619739770889, 0.8830676078796387, 1.1821365356445312, 1.2859162092208862, -0.9999999403953552, -0.00036467271274887025, -2.819380461005494e-05, -2.3854432583902963e-05, 0.1419430822134018, -0.9898748397827148], "children": [{"id": 1, "label": "chair_back", "box": [-0.005917676724493504, 0.1393079161643982, -0.185406893491745, 0.4150714576244354, 0.7918460369110107, 0.8827390074729919, -0.00012870083446614444, -0.17571090161800385, -0.9844418168067932, 8.40286065795226e-06, -0.9844418168067932, 0.17571090161800385], "children": [{"id": 2, "label": "back_surface", "box": [-0.0034772728104144335, 0.1413024216890335, -0.1899290531873703, 0.40820735692977905, 0.7677708864212036, 0.8620227575302124, -0.00246565043926239, -0.14236490428447723, -0.9898111820220947, 0.00889905821532011, -0.9897781014442444, 0.14233797788619995], "children": [{"id": 3, "label": "back_single_surface", "box": [-0.0034772728104144335, 0.1413024216890335, -0.1899290531873703, 0.40820735692977905, 0.7677708864212036, 0.8620227575302124, -0.00246565043926239, -0.14236490428447723, -0.9898111820220947, 0.00889905821532011, -0.9897781014442444, 0.14233797788619995]}]}, {"id": 4, "label": "back_frame", "box": [-0.005906358826905489, 0.13901737332344055, -0.18441073596477509, 0.41493353247642517, 0.7927068471908569, 0.8827390074729919, -0.00012845512537751347, -0.18070842325687408, -0.9835367202758789, -6.79594450048171e-05, -0.9835367202758789, 0.18070843815803528], "children": [{"id": 5, "label": "back_holistic_frame", "box": [-0.005906358826905489, 0.13901737332344055, -0.18441073596477509, 0.41493353247642517, 0.7927068471908569, 0.8827390074729919, -0.00012845512537751347, -0.18070842325687408, -0.9835367202758789, -6.79594450048171e-05, -0.9835367202758789, 0.18070843815803528]}]}], "edges": [{"part_a": 1, "type": "ADJ", "dist": 0.004815089805627761, "part_b": 0}]}, {"id": 6, "label": "chair_seat", "box": [-0.0059492806904017925, -0.1779462844133377, 0.3293270766735077, 0.1718541532754898, 0.5890543460845947, 0.882879912853241, 0.0002869723830372095, -0.9962753057479858, -0.08622922748327255, 0.0003526941000018269, 0.08622932434082031, -0.9962752461433411], "children": [{"id": 7, "label": "seat_surface", "box": [-0.011711855418980122, -0.17340925335884094, 0.3226684629917145, 0.14624662697315216, 0.5793471336364746, 0.8520653247833252, 3.515419302857481e-05, -0.9969866871833801, -0.07757317274808884, -0.00366655713878572, 0.07757251709699631, -0.9969799518585205], "children": [{"id": 8, "label": "seat_single_surface", "box": [-0.011711855418980122, -0.17340925335884094, 0.3226684629917145, 0.14624662697315216, 0.5793471336364746, 0.8520653247833252, 3.515419302857481e-05, -0.9969866871833801, -0.07757317274808884, -0.00366655713878572, 0.07757251709699631, -0.9969799518585205]}]}, {"id": 9, "label": "seat_frame", "box": [-0.005833115894347429, -0.17795094847679138, 0.32992810010910034, 0.17204022407531738, 0.5882791876792908, 0.8828784227371216, 0.0015951580135151744, -0.9964638352394104, -0.08400767296552658, -0.000985447783023119, 0.0840061753988266, -0.996464729309082], "children": [{"id": 10, "label": "seat_frame_bar", "box": [0.40381181240081787, -0.1768554300069809, 0.32976609468460083, 0.07083875685930252, 0.15808095037937164, 0.5848917961120605, -0.9996265172958374, 0.024122290313243866, 0.012842492200434208, 0.024788973852992058, 0.9982023239135742, 0.054568156599998474]}, {"id": 11, "label": "seat_frame_bar", "box": [-0.418371319770813, -0.17812933027744293, 0.3299868106842041, 0.057971589267253876, 0.17185212671756744, 0.5873739123344421, 0.9999985098838806, -0.0002055487420875579, -0.0017149352934211493, -0.0003526635409798473, -0.9962751269340515, -0.08623059839010239]}], "edges": [{"part_a": 1, "type": "REF_SYM", "params": [-0.006735965609550476, -0.18359412252902985, 0.3823400139808655, 0.9997063875198364, -2.146195220120717e-05, -0.024230964481830597], "dist": 0.029094858401647935, "part_b": 0}, {"part_a": 1, "type": "TRANS_SYM", "params": [0.8509691953659058, -1.8268823623657227e-05, -0.02062585949897766], "dist": 0.029504087451788213, "part_b": 0}, {"part_a": 1, "type": "ROT_SYM", "params": [0.007794317323714495, -9.48925495147705, 1.512473464012146, -0.0042288638651371, -0.12860463559627533, -0.9916869401931763, 0.09072796255350113], "dist": 0.017557914952071273, "part_b": 0}]}], "edges": [{"part_a": 1, "type": "ADJ", "dist": 0.006668771822723323, "part_b": 0}]}, {"id": 12, "label": "chair_base", "box": [-0.006142249796539545, -0.6470192074775696, 0.08447986841201782, 0.38010090589523315, 0.8866264820098877, 1.2772719860076904, 0.012063449248671532, -0.939540445804596, 0.3422253131866455, -0.9999272227287292, -0.011248189955949783, 0.004366835113614798], "children": [{"id": 13, "label": "regular_leg_base", "box": [-0.006142249796539545, -0.6470192074775696, 0.08447986841201782, 0.38010090589523315, 0.8866264820098877, 1.2772719860076904, 0.012063449248671532, -0.939540445804596, 0.3422253131866455, -0.9999272227287292, -0.011248189955949783, 0.004366835113614798], "children": [{"id": 14, "label": "leg", "box": [0.4207444489002228, -0.49439868330955505, 0.5600499510765076, 0.03825202211737633, 0.14293421804904938, 0.46245235204696655, -0.9986936450004578, -0.028180276975035667, 0.04262441396713257, 0.050151702016592026, -0.3808159828186035, 0.9232897758483887]}, {"id": 15, "label": "leg", "box": [-0.4321404695510864, -0.49262574315071106, 0.5612633228302002, 0.03930675610899925, 0.14058353006839752, 0.4582032561302185, -0.9973254203796387, 0.036831267178058624, -0.06313072890043259, -0.07254203408956528, -0.3933199942111969, 0.9165353178977966]}, {"id": 16, "label": "runner", "box": [-0.4280713200569153, -0.6972302198410034, -0.049448322504758835, 0.03962360695004463, 0.04076497629284859, 1.0501984357833862, -0.7969565391540527, -0.6040366291999817, -1.1191833664270234e-06, -0.6039972901344299, 0.7969046235084534, -0.011415409855544567]}, {"id": 17, "label": "runner", "box": [-0.005754163954406977, -0.7003941535949707, -0.5563104152679443, 0.03450419008731842, 0.03527764230966568, 0.8813830018043518, 0.0005164790200069547, 0.7721427083015442, -0.6354489326477051, 3.6341141822049394e-05, -0.6354490518569946, -0.7721428275108337]}, {"id": 18, "label": "runner", "box": [0.4133169949054718, -0.6991499662399292, -0.11627597361803055, 0.029818300157785416, 0.043731916695833206, 0.9060046076774597, 0.12879975140094757, 0.9916703701019287, -0.0007091297884471714, 0.9916706085205078, -0.12879988551139832, -0.00013028332614339888]}], "edges": [{"part_a": 2, "type": "ADJ", "dist": 0.003761875078035928, "part_b": 1}, {"part_a": 3, "type": "ADJ", "dist": 0.007663656043177345, "part_b": 2}, {"part_a": 4, "type": "ADJ", "dist": 0.007280092251674435, "part_b": 3}, {"part_a": 3, "type": "ROT_SYM", "params": [-0.475532591342926, -0.6634203791618347, -0.5145792961120605, -0.024872366338968277, -0.9993975162506104, -0.024208294227719307, 1.5706008672714233], "dist": 0.014885920651487788, "part_b": 2}, {"part_a": 4, "type": "TRANS_SYM", "params": [-0.8515785932540894, -0.00023555755615234375, 0.06431123614311218], "dist": 0.012083093953314058, "part_b": 2}, {"part_a": 4, "type": "ROT_SYM", "params": [-0.006054822355508804, -0.6997842788696289, -0.07687996327877045, 0.0015019982820376754, 0.9999984502792358, 0.0009485941845923662, 3.1415927410125732], "dist": 0.01237055070322582, "part_b": 2}, {"part_a": 4, "type": "REF_SYM", "params": [0.2070055454969406, -0.6999627351760864, -0.33435842394828796, -0.6864672899246216, -0.0003089503734372556, -0.7271605730056763], "dist": 0.019762546005943016, "part_b": 3}, {"part_a": 4, "type": "ROT_SYM", "params": [-0.29306116700172424, -0.7102402448654175, 0.1654786467552185, -0.6913474798202515, -0.0006465224432758987, 0.7225221395492554, 3.0780115127563477], "dist": 0.02335831991467793, "part_b": 3}, {"part_a": 1, "type": "REF_SYM",