{"id": 0, "label": "chair", "box": [-0.0022969990968704224, -0.06477800011634827, 0.09233500808477402, 0.6077319979667664, 0.6119500398635864, 1.6566400527954102, 6.123234262925839e-17, 6.123234262925839e-17, -1.0, 1.0, 0.0, 6.123234262925839e-17], "children": [{"id": 1, "label": "chair_back", "box": [-0.002397955162450671, 0.3493170738220215, -0.16557100415229797, 0.09191999584436417, 0.6119375228881836, 0.8284497857093811, 0.0, 0.0, -1.0, -0.9999999403953552, -0.00025094972806982696, 0.0], "children": [{"id": 2, "label": "back_surface", "box": [-0.002397955162450671, 0.3493170738220215, -0.16557100415229797, 0.09191999584436417, 0.6119375228881836, 0.8284497857093811, 0.0, 0.0, -1.0, -0.9999999403953552, -0.00025094972806982696, 0.0], "children": [{"id": 3, "label": "back_single_surface", "box": [-0.002397955162450671, 0.3493170738220215, -0.16557100415229797, 0.09191999584436417, 0.6119375228881836, 0.8284497857093811, 0.0, 0.0, -1.0, -0.9999999403953552, -0.00025094972806982696, 0.0]}]}]}, {"id": 4, "label": "chair_seat", "box": [-0.002306615933775902, -0.01809014566242695, 0.09233343601226807, 0.13577426970005035, 0.6077370643615723, 0.6119961142539978, -0.0005152530502527952, 0.9999998807907104, -5.585056351264939e-05, 1.8598340147946146e-06, 5.5851527577033266e-05, 1.0], "children": [{"id": 5, "label": "seat_surface", "box": [-0.002306615933775902, -0.01809014566242695, 0.09233343601226807, 0.13577426970005035, 0.6077370643615723, 0.6119961142539978, -0.0005152530502527952, 0.9999998807907104, -5.585056351264939e-05, 1.8598340147946146e-06, 5.5851527577033266e-05, 1.0], "children": [{"id": 6, "label": "seat_single_surface", "box": [-0.002306615933775902, -0.01809014566242695, 0.09233343601226807, 0.13577426970005035, 0.6077370643615723, 0.6119961142539978, -0.0005152530502527952, 0.9999998807907104, -5.585056351264939e-05, 1.8598340147946146e-06, 5.5851527577033266e-05, 1.0]}]}]}, {"id": 7, "label": "chair_base", "box": [-0.0022969990968704224, -0.4727199971675873, 0.09233500808477402, 0.6077319979667664, 0.6119500398635864, 0.8407559990882874, 0.0, 0.0, -1.0, -1.0, -6.123234262925839e-17, 0.0], "children": [{"id": 8, "label": "regular_leg_base", "box": [-0.0022969990968704224, -0.4727199971675873, 0.09233500808477402, 0.6077319979667664, 0.6119500398635864, 0.8407559990882874, 0.0, 0.0, -1.0, -1.0, -6.123234262925839e-17, 0.0], "children": [{"id": 9, "label": "leg", "box": [0.2679338753223419, -0.47738155722618103, -0.1652248650789261, 0.07514618337154388, 0.09351228177547455, 0.8314436674118042, -0.9993611574172974, -0.0037525028456002474, 0.03554103523492813, 0.035540904849767685, 0.00010067842231364921, 0.9993681907653809]}, {"id": 10, "label": "leg", "box": [0.2636599838733673, -0.472727507352829, 0.3608477711677551, 0.070775605738163, 0.08018351346254349, 0.8407441973686218, -0.02174866944551468, 0.0004435928422026336, 0.9997633695602417, 0.9997634887695312, 2.3921334104670677e-06, 0.021748671308159828]}, {"id": 11, "label": "leg", "box": [-0.2685272693634033, -0.4787694811820984, 0.3626540005207062, 0.07227394729852676, 0.08158743381500244, 0.8286663889884949, 0.08193967491388321, -0.002772611565887928, -0.9966334104537964, 0.9966372847557068, 9.79104806901887e-05, 0.08193971961736679]}, {"id": 12, "label": "leg", "box": [-0.2724406123161316, -0.48306697607040405, -0.16847914457321167, 0.07360416650772095, 0.08614150434732437, 0.8200616836547852, -0.9999507069587708, 0.0021551086101680994, 0.009689454920589924, 0.00968947820365429, 0.0, 0.999953031539917]}], "edges": [{"dist": 0.016111479823784712, "part_a": 1, "part_b": 0, "type": "REF_SYM", "params": [0.26864105463027954, -0.4858577847480774, 0.09420567750930786, -0.0004861601337324828, -0.006696415599435568, -0.9999774098396301]}, {"dist": 0.01548469969868795, "part_a": 1, "part_b": 0, "type": "TRANS_SYM", "params": [-0.0002606809139251709, -0.0035906434059143066, -0.5361917018890381]}, {"dist": 0.016102806109917264, "part_a": 1, "part_b": 0, "type": "ROT_SYM", "params": [0.05655862018465996, -0.48826953768730164, 0.09431138634681702, 0.002500822301954031, 0.9999959468841553, 0.0013661901466548443, 1.803070068359375]}, {"dist": 0.015742296440985213, "part_a": 2, "part_b": 0, "type": "REF_SYM", "params": [-0.002235427498817444, -0.4857740104198456, 0.09460295736789703, 0.7100464105606079, -0.004928030539304018, -0.7041376233100891]}, {"dist": 0.01537462164691677, "part_a": 2, "part_b": 0, "type": "TRANS_SYM", "params": [0.5414923429489136, -0.0037581920623779297, -0.536986231803894]}, {"dist": 0.01599922956797137, "part_a": 2, "part_b": 0, "type": "ROT_SYM", "params": [-0.2539142370223999, -0.492492139339447, -0.1592288315296173, -0.009251264855265617, 0.9999548196792603, -0.002187526086345315, 1.6351853609085083]}, {"dist": 0.013947545435417498, "part_a": 2, "part_b": 1, "type": "REF_SYM", "params": [-0.0021050870418548584, -0.4839786887168884, 0.3626987934112549, 0.999998927116394, -0.00030927095212973654, -0.0014666441129520535]}, {"dist": 0.014174970389158435, "part_a": 2, "part_b": 1, "type": "TRANS_SYM", "params": [0.5417529940605164, -0.00016754865646362305, -0.0007945597171783447]}, {"dist": 0.014530953473902207, "part_a": 2, "part_b": 1, "type": "ROT_SYM", "params": [-0.002137088682502508, -0.48436596989631653, 0.3399066627025604, -0.003091753926128149, 0.9999951124191284, -0.000440053001511842, 2.9737019538879395]}, {"dist": 0.01586128821174519, "part_a": 3, "part_b": 0, "type": "REF_SYM", "params": [-0.002215251326560974, -0.48587241768836975, -0.17393752932548523, 0.9999783039093018, -0.006577315740287304, 0.0001748905488057062]}, {"dist": 0.014790542160925317, "part_a": 3, "part_b": 0, "type": "TRANS_SYM", "params": [0.5414519309997559, -0.00356137752532959, 9.469687938690186e-05]}, {"dist": 0.016827007151385565, "part_a": 3, "part_b": 0, "type": "ROT_SYM", "params": [-0.0022854807320982218, -0.4904361963272095, 0.1896708607673645, 0.001412390498444438, -0.9999944567680359, 0.0030087539926171303, 1.280043363571167]}, {"dist": 0.015845966320044803, "part_a": 3, "part_b": 1, "type": "REF_SYM", "params": [-0.0020849108695983887, -0.4840770959854126, 0.09415832906961441, 0.7106570601463318, 3.839306009467691e-05, 0.7035385966300964]}, {"dist": 0.01587602841451232, "part_a": 3, "part_b": 1, "type": "TRANS_SYM", "params": [0.5417126417160034, 2.9265880584716797e-05, 0.5362864136695862]}, {"dist": 0.015751252926624573, "part_a": 3, "part_b": 1, "type": "ROT_SYM", "params": [-0.009930184110999107, -0.4876103103160858, 0.10207545757293701, -0.000807843345683068, -0.9999957084655762, -0.0028041969053447247, 3.0830955505371094]}, {"dist": 0.015896262589394777, "part_a": 3, "part_b": 2, "type": "REF_SYM", "params": [-0.27296140789985657, -0.4839933216571808, 0.09455560892820358, -7.513270247727633e-05, 0.0003664522955659777, 1.0]}, {"dist": 0.015325337388232956, "part_a": 3, "part_b": 2, "type": "TRANS_SYM", "params": [-4.035234451293945e-05, 0.00019681453704833984, 0.5370809435844421]}, {"dist": 0.01669090891503839, "part_a": 3, "part_b": 2, "type": "ROT_SYM", "params": [-0.30348798632621765, -0.4868837296962738, 0.09454365819692612, -0.0007619236712343991, -0.9999904632568359, -0.004304081201553345, 2.915226697921753]}]}]}], "edges": [{"dist": 0.01420431310746733, "part_a": 1, "part_b": 0, "type": "ADJ"}, {"dist": 0.0411784392532479, "part_a": 2, "part_b": 0, "type": "ADJ"}, {"dist": 0.01473632366604143, "part_a": 2, "part_b": 1, "type": "ADJ"}]}