{"id": 0, "label": "chair", "box": [0.006738990545272827, -0.09949803352355957, 0.05242753401398659, 0.9164019823074341, 0.9805319905281067, 1.391184687614441, -7.306934682572897e-18, -0.11933129280805588, -0.9928544759750366, -1.0, -3.7636036274338016e-17, 1.1883001228792815e-17], "children": [{"id": 1, "label": "chair_back", "box": [-0.006500183138996363, 0.16388817131519318, -0.2415025532245636, 0.437972754240036, 0.7756670117378235, 0.9678313732147217, -0.06028372049331665, -0.058610983192920685, -0.9964590668678284, -0.002927090972661972, 0.9982807040214539, -0.05854104831814766], "children": [{"id": 2, "label": "back_surface", "box": [-0.006500183138996363, 0.16388817131519318, -0.2415025532245636, 0.437972754240036, 0.7756670117378235, 0.9678313732147217, -0.06028372049331665, -0.058610983192920685, -0.9964590668678284, -0.002927090972661972, 0.9982807040214539, -0.05854104831814766], "children": [{"id": 3, "label": "back_single_surface", "box": [-0.006500183138996363, 0.16388817131519318, -0.2415025532245636, 0.437972754240036, 0.7756670117378235, 0.9678313732147217, -0.06028372049331665, -0.058610983192920685, -0.9964590668678284, -0.002927090972661972, 0.9982807040214539, -0.05854104831814766]}]}]}, {"id": 4, "label": "chair_arm", "box": [0.4521159827709198, 0.1324913501739502, 0.21230320632457733, 0.10880682617425919, 0.5958184599876404, 0.6995681524276733, 0.9988389611244202, 0.00021828532044310123, -0.048173557966947556, -0.048159897327423096, -0.019716352224349976, -0.998645007610321], "children": [{"id": 5, "label": "arm_sofa_style", "box": [0.4521159827709198, 0.1324913501739502, 0.21230320632457733, 0.10880682617425919, 0.5958184599876404, 0.6995681524276733, 0.9988389611244202, 0.00021828532044310123, -0.048173557966947556, -0.048159897327423096, -0.019716352224349976, -0.998645007610321]}]}, {"id": 6, "label": "chair_arm", "box": [-0.4425291419029236, 0.1282251477241516, 0.23295240104198456, 0.09451751410961151, 0.562759280204773, 0.6825680732727051, -0.999778151512146, -0.011364850215613842, -0.017732609063386917, 0.017773175612092018, -0.0034784735180437565, -0.9998359680175781], "children": [{"id": 7, "label": "arm_sofa_style", "box": [-0.4425291419029236, 0.1282251477241516, 0.23295240104198456, 0.09451751410961151, 0.562759280204773, 0.6825680732727051, -0.999778151512146, -0.011364850215613842, -0.017732609063386917, 0.017773175612092018, -0.0034784735180437565, -0.9998359680175781]}]}, {"id": 8, "label": "chair_seat", "box": [0.00673849880695343, -0.1118520051240921, 0.10467350482940674, 0.19503000378608704, 0.8126250505447388, 0.8166869878768921, 1.2246468525851679e-16, 1.0, 0.0, 1.0, -1.2246468525851679e-16, 0.0], "children": [{"id": 9, "label": "seat_surface", "box": [0.00673849880695343, -0.1118520051240921, 0.10467350482940674, 0.19503000378608704, 0.8126250505447388, 0.8166869878768921, 1.2246468525851679e-16, 1.0, 0.0, 1.0, -1.2246468525851679e-16, 0.0], "children": [{"id": 10, "label": "seat_single_surface", "box": [0.00673849880695343, -0.1118520051240921, 0.10467350482940674, 0.19503000378608704, 0.8126250505447388, 0.8166869878768921, 1.2246468525851679e-16, 1.0, 0.0, 1.0, -1.2246468525851679e-16, 0.0]}]}]}, {"id": 11, "label": "chair_base", "box": [0.006738990545272827, -0.47753846645355225, 0.08676318824291229, 0.5363345742225647, 0.8363270163536072, 0.9588980078697205, -6.123234262925839e-17, -1.0, -1.3773743376077618e-05, 6.123149559631114e-17, -1.3773743376077618e-05, 1.0], "children": [{"id": 12, "label": "regular_leg_base", "box": [0.006738990545272827, -0.47753846645355225, 0.08676318824291229, 0.5363345742225647, 0.8363270163536072, 0.9588980078697205, -6.123234262925839e-17, -1.0, -1.3773743376077618e-05, 6.123149559631114e-17, -1.3773743376077618e-05, 1.0], "children": [{"id": 13, "label": "leg", "box": [-0.3676186501979828, -0.4802906811237335, -0.2324342280626297, 0.06655421853065491, 0.08957552909851074, 0.5655897259712219, -0.8201318383216858, 6.436094281525584e-06, 0.572174608707428, 0.5574337840080261, -0.22551694512367249, 0.7990054488182068]}, {"id": 14, "label": "leg", "box": [0.38109272718429565, -0.48029059171676636, -0.23243659734725952, 0.0665542408823967, 0.08957496285438538, 0.5655898451805115, -0.8201339244842529, 9.323071935796179e-06, -0.5721716284751892, -0.5574337840080261, -0.22551694512367249, 0.7990054488182068]}, {"id": 15, "label": "leg", "box": [0.4536829888820648, -0.47754451632499695, 0.4772089719772339, 0.055427998304367065, 0.06500998139381409, 0.5363330245018005, 0.0, 0.0, -1.0, -1.0, 1.8369701465288538e-16, 0.0]}, {"id": 16, "label": "leg", "box": [-0.44020500779151917, -0.47754451632499695, 0.4772089719772339, 0.055427998304367065, 0.06501001119613647, 0.5363330245018005, 0.0, 0.0, -1.0, -1.0, 1.8369701465288538e-16, 0.0]}], "edges": [{"dist": 0.014826677650574395, "part_a": 1, "type": "REF_SYM", "params": [0.006700336933135986, -0.4524584114551544, -0.22430334985256195, -0.9999955296516418, -0.0029763085767626762, 7.183468551374972e-05], "part_b": 0}, {"dist": 0.014045599733243161, "part_a": 1, "type": "ROT_SYM", "params": [0.007914196699857712, -0.21255336701869965, 0.29895779490470886, 0.0017499396344646811, 0.9999963641166687, 0.002025516936555505, 1.228287696838379], "part_b": 0}, {"dist": 0.03377653190698509, "part_a": 2, "type": "ROT_SYM", "params": [0.6575736999511719, -0.3386589586734772, -0.571897029876709, 0.1645742952823639, -0.9602675437927246, -0.22539183497428894, 1.0556952953338623], "part_b": 0}, {"dist": 0.032167008562707246, "part_a": 2, "type": "ROT_SYM", "params": [0.5971000790596008, -0.5523607730865479, 0.10576830059289932, 0.14118671417236328, -0.9887790679931641, -0.04880804941058159, 2.261256694793701], "part_b": 1}, {"dist": 0.048276558810974875, "part_a": 3, "type": "ROT_SYM", "params": [-0.7956729531288147, -0.005408674478530884, -0.7802495360374451, 0.12932874262332916, 0.9776987433433533, 0.16546696424484253, 0.8124843239784241], "part_b": 1}, {"dist": 0.014312226259285674, "part_a": 3, "type": "REF_SYM", "params": [0.006508365273475647, -0.4503163695335388, 0.4815416932106018, 0.9999966025352478, 0.0025934414006769657, 0.0002316958998562768], "part_b": 2}, {"dist": 0.014165370459057075, "part_a": 3, "type": "TRANS_SYM", "params": [0.8943396806716919, 0.002319425344467163, 0.0002072155475616455], "part_b": 2}, {"dist": 0.014250286059194341, "part_a": 3, "type": "ROT_SYM", "params": [0.0065079182386398315, -0.45074668526649475, 0.4842744767665863, -0.0013813696568831801, -0.999864399433136, 0.016409296542406082, 3.1293952465057373], "part_b": 2}]}]}], "edges": [{"dist": 0.012401912864834441, "part_a": 1, "type": "ADJ", "part_b": 0}, {"dist": 0.0024254882642523903, "part_a": 2, "type": "ADJ", "part_b": 0}, {"dist": 0.007225586236923752, "part_a": 3, "type": "ADJ", "part_b": 0}, {"dist": 0.004501409723035928, "part_a": 3, "type": "ADJ", "part_b": 1}, {"dist": 0.003769267741871612, "part_a": 3, "type": "ADJ", "part_b": 2}, {"dist": 0.006745056444196115, "part_a": 4, "type": "ADJ", "part_b": 0}, {"dist": 0.005440854681867298, "part_a": 4, "type": "ADJ", "part_b": 1}, {"dist": 0.015289112828529397, "part_a": 4, "type": "ADJ", "part_b": 2}, {"dist": 0.019577101664505263, "part_a": 4, "type": "ADJ", "part_b": 3}, {"dist": 0.03285630712875404, "part_a": 2, "type": "REF_SYM", "params": [0.005305081605911255, 0.058781206607818604, 0.15701697766780853, 0.9995901584625244, 0.013449045829474926, -0.025270778685808182], "part_b": 1}, {"dist": 0.02702505115127394, "part_a": 2, "type": "TRANS_SYM", "params": [0.8929094672203064, 0.01201370358467102, -0.022573769092559814], "part_b": 1}, {"dist": 0.02459644617064852, "part_a": 2, "type": "ROT_SYM", "params": [-0.5529024600982666, 1.8308360576629639, -29.049617767333984, 0.0007218216778710485, 0.996962308883667, 0.07788194715976715, 0.030523644760251045], "part_b": 1}]}