{"id": 0, "label": "chair", "box": [0.0053139617666602135, 7.614132482558489e-05, 0.06750638037919998, 0.8098620176315308, 0.9057328104972839, 1.628130316734314, 1.0, -2.0290512111387216e-05, -0.00019614277698565274, 0.00019718927796930075, 0.10433242470026016, 0.9945424795150757], "children": [{"id": 1, "label": "chair_back", "box": [0.005377416964620352, 0.38647186756134033, -0.32236745953559875, 0.13207310438156128, 0.7821272015571594, 0.8098681569099426, -0.0024156232830137014, -0.20966766774654388, -0.9777697324752808, -0.00016552256420254707, -0.9777724742889404, 0.20966866612434387], "children": [{"id": 2, "label": "back_surface", "box": [0.0020883746910840273, 0.5674973130226135, -0.37132468819618225, 0.05655398964881897, 0.39461198449134827, 0.7239289879798889, -0.004570589400827885, -0.25585657358169556, -0.9667039513587952, 0.016124702990055084, -0.9666072130203247, 0.2557547390460968], "children": [{"id": 3, "label": "back_single_surface", "box": [0.0020883746910840273, 0.5674973130226135, -0.37132468819618225, 0.05655398964881897, 0.39461198449134827, 0.7239289879798889, -0.004570589400827885, -0.25585657358169556, -0.9667039513587952, 0.016124702990055084, -0.9666072130203247, 0.2557547390460968]}]}, {"id": 4, "label": "back_frame", "box": [0.005377416964620352, 0.38647186756134033, -0.32236745953559875, 0.13207310438156128, 0.7821272015571594, 0.8098681569099426, -0.0024156232830137014, -0.20966766774654388, -0.9777697324752808, -0.00016552256420254707, -0.9777724742889404, 0.20966866612434387], "children": [{"id": 5, "label": "back_frame_vertical_bar", "box": [0.37110403180122375, 0.38645869493484497, -0.3223158121109009, 0.07820235937833786, 0.13218167424201965, 0.7819892168045044, -0.9999905824661255, -0.0011898708762601018, -0.004168032668530941, -0.004324073903262615, 0.20704181492328644, 0.9783225655555725]}, {"id": 6, "label": "back_frame_vertical_bar", "box": [-0.36585354804992676, 0.3858609199523926, -0.34970104694366455, 0.08413699269294739, 0.11704045534133911, 0.770950198173523, -0.9997341632843018, 0.02292429842054844, -0.002459828509017825, 0.0037150683347135782, 0.26546648144721985, 0.9641129374504089]}], "edges": [{"part_b": 0, "params": [0.004445239901542664, 0.37472760677337646, -0.3375731110572815, 0.9999579191207886, -0.008992010727524757, 0.0017929329769685864], "type": "REF_SYM", "part_a": 1, "dist": 0.017486189680566304}, {"part_b": 0, "params": [0.7595816850662231, -0.006830453872680664, 0.001361936330795288], "type": "TRANS_SYM", "part_a": 1, "dist": 0.01865225950936452}, {"part_b": 0, "params": [0.04592436924576759, 11.985488891601562, 32.89101028442383, -0.008088077418506145, -0.9448593854904175, 0.3273765742778778, 0.021578915417194366], "type": "ROT_SYM", "part_a": 1, "dist": 0.018563756361910988}]}], "edges": [{"part_b": 0, "type": "ADJ", "part_a": 1, "dist": 0.004050356128449874}]}, {"id": 7, "label": "chair_seat", "box": [0.005029070191085339, -0.01804223470389843, 0.10429388284683228, 0.17333455383777618, 0.8110020160675049, 0.8332644701004028, -0.01148903463035822, 0.9989172220230103, -0.04508241266012192, -0.9999338388442993, -0.011500727385282516, -1.0842739045542493e-19], "children": [{"id": 8, "label": "seat_surface", "box": [0.0018631679704412818, 0.012914764694869518, 0.15043142437934875, 0.056297995150089264, 0.7116841673851013, 0.722970187664032, 0.0011694435961544514, 0.9983116984367371, -0.05807188153266907, -0.9999933838844299, 0.0009671614388935268, -0.0035112902987748384], "children": [{"id": 9, "label": "seat_single_surface", "box": [0.0018631679704412818, 0.012914764694869518, 0.15043142437934875, 0.056297995150089264, 0.7116841673851013, 0.722970187664032, 0.0011694435961544514, 0.9983116984367371, -0.05807188153266907, -0.9999933838844299, 0.0009671614388935268, -0.0035112902987748384]}]}, {"id": 10, "label": "seat_frame", "box": [0.005315005779266357, -0.01771424151957035, 0.10383843630552292, 0.17228052020072937, 0.8096939921379089, 0.8347204923629761, 3.505608393202289e-18, 0.9983597993850708, -0.05725092813372612, 1.0, 0.0, 6.123234262925839e-17], "children": [{"id": 11, "label": "seat_frame_bar", "box": [0.37563061714172363, -0.03107280842959881, 0.10523831844329834, 0.07199752330780029, 0.15900160372257233, 0.8286716341972351, 0.9999184608459473, 0.012466764077544212, 0.0027682948857545853, 0.012438026256859303, -0.9998709559440613, 0.010166190564632416]}, {"id": 12, "label": "seat_frame_bar", "box": [-0.36551496386528015, -0.017677923664450645, 0.10376910865306854, 0.0687052384018898, 0.17233453691005707, 0.8345580697059631, -0.9999696016311646, 0.007797111291438341, 0.00018139075837098062, -0.007774054072797298, -0.9983401298522949, 0.05706648528575897]}], "edges": [{"part_b": 0, "params": [0.004994019865989685, -0.02700340561568737, 0.10086837410926819, 0.9997290968894958, 0.002718828385695815, 0.023117391392588615], "type": "REF_SYM", "part_a": 1, "dist": 0.026160473933522343}, {"part_b": 0, "params": [0.7592958211898804, 0.002064954489469528, 0.017557695508003235], "type": "TRANS_SYM", "part_a": 1, "dist": 0.02104053484888588}, {"part_b": 0, "params": [-0.039639122784137726, 15.238776206970215, 0.8418582081794739, -0.013237799517810345, -0.055048272013664246, 0.9983958601951599, 0.04968157783150673], "type": "ROT_SYM", "part_a": 1, "dist": 0.020284905776739453}]}], "edges": [{"part_b": 0, "type": "ADJ", "part_a": 1, "dist": 0.005698206081445449}]}, {"id": 13, "label": "chair_base", "box": [0.005316213704645634, -0.40824970602989197, 0.10545101761817932, 0.728141725063324, 0.8097535967826843, 0.8277350068092346, -8.157260890584439e-05, -1.0, -7.68365704395535e-10, -1.0, 8.157260890584439e-05, -9.419408343092073e-06], "children": [{"id": 14, "label": "regular_leg_base", "box": [0.005316213704645634, -0.40824970602989197, 0.10545101761817932, 0.728141725063324, 0.8097535967826843, 0.8277350068092346, -8.157260890584439e-05, -1.0, -7.68365704395535e-10, -1.0, 8.157260890584439e-05, -9.419408343092073e-06], "children": [{"id": 15, "label": "leg", "box": [-0.357666015625, -0.4327321946620941, -0.2413817048072815, 0.08373197913169861, 0.13407711684703827, 0.6790918111801147, -1.0, 0.0, -6.123234262925839e-17, -6.123234262925839e-17, -2.800874426611699e-05, 1.0]}, {"id": 16, "label": "leg", "box": [0.37316352128982544, -0.42935410141944885, -0.2413834035396576, 0.07399699091911316, 0.1340581476688385, 0.6858533620834351, -1.0, 0.0, -6.123234262925839e-17, 6.123234262925839e-17, 4.731198714580387e-05, -1.0]}, {"id": 17, "label": "leg", "box": [0.3600165545940399, -0.41001489758491516, 0.45645856857299805, 0.10043761879205704, 0.12583789229393005, 0.7246748208999634, -0.9999955296516418, 3.723273778177827e-07, 0.0029971706680953503, 0.0029971706680953503, 4.373769843368791e-05, 0.9999955296516418]}, {"id": 18, "label": "leg", "box": [-0.3579810857772827, -0.40829554200172424, 0.4570208191871643, 0.08387243002653122, 0.12559722363948822, 0.7281126379966736, -0.999970555305481, 0.0005165654001757503, -0.007654532790184021, -0.00765344500541687, 0.0020762525964528322, 0.9999685287475586]}, {"id": 19, "label": "bar_stretcher", "box": [0.006619974970817566, -0.46142783761024475, -0.25753504037857056, 0.03607849031686783, 0.12492943555116653, 0.6792332530021667, 0.00047737587010487914, -1.9442037228145637e-05, -0.9999998807907104, -0.01364603266119957, 0.9999068975448608, -2.595451587694697e-05]}, {"id": 20, "label": "bar_stretcher", "box": [0.009230057708919048, -0.11791925877332687, 0.46012380719184875, 0.044194161891937256, 0.133664071559906, 0.6914745569229126, 0.007867538370192051, 0.04627592861652374, -0.9988977313041687, 0.018201423808932304, -0.9987697601318359, -0.04612664133310318]}], "edges": [{"part_b": 0, "type": "ADJ", "part_a": 4, "dist": 0.017179462078369744}, {"part_b": 1, "type": "ADJ", "part_a": 4, "dist": 0.004771851957641771}, {"part_b": 2, "type": "ADJ", "part_a": 5, "dist": 0.009103308099840479}, {"part_b": 3, "type": "ADJ", "part_a": 5,