{"id": 0, "label": "chair", "box": [0.007693856954574585, 0.20235860347747803, 0.04080212488770485, 0.6898542046546936, 1.5499155521392822, 0.8430319428443909, 0.9999828934669495, -0.002444168087095022, 0.005311325658112764, 0.0025536203756928444, 0.9997825026512146, -0.020699242129921913], "children": [{"id": 1, "label": "chair_back", "box": [-0.004249023739248514, 0.5293527245521545, -0.3190363049507141, 0.7144365906715393, 0.7612820267677307, 0.10456694662570953, 0.9999533295631409, 0.006092461291700602, 0.0074969008564949036, -0.0050785113126039505, 0.9916926622390747, -0.12852978706359863], "children": [{"id": 2, "label": "back_surface", "box": [-0.010901954025030136, 0.5306607484817505, -0.3207486569881439, 0.707187831401825, 0.7982062697410583, 0.09927751868963242, 0.9999865293502808, -0.001231262693181634, 0.005042482167482376, 0.0017935162177309394, 0.993586003780365, -0.11306467652320862], "children": [{"id": 3, "label": "back_single_surface", "box": [0.007835249416530132, 0.5171020030975342, -0.3144725561141968, 0.7511709928512573, 0.7601399421691895, 0.10176339000463486, 0.9999765753746033, 0.0033024123404175043, 0.005999640095978975, -0.002668493427336216, 0.9947031736373901, -0.1027543768286705]}]}]}, {"id": 4, "label": "chair_seat", "box": [-0.00026023946702480316, 0.17760418355464935, 0.07973679155111313, 0.7464844584465027, 0.11147276312112808, 0.7284886240959167, 0.9999804496765137, -0.005919170565903187, 0.0020319651812314987, 0.005866633728146553, 0.9996713995933533, 0.02495429664850235], "children": [{"id": 5, "label": "seat_surface", "box": [-0.012764159590005875, 0.17048925161361694, 0.08743428438901901, 0.7264493107795715, 0.1210472583770752, 0.7295193076133728, 0.9999510645866394, -0.0019941937644034624, 0.009691296145319939, 0.0017082809936255217, 0.9995656609535217, 0.029421256855130196], "children": [{"id": 6, "label": "seat_single_surface", "box": [-0.005796459037810564, 0.14067092537879944, 0.09642493724822998, 0.6866042613983154, 0.13028839230537415, 0.6654479503631592, 0.9999923706054688, 0.000475805951282382, 0.0038753359112888575, -0.0005641758907586336, 0.9997391104698181, 0.022834084928035736]}]}]}, {"id": 7, "label": "chair_base", "box": [-0.021247534081339836, -0.28222963213920593, 0.10767139494419098, 0.6694338917732239, 0.6012811660766602, 0.8831508159637451, 0.9996767044067383, -0.012522549368441105, -0.022129150107502937, 0.0031160018406808376, 0.9240893721580505, -0.38216379284858704]}], "edges": [{"part_a": 0, "part_b": 1, "type": "ADJ"}, {"part_a": 1, "part_b": 0, "type": "ADJ"}, {"part_a": 1, "part_b": 2, "type": "ADJ"}, {"part_a": 2, "part_b": 1, "type": "ADJ"}]}