{"id": 0, "label": "chair", "box": [-0.015534577891230583, -0.06586797535419464, 0.058469537645578384, 1.15937077999115, 1.2584004402160645, 1.1986284255981445, 0.9999145865440369, -0.007477352395653725, -0.010718703269958496, 0.007420931942760944, 0.9999584555625916, -0.0052938819862902164], "children": [{"id": 1, "label": "chair_back", "box": [-0.01039133034646511, 0.2419368475675583, -0.32749128341674805, 0.7706489562988281, 0.8241391777992249, 0.1929890513420105, 0.9995543360710144, -0.0010460909688845277, 0.029834015294909477, 0.012142940424382687, 0.9272186756134033, -0.3743235170841217], "children": [{"id": 2, "label": "back_surface", "box": [-0.002511743688955903, 0.14971932768821716, -0.27923184633255005, 0.8339251279830933, 0.841156542301178, 0.21380090713500977, 0.9999269843101501, -0.0011331947753205895, -0.012031237594783306, -0.005787380039691925, 0.8290904760360718, -0.5590845346450806], "children": [{"id": 3, "label": "back_single_surface", "box": [0.012381331995129585, 0.17248716950416565, -0.3073437809944153, 0.8300774097442627, 0.9102016687393188, 0.24385958909988403, 0.9999209046363831, -0.00415284326300025, 0.011875038035213947, 0.010540002025663853, 0.7918902039527893, -0.6105726361274719]}]}, {"id": 4, "label": "back_support", "box": [-0.009961003437638283, 0.2672179937362671, -0.41892504692077637, 0.6239321827888489, 0.4032701253890991, 0.23947300016880035, 0.9998258352279663, 0.017958499491214752, -0.005075474269688129, -0.018653765320777893, 0.9697688817977905, -0.24331139028072357]}]}, {"id": 7, "label": "chair_arm", "box": [-0.4408586919307709, 0.16141164302825928, 0.11653687059879303, 0.07993411272764206, 0.2626569867134094, 0.7163898348808289, 0.9976208806037903, 0.004562570713460445, 0.06878838688135147, -0.013320623897016048, 0.9917613863945007, 0.12740452587604523], "children": [{"id": 0, "label": "arm_horizontal_bar", "box": [-0.47670647501945496, 0.1902489960193634, 0.11756926774978638, 0.13274742662906647, 0.25064554810523987, 0.7374407052993774, 0.9984208941459656, 0.0445137545466423, 0.03426757827401161, -0.04596501961350441, 0.9980258345603943, 0.04279717430472374]}]}, {"id": 5, "label": "chair_arm", "box": [0.45615139603614807, 0.1911737024784088, 0.04837759584188461, 0.07906036078929901, 0.26574182510375977, 0.6867335438728333, 0.9979701638221741, 0.007871901616454124, -0.06319554150104523, 0.008005717769265175, 0.9689515233039856, 0.24712121486663818], "children": [{"id": 0, "label": "arm_horizontal_bar", "box": [0.43279242515563965, 0.1779232919216156, 0.06866345554590225, 0.12370893359184265, 0.29780715703964233, 0.6843905448913574, 0.9987441301345825, -0.04391758143901825, -0.0241132490336895, 0.04648797959089279, 0.9917899370193481, 0.11912866681814194]}]}, {"id": 9, "label": "chair_seat", "box": [-0.009215950965881348, -0.17391860485076904, 0.14748422801494598, 0.9572708010673523, 0.24672666192054749, 0.9447030425071716, 0.999719500541687, 0.016403842717409134, -0.01708417572081089, -0.01839299313724041, 0.9921536445617676, -0.12366417795419693], "children": [{"id": 12, "label": "seat_support", "box": [0.016557656228542328, -0.1809411197900772, 0.24979446828365326, 0.5538836121559143, 0.07493704557418823, 0.29946833848953247, 0.9992263913154602, 0.012725426815450191, 0.0372110940515995, -0.007082408759742975, 0.988959014415741, -0.14802026748657227]}, {"id": 15, "label": "seat_support", "box": [0.2995617985725403, -0.10982099175453186, 0.10922174900770187, 0.20424023270606995, 0.07901111245155334, 0.4259224832057953, 0.9999589323997498, -0.0009303207625634968, -0.009014241397380829, -0.0005412973696365952, 0.9868085384368896, -0.1618908941745758]}, {"id": 0, "label": "seat_support", "box": [-0.197819784283638, -0.16217556595802307, 0.08021142333745956, 0.34584635496139526, 0.07898522168397903, 0.4264155924320221, 0.9990420341491699, 0.003200528444722295, -0.043643780052661896, -0.006734862923622131, 0.9966851472854614, -0.08107666671276093]}, {"id": 14, "label": "seat_support", "box": [-0.2774280607700348, -0.1442730575799942, 0.22241951525211334, 0.2652184069156647, 0.07682061940431595, 0.42341482639312744, 0.9994835257530212, -0.014779157936573029, 0.028536247089505196, 0.016728004440665245, 0.9974550008773804, -0.06930902600288391]}, {"id": 0, "label": "seat_support", "box": [-0.06733862310647964, -0.2127545028924942, 0.33360084891319275, 0.45399802923202515, 0.07399306446313858, 0.23169781267642975, 0.9996806979179382, 0.024719299748539925, 0.005242402199655771, -0.02355353534221649, 0.9866762757301331, -0.16098196804523468]}, {"id": 0, "label": "seat_support", "box": [0.3288184106349945, -0.11182873696088791, 0.40906038880348206, 0.15652328729629517, 0.09942516684532166, 0.4338369071483612, 0.9997909069061279, -0.0016426794463768601, 0.020383235067129135, 0.0024773068726062775, 0.9991565346717834, -0.04098931699991226]}, {"id": 16, "label": "seat_support", "box": [0.10754114389419556, -0.2403341680765152, 0.005913321860134602, 0.47950541973114014, 0.10537506639957428, 0.23601876199245453, 0.9992726445198059, 0.00611896300688386, 0.03763984143733978, 0.00016873028653208166, 0.9863232970237732, -0.16482225060462952]}, {"id": 17, "label": "seat_frame", "box": [-0.001244622515514493, -0.17658540606498718, 0.23932155966758728, 0.8352751135826111, 0.12664596736431122, 0.6543890237808228, 0.9998685121536255, -0.0023827075492590666, -0.016043074429035187, 0.00030483308364637196, 0.9917361736297607, -0.12829363346099854], "children": [{"id": 18, "label": "seat_frame_bar", "box": [0.411668062210083, -0.17407634854316711, 0.23712027072906494, 0.1143052726984024, 0.0961640328168869, 0.5008335709571838, 0.9998344779014587, 0.017897794023156166, 0.003277837298810482, -0.017359718680381775, 0.9922739267349243, -0.12284594029188156]}, {"id": 20, "label": "seat_frame_bar", "box": [-0.021944910287857056, -0.115664541721344, 0.6004565954208374, 0.7206778526306152, 0.09198374301195145, 0.12147877365350723, 0.9998443722724915, 0.0062365154735744, -0.01650475524365902, -0.007077900227159262, 0.9986520409584045, -0.05142094939947128]}]}, {"id": 13, "label": "seat_support", "box": [-0.022160425782203674, -0.13608229160308838, 0.47557368874549866, 0.5907090902328491, 0.06772754341363907, 0.23154520988464355, 0.9999819397926331, 0.005926298443228006, 0.0010080565698444843, -0.00558815011754632, 0.9782193303108215, -0.20749880373477936]}, {"id": 10, "label": "seat_surface", "box": [0.007145658601075411, -0.1181938573718071, 0.22825811803340912, 0.8393076658248901, 0.15178684890270233, 0.7019021511077881, 0.9999946355819702, -0.0032358868047595024, 0.0005596598493866622, 0.0032752621918916702, 0.9951379895210266, -0.09843608736991882], "children": [{"id": 11, "label": "seat_single_surface", "box": [0.012428799644112587, -0.09825492650270462, 0.2244696468114853, 0.910173237323761, 0.12829747796058655, 0.7657788395881653, 0.9999799132347107, 0.0024962276220321655, 0.005824371241033077, -0.0020259139128029346, 0.9968406558036804, -0.07940224558115005]}]}], "edges": [{"part_a": 0, "part_b": 2, "type": "ROT_SYM"}, {"part_a": 0, "part_b": 2, "type": "TRANS_SYM"}, {"part_a": 0, "part_b": 2, "type": "REF_SYM"}, {"part_a": 0, "part_b": 3, "type": "ROT_SYM"}, {"part_a": 0, "part_b": 4, "type": "ROT_SYM"}, {"part_a": 0, "part_b": 4, "type": "TRANS_SYM"}, {"part_a": 0, "part_b": 4, "type": "REF_SYM"}, {"part_a": 0, "part_b": 5, "type": "ROT_SYM"}, {"part_a": 0, "part_b": 5, "type": "TRANS_SYM"}, {"part_a": 0, "part_b": 5, "type": "REF_SYM"}, {"part_a": 0, "part_b": 8, "type": "ROT_SYM"}, {"part_a": 0, "part_b": 9, "type": "ADJ"}, {"part_a": 1, "part_b": 0, "type": "ROT_SYM"}, {"part_a": 1, "part_b": 0, "type": "REF_SYM"}, {"part_a": 1, "part_b": 2, "type": "ROT_SYM"}, {"part_a": 1, "part_b": 2, "type": "TRANS_SYM"}, {"part_a": 1, "part_b": 2, "type": "REF_SYM"}, {"part_a": 1, "part_b": 3, "type": "ROT_SYM"}, {"part_a": 1, "part_b": 3, "type": "TRANS_SYM"}, {"part_a": 1, "part_b": 3, "type": "REF_SYM"}, {"part_a": 1, "part_b": 4,