{"id": 0, "label": "chair", "box": [0.015070023946464062, 0.04718552902340889, 0.04156094044446945, 1.005387306213379, 1.1004232168197632, 1.4778821468353271, -5.242915790404368e-07, -1.0, -1.4766584172321018e-05, 2.782118427309417e-17, 1.4766584172321018e-05, -1.0], "children": [{"id": 1, "label": "chair_back", "box": [0.009512513875961304, 0.16635750234127045, -0.31829652190208435, 0.3807010054588318, 0.7670530080795288, 1.4412510395050049, 0.0, 0.0, -1.0, 1.2246468525851679e-16, 1.0, 0.0], "children": [{"id": 2, "label": "back_support", "box": [0.009512513875961304, 0.06650150567293167, -0.3664590120315552, 0.28437602519989014, 0.5673410296440125, 1.4412510395050049, 0.0, 0.0, -1.0, 1.2246468525851679e-16, 1.0, 0.0]}, {"id": 3, "label": "back_surface", "box": [0.01482452917844057, 0.30502259731292725, -0.28024783730506897, 0.2673220634460449, 0.48771968483924866, 0.7515748143196106, 0.007894961163401604, -0.2606147527694702, -0.965410590171814, 8.590436482336372e-05, -0.9654405117034912, 0.2606235146522522], "children": [{"id": 4, "label": "back_single_surface", "box": [0.01482452917844057, 0.30502259731292725, -0.28024783730506897, 0.2673220634460449, 0.48771968483924866, 0.7515748143196106, 0.007894961163401604, -0.2606147527694702, -0.965410590171814, 8.590436482336372e-05, -0.9654405117034912, 0.2606235146522522]}]}], "edges": [{"type": "ADJ", "part_b": 0, "dist": 0.010123543437026676, "part_a": 1}]}, {"id": 5, "label": "chair_arm", "box": [0.5559713840484619, 0.014896061271429062, 0.034417033195495605, 0.41459450125694275, 0.4305919408798218, 1.0878430604934692, -0.09837540984153748, -0.9951265454292297, -0.006743419449776411, 0.9951491355895996, -0.09837763756513596, -1.075482259693672e-06], "children": [{"id": 6, "label": "arm_sofa_style", "box": [0.5559713840484619, 0.014896061271429062, 0.034417033195495605, 0.41459450125694275, 0.4305919408798218, 1.0878430604934692, -0.09837540984153748, -0.9951265454292297, -0.006743419449776411, 0.9951491355895996, -0.09837763756513596, -1.075482259693672e-06]}]}, {"id": 7, "label": "chair_arm", "box": [-0.5452362895011902, 0.026888104155659676, 0.03423699736595154, 0.4096999168395996, 0.44186168909072876, 1.0857679843902588, -0.22572918236255646, 0.9741901159286499, 0.0, 0.9741901159286499, 0.22572918236255646, 0.0], "children": [{"id": 8, "label": "arm_sofa_style", "box": [-0.5452362895011902, 0.026888104155659676, 0.03423699736595154, 0.4096999168395996, 0.44186168909072876, 1.0857679843902588, -0.22572918236255646, 0.9741901159286499, 0.0, 0.9741901159286499, 0.22572918236255646, 0.0]}]}, {"id": 9, "label": "chair_seat", "box": [0.019962230697274208, -0.07749789208173752, 0.048175450414419174, 0.33785516023635864, 1.089795470237732, 1.4558312892913818, 0.006033309735357761, 0.999977707862854, -0.0028704367578029633, -0.0033072992227971554, -0.0028505190275609493, -0.9999904632568359], "children": [{"id": 10, "label": "seat_surface", "box": [0.01590549945831299, 0.0052365027368068695, 0.12401500344276428, 0.171548992395401, 0.7532070279121399, 0.9355120062828064, 1.2246468525851679e-16, 1.0, 0.0, 1.0, -1.2246468525851679e-16, 0.0], "children": [{"id": 11, "label": "seat_single_surface", "box": [0.01590549945831299, 0.0052365027368068695, 0.12401500344276428, 0.171548992395401, 0.7532070279121399, 0.9355120062828064, 1.2246468525851679e-16, 1.0, 0.0, 1.0, -1.2246468525851679e-16, 0.0]}]}, {"id": 12, "label": "seat_support", "box": [0.02507001906633377, -0.1487729251384735, 0.04240310192108154, 0.1481575071811676, 1.0747241973876953, 1.4414902925491333, 8.803592209005728e-05, 0.9999693036079407, -0.007838311605155468, 0.006033085752278566, 0.007837637327611446, 0.9999510645866394]}, {"id": 13, "label": "seat_support", "box": [0.013940989971160889, -0.22739599645137787, 0.542757511138916, 0.026728004217147827, 0.03934502601623535, 1.4423400163650513, 0.0, 1.0, 0.0, 0.0, 0.0, 1.0]}, {"id": 14, "label": "seat_support", "box": [0.012707295827567577, -0.22615967690944672, -0.4742831885814667, 0.026730787009000778, 0.03934566676616669, 1.4415208101272583, 0.001747112488374114, -0.9999984502792358, -8.833511674311012e-05, -1.191168962577649e-06, 8.833317406242713e-05, -1.0]}], "edges": [{"type": "ADJ", "part_b": 0, "dist": 0.00513355093175358, "part_a": 1}, {"type": "ADJ", "part_b": 1, "dist": 0.0038417815612820047, "part_a": 2}, {"type": "ADJ", "part_b": 1, "dist": 0.003446137985029619, "part_a": 3}, {"params": [0.010157780721783638, -0.2243291437625885, 0.03420190513134003, 0.0036211907863616943, 0.0002778749039862305, 0.9999934434890747], "type": "REF_SYM", "part_b": 2, "dist": 0.007479905945089209, "part_a": 3}, {"params": [0.0036823851987719536, 0.0002825707197189331, 1.0168923139572144], "type": "TRANS_SYM", "part_b": 2, "dist": 0.007025250102104987, "part_a": 3}, {"params": [-4.386921405792236, -81.84793090820312, 0.07240913808345795, 0.9985437393188477, -0.053834982216358185, -0.003511058399453759, 0.012434486299753189], "type": "ROT_SYM", "part_b": 2, "dist": 0.007043590626158779, "part_a": 3}]}, {"id": 15, "label": "chair_base", "box": [0.014971205964684486, -0.33477500081062317, 0.034237995743751526, 0.24148301780223846, 1.056388020515442, 1.4476951360702515, 7.076337737998983e-07, -1.0, -6.123234262925839e-17, 1.4327249573398149e-06, 1.013905864648279e-12, -1.0], "children": [{"id": 16, "label": "regular_leg_base", "box": [0.014971205964684486, -0.33477500081062317, 0.034237995743751526, 0.24148301780223846, 1.056388020515442, 1.4476951360702515, 7.076337737998983e-07, -1.0, -6.123234262925839e-17, 1.4327249573398149e-06, 1.013905864648279e-12, -1.0], "children": [{"id": 17, "label": "leg", "box": [-0.6973856091499329, -0.3347508907318115, 0.5427604913711548, 0.024508491158485413, 0.039361998438835144, 0.24152782559394836, 0.9998937249183655, -0.010285109281539917, -0.01033302117139101, -0.010329335927963257, 0.0004113626491744071, -0.9999465942382812]}, {"id": 18, "label": "leg", "box": [0.7242659330368042, -0.3349662721157074, 0.542772650718689, 0.030386310070753098, 0.039332471787929535, 0.24120526015758514, 0.9999486804008484, 0.010128101333975792, -0.00012963007611688226, 0.00012765967403538525, 0.00019519519992172718, 1.0]}, {"id": 19, "label": "leg", "box": [0.7241669297218323, -0.3348248600959778, -0.47429758310317993, 0.030528519302606583, 0.039264190942049026, 0.2414720058441162, -0.9999213218688965, -0.011284898035228252, -0.0054738144390285015, -0.005475679412484169, 0.0001343918702332303, 0.9999849796295166]}, {"id": 20, "label": "leg", "box": [-0.6961959004402161, -0.3360302746295929, -0.4742477834224701, 0.024063417688012123, 0.03935544565320015, 0.2389378696680069, 0.9999989867210388, 0.0005161615554243326, 0.0013217454543337226, -0.001321949646808207, 0.00039545149775221944, 0.9999990463256836]}], "edges": [{"params": [0.015079617500305176, -0.33984100818634033, 0.5431027412414551, -0.9999997615814209, -0.0005187290953472257, 0.000442410382675007], "type": "REF_SYM", "part_b": 0, "dist": 0.017414807879072097, "part_a": 1}, {"params": [-1.4264895915985107, -0.0007399618625640869, 0.0006310939788818359], "type": "TRANS_SYM", "part_b": 0, "dist": 0.019896873679725657, "part_a": 1}, {"params": [0.009967288933694363, -1.7223241329193115, -11.061622619628906, 5.16692380188033e-05, -0.9940122365951538, 0.10926887392997742, 0.12191315740346909], "type": "ROT_SYM", "part_b": 0, "dist": 0.020621355619597312, "part_a": 1}, {"params": [0.015048116445541382, -0.33968615531921387, 0.034853607416152954, -0.8142046332359314, -0.0005991675425320864, 0.5805777311325073], "type": "REF_SYM", "part_b": 0, "dist": 0.04973098703453744, "part_a": 2}, {"params": [-1.426426649093628, -0.0010496973991394043, 1.0171294212341309], "type": "TRANS_SYM", "part_b": 0, "dist": 0.020900896564038717, "part_a": 2}, {"params": [0.04505732282996178, -0.3381808400154114, 0.07694114744663239, -0.00041141390101984143, 0.9999994039535522, -0.0009895077673718333, 3.0237059593200684], "type": "ROT_SYM", "part_b": 0,