{"id": 0, "label": "chair", "box": [0.0034424455370754004, 0.042276810854673386, 0.016708049923181534, 0.8285539150238037, 0.9193843007087708, 1.668915033340454, -1.0, 9.830321687331889e-06, 0.00012249902647454292, -0.00012248089478816837, 0.0018231937428936362, -0.9999983310699463], "children": [{"id": 1, "label": "chair_back", "box": [0.0034455968998372555, 0.44849586486816406, -0.31818822026252747, 0.13219669461250305, 0.7186859250068665, 0.8603784441947937, 0.011593754403293133, -0.05884431675076485, -0.9981998205184937, 0.9999327659606934, 0.0007013767026364803, 0.011572536081075668], "children": [{"id": 2, "label": "back_surface", "box": [0.0035319882445037365, 0.4873446524143219, -0.29804471135139465, 0.0449475534260273, 0.07447589933872223, 0.6321597099304199, -2.9728975277976133e-05, -0.21298207342624664, -0.977056086063385, -5.217306352278683e-06, 0.977056086063385, -0.21298207342624664], "children": [{"id": 3, "label": "back_surface_horizontal_bar", "box": [0.0035319882445037365, 0.4873446524143219, -0.29804471135139465, 0.0449475534260273, 0.07447589933872223, 0.6321597099304199, -2.9728975277976133e-05, -0.21298207342624664, -0.977056086063385, -5.217306352278683e-06, 0.977056086063385, -0.21298207342624664]}]}, {"id": 4, "label": "back_frame", "box": [0.0034455968998372555, 0.44849586486816406, -0.31818822026252747, 0.13219669461250305, 0.7186859250068665, 0.8603784441947937, 0.011593754403293133, -0.05884431675076485, -0.9981998205184937, 0.9999327659606934, 0.0007013767026364803, 0.011572536081075668], "children": [{"id": 5, "label": "back_frame_vertical_bar", "box": [0.3211939334869385, 0.4675566554069519, -0.3113362789154053, 0.06493858247995377, 0.11277011781930923, 0.8239962458610535, -0.9824084639549255, 0.03908936679363251, 0.1826077252626419, 0.18369388580322266, 0.02624906785786152, 0.9826329350471497]}, {"id": 6, "label": "back_frame_vertical_bar", "box": [-0.3199344575405121, 0.4477270543575287, -0.31509262323379517, 0.04900236055254936, 0.1191849410533905, 0.8620678186416626, -0.9996339082717896, -0.02600448578596115, 0.007468157913535833, 0.006902269087731838, 0.021783385425806046, 0.999738872051239]}, {"id": 7, "label": "back_frame_horizontal_bar", "box": [-0.0021588350646197796, 0.8339594602584839, -0.37733009457588196, 0.0537395179271698, 0.07702329754829407, 0.6530778408050537, -0.006213229615241289, -0.13166984915733337, -0.9912741780281067, -0.010245298966765404, 0.9912496209144592, -0.13160237669944763]}], "edges": [{"type": "ADJ", "dist": 0.006053231661002073, "part_a": 2, "part_b": 0}, {"type": "ADJ", "dist": 0.010364265645277256, "part_a": 2, "part_b": 1}, {"type": "REF_SYM", "dist": 0.02811352180850827, "params": [0.0035319924354553223, 0.44380614161491394, -0.30976220965385437, 0.9990883469581604, 0.04266352951526642, -0.0015053009847179055], "part_a": 1, "part_b": 0}, {"type": "TRANS_SYM", "dist": 0.022831585654582362, "params": [0.64602130651474, 0.027586698532104492, -0.0009733438491821289], "part_a": 1, "part_b": 0}, {"type": "ROT_SYM", "dist": 0.025850840261116847, "params": [0.20518261194229126, -0.9715904593467712, 3.926448345184326, 0.027852827683091164, -0.9454513192176819, -0.3245704472064972, 0.14430172741413116], "part_a": 1, "part_b": 0}]}], "edges": [{"type": "ADJ", "dist": 0.0022515015346460656, "part_a": 1, "part_b": 0}]}, {"id": 8, "label": "chair_seat", "box": [0.003595012938603759, 0.07366723567247391, 0.06402940303087234, 0.04499276727437973, 0.7828046679496765, 0.7890720367431641, 1.5989158441698237e-07, 0.9991211891174316, -0.04191512614488602, -8.741665889284078e-17, 0.04191512614488602, 0.9991211891174316], "children": [{"id": 9, "label": "seat_surface", "box": [0.003595012938603759, 0.07366723567247391, 0.06402940303087234, 0.04499276727437973, 0.7828046679496765, 0.7890720367431641, 1.5989158441698237e-07, 0.9991211891174316, -0.04191512614488602, -8.741665889284078e-17, 0.04191512614488602, 0.9991211891174316], "children": [{"id": 10, "label": "seat_single_surface", "box": [0.003595012938603759, 0.07366723567247391, 0.06402940303087234, 0.04499276727437973, 0.7828046679496765, 0.7890720367431641, 1.5989158441698237e-07, 0.9991211891174316, -0.04191512614488602, -8.741665889284078e-17, 0.04191512614488602, 0.9991211891174316]}]}]}, {"id": 11, "label": "chair_base", "box": [0.0035353496205061674, -0.3497503399848938, 0.007189247291535139, 0.8285179734230042, 0.8994866609573364, 0.9192873239517212, -1.0, -0.0002075295924441889, -4.244075535098091e-05, 0.0002067207096843049, -0.9998335242271423, 0.018245244398713112], "children": [{"id": 12, "label": "regular_leg_base", "box": [0.0035353496205061674, -0.3497503399848938, 0.007189247291535139, 0.8285179734230042, 0.8994866609573364, 0.9192873239517212, -1.0, -0.0002075295924441889, -4.244075535098091e-05, 0.0002067207096843049, -0.9998335242271423, 0.018245244398713112], "children": [{"id": 13, "label": "leg", "box": [-0.31287139654159546, -0.37486422061920166, -0.3576156198978424, 0.03949210047721863, 0.09084820002317429, 0.8441347479820251, -0.9962068796157837, 0.008854963816702366, -0.08656469732522964, -0.08701638877391815, -0.10056451708078384, 0.9911180138587952]}, {"id": 14, "label": "leg", "box": [0.3243497610092163, -0.3577996492385864, -0.35760554671287537, 0.04023820906877518, 0.08572220057249069, 0.8782327771186829, -0.9828789234161377, 0.02131081558763981, -0.18301606178283691, 0.18423330783843994, 0.09928709268569946, -0.97785484790802]}, {"id": 15, "label": "leg", "box": [0.3958188593387604, -0.34293878078460693, 0.4101208448410034, 0.05889904126524925, 0.06263285875320435, 0.9007361531257629, 0.7438119053840637, -0.0342346727848053, -0.6675117015838623, 0.6683890223503113, 0.03807084634900093, 0.7428369522094727]}, {"id": 16, "label": "leg", "box": [-0.3878437876701355, -0.342833936214447, 0.4108180105686188, 0.05906262248754501, 0.06025417894124985, 0.9005528092384338, -0.7086679339408875, -0.036479078233242035, -0.7045984864234924, 0.7055421471595764, -0.036451034247875214, -0.7077298760414124]}, {"id": 17, "label": "bar_stretcher", "box": [0.003594502806663513, -0.2502635419368744, -0.3493900001049042, 0.011645723134279251, 0.060213491320610046, 0.616866946220398, -6.110060998080626e-18, 0.09978486597537994, -0.9950090646743774, -3.056084430538282e-19, -0.9950090646743774, -0.09978486597537994]}, {"id": 18, "label": "bar_stretcher", "box": [0.3612211346626282, -0.3396058976650238, 0.022183673456311226, 0.021132145076990128, 0.060797370970249176, 0.7175503373146057, 0.9938721656799316, -0.046106427907943726, -0.10046028345823288, -0.04356689006090164, -0.9986766576766968, 0.027329115197062492]}, {"id": 19, "label": "bar_stretcher", "box": [0.36184412240982056, -0.12073517590761185, 0.03532696142792702, 0.023103902116417885, 0.05399448052048683, 0.6926618218421936, 0.9947425723075867, -0.015863124281167984, -0.10117100924253464, -0.013114424422383308, -0.9995281100273132, 0.027776356786489487]}, {"id": 20, "label": "bar_stretcher", "box": [-0.3547065556049347, -0.12370150536298752, 0.030319426208734512, 0.01975768618285656, 0.05116548389196396, 0.691631019115448, -0.9951981902122498, 0.021059131249785423, -0.095587819814682, 0.02461937628686428, 0.9990405440330505, -0.03622045740485191]}, {"id": 21, "label": "bar_stretcher", "box": [-0.35396796464920044, -0.33379289507865906, 0.026633767411112785, 0.017840193584561348, 0.06202562153339386, 0.730243980884552, -0.9947883486747742, -0.03650008887052536, -0.09520422667264938, -0.03280165418982506, 0.9986560344696045, -0.04012772813439369]}, {"id": 22, "label": "bar_stretcher", "box": [0.006895835045725107, -0.2181541919708252, 0.4047269821166992, 0.026319433003664017, 0.06573276966810226, 0.7425601482391357, 0.003778014099225402, -0.028532832860946655, -0.9995856881141663, 0.005140409339219332, -0.9995790719985962, 0.028552072122693062]}], "edges": [{"type": "ADJ", "dist": 0.006791585697725941, "part_a": 4, "part_b": 0}, {"type": "ADJ", "dist": 0.007445431397138016,