{"id": 0, "label": "chair", "box": [-0.006646007299423218, 0.10399597883224487, 0.11640051007270813, 0.7869319915771484, 0.8205910325050354, 1.6419039964675903, -1.0, 6.123234262925839e-17, 0.0, 0.0, 0.0, 1.0], "children": [{"id": 1, "label": "chair_back", "box": [-0.006646007299423218, 0.36156198382377625, -0.1691340059041977, 0.24952200055122375, 0.7869319915771484, 1.1267719268798828, -6.123234262925839e-17, 6.123234262925839e-17, 1.0, 1.0, 0.0, 6.123234262925839e-17], "children": [{"id": 2, "label": "back_surface", "box": [-0.0014906871365383267, 0.36522987484931946, -0.0926324799656868, 0.09651302546262741, 0.671170711517334, 1.0450928211212158, -3.847340849461034e-06, -7.930099855002481e-06, -1.0, -0.9995008111000061, 0.031593162566423416, 3.59488353751658e-06], "children": [{"id": 3, "label": "back_single_surface", "box": [-0.0014906871365383267, 0.36522987484931946, -0.0926324799656868, 0.09651302546262741, 0.671170711517334, 1.0450928211212158, -3.847340849461034e-06, -7.930099855002481e-06, -1.0, -0.9995008111000061, 0.031593162566423416, 3.59488353751658e-06]}]}, {"id": 4, "label": "back_support", "box": [-0.006646007299423218, 0.36156198382377625, -0.20543350279331207, 0.176923006772995, 0.7869319915771484, 1.1267719268798828, 6.123234262925839e-17, 6.123234262925839e-17, -1.0, 1.0, 0.0, 6.123234262925839e-17]}], "edges": [{"type": "ADJ", "dist": 0.009266531684342586, "part_b": 0, "part_a": 1}]}, {"id": 5, "label": "chair_seat", "box": [-0.0066916244104504585, -0.2396155595779419, 0.1163986399769783, 0.3205152153968811, 0.7870771884918213, 0.8205949068069458, 0.0007480475469492376, -0.9999997019767761, 1.4451598872256e-05, -0.9999997019767761, -0.0007480476051568985, -4.323650500737131e-06], "children": [{"id": 6, "label": "seat_surface", "box": [-0.006623765453696251, -0.13149046897888184, 0.16992853581905365, 0.10361543297767639, 0.5775757431983948, 0.6483100056648254, -4.5512492761190515e-06, -0.9999969601631165, -0.002472352935001254, 1.0999808175427006e-08, 0.002472352935001254, -0.9999969601631165], "children": [{"id": 7, "label": "seat_single_surface", "box": [-0.006623765453696251, -0.13149046897888184, 0.16992853581905365, 0.10361543297767639, 0.5775757431983948, 0.6483100056648254, -4.5512492761190515e-06, -0.9999969601631165, -0.002472352935001254, 1.0999808175427006e-08, 0.002472352935001254, -0.9999969601631165]}]}, {"id": 8, "label": "seat_support", "box": [-0.0065825944766402245, -0.2565256357192993, 0.11641469597816467, 0.2877315878868103, 0.7874065041542053, 0.8206981420516968, -0.002409188775345683, -0.9999969601631165, -0.0005419509834609926, 0.999997079372406, -0.002409188309684396, -1.3056659327048692e-06]}], "edges": [{"type": "ADJ", "dist": 0.009085031051430579, "part_b": 0, "part_a": 1}]}, {"id": 9, "label": "chair_base", "box": [-0.006645501125603914, -0.5402774810791016, 0.11640051007270813, 0.3533570170402527, 0.786941647529602, 0.820600688457489, -1.2246468525851679e-16, -1.0, -3.76158192263132e-37, -1.0, 1.2246468525851679e-16, 1.4087605450185947e-05], "children": [{"id": 10, "label": "regular_leg_base", "box": [-0.006645501125603914, -0.5402774810791016, 0.11640051007270813, 0.3533570170402527, 0.786941647529602, 0.820600688457489, -1.2246468525851679e-16, -1.0, -3.76158192263132e-37, -1.0, 1.2246468525851679e-16, 1.4087605450185947e-05], "children": [{"id": 11, "label": "leg", "box": [-0.3049030005931854, -0.5456624031066895, -0.21381622552871704, 0.1779179722070694, 0.2006044089794159, 0.35271933674812317, -0.0028538778424263, 0.053779978305101395, -0.9985487461090088, -0.9995589852333069, 0.029362479224801064, 0.004438173491507769]}, {"id": 12, "label": "leg", "box": [0.2895009517669678, -0.5499676465988159, -0.21320544183254242, 0.16319116950035095, 0.1991628259420395, 0.3363882899284363, 3.0923018264194927e-16, -0.006035550497472286, 0.9999817609786987, -0.9999092221260071, -0.013473640196025372, -8.132231596391648e-05]}, {"id": 13, "label": "leg", "box": [0.2872614860534668, -0.5410686135292053, 0.45610782504081726, 0.14501017332077026, 0.19911698997020721, 0.3528485596179962, -6.122579797625187e-17, 0.014620352536439896, 0.9998931288719177, 1.0, 0.0, 6.123234262925839e-17]}, {"id": 14, "label": "leg", "box": [-0.31081849336624146, -0.549283504486084, 0.45751848816871643, 0.1383565366268158, 0.17858600616455078, 0.3353450298309326, 1.4087605450185947e-05, -6.12340631649325e-17, 1.0, -1.0, 1.2246468525851679e-16, 1.4087605450185947e-05]}], "edges": [{"type": "REF_SYM", "dist": 0.03351880668284321, "part_b": 0, "params": [-0.006416037678718567, -0.5670797824859619, -0.21356850862503052, -0.9999940991401672, -0.001540924422442913, 0.0030803747940808535], "part_a": 1}, {"type": "TRANS_SYM", "dist": 0.0343187190335645, "part_b": 0, "params": [-0.5964202880859375, -0.000919044017791748, 0.001837208867073059], "part_a": 1}, {"type": "TRANS_SYM", "dist": 0.04833420275638981, "part_b": 0, "params": [-0.5961757898330688, -0.005369067192077637, -0.6701047420501709], "part_a": 2}, {"type": "REF_SYM", "dist": 0.03935268741860575, "part_b": 1, "params": [0.29167184233665466, -0.5643953084945679, 0.12148387730121613, 0.00036394878407008946, -0.006622484419494867, -0.9999780058860779], "part_a": 2}, {"type": "TRANS_SYM", "dist": 0.039153683815403524, "part_b": 1, "params": [0.00024455785751342773, -0.004450023174285889, -0.6719419956207275], "part_a": 2}, {"type": "TRANS_SYM", "dist": 0.04402055800343948, "part_b": 1, "params": [0.6034040451049805, 0.002301514148712158, -0.6741613149642944], "part_a": 3}, {"type": "REF_SYM", "dist": 0.0343374658336596, "part_b": 2, "params": [-0.010030180215835571, -0.5655460357666016, 0.45856451988220215, 0.9999306201934814, 0.01119284238666296, -0.003679234767332673], "part_a": 3}, {"type": "TRANS_SYM", "dist": 0.033984931656989376, "part_b": 2, "params": [0.603159487247467, 0.006751537322998047, -0.0022193193435668945], "part_a": 3}]}]}], "edges": [{"type": "ADJ", "dist": 0.013193927065908167, "part_b": 0, "part_a": 1}, {"type": "ADJ", "dist": 0.007513678840148188, "part_b": 1, "part_a": 2}]}