{"id": 0, "label": "chair", "box": [-0.006389498710632324, -0.14052559435367584, 0.05088057741522789, 0.5617070198059082, 0.6594582200050354, 1.5630549192428589, 1.0, 6.123195881745417e-17, -1.2246468525851679e-16, -1.2246448673516977e-16, -3.1337979180534603e-06, -1.0], "children": [{"id": 1, "label": "chair_back", "box": [-0.00638943025842309, 0.3852599561214447, -0.19418548047542572, 0.16936156153678894, 0.5115165710449219, 0.5617455840110779, -7.006009400356561e-05, 3.285204712780493e-17, -1.0, -6.998751632636413e-05, 1.0, 4.903331962680113e-09], "children": [{"id": 2, "label": "back_surface", "box": [-0.00638943025842309, 0.3852599561214447, -0.19418548047542572, 0.16936156153678894, 0.5115165710449219, 0.5617455840110779, -7.006009400356561e-05, 3.285204712780493e-17, -1.0, -6.998751632636413e-05, 1.0, 4.903331962680113e-09], "children": [{"id": 3, "label": "back_single_surface", "box": [-0.00638943025842309, 0.3852599561214447, -0.19418548047542572, 0.16936156153678894, 0.5115165710449219, 0.5617455840110779, -7.006009400356561e-05, 3.285204712780493e-17, -1.0, -6.998751632636413e-05, 1.0, 4.903331962680113e-09]}]}]}, {"id": 4, "label": "chair_seat", "box": [-0.006389498710632324, 0.06392199546098709, 0.05087999999523163, 0.15868400037288666, 0.5617070198059082, 0.6594580411911011, -6.123234262925839e-17, -1.0, -6.123234262925839e-17, 1.0, -6.123234262925839e-17, 0.0], "children": [{"id": 5, "label": "seat_surface", "box": [-0.006389498710632324, 0.06392199546098709, 0.05087999999523163, 0.15868400037288666, 0.5617070198059082, 0.6594580411911011, -6.123234262925839e-17, -1.0, -6.123234262925839e-17, 1.0, -6.123234262925839e-17, 0.0], "children": [{"id": 6, "label": "seat_single_surface", "box": [-0.006389498710632324, 0.06392199546098709, 0.05087999999523163, 0.15868400037288666, 0.5617070198059082, 0.6594580411911011, -6.123234262925839e-17, -1.0, -6.123234262925839e-17, 1.0, -6.123234262925839e-17, 0.0]}]}]}, {"id": 7, "label": "chair_base", "box": [-0.0063299983739852905, -0.4687354862689972, 0.05083400011062622, 0.5579279661178589, 0.6556599736213684, 0.9066370129585266, 1.0, 6.123234262925839e-17, 0.0, 0.0, 0.0, 1.0], "children": [{"id": 8, "label": "regular_leg_base", "box": [-0.0063299983739852905, -0.4687354862689972, 0.05083400011062622, 0.5579279661178589, 0.6556599736213684, 0.9066370129585266, 1.0, 6.123234262925839e-17, 0.0, 0.0, 0.0, 1.0], "children": [{"id": 9, "label": "leg", "box": [0.24125193059444427, -0.4687376916408539, -0.2419789582490921, 0.06286706030368805, 0.0698331817984581, 0.9066380262374878, -0.9999990463256836, -8.04462888481794e-06, 0.0013702402357012033, 0.0013702408177778125, -8.47649498609826e-05, 0.9999990463256836]}, {"id": 10, "label": "leg", "box": [-0.2503274083137512, -0.4687352776527405, -0.24207286536693573, 0.06980960071086884, 0.06983631104230881, 0.9066396355628967, 0.9999990463256836, 8.084096043603495e-05, -0.0013764204923063517, 0.0013764281757175922, -9.469548967899755e-05, 0.9999990463256836]}, {"id": 11, "label": "leg", "box": [-0.2502565085887909, -0.46873602271080017, 0.35203948616981506, 0.05324900150299072, 0.07007499039173126, 0.9066320061683655, 0.0, 0.0, -1.0, -1.0, -6.123234262925839e-17, 0.0]}, {"id": 12, "label": "leg", "box": [0.23759698867797852, -0.46873602271080017, 0.35203948616981506, 0.05324900150299072, 0.07007400691509247, 0.9066320061683655, 6.123234262925839e-17, 6.123234262925839e-17, -1.0, 1.0, 0.0, 6.123234262925839e-17]}, {"id": 13, "label": "bar_stretcher", "box": [0.24393850564956665, -0.4131450057029724, 0.06312550604343414, 0.04183399677276611, 0.048819005489349365, 0.5456529855728149, -6.123234262925839e-17, -1.0, -6.123234262925839e-17, -1.0, 6.123234262925839e-17, -1.2246468525851679e-16]}, {"id": 14, "label": "bar_stretcher", "box": [-0.007389001548290253, -0.500773012638092, 0.35773301124572754, 0.034869998693466187, 0.03487106040120125, 0.44750848412513733, 0.0, 0.0, -1.0, -0.03304073587059975, -0.9994540214538574, 0.0]}, {"id": 15, "label": "bar_stretcher", "box": [-0.2562814950942993, -0.4131450057029724, 0.06429549306631088, 0.04183399677276611, 0.04881899058818817, 0.5456529855728149, 1.2246468525851679e-16, 1.0, 0.0, 1.0, -1.2246468525851679e-16, 0.0]}], "edges": [{"dist": 0.00775887521722238, "part_a": 4, "part_b": 0, "type": "ADJ"}, {"dist": 0.00813660093970491, "part_a": 4, "part_b": 3, "type": "ADJ"}, {"dist": 0.0022477992029062864, "part_a": 5, "part_b": 2, "type": "ADJ"}, {"dist": 0.004667659680299566, "part_a": 5, "part_b": 3, "type": "ADJ"}, {"dist": 0.007343577842277324, "part_a": 6, "part_b": 1, "type": "ADJ"}, {"dist": 0.006992591321509493, "part_a": 6, "part_b": 2, "type": "ADJ"}, {"dist": 0.03922141720213152, "part_a": 5, "part_b": 4, "type": "ROT_SYM", "params": [-0.2994345426559448, -0.7501562833786011, -0.22493737936019897, -0.6731426119804382, -0.33873289823532104, -0.6573728322982788, 2.420849323272705]}, {"dist": 0.01532550730505467, "part_a": 6, "part_b": 4, "type": "REF_SYM", "params": [-0.0066094771027565, -0.4130486845970154, 0.06408106535673141, 0.9999988079071045, -0.0005947559839114547, 0.0014102425193414092]}, {"dist": 0.014712957635323078, "part_a": 6, "part_b": 4, "type": "TRANS_SYM", "params": [0.49983155727386475, -0.00029727816581726074, 0.0007048845291137695]}, {"dist": 0.014968718567076286, "part_a": 6, "part_b": 4, "type": "ROT_SYM", "params": [-0.006058221682906151, -0.41546714305877686, 0.06554438918828964, 0.0014109053881838918, -0.0004598093219101429, -0.9999988675117493, 3.1222357749938965]}, {"dist": 0.036001448585927194, "part_a": 6, "part_b": 5, "type": "ROT_SYM", "params": [0.263252854347229, -0.7691650986671448, -0.21805378794670105, 0.646501898765564, -0.3787180781364441, -0.6622748374938965, 2.4581992626190186]}, {"dist": 0.011826693258122667, "part_a": 1, "part_b": 0, "type": "REF_SYM", "params": [-0.005993828177452087, -0.44904643297195435, -0.238357812166214, 0.9999998211860657, 0.00019015141879208386, -0.0005608895444311202]}, {"dist": 0.011874551789341275, "part_a": 1, "part_b": 0, "type": "TRANS_SYM", "params": [0.4954216182231903, 9.420514106750488e-05, -0.0002778768539428711]}, {"dist": 0.012626617059914346, "part_a": 1, "part_b": 0, "type": "ROT_SYM", "params": [-0.07139452546834946, -1.4727240800857544, 13.570180892944336, 0.0001378733868477866, -0.9999985694885254, -0.0017173582455143332, 0.035868167877197266]}, {"dist": 0.026520315891159503, "part_a": 2, "part_b": 0, "type": "REF_SYM", "params": [-0.0076039135456085205, -0.4362306594848633, 0.059570565819740295, 0.6412518620491028, -0.03284090757369995, -0.7666273713111877]}, {"dist": 0.020274316830503236, "part_a": 2, "part_b": 0, "type": "TRANS_SYM", "params": [0.4986417889595032, -0.025537312030792236, -0.5961346626281738]}, {"dist": 0.018700464334033322, "part_a": 2, "part_b": 0, "type": "ROT_SYM", "params": [-9.031960487365723, 14.405832290649414, -8.071425437927246, 0.5974711179733276, 0.6508440375328064, 0.4684339463710785, 0.04055070877075195]}, {"dist": 0.03204020341536793, "part_a": 2, "part_b": 1, "type": "REF_SYM", "params": [-0.2553147077560425, -0.43627774715423584, 0.05970950424671173, 0.005399197805672884, -0.04297586530447006, -0.9990614652633667]}, {"dist": 0.019804546681675608, "part_a": 2, "part_b": 1, "type": "TRANS_SYM", "params": [0.003220170736312866, -0.02563151717185974, -0.595856785774231]}, {"dist": 0.01849704164655049, "part_a": 2, "part_b": 1, "type": "ROT_SYM", "params": [-0.24626052379608154, -0.444181889295578, 0.05997356399893761, 0.0015719978837296367, -0.9999426603317261, 0.010593296959996223, 3.080932140350342]}, {"dist": 0.029626997238214405, "part_a": 3, "part_b": 0, "type": "REF_SYM", "params": [0.24328972399234772, -0.437710165977478, 0.05968756973743439, -0.005270549561828375, -0.03783205524086952, -0.9992702007293701]}, {"dist": 0.020095839774321625, "part_a": 3, "part_b": 0, "type": "TRANS_SYM",