{"id": 0, "label": "chair", "box": [-0.002797626657411456, -0.054824333637952805, 0.0956871435046196, 0.7113754749298096, 0.8868069648742676, 1.5426607131958008, -0.9999936819076538, -1.0456245201239504e-16, -0.0035489294677972794, -0.003548267064616084, -0.01931815966963768, 0.9998071193695068], "children": [{"id": 1, "label": "chair_back", "box": [-0.005495995283126831, 0.329976350069046, -0.21674230694770813, 0.1324317455291748, 0.5599820017814636, 0.8070281147956848, -6.077286696004234e-17, 0.12227499485015869, 0.9924962520599365, 1.0, 0.0, 6.123234262925839e-17], "children": [{"id": 2, "label": "back_surface", "box": [-0.005495995283126831, 0.329976350069046, -0.21674230694770813, 0.1324317455291748, 0.5599820017814636, 0.8070281147956848, -6.077286696004234e-17, 0.12227499485015869, 0.9924962520599365, 1.0, 0.0, 6.123234262925839e-17], "children": [{"id": 3, "label": "back_single_surface", "box": [-0.005495995283126831, 0.329976350069046, -0.21674230694770813, 0.1324317455291748, 0.5599820017814636, 0.8070281147956848, -6.077286696004234e-17, 0.12227499485015869, 0.9924962520599365, 1.0, 0.0, 6.123234262925839e-17]}]}]}, {"id": 4, "label": "chair_seat", "box": [-0.004354998469352722, -0.1456024944782257, 0.14908050000667572, 0.16989099979400635, 0.7113800048828125, 0.7708649635314941, 1.2246468525851679e-16, 1.0, 0.0, 1.0, -1.2246468525851679e-16, 0.0], "children": [{"id": 5, "label": "seat_surface", "box": [-0.004354998469352722, -0.1456024944782257, 0.14908050000667572, 0.16989099979400635, 0.7113800048828125, 0.7708649635314941, 1.2246468525851679e-16, 1.0, 0.0, 1.0, -1.2246468525851679e-16, 0.0], "children": [{"id": 6, "label": "seat_single_surface", "box": [-0.004354998469352722, -0.1456024944782257, 0.14908050000667572, 0.16989099979400635, 0.7113800048828125, 0.7708649635314941, 1.2246468525851679e-16, 1.0, 0.0, 1.0, -1.2246468525851679e-16, 0.0]}]}]}, {"id": 7, "label": "chair_base", "box": [-0.004355505108833313, -0.5239964723587036, 0.07766050100326538, 0.5868970155715942, 0.6811089515686035, 0.8821970224380493, 1.2246468525851679e-16, 1.0, 0.0, 1.0, -1.2246468525851679e-16, 0.0], "children": [{"id": 8, "label": "regular_leg_base", "box": [-0.004355505108833313, -0.5239964723587036, 0.07766050100326538, 0.5868970155715942, 0.6811089515686035, 0.8821970224380493, 1.2246468525851679e-16, 1.0, 0.0, 1.0, -1.2246468525851679e-16, 0.0], "children": [{"id": 9, "label": "leg", "box": [-0.2831234931945801, -0.5267679691314697, -0.2535060942173004, 0.05297499895095825, 0.07720013707876205, 0.6167274117469788, -1.0, 0.0, -6.123234262925839e-17, -5.952015817061243e-17, -0.23482398688793182, 0.9720379114151001]}, {"id": 10, "label": "leg", "box": [0.27451249957084656, -0.5267680883407593, -0.2515265941619873, 0.05297499895095825, 0.07720109820365906, 0.6167274117469788, -1.0, 5.780797371196647e-17, 2.87576387532879e-17, 1.437881937664395e-17, -0.23482394218444824, 0.9720379114151001]}, {"id": 11, "label": "leg", "box": [0.3097114861011505, -0.5239964723587036, 0.49119049310684204, 0.05297499895095825, 0.05513700842857361, 0.5868970155715942, 1.0, -1.8369701465288538e-16, 0.0, 0.0, 0.0, 1.0]}, {"id": 12, "label": "leg", "box": [-0.31842201948165894, -0.5239964723587036, 0.49119049310684204, 0.052975982427597046, 0.05513700842857361, 0.5868970155715942, 1.0, -1.8369701465288538e-16, 0.0, 0.0, 0.0, 1.0]}], "edges": [{"type": "REF_SYM", "part_b": 0, "dist": 0.016280061960562732, "params": [-0.004468768835067749, -0.5306093692779541, -0.24994400143623352, -0.9999666213989258, -0.006380387581884861, -0.005118246655911207], "part_a": 1}, {"type": "TRANS_SYM", "part_b": 0, "dist": 0.015192908339334633, "params": [-0.5568119287490845, -0.0035527944564819336, -0.0028499960899353027], "part_a": 1}, {"type": "ROT_SYM", "part_b": 0, "dist": 0.015400710310954786, "params": [0.04868360236287117, 3.5381503105163574, -12.628832817077637, 0.007750126998871565, -0.9499331116676331, -0.3123570680618286, 0.04272576794028282], "part_a": 1}, {"type": "ROT_SYM", "part_b": 1, "dist": 0.045292427747224154, "params": [0.16643589735031128, 2.4668798446655273, 0.1370518058538437, 0.9954625964164734, 0.0579599030315876, -0.07546412199735641, 0.24570757150650024], "part_a": 2}, {"type": "ROT_SYM", "part_b": 0, "dist": 0.02143830944781251, "params": [0.6956632137298584, -0.583076536655426, 0.1694645881652832, -0.9988486170768738, 0.005033749155700207, -0.04770722985267639, 2.893120050430298], "part_a": 3}, {"type": "REF_SYM", "part_b": 2, "dist": 0.015028136820849292, "params": [-0.00438237190246582, -0.5305048227310181, 0.49133244156837463, 0.9999992251396179, 0.001213936833664775, 0.0002370392467128113], "part_a": 3}, {"type": "TRANS_SYM", "part_b": 2, "dist": 0.015249444655712756, "params": [0.6283849477767944, 0.0007628202438354492, 0.00014895200729370117], "part_a": 3}, {"type": "ROT_SYM", "part_b": 2, "dist": 0.01626688711976834, "params": [-0.005106471944600344, -0.7659778594970703, 5.724451065063477, 0.0022074878215789795, -0.999284565448761, -0.03775499016046524, 0.1198166012763977], "part_a": 3}]}]}], "edges": [{"type": "ADJ", "part_b": 0, "dist": 0.0033141966455725595, "part_a": 1}, {"type": "ADJ", "part_b": 1, "dist": 0.012540042597134796, "part_a": 2}]}