{"id": 0, "label": "chair", "box": [0.002762146992608905, -0.1487138271331787, 0.09328366070985794, 0.8291151523590088, 0.898063063621521, 1.3425686359405518, 0.9999997019767761, -0.00046457856660708785, 0.0006067880312912166, -0.000610631424933672, -0.008317854255437851, 0.9999651908874512], "children": [{"id": 1, "label": "chair_back", "box": [0.003756999969482422, 0.25416916608810425, -0.3173553943634033, 0.06984339654445648, 0.5438855290412903, 0.827862024307251, -6.122819349130583e-17, 0.01163372490555048, 0.9999323487281799, 7.1236018871242475e-19, 0.9999323487281799, -0.01163372490555048], "children": [{"id": 2, "label": "back_surface", "box": [0.003756999969482422, 0.2977535128593445, -0.3005709946155548, 0.03049999475479126, 0.43571701645851135, 0.827862024307251, 0.0, 0.0, -1.0, 0.0, -1.0, 0.0], "children": [{"id": 3, "label": "back_single_surface", "box": [0.003756999969482422, 0.2977535128593445, -0.3005709946155548, 0.03049999475479126, 0.43571701645851135, 0.827862024307251, 0.0, 0.0, -1.0, 0.0, -1.0, 0.0]}]}, {"id": 4, "label": "back_frame", "box": [0.0022655064240098, 0.2533380389213562, -0.32964053750038147, 0.065928153693676, 0.5446265935897827, 0.8199169635772705, 0.00031055507133714855, -0.06901567429304123, -0.9976155161857605, -0.00026494485791772604, 0.9976155161857605, -0.06901576370000839], "children": [{"id": 5, "label": "back_holistic_frame", "box": [0.0022655064240098, 0.2533380389213562, -0.32964053750038147, 0.065928153693676, 0.5446265935897827, 0.8199169635772705, 0.00031055507133714855, -0.06901567429304123, -0.9976155161857605, -0.00026494485791772604, 0.9976155161857605, -0.06901576370000839]}]}], "edges": [{"part_a": 1, "part_b": 0, "type": "ADJ", "dist": 0.0032686520749959746}]}, {"id": 6, "label": "chair_seat", "box": [0.0024259984493255615, 0.004108502063900232, 0.11854591965675354, 0.09681130200624466, 0.8278679847717285, 0.8505158424377441, 2.072900552987474e-18, -0.9994268417358398, -0.03385303542017937, 1.0, 0.0, 6.123234262925839e-17], "children": [{"id": 7, "label": "seat_surface", "box": [0.0024259984493255615, 0.02304585836827755, 0.1241268515586853, 0.07747253030538559, 0.8278679847717285, 0.8420807719230652, -3.854162037407127e-18, 0.9980171322822571, 0.0629432424902916, 1.0, 0.0, 6.123234262925839e-17], "children": [{"id": 8, "label": "seat_single_surface", "box": [0.0024259984493255615, 0.02304585836827755, 0.1241268515586853, 0.07747253030538559, 0.8278679847717285, 0.8420807719230652, -3.854162037407127e-18, 0.9980171322822571, 0.0629432424902916, 1.0, 0.0, 6.123234262925839e-17]}]}, {"id": 9, "label": "seat_frame", "box": [0.00235673482529819, -0.01460291538387537, 0.09441773593425751, 0.058095499873161316, 0.8034846186637878, 0.8199191093444824, 0.006012611091136932, -0.9996088147163391, -0.02731350064277649, -0.00023132959904614836, 0.02731260471045971, -0.9996269345283508], "children": [{"id": 10, "label": "seat_frame_bar", "box": [0.3944193422794342, -0.014403318054974079, 0.09059877693653107, 0.03583188354969025, 0.05115770176053047, 0.7960679531097412, -0.9999229907989502, -0.012408529408276081, 7.175478094723076e-05, -0.012403346598148346, 0.9996423125267029, 0.023692907765507698]}, {"id": 11, "label": "seat_frame_bar", "box": [-0.3896942436695099, -0.014765303581953049, 0.09830096364021301, 0.03582889214158058, 0.057741034775972366, 0.7959000468254089, 0.9999818801879883, 0.00601668655872345, -6.70190347591415e-05, 0.006010961718857288, -0.9994078278541565, -0.03388029336929321]}], "edges": [{"part_a": 1, "part_b": 0, "type": "REF_SYM", "params": [0.002260655164718628, -0.014815691858530045, 0.09405284374952316, 0.9999573230743408, 0.0009570979163981974, -0.009189044125378132], "dist": 0.012238722662597349}, {"part_a": 1, "part_b": 0, "type": "TRANS_SYM", "params": [0.7839091420173645, 0.0007503097876906395, -0.007203683257102966], "dist": 0.010020743334993214}, {"part_a": 1, "part_b": 0, "type": "ROT_SYM", "params": [-0.062421951442956924, -122.53502655029297, -24.459203720092773, -0.007389673497527838, 0.1979890763759613, -0.9801763296127319, 0.006262585986405611], "dist": 0.010507680319301296}]}], "edges": [{"part_a": 1, "part_b": 0, "type": "ADJ", "dist": 0.009119959685400277}]}, {"id": 12, "label": "chair_base", "box": [0.0022927781101316214, -0.6205435991287231, 0.2528018653392792, 0.5764252543449402, 0.8242824673652649, 1.159595251083374, 0.006013489793986082, 0.7406706213951111, -0.6718413829803467, 0.9999791383743286, -0.0028751969803124666, 0.005780814215540886], "children": [{"id": 13, "label": "regular_leg_base", "box": [0.0022927781101316214, -0.6205435991287231, 0.2528018653392792, 0.5764252543449402, 0.8242824673652649, 1.159595251083374, 0.006013489793986082, 0.7406706213951111, -0.6718413829803467, 0.9999791383743286, -0.0028751969803124666, 0.005780814215540886], "children": [{"id": 14, "label": "leg", "box": [0.39462241530418396, -0.41518306732177734, 0.4949598014354706, 0.03650996834039688, 0.0786026269197464, 0.7879413366317749, -0.9999998211860657, 0.0005499456310644746, -1.2751635949825868e-05, -2.5856588763417676e-05, -0.023836124688386917, 0.9997158646583557]}, {"id": 15, "label": "leg", "box": [-0.39001187682151794, -0.4183487892150879, 0.4975076913833618, 0.03657348453998566, 0.07938883453607559, 0.7813032865524292, -0.9999830722808838, -0.00030724541284143925, -0.005808001849800348, -0.005794021766632795, -0.03434757515788078, 0.9993931651115417]}, {"id": 16, "label": "runner", "box": [0.39186975359916687, -0.7982253432273865, 0.05904216691851616, 0.04428296536207199, 0.05703204497694969, 0.8175703287124634, 0.21590377390384674, 0.9763212203979492, -0.0135074807330966, -0.9759917259216309, 0.2161967158317566, 0.026440681889653206]}, {"id": 17, "label": "runner", "box": [-0.00030908483313396573, -0.7988499402999878, -0.3314054012298584, 0.03607708215713501, 0.059066031128168106, 0.7313657999038696, -0.0006608606199733913, 0.9999997019767761, 0.0003539685276336968, 0.0004960575024597347, -0.0003536407311912626, 0.9999998211860657]}, {"id": 18, "label": "runner", "box": [-0.3882920444011688, -0.7945857644081116, 0.06966380029916763, 0.0501018650829792, 0.05529589205980301, 0.821949303150177, 0.21996256709098816, 0.9754689931869507, -0.008756971918046474, 0.975156307220459, -0.21963319182395935, 0.02883436530828476]}], "edges": [{"part_a": 2, "part_b": 0, "type": "ADJ", "dist": 0.0034565480914511173}, {"part_a": 3, "part_b": 2, "type": "ADJ", "dist": 0.009132387508660026}, {"part_a": 4, "part_b": 1, "type": "ADJ", "dist": 0.005967049613593452}, {"part_a": 4, "part_b": 3, "type": "ADJ", "dist": 0.004186210294905553}, {"part_a": 1, "part_b": 0, "type": "REF_SYM", "params": [0.0021086782217025757, -0.41904765367507935, 0.506283164024353, 0.9999801516532898, -0.006267081946134567, -0.0005777893820777535], "dist": 0.011338559535148153}, {"part_a": 1, "part_b": 0, "type": "TRANS_SYM", "params": [0.7847211360931396, -0.004918009042739868, -0.0004534125328063965], "dist": 0.009983942802164941}, {"part_a": 1, "part_b": 0, "type": "ROT_SYM", "params": [0.005658096633851528, -0.4098554849624634, 6.579375743865967, -0.006057930178940296, -0.999981701374054, -0.00013736754772253335, 0.12903644144535065], "dist": 0.010324972699089283}, {"part_a": 3, "part_b": 2, "type": "REF_SYM", "params": [0.19593088328838348, -0.7987440824508667, -0.14221520721912384, 0.7026683688163757, 5.302949284669012e-05, 0.7115175127983093], "dist": 0.014450304487501139}, {"part_a": 3, "part_b": 2, "type": "ROT_SYM", "params": [-0.30240097641944885, -0.8362724184989929, 0.36128783226013184, 0.6974499821662903, 0.040665753185749054, -0.715478777885437, 3.0796382427215576], "dist": 0.016383669787881916}, {"part_a": 4, "part_b": 2, "type": "REF_SYM", "params": [0.0021401196718215942, -0.7985382080078125, 0.06252425909042358, 0.9999112486839294, -0.000488650577608496, -0.013315146788954735], "dist": 0.013198959876060692}, {"part_a": 4, "part_b": 2, "type": "TRANS_SYM",