{"id": 0, "label": "chair", "box": [0.00553703960031271, -0.02516309544444084, 0.10237082093954086, 0.7486267685890198, 1.5595793724060059, 0.8255468606948853, 0.9999940395355225, -0.003027521539479494, 0.0016513103619217873, 0.0030683944933116436, 0.9996742010116577, -0.025338096544146538], "children": [{"id": 1, "label": "chair_back", "box": [-0.001970679732039571, 0.34858694672584534, -0.2609650790691376, 0.7246342301368713, 0.9566878080368042, 0.09590962529182434, 0.999996542930603, -0.0015670304419472814, 0.0021271766163408756, 0.0016602481482550502, 0.9990056753158569, -0.044552043080329895], "children": [{"id": 0, "label": "back_surface", "box": [-0.009844270534813404, 0.41144269704818726, -0.22887112200260162, 0.7359451651573181, 0.716231107711792, 0.12497655302286148, 0.9999567270278931, 0.0033460718113929033, -0.008679170161485672, -0.003871077671647072, 0.9981182813644409, -0.06119648739695549], "children": [{"id": 0, "label": "back_single_surface", "box": [-0.00800931453704834, 0.40848010778427124, -0.23058374226093292, 0.70023512840271, 0.7479609847068787, 0.12442434579133987, 0.9999592304229736, 0.007355647627264261, -0.005236542318016291, -0.007634737528860569, 0.9984329342842102, -0.05543839558959007]}]}, {"id": 0, "label": "back_connector", "box": [-0.15658554434776306, -0.034615639597177505, -0.24661067128181458, 0.06589262187480927, 0.16921962797641754, 0.04275285452604294, 0.9979498386383057, -0.04332885518670082, -0.047102827578783035, 0.0432211272418499, 0.9990600943565369, -0.003303703386336565]}, {"id": 2, "label": "back_surface", "box": [-0.0075441082008183, 0.4257892370223999, -0.26157239079475403, 0.5645660758018494, 0.6818348169326782, 0.051524680107831955, 0.9999270439147949, 0.003692690981552005, -0.011503230780363083, -0.004318752326071262, 0.9984833598136902, -0.05488429218530655], "children": [{"id": 0, "label": "back_single_surface", "box": [-0.004500748123973608, 0.4218280017375946, -0.2640734612941742, 0.5722485780715942, 0.7181551456451416, 0.07273802161216736, 0.999992847442627, 3.401759749976918e-05, 0.0037778913974761963, 0.00012031560618197545, 0.9991655349731445, -0.040843937546014786]}]}, {"id": 0, "label": "back_connector", "box": [0.16912497580051422, 0.017271097749471664, -0.24839608371257782, 0.10761759430170059, 0.27320432662963867, 0.06545998156070709, 0.9982948899269104, 0.05793756619095802, 0.007109280675649643, -0.05761235952377319, 0.9975526928901672, -0.03961719945073128]}], "edges": [{"part_a": 0, "part_b": 1, "type": "ADJ"}, {"part_a": 0, "part_b": 2, "type": "ADJ"}, {"part_a": 0, "part_b": 3, "type": "ADJ"}, {"part_a": 1, "part_b": 0, "type": "ADJ"}, {"part_a": 1, "part_b": 3, "type": "ROT_SYM"}, {"part_a": 1, "part_b": 3, "type": "TRANS_SYM"}, {"part_a": 1, "part_b": 3, "type": "REF_SYM"}, {"part_a": 2, "part_b": 0, "type": "ADJ"}, {"part_a": 3, "part_b": 0, "type": "ADJ"}, {"part_a": 3, "part_b": 1, "type": "ROT_SYM"}, {"part_a": 3, "part_b": 1, "type": "TRANS_SYM"}, {"part_a": 3, "part_b": 1, "type": "REF_SYM"}]}, {"id": 5, "label": "chair_seat", "box": [-0.002568187192082405, -0.13130849599838257, 0.12850907444953918, 0.7714453339576721, 0.15335233509540558, 0.7314918637275696, 0.9999925494194031, -0.0038547758013010025, 0.0003044618060812354, 0.0038509503938257694, 0.9999241828918457, 0.011698911897838116], "children": [{"id": 6, "label": "seat_surface", "box": [0.000601479725446552, -0.12275556474924088, 0.13474594056606293, 0.7436442971229553, 0.1382889449596405, 0.7420942187309265, 0.9999960064888, -0.0028340714052319527, -0.00013258495891932398, 0.002834973856806755, 0.9999686479568481, 0.007392541505396366], "children": [{"id": 7, "label": "seat_single_surface", "box": [0.0010479759657755494, -0.1295737624168396, 0.13534633815288544, 0.7384127378463745, 0.13988666236400604, 0.7559080719947815, 0.999996542930603, 0.0014410484582185745, 0.002209426136687398, -0.0014679774176329374, 0.9999240636825562, 0.012235406786203384]}]}]}, {"id": 8, "label": "chair_base", "box": [-0.0017259978922083974, -0.4853281080722809, 0.1129363626241684, 0.7461874485015869, 0.6244539022445679, 0.7799822688102722, 0.999995768070221, -0.0007903362275101244, 0.0028096477035433054, 0.0007907217368483543, 0.9999997019767761, -0.00013609333836939186], "children": [{"id": 9, "label": "regular_leg_base", "box": [0.000746525707654655, -0.48280656337738037, 0.11439836770296097, 0.7510383129119873, 0.6509197354316711, 0.7768636345863342, 0.9999932646751404, -0.001977553591132164, 0.0031047072261571884, 0.0019770399667322636, 0.9999980330467224, 0.0001683844020590186], "children": [{"id": 13, "label": "leg", "box": [-0.32009652256965637, -0.49119338393211365, -0.2272377908229828, 0.08983135968446732, 0.6684690117835999, 0.08317169547080994, 0.9992368817329407, -0.011317304335534573, -0.03738410025835037, 0.013280989602208138, 0.9985218644142151, 0.05270366743206978]}, {"id": 12, "label": "leg", "box": [-0.33842456340789795, -0.48804041743278503, 0.4562877118587494, 0.08895950764417648, 0.6684297919273376, 0.08963504433631897, 0.9997262358665466, -0.007937807589769363, 0.02200990356504917, 0.007898177951574326, 0.9999670386314392, 0.0018868878250941634]}, {"id": 10, "label": "leg", "box": [0.3007051646709442, -0.49081316590309143, -0.21759173274040222, 0.08897162973880768, 0.6642422676086426, 0.08639878779649734, 0.9983306527137756, 0.006399563513696194, 0.05740169808268547, -0.009107482619583607, 0.9988515973091125, 0.04703807085752487]}, {"id": 11, "label": "leg", "box": [0.33272093534469604, -0.4858325719833374, 0.4534589648246765, 0.08732552081346512, 0.6693345308303833, 0.08638843148946762, 0.9994583129882812, 0.009977726265788078, -0.03136196732521057, -0.010160102508962154, 0.9999323487281799, -0.005661225877702236]}], "edges": [{"part_a": 0, "part_b": 1, "type": "ROT_SYM"}, {"part_a": 0, "part_b": 1, "type": "TRANS_SYM"}, {"part_a": 0, "part_b": 1, "type": "REF_SYM"}, {"part_a": 0, "part_b": 2, "type": "ROT_SYM"}, {"part_a": 0, "part_b": 2, "type": "TRANS_SYM"}, {"part_a": 0, "part_b": 2, "type": "REF_SYM"}, {"part_a": 0, "part_b": 3, "type": "ROT_SYM"}, {"part_a": 0, "part_b": 3, "type": "TRANS_SYM"}, {"part_a": 0, "part_b": 3, "type": "REF_SYM"}, {"part_a": 1, "part_b": 0, "type": "ROT_SYM"}, {"part_a": 1, "part_b": 0, "type": "TRANS_SYM"}, {"part_a": 1, "part_b": 0, "type": "REF_SYM"}, {"part_a": 1, "part_b": 2, "type": "ROT_SYM"}, {"part_a": 1, "part_b": 2, "type": "TRANS_SYM"}, {"part_a": 1, "part_b": 2, "type": "REF_SYM"}, {"part_a": 1, "part_b": 3, "type": "ROT_SYM"}, {"part_a": 1, "part_b": 3, "type": "TRANS_SYM"}, {"part_a": 1, "part_b": 3, "type": "REF_SYM"}, {"part_a": 2, "part_b": 0, "type": "ROT_SYM"}, {"part_a": 2, "part_b": 0, "type": "TRANS_SYM"}, {"part_a": 2, "part_b": 0, "type": "REF_SYM"}, {"part_a": 2, "part_b": 1, "type": "ROT_SYM"}, {"part_a": 2, "part_b": 1, "type": "TRANS_SYM"}, {"part_a": 2, "part_b": 1, "type": "REF_SYM"}, {"part_a": 2, "part_b": 3, "type": "ROT_SYM"}, {"part_a": 2, "part_b": 3, "type": "TRANS_SYM"}, {"part_a": 2, "part_b": 3, "type": "REF_SYM"}, {"part_a": 3, "part_b": 0, "type": "ROT_SYM"}, {"part_a": 3, "part_b": 0, "type": "TRANS_SYM"}, {"part_a": 3, "part_b": 0, "type": "REF_SYM"}, {"part_a": 3, "part_b": 1, "type": "ROT_SYM"}, {"part_a": 3, "part_b": 1, "type": "TRANS_SYM"}, {"part_a": 3, "part_b": 1, "type": "REF_SYM"}, {"part_a": 3, "part_b": 2, "type": "ROT_SYM"}, {"part_a": 3, "part_b": 2, "type": "TRANS_SYM"}, {"part_a": 3, "part_b": 2, "type": "REF_SYM"}]}]}], "edges": [{"part_a": 0, "part_b": 1, "type": "ADJ"}, {"part_a": 1, "part_b": 0, "type": "ADJ"}, {"part_a": 1, "part_b": 2, "type": "ADJ"}, {"part_a": 2, "part_b": 1, "type": "ADJ"}]}