{"id": 0, "label": "chair", "box": [0.017361585050821304, -0.2034359574317932, 0.02468813769519329, 0.6481553316116333, 0.7769392728805542, 1.386023998260498, -2.0782408310221163e-18, 0.03394024819135666, -0.9994238615036011, -1.0, 0.00011194787657586858, 3.8017290080460953e-06], "children": [{"id": 1, "label": "chair_back", "box": [0.019716570153832436, 0.2807373106479645, -0.20207445323467255, 0.07033390551805496, 0.4463669955730438, 0.6878390312194824, -2.163109230997812e-17, -0.3532625436782837, -0.9355242252349854, 3.4150275496358518e-06, 0.9355242252349854, -0.3532625436782837], "children": [{"id": 2, "label": "back_surface", "box": [0.019716570153832436, 0.2807373106479645, -0.20207445323467255, 0.07033390551805496, 0.4463669955730438, 0.6878390312194824, -2.163109230997812e-17, -0.3532625436782837, -0.9355242252349854, 3.4150275496358518e-06, 0.9355242252349854, -0.3532625436782837], "children": [{"id": 3, "label": "back_single_surface", "box": [0.019716570153832436, 0.2807373106479645, -0.20207445323467255, 0.07033390551805496, 0.4463669955730438, 0.6878390312194824, -2.163109230997812e-17, -0.3532625436782837, -0.9355242252349854, 3.4150275496358518e-06, 0.9355242252349854, -0.3532625436782837]}]}]}, {"id": 4, "label": "chair_arm", "box": [0.31875404715538025, 0.19104397296905518, 0.07229737937450409, 0.05588079243898392, 0.21859455108642578, 0.5345857739448547, 0.816980242729187, -0.5747161507606506, -0.04737800732254982, -0.5697237849235535, -0.8171263337135315, 0.08785972744226456], "children": [{"id": 5, "label": "arm_sofa_style", "box": [0.31875404715538025, 0.19104397296905518, 0.07229737937450409, 0.05588079243898392, 0.21859455108642578, 0.5345857739448547, 0.816980242729187, -0.5747161507606506, -0.04737800732254982, -0.5697237849235535, -0.8171263337135315, 0.08785972744226456]}]}, {"id": 6, "label": "chair_arm", "box": [-0.29082533717155457, 0.20783400535583496, 0.06729789823293686, 0.05481717735528946, 0.19562110304832458, 0.5349192023277283, -0.8550114631652832, -0.5152931213378906, -0.05855219066143036, 0.5134610533714294, -0.8569800853729248, 0.04407798871397972], "children": [{"id": 7, "label": "arm_sofa_style", "box": [-0.29082533717155457, 0.20783400535583496, 0.06729789823293686, 0.05481717735528946, 0.19562110304832458, 0.5349192023277283, -0.8550114631652832, -0.5152931213378906, -0.05855219066143036, 0.5134610533714294, -0.8569800853729248, 0.04407798871397972]}]}, {"id": 8, "label": "chair_seat", "box": [0.03386573866009712, 0.1314108520746231, 0.091424860060215, 0.07494768500328064, 0.49035146832466125, 0.6013454794883728, 0.009810572490096092, 0.9997162222862244, -0.021707778796553612, 0.000628751702606678, 0.021702652797102928, 0.9997642636299133], "children": [{"id": 9, "label": "seat_surface", "box": [0.03386573866009712, 0.1314108520746231, 0.091424860060215, 0.07494768500328064, 0.49035146832466125, 0.6013454794883728, 0.009810572490096092, 0.9997162222862244, -0.021707778796553612, 0.000628751702606678, 0.021702652797102928, 0.9997642636299133], "children": [{"id": 10, "label": "seat_single_surface", "box": [0.03386573866009712, 0.1314108520746231, 0.091424860060215, 0.07494768500328064, 0.49035146832466125, 0.6013454794883728, 0.009810572490096092, 0.9997162222862244, -0.021707778796553612, 0.000628751702606678, 0.021702652797102928, 0.9997642636299133]}]}]}, {"id": 11, "label": "chair_base", "box": [0.02018200047314167, -0.3142330050468445, 0.0032121760305017233, 0.6485262513160706, 0.6883631944656372, 1.1436076164245605, 1.4792194633628242e-06, 0.0029309955425560474, -0.9999957084655762, -1.0, 1.4299580186616367e-07, -1.478806666455057e-06], "children": [{"id": 12, "label": "regular_leg_base", "box": [0.02018200047314167, -0.3142330050468445, 0.0032121760305017233, 0.6485262513160706, 0.6883631944656372, 1.1436076164245605, 1.4792194633628242e-06, 0.0029309955425560474, -0.9999957084655762, -1.0, 1.4299580186616367e-07, -1.478806666455057e-06], "children": [{"id": 13, "label": "leg", "box": [-0.3055499792098999, -0.3138558268547058, -0.24790909886360168, 0.03470712900161743, 0.03689798712730408, 1.1511411666870117, -5.893532410674458e-18, 0.09624868631362915, -0.9953573346138, 1.0, -6.066377838085884e-17, -1.1787064821348915e-17]}, {"id": 14, "label": "leg", "box": [0.3451535105705261, -0.3138558268547058, -0.25005412101745605, 0.034707099199295044, 0.03842100501060486, 1.1511411666870117, 6.094805719633617e-17, 0.09624867141246796, -0.9953573346138, 1.0, 0.0, 6.123234262925839e-17]}, {"id": 15, "label": "leg", "box": [0.3369404971599579, -0.34416648745536804, 0.30735498666763306, 0.03486901521682739, 0.03689798712730408, 1.0818350315093994, 1.0, -1.8369701465288538e-16, 0.0, 0.0, 0.0, 1.0]}, {"id": 16, "label": "leg", "box": [-0.3055509924888611, -0.34416648745536804, 0.3083685040473938, 0.03486901521682739, 0.03689798712730408, 1.0818350315093994, 0.0, 0.0, -1.0, -1.0, 1.8369701465288538e-16, 0.0]}, {"id": 17, "label": "bar_stretcher", "box": [0.016200989484786987, -0.47642701864242554, 0.3032059967517853, 0.030248016119003296, 0.0475500226020813, 0.6089619994163513, -6.123234262925839e-17, -1.0, -6.123234262925839e-17, 6.123234262925839e-17, 6.123234262925839e-17, -1.0]}, {"id": 18, "label": "bar_stretcher", "box": [0.017435334622859955, -0.47645339369773865, 0.02187846228480339, 0.030465321615338326, 0.033040035516023636, 0.5311114192008972, 0.01782376319169998, 0.9998411536216736, -0.0001962625829037279, -0.9998385906219482, 0.017824159935116768, 0.00225591822527349]}, {"id": 19, "label": "bar_stretcher", "box": [0.019417209550738335, -0.47643405199050903, -0.2563064992427826, 0.030290020629763603, 0.05347393825650215, 0.6153944134712219, 6.588144606212154e-05, -0.9999997615814209, -0.0006589065887965262, -2.204102900194016e-09, 0.0006589065887965262, -0.9999997615814209]}], "edges": [{"dist": 0.003540886368516501, "part_b": 2, "part_a": 4, "type": "ADJ"}, {"dist": 0.002687758862123792, "part_b": 3, "part_a": 4, "type": "ADJ"}, {"dist": 0.01364415614321842, "part_b": 4, "part_a": 5, "type": "ADJ"}, {"dist": 0.0016104607423193746, "part_b": 0, "part_a": 6, "type": "ADJ"}, {"dist": 0.004432891586487453, "part_b": 1, "part_a": 6, "type": "ADJ"}, {"dist": 0.00823397850403132, "part_b": 5, "part_a": 6, "type": "ADJ"}, {"dist": 0.011085819222022068, "part_b": 0, "params": [0.019519895315170288, -0.3234167993068695, -0.2516322135925293, -0.9999395608901978, -0.010807535611093044, 0.001994953490793705], "part_a": 1, "type": "REF_SYM"}, {"dist": 0.00875808844930562, "part_b": 0, "params": [-0.6508914232254028, -0.007034957408905029, 0.0012985765933990479], "part_a": 1, "type": "TRANS_SYM"}, {"dist": 0.00891437673041275, "part_b": 0, "params": [0.004775916691869497, 0.07417884469032288, -5.599698543548584, 0.012805106118321419, -0.996967613697052, -0.07675639539957047, 0.12122948467731476], "part_a": 1, "type": "ROT_SYM"}, {"dist": 0.025515015010201498, "part_b": 0, "params": [0.015316367149353027, -0.3343873918056488, 0.02808685600757599, -0.754805326461792, 0.01751217618584633, -0.6557151079177856], "part_a": 2, "type": "REF_SYM"}, {"dist": 0.03094907750745289, "part_b": 0, "params": [-0.6424843668937683, 0.014906227588653564, -0.5581395626068115], "part_a": 2, "type": "TRANS_SYM"}, {"dist": 0.025208621702904027, "part_b": 0, "params": [-0.19637757539749146, -0.3987008035182953, 0.2664686143398285, 0.023235809057950974, 0.9957411885261536, 0.08921598643064499, 1.8453775644302368], "part_a": 2, "type": "ROT_SYM"}, {"dist": 0.012372296516189839, "part_b": 1, "params": [0.34076207876205444, -0.3308699131011963, 0.027437567710876465, 0.015014439821243286, 0.03918548673391342, -0.9991191029548645], "part_a": 2, "type": "REF_SYM"}, {"dist": 0.031188074286924248, "part_b": 1, "params": [0.008407056331634521, 0.021941184997558594, -0.559438169002533], "part_a": 2, "type": "TRANS_SYM"}, {"dist": 0.012094491406763821, "part_b": 1,