{"id": 0, "label": "chair", "box": [0.004897487349808216, 0.1723407655954361, 0.07520347833633423, 0.6866551637649536, 0.7076730132102966, 1.4814459085464478, 1.4966426535589772e-12, -5.8890593209071085e-05, 1.0, -1.0, -2.541707111447522e-08, -1.8369701465288538e-16], "children": [{"id": 1, "label": "chair_back", "box": [0.004896998405456543, 0.4859049916267395, -0.20830149948596954, 0.1195630133152008, 0.7076719999313354, 0.8543499708175659, -6.123234262925839e-17, 6.123234262925839e-17, 1.0, 1.0, 0.0, 6.123234262925839e-17], "children": [{"id": 2, "label": "back_frame", "box": [0.004896998405456543, 0.4859049916267395, -0.20830149948596954, 0.1195630133152008, 0.7076719999313354, 0.8543499708175659, -6.123234262925839e-17, 6.123234262925839e-17, 1.0, 1.0, 0.0, 6.123234262925839e-17], "children": [{"id": 3, "label": "back_holistic_frame", "box": [0.004896998405456543, 0.4859049916267395, -0.20830149948596954, 0.1195630133152008, 0.7076719999313354, 0.8543499708175659, -6.123234262925839e-17, 6.123234262925839e-17, 1.0, 1.0, 0.0, 6.123234262925839e-17]}]}]}, {"id": 4, "label": "chair_seat", "box": [0.004896440077573061, 0.01290275901556015, 0.07500480860471725, 0.16187535226345062, 0.687660276889801, 0.7076815962791443, 8.251517283497378e-05, 0.9999596476554871, -0.008979975245893002, 4.408916993270395e-06, -0.008979976177215576, -0.9999597072601318], "children": [{"id": 5, "label": "seat_surface", "box": [-0.00244884192943573, 0.07579148560762405, 0.13201072812080383, 0.01485325675457716, 0.5362768769264221, 0.6652882695198059, 0.00013602279068436474, -0.9999995827674866, -0.0009152484708465636, -0.00012300022353883833, 0.0009152317652478814, -0.9999995827674866], "children": [{"id": 6, "label": "seat_single_surface", "box": [-0.00244884192943573, 0.07579148560762405, 0.13201072812080383, 0.01485325675457716, 0.5362768769264221, 0.6652882695198059, 0.00013602279068436474, -0.9999995827674866, -0.0009152484708465636, -0.00012300022353883833, 0.0009152317652478814, -0.9999995827674866]}]}, {"id": 7, "label": "seat_support", "box": [0.004896998405456543, 0.012882412411272526, 0.07500569522380829, 0.1618776172399521, 0.6876594424247742, 0.7076719999313354, -5.500948045860998e-19, -0.9999596476554871, 0.008983730338513851, -6.122986770486563e-17, 0.008983730338513851, 0.9999596476554871]}], "edges": [{"part_a": 1, "type": "ADJ", "dist": 0.009095597864806522, "part_b": 0}]}, {"id": 8, "label": "chair_base", "box": [0.004897505044937134, -0.30341601371765137, 0.07520300149917603, 0.5298960208892822, 0.6865720152854919, 0.7076730132102966, 0.0, 1.0, 0.0, 0.0, 0.0, 1.0], "children": [{"id": 9, "label": "regular_leg_base", "box": [0.004897505044937134, -0.30341601371765137, 0.07520300149917603, 0.5298960208892822, 0.6865720152854919, 0.7076730132102966, 0.0, 1.0, 0.0, 0.0, 0.0, 1.0], "children": [{"id": 10, "label": "leg", "box": [-0.2854863703250885, -0.3034253418445587, -0.19387277960777283, 0.12703964114189148, 0.1485426276922226, 0.5298904776573181, -0.9999983906745911, 0.00019106573017779738, 0.0017832346493378282, 0.00178323476575315, 0.0, 0.9999983906745911]}, {"id": 11, "label": "leg", "box": [0.2928589880466461, -0.3044605255126953, -0.20823200047016144, 0.11970201134681702, 0.1317480057477951, 0.5278069972991943, -6.123234262925839e-17, 6.123234262925839e-17, 1.0, 1.0, 0.0, 6.123234262925839e-17]}, {"id": 12, "label": "leg", "box": [0.30385351181030273, -0.3062175214290619, 0.35238999128341675, 0.10975900292396545, 0.1321980059146881, 0.5242930054664612, -1.0, 0.0, -6.123234262925839e-17, 6.123234262925839e-17, -6.123234262925839e-17, -1.0]}, {"id": 13, "label": "leg", "box": [-0.2833462953567505, -0.3035432696342468, 0.35244056582450867, 0.1323748081922531, 0.1323927789926529, 0.529787540435791, 0.9999905824661255, -0.00199805642478168, 0.003849717788398266, -0.0038496649358421564, 3.0380739190150052e-05, 0.9999926090240479]}, {"id": 14, "label": "runner", "box": [0.007234998047351837, -0.5119040012359619, -0.21198700368404388, 0.11219200491905212, 0.11292001605033875, 0.4932219982147217, 0.0, 0.0, -1.0, 0.0, -1.0, 0.0]}, {"id": 15, "label": "runner", "box": [0.3033995032310486, -0.5118725299835205, 0.0744091123342514, 0.11298301815986633, 0.1151304766535759, 0.45922112464904785, -6.123234262925839e-17, -1.0, -6.123234262925839e-17, 0.9999396800994873, -6.055595373365133e-17, -0.01098592672497034]}, {"id": 16, "label": "runner", "box": [-0.2913384735584259, -0.5118869543075562, 0.07442847639322281, 0.11298422515392303, 0.11533299088478088, 0.45617273449897766, -4.640587292215059e-08, -1.0, 6.584665243281052e-05, -0.9999999403953552, 2.5741174525251154e-08, -0.000313830649247393]}], "edges": [{"part_a": 4, "type": "ADJ", "dist": 0.006017326803054326, "part_b": 0}, {"part_a": 4, "type": "ADJ", "dist": 0.009165801631839277, "part_b": 1}, {"part_a": 5, "type": "ADJ", "dist": 0.022897417611250068, "part_b": 1}, {"part_a": 5, "type": "ADJ", "dist": 0.026655314178365256, "part_b": 2}, {"part_a": 6, "type": "ADJ", "dist": 0.005793647899175986, "part_b": 0}, {"part_a": 6, "type": "ADJ", "dist": 0.013150151082235146, "part_b": 3}, {"params": [0.15446044504642487, -0.5137537717819214, -0.07182653248310089, -0.7193511724472046, 8.871521276887506e-05, -0.6946466565132141], "part_a": 5, "type": "REF_SYM", "dist": 0.027213705584380472, "part_b": 4}, {"params": [0.19782833755016327, -0.8416874408721924, -0.11905026435852051, -0.2772049903869629, -0.9189256429672241, 0.28059419989585876, 1.6669429540634155], "part_a": 5, "type": "ROT_SYM", "dist": 0.043696215133083256, "part_b": 4}, {"params": [-0.14397728443145752, -0.5148932933807373, -0.06896548718214035, 0.7130316495895386, 0.005528875160962343, -0.7011100649833679], "part_a": 6, "type": "REF_SYM", "dist": 0.028620261419910507, "part_b": 4}, {"params": [0.35081785917282104, -0.4468371570110321, 0.4289171099662781, 0.7046308517456055, 0.0767887756228447, 0.7054068446159363, 3.008434772491455], "part_a": 6, "type": "ROT_SYM", "dist": 0.03206693691054226, "part_b": 4}, {"params": [0.00512288510799408, -0.5149117112159729, 0.07501416653394699, 0.9999467730522156, 0.0038182861171662807, -0.009586231783032417], "part_a": 6, "type": "REF_SYM", "dist": 0.025772466073148374, "part_b": 5}, {"params": [0.5968754291534424, 0.0022791624069213867, -0.0057220906019210815], "part_a": 6, "type": "TRANS_SYM", "dist": 0.024819194240374848, "part_b": 5}, {"params": [0.004789413884282112, -0.4288901090621948, 0.07473592460155487, -0.0008092731586657465, 0.004282207228243351, 0.9999904632568359, 2.580320358276367], "part_a": 6, "type": "ROT_SYM", "dist": 0.04305057373031221, "part_b": 5}, {"params": [0.004805907607078552, -0.31039416790008545, -0.21486042439937592, -0.9999968409538269, 0.0007590451277792454, 0.002398137701675296], "part_a": 1, "type": "REF_SYM", "dist": 0.02289428124831626, "part_b": 0}, {"params": [-0.6026837825775146, 0.00045746564865112305, 0.0014453232288360596], "part_a": 1, "type": "TRANS_SYM", "dist": 0.0290880259942609, "part_b": 0}, {"params": [0.0050765518099069595, -0.2989560067653656, 0.13815298676490784, -0.02865302376449108, 0.9995840787887573, -0.0032557493541389704, 1.412667989730835], "part_a": 1, "type": "ROT_SYM", "dist": 0.032833700113514025, "part_b": 0}, {"params": [0.0035673975944519043, -0.31318390369415283, 0.07596708834171295, -0.7189636826515198, 0.007231369614601135, -0.6950100064277649], "part_a": 2, "type": "REF_SYM", "dist": 0.02633993346139214, "part_b": 0}, {"params": [-0.6002067923545837, 0.006036907434463501, -0.5802097320556641], "part_a": 2, "type": "TRANS_SYM", "dist": 0.030076573643032352, "part_b": 0}, {"params": [0.2984972298145294, -0.3191596269607544, -0.2297210991382599, -0.0050307950004935265, -0.9999737739562988, -0.005205183755606413, 1.5533262491226196], "part_a": 2, "type": "ROT_SYM", "dist": 0.025834130446210357, "part_b": 0}, {"params": [0.30490928888320923, -0.313412606716156, 0.07524442672729492, 0.004258337896317244, 0.009591828100383282, -0.9999449849128723],