{"id": 0, "label": "chair", "box": [-0.005256693810224533, -0.07698753476142883, 0.0893801599740982, 0.7518963813781738, 1.5370122194290161, 0.7510001063346863, 0.9999947547912598, -0.0019236633088439703, 0.002599569736048579, 0.0019983211532235146, 0.9995765686035156, -0.02902861498296261], "children": [{"id": 1, "label": "chair_back", "box": [-0.010109750553965569, 0.3765917420387268, -0.24211038649082184, 0.6694519519805908, 0.730293333530426, 0.0862841010093689, 0.9999939799308777, -0.0013897550525143743, -0.0031901984475553036, 0.0011799304047599435, 0.9978939294815063, -0.0648563951253891], "children": [{"id": 0, "label": "back_surface", "box": [-0.005437000188976526, 0.432086706161499, -0.24292197823524475, 0.7224565148353577, 0.6322419047355652, 0.11516040563583374, 0.9999304413795471, -0.003514978103339672, -0.011259944178164005, 0.0024635717272758484, 0.9957500100135803, -0.09206434339284897], "children": [{"id": 0, "label": "back_single_surface", "box": [-0.01163647323846817, 0.4279586672782898, -0.24599042534828186, 0.7188829779624939, 0.6869550943374634, 0.12502935528755188, 0.9999708533287048, 0.006789947859942913, -0.0034838353749364614, -0.00703517347574234, 0.9970815777778625, -0.07601863890886307]}]}, {"id": 0, "label": "back_surface", "box": [-0.01032603345811367, 0.39774760603904724, -0.2485646903514862, 0.6592535972595215, 0.729255735874176, 0.09178563207387924, 0.9999390244483948, 0.006272050552070141, -0.009089420549571514, -0.006977624259889126, 0.9967867732048035, -0.07979628443717957], "children": [{"id": 0, "label": "back_single_surface", "box": [-0.0015154748689383268, 0.41322898864746094, -0.2582443356513977, 0.6207044720649719, 0.7286869883537292, 0.08840312063694, 0.9999956488609314, 0.0011054668575525284, -0.0027395812794566154, -0.001306314836256206, 0.9972253441810608, -0.0744309201836586]}]}], "edges": [{"part_a": 0, "part_b": 1, "type": "ADJ"}, {"part_a": 1, "part_b": 0, "type": "ADJ"}]}, {"id": 4, "label": "chair_seat", "box": [0.0003305673599243164, 0.029527265578508377, 0.07149271667003632, 0.7576194405555725, 0.09924735873937607, 0.7114476561546326, 0.9999992847442627, 0.0006691910675726831, 0.0009897069539874792, -0.000681164616253227, 0.9999260306358337, 0.01214754767715931], "children": [{"id": 7, "label": "seat_support", "box": [0.004874315578490496, 0.008932418189942837, 0.09887097775936127, 0.7930963039398193, 0.11098669469356537, 0.7782858610153198, 0.9999455809593201, 0.006068035028874874, 0.008488025516271591, -0.006185082718729973, 0.9998852014541626, 0.0138321528211236]}, {"id": 5, "label": "seat_surface", "box": [-0.0015862832078710198, 0.06921698898077011, 0.10891053080558777, 0.753803551197052, 0.08879408985376358, 0.7347429394721985, 0.9999891519546509, 0.0006765424041077495, 0.004608073737472296, -0.0007065050303936005, 0.9999786019325256, 0.006503684911876917], "children": [{"id": 6, "label": "seat_single_surface", "box": [0.008076843805611134, 0.07274334132671356, 0.08827503770589828, 0.7565305829048157, 0.09267426282167435, 0.7066574692726135, 0.9999935030937195, -0.002112222835421562, 0.002935372292995453, 0.0020731715485453606, 0.9999101758003235, 0.013243620283901691]}]}], "edges": [{"part_a": 0, "part_b": 1, "type": "ADJ"}, {"part_a": 1, "part_b": 0, "type": "ADJ"}]}, {"id": 8, "label": "chair_base", "box": [-0.004780200310051441, -0.44224199652671814, 0.07607882469892502, 0.7109220623970032, 0.8777413368225098, 0.6958354711532593, 0.9999603629112244, -0.003984228707849979, 0.007965493015944958, 0.004069568123668432, 0.999934196472168, -0.010726312175393105], "children": [{"id": 9, "label": "regular_leg_base", "box": [-0.011520140804350376, -0.5058554410934448, 0.11284201592206955, 0.7369692921638489, 0.8380265235900879, 0.7040829658508301, 0.9999280571937561, 0.01198241114616394, -0.0005797428893856704, -0.011994538828730583, 0.999459981918335, -0.030592795461416245], "children": [{"id": 0, "label": "foot", "box": [0.30147692561149597, -0.8513786196708679, 0.34368497133255005, 0.10227705538272858, 0.06003686413168907, 0.10208476334810257, 0.9858618378639221, -0.004499638453125954, -0.16749975085258484, 0.005299659445881844, 0.9999765753746033, 0.004329553339630365]}, {"id": 0, "label": "foot", "box": [-0.3333126902580261, -0.8458527326583862, -0.1971963346004486, 0.08267570286989212, 0.08576657623052597, 0.07437819987535477, 0.9988780617713928, 0.014465092681348324, 0.04509318992495537, -0.01418552827090025, 0.9998781681060791, -0.006513576954603195]}, {"id": 13, "label": "leg", "box": [-0.2915451228618622, -0.44899362325668335, 0.34712693095207214, 0.1041562631726265, 0.7598614692687988, 0.14416006207466125, 0.9873061180114746, -0.04382038861513138, 0.15266472101211548, 0.05487668886780739, 0.9961078763008118, -0.06897636502981186]}, {"id": 0, "label": "foot", "box": [-0.3299482762813568, -0.8373278975486755, 0.45204398036003113, 0.12443362176418304, 0.06665360182523727, 0.06728985160589218, 0.9933520555496216, -0.0021563638001680374, 0.11509625613689423, 0.0022119616623967886, 0.9999974966049194, -0.00035534013295546174]}, {"id": 11, "label": "leg", "box": [0.28634127974510193, -0.4990791380405426, -0.180104061961174, 0.10241606086492538, 0.8181654810905457, 0.10882922261953354, 0.995704174041748, 0.03776242956519127, 0.08454127609729767, -0.052369941025972366, 0.9826595187187195, 0.1778700053691864]}, {"id": 0, "label": "foot", "box": [0.28133031725883484, -0.8553982973098755, -0.223183736205101, 0.09336554259061813, 0.05484069511294365, 0.045166581869125366, 0.9980199337005615, 0.0016857516020536423, 0.06287584453821182, -0.008797758258879185, 0.9935551881790161, 0.11300763487815857]}, {"id": 10, "label": "leg", "box": [-0.3343755304813385, -0.4784870147705078, -0.12765689194202423, 0.10138849169015884, 0.8388373255729675, 0.13729850947856903, 0.9887569546699524, -0.0284127164632082, -0.14680755138397217, 0.05735801160335541, 0.9787472486495972, 0.1968853920698166]}, {"id": 12, "label": "leg", "box": [0.29280149936676025, -0.4641277492046356, 0.3309818208217621, 0.11809084564447403, 0.7542476654052734, 0.14175215363502502, 0.9806357622146606, 0.03839293122291565, -0.19204029440879822, -0.05712253600358963, 0.9940296411514282, -0.09296326339244843]}], "edges": [{"part_a": 0, "part_b": 3, "type": "TRANS_SYM"}, {"part_a": 0, "part_b": 3, "type": "REF_SYM"}, {"part_a": 0, "part_b": 7, "type": "ADJ"}, {"part_a": 1, "part_b": 3, "type": "TRANS_SYM"}, {"part_a": 1, "part_b": 3, "type": "REF_SYM"}, {"part_a": 1, "part_b": 5, "type": "TRANS_SYM"}, {"part_a": 1, "part_b": 5, "type": "REF_SYM"}, {"part_a": 2, "part_b": 3, "type": "ADJ"}, {"part_a": 2, "part_b": 4, "type": "ROT_SYM"}, {"part_a": 2, "part_b": 4, "type": "REF_SYM"}, {"part_a": 2, "part_b": 6, "type": "ROT_SYM"}, {"part_a": 2, "part_b": 6, "type": "REF_SYM"}, {"part_a": 2, "part_b": 7, "type": "ROT_SYM"}, {"part_a": 2, "part_b": 7, "type": "TRANS_SYM"}, {"part_a": 2, "part_b": 7, "type": "REF_SYM"}, {"part_a": 3, "part_b": 0, "type": "TRANS_SYM"}, {"part_a": 3, "part_b": 0, "type": "REF_SYM"}, {"part_a": 3, "part_b": 2, "type": "ADJ"}, {"part_a": 4, "part_b": 2, "type": "ROT_SYM"}, {"part_a": 4, "part_b": 2, "type": "REF_SYM"}, {"part_a": 4, "part_b": 6, "type": "ROT_SYM"}, {"part_a": 4, "part_b": 6, "type": "TRANS_SYM"}, {"part_a": 4, "part_b": 6, "type": "REF_SYM"}, {"part_a": 4, "part_b": 7, "type": "ROT_SYM"}, {"part_a": 4, "part_b": 7, "type": "REF_SYM"}, {"part_a": 5, "part_b": 1, "type": "TRANS_SYM"}, {"part_a": 5, "part_b": 1, "type": "REF_SYM"}, {"part_a": 6, "part_b": 2, "type": "ROT_SYM"}, {"part_a": 6, "part_b": 2, "type": "REF_SYM"}, {"part_a": 6, "part_b": 4, "type": "ROT_SYM"}, {"part_a": 6, "part_b": 4, "type": "TRANS_SYM"}, {"part_a": 6, "part_b": 4, "type": "REF_SYM"}, {"part_a": 7, "part_b": 0, "type": "ADJ"}, {"part_a": 7, "part_b": 2, "type": "ROT_SYM"}, {"part_a": 7, "part_b": 2, "type": "TRANS_SYM"}, {"part_a": 7, "part_b": 2, "type": "REF_SYM"}, {"part_a": 7, "part_b": 4, "type": "ROT_SYM"}, {"part_a": 7,