{"id": 0, "label": "chair", "box": [0.00014978159742895514, 0.014941029250621796, 0.0829266831278801, 1.0358790159225464, 1.223707914352417, 1.3406670093536377, 2.2484940927824937e-05, -0.05633668601512909, -0.9984118342399597, -6.175962334964424e-05, -0.9984118342399597, 0.05633668601512909], "children": [{"id": 1, "label": "chair_back", "box": [0.00010337317507946864, 0.20919287204742432, -0.2870432734489441, 0.20953629910945892, 0.7906576991081238, 1.3158268928527832, 9.541406604813006e-17, 0.3126159608364105, 0.9498795866966248, -0.007509379182010889, -0.9498528242111206, 0.31260713934898376], "children": [{"id": 2, "label": "back_surface", "box": [0.00010337317507946864, 0.20919287204742432, -0.2870432734489441, 0.20953629910945892, 0.7906576991081238, 1.3158268928527832, 9.541406604813006e-17, 0.3126159608364105, 0.9498795866966248, -0.007509379182010889, -0.9498528242111206, 0.31260713934898376], "children": [{"id": 3, "label": "back_single_surface", "box": [0.00010337317507946864, 0.20919287204742432, -0.2870432734489441, 0.20953629910945892, 0.7906576991081238, 1.3158268928527832, 9.541406604813006e-17, 0.3126159608364105, 0.9498795866966248, -0.007509379182010889, -0.9498528242111206, 0.31260713934898376]}]}]}, {"id": 4, "label": "chair_seat", "box": [0.00014448165893554688, -0.10434523969888687, 0.21606943011283875, 0.17033295333385468, 0.7950693964958191, 1.3406670093536377, -7.656581239162071e-19, 0.9874958395957947, -0.15764497220516205, 9.652971101005993e-18, 0.15764497220516205, 0.9874958395957947], "children": [{"id": 5, "label": "seat_surface", "box": [0.00014448165893554688, -0.10434523969888687, 0.21606943011283875, 0.17033295333385468, 0.7950693964958191, 1.3406670093536377, -7.656581239162071e-19, 0.9874958395957947, -0.15764497220516205, 9.652971101005993e-18, 0.15764497220516205, 0.9874958395957947], "children": [{"id": 6, "label": "seat_single_surface", "box": [0.00014448165893554688, -0.10434523969888687, 0.21606943011283875, 0.17033295333385468, 0.7950693964958191, 1.3406670093536377, -7.656581239162071e-19, 0.9874958395957947, -0.15764497220516205, 9.652971101005993e-18, 0.15764497220516205, 0.9874958395957947]}]}]}, {"id": 7, "label": "chair_base", "box": [0.00011007160355802625, -0.3173973560333252, 0.16246722638607025, 0.5527005195617676, 0.914053738117218, 1.1736479997634888, -6.179000774864107e-05, -0.9983001351356506, 0.05828223377466202, 0.0001241025165654719, 0.05828222632408142, 0.9983001351356506], "children": [{"id": 8, "label": "regular_leg_base", "box": [0.00011007160355802625, -0.3173973560333252, 0.16246722638607025, 0.5527005195617676, 0.914053738117218, 1.1736479997634888, -6.179000774864107e-05, -0.9983001351356506, 0.05828223377466202, 0.0001241025165654719, 0.05828222632408142, 0.9983001351356506], "children": [{"id": 9, "label": "leg", "box": [-0.45842742919921875, -0.35539916157722473, -0.22699005901813507, 0.019739670678973198, 0.035746511071920395, 0.405682235956192, -0.9913269877433777, 0.05421578884124756, -0.11971399188041687, 0.1292584389448166, 0.2377668172121048, -0.9626833200454712]}, {"id": 10, "label": "leg", "box": [-0.5166675448417664, -0.28825148940086365, 0.6080366969108582, 0.020129773765802383, 0.04007009416818619, 0.5568391680717468, -0.9717260599136353, 0.22551597654819489, -0.06993579864501953, 0.06501109153032303, -0.029199684038758278, -0.9974572062492371]}, {"id": 11, "label": "leg", "box": [0.4587137699127197, -0.3589794933795929, -0.2268790900707245, 0.019532347097992897, 0.04925324022769928, 0.41234850883483887, -0.9921352863311768, -0.05074067786335945, 0.11442439258098602, 0.1223495751619339, -0.20015351474285126, 0.972095251083374]}, {"id": 12, "label": "leg", "box": [0.5170731544494629, -0.2879774570465088, 0.6077038645744324, 0.019764844328165054, 0.04524906724691391, 0.5562892556190491, 0.9680406451225281, 0.22304774820804596, -0.11466042697429657, 0.1110517829656601, 0.028698112815618515, 0.9934001564979553]}, {"id": 13, "label": "runner", "box": [0.5221738219261169, -0.5589667558670044, 0.17117440700531006, 0.02044709399342537, 0.02886027656495571, 0.8879985809326172, 0.9841574430465698, 0.12293567508459091, -0.12775327265262604, -0.1210734099149704, 0.9923936724662781, 0.022271769121289253]}, {"id": 14, "label": "runner", "box": [-0.5214577317237854, -0.5565032958984375, 0.16754338145256042, 0.021014049649238586, 0.03659567981958389, 0.8933536410331726, -0.9681895971298218, 0.2154642641544342, -0.12721672654151917, 0.21223673224449158, 0.9764569997787476, 0.03856566920876503]}], "edges": [{"dist": 0.00957945006028937, "part_b": 2, "type": "ADJ", "part_a": 4}, {"dist": 0.009301703113591981, "part_b": 3, "type": "ADJ", "part_a": 4}, {"dist": 0.005965368188984722, "part_b": 0, "type": "ADJ", "part_a": 5}, {"dist": 0.009319293085321277, "part_b": 1, "type": "ADJ", "part_a": 5}, {"dist": 0.012860324923030703, "part_b": 0, "type": "REF_SYM", "params": [8.575618267059326e-05, -0.3548136353492737, -0.2268398255109787, -0.9999955892562866, 0.0029610502533614635, 0.00022878078743815422], "part_a": 2}, {"dist": 0.015882367542137656, "part_b": 0, "type": "TRANS_SYM", "params": [-0.9168069362640381, 0.0027147233486175537, 0.0002097487449645996], "part_a": 2}, {"dist": 0.01734901330653959, "part_b": 0, "type": "ROT_SYM", "params": [3.7944118957966566e-05, -0.3688848614692688, -0.16393902897834778, 0.0012036549160256982, 0.9620190858840942, 0.27297958731651306, 2.8626461029052734], "part_a": 2}, {"dist": 0.010593468631291491, "part_b": 1, "type": "REF_SYM", "params": [0.0004943907260894775, -0.2914378345012665, 0.6084792017936707, -0.9999958276748657, 0.0028764759190380573, -8.058967978286091e-06], "part_a": 3}, {"dist": 0.010417371700406805, "part_b": 1, "type": "ROT_SYM", "params": [0.0048376163467764854, 1.3425066471099854, -0.4660709500312805, -0.001767995534464717, -0.5028877258300781, -0.8643499612808228, 0.518342912197113], "part_a": 3}, {"dist": 0.008105300306133555, "part_b": 4, "type": "REF_SYM", "params": [0.00038057565689086914, -0.5610660314559937, 0.16756749153137207, 0.9999974966049194, -0.000250735116424039, 0.0022098065819591284], "part_a": 5}, {"dist": 0.007743849506061548, "part_b": 4, "type": "ROT_SYM", "params": [0.004325095564126968, 1.4600639343261719, -1.4074485301971436, -0.0015432611107826233, 0.6436514258384705, 0.7653172612190247, 0.4021449387073517], "part_a": 5}]}]}], "edges": [{"dist": 0.00328500540150649, "part_b": 0, "type": "ADJ", "part_a": 1}, {"dist": 0.02885186679229612, "part_b": 0, "type": "ADJ", "part_a": 2}, {"dist": 0.014077299920003132, "part_b": 1, "type": "ADJ", "part_a": 2}]}