{"id": 0, "label": "chair", "box": [-0.00188025226816535, 0.01960025168955326, 0.06448344886302948, 0.655109703540802, 1.007045030593872, 1.7789852619171143, -3.206934707122855e-05, 0.0019723684526979923, 0.9999980330467224, 1.0, -4.848370735999197e-06, 3.2078973163152114e-05], "children": [{"id": 1, "label": "chair_back", "box": [-0.0017566656460985541, 0.47354376316070557, -0.24602949619293213, 0.03073100745677948, 0.7610059976577759, 0.8703038096427917, 0.0, 0.0, -1.0, -0.9999986886978149, -0.0016127746785059571, 0.0], "children": [{"id": 2, "label": "back_frame", "box": [-0.0017566656460985541, 0.47354376316070557, -0.24602949619293213, 0.03073100745677948, 0.7610059976577759, 0.8703038096427917, 0.0, 0.0, -1.0, -0.9999986886978149, -0.0016127746785059571, 0.0], "children": [{"id": 3, "label": "back_holistic_frame", "box": [-0.0017566656460985541, 0.47354376316070557, -0.24602949619293213, 0.03073100745677948, 0.7610059976577759, 0.8703038096427917, 0.0, 0.0, -1.0, -0.9999986886978149, -0.0016127746785059571, 0.0]}]}]}, {"id": 4, "label": "chair_seat", "box": [-0.00424683652818203, -0.014244699850678444, 0.037166088819503784, 0.1561058759689331, 0.6048694849014282, 0.7999622821807861, 0.020164525136351585, -0.9970096349716187, -0.07460013777017593, 0.002129847649484873, -0.07457230240106583, 0.9972133636474609], "children": [{"id": 5, "label": "seat_surface", "box": [-0.00424683652818203, -0.014244699850678444, 0.037166088819503784, 0.1561058759689331, 0.6048694849014282, 0.7999622821807861, 0.020164525136351585, -0.9970096349716187, -0.07460013777017593, 0.002129847649484873, -0.07457230240106583, 0.9972133636474609], "children": [{"id": 6, "label": "seat_single_surface", "box": [-0.00424683652818203, -0.014244699850678444, 0.037166088819503784, 0.1561058759689331, 0.6048694849014282, 0.7999622821807861, 0.020164525136351585, -0.9970096349716187, -0.07460013777017593, 0.002129847649484873, -0.07457230240106583, 0.9972133636474609]}]}]}, {"id": 7, "label": "chair_base", "box": [-0.0018731330055743456, -0.4545189440250397, 0.06617618352174759, 0.6551475524902344, 0.8319727778434753, 1.007045030593872, 1.0822963076861924e-06, -8.478023119096179e-06, -1.0, -4.264122253516689e-06, -1.0, 8.478017662127968e-06], "children": [{"id": 8, "label": "regular_leg_base", "box": [-0.0018731330055743456, -0.4545189440250397, 0.06617618352174759, 0.6551475524902344, 0.8319727778434753, 1.007045030593872, 1.0822963076861924e-06, -8.478023119096179e-06, -1.0, -4.264122253516689e-06, -1.0, 8.478017662127968e-06], "children": [{"id": 9, "label": "leg", "box": [-0.4212413728237152, -0.4497525095939636, -0.2485070824623108, 0.03273189440369606, 0.10490944236516953, 0.8517026305198669, 0.05208834633231163, -0.0029862660448998213, -0.9986380338668823, 0.9804721474647522, -0.18973837792873383, 0.05170820653438568]}, {"id": 10, "label": "leg", "box": [0.41902533173561096, -0.45598798990249634, -0.2414415031671524, 0.03990700840950012, 0.10154884308576584, 0.8386343717575073, 0.0, 0.0, -1.0, -0.9829179644584656, -0.18404437601566315, 0.0]}, {"id": 11, "label": "leg", "box": [0.2837599813938141, -0.46493929624557495, 0.3354151248931885, 0.05704430863261223, 0.10354175418615341, 0.815483033657074, -0.0017159535782411695, -0.07467483729124069, -0.997206449508667, 0.9937391877174377, 0.11127272993326187, -0.010042537935078144]}, {"id": 12, "label": "leg", "box": [-0.29037606716156006, -0.46160033345222473, 0.3357340097427368, 0.05762086808681488, 0.11033115535974503, 0.8230796456336975, -0.0014385250397026539, -0.0737326592206955, -0.997277021408081, -0.9906784892082214, 0.13594774901866913, -0.008622150868177414]}], "edges": [{"dist": 0.0121318118257604, "part_a": 1, "part_b": 0, "params": [-0.0019184350967407227, -0.43934184312820435, -0.247407466173172, -0.9999898076057434, 0.004512373823672533, -0.00023121418780647218], "type": "REF_SYM"}, {"dist": 0.01189363933650369, "part_a": 1, "part_b": 0, "params": [-0.0020556198433041573, -0.5936041474342346, -0.2468836009502411, -0.0016834255075082183, 0.9999980330467224, 0.0010480888886377215, 3.1382274627685547], "type": "ROT_SYM"}, {"dist": 0.03456692280527503, "part_a": 2, "part_b": 0, "params": [-0.11411065608263016, -0.3083052933216095, 0.08826474845409393, 0.04655914381146431, 0.9939981698989868, -0.09899412840604782, 2.785748243331909], "type": "ROT_SYM"}, {"dist": 0.04336708790428865, "part_a": 2, "part_b": 1, "params": [0.3443240225315094, -0.45568597316741943, 0.042631685733795166, 0.21485286951065063, 0.048759106546640396, -0.9754285216331482], "type": "REF_SYM"}, {"dist": 0.033686292519375785, "part_a": 2, "part_b": 1, "params": [0.12772923707962036, 0.028987109661102295, -0.579888641834259], "type": "TRANS_SYM"}, {"dist": 0.03278161561338548, "part_a": 2, "part_b": 1, "params": [0.29259729385375977, -0.4791446328163147, 0.030399274080991745, -0.10944860428571701, 0.9917296171188354, -0.06703217327594757, 2.7702159881591797], "type": "ROT_SYM"}, {"dist": 0.04654282793368372, "part_a": 3, "part_b": 0, "params": [-0.347858190536499, -0.4546193778514862, 0.04282388836145401, -0.21545259654521942, 0.05751052871346474, -0.9748193025588989], "type": "REF_SYM"}, {"dist": 0.032236095710906694, "part_a": 3, "part_b": 0, "params": [-0.12833461165428162, 0.0342562198638916, -0.5806523561477661], "type": "TRANS_SYM"}, {"dist": 0.04495266234739691, "part_a": 3, "part_b": 0, "params": [-1.8611102104187012, 0.03938966989517212, 0.30404210090637207, 0.31214362382888794, 0.9500346779823303, -0.0006610241835005581, 0.3644748330116272], "type": "ROT_SYM"}, {"dist": 0.013839159275530213, "part_a": 3, "part_b": 2, "params": [-0.0016157478094100952, -0.4709635078907013, 0.3328630328178406, 0.9999956488609314, 0.0027793177869170904, -0.0010175476782023907], "type": "REF_SYM"}, {"dist": 0.0174079494784473, "part_a": 3, "part_b": 2, "params": [-0.0025413630064576864, -0.31132975220680237, -0.33051466941833496, -0.0017130860360339284, 0.9720619916915894, 0.23471800982952118, 0.7840272784233093], "type": "ROT_SYM"}]}]}], "edges": [{"dist": 0.013765389500191863, "part_a": 1, "part_b": 0, "type": "ADJ"}, {"dist": 0.006714399833876309, "part_a": 2, "part_b": 1, "type": "ADJ"}]}