{"id": 0, "label": "chair", "box": [-0.024423066526651382, 0.13147993385791779, 0.19664128124713898, 1.0461620092391968, 1.1128299236297607, 1.4993679523468018, 4.063044980284758e-05, 0.9999838471412659, -0.0056870621629059315, -1.0, 4.0629791328683496e-05, -2.3106788660243183e-07], "children": [{"id": 1, "label": "footrest", "box": [-0.012116380967199802, -0.01117044035345316, 0.7469255328178406, 0.08621084690093994, 0.41014429926872253, 0.6817190051078796, 3.905326467015982e-17, -0.9727761149406433, -0.23174679279327393, -5.400491431828414e-07, -0.23174679279327393, 0.9727761149406433], "children": [{"id": 2, "label": "chair_seat", "box": [-0.012116380967199802, -0.01117044035345316, 0.7469255328178406, 0.08621084690093994, 0.41014429926872253, 0.6817190051078796, 3.905326467015982e-17, -0.9727761149406433, -0.23174679279327393, -5.400491431828414e-07, -0.23174679279327393, 0.9727761149406433], "children": [{"id": 3, "label": "seat_surface", "box": [-0.014741994440555573, 0.029895903542637825, 0.7570385932922363, 0.0016271326458081603, 0.3249177038669586, 0.3842319846153259, 1.4190472005526852e-17, -0.9727758765220642, -0.23174798488616943, -5.956534208439253e-17, -0.23174798488616943, 0.9727758765220642]}, {"id": 4, "label": "seat_support", "box": [-0.012116380967199802, -0.011961570009589195, 0.7467370629310608, 0.0845843032002449, 0.41014429926872253, 0.6817190051078796, 3.905326467015982e-17, -0.9727761149406433, -0.23174679279327393, -5.400491431828414e-07, -0.23174679279327393, 0.9727761149406433]}], "edges": [{"type": "ADJ", "part_b": 0, "part_a": 1, "dist": 0.002149322760443582}]}]}, {"id": 5, "label": "chair_back", "box": [0.0021494959946721792, 0.12813140451908112, -0.2911016643047333, 0.4650194048881531, 0.6929823756217957, 1.068175196647644, 5.565637366089504e-06, -0.11153385043144226, -0.9937606453895569, -1.0, 0.00015139819879550487, -2.259262510051485e-05], "children": [{"id": 6, "label": "back_surface", "box": [0.0021494959946721792, 0.12813140451908112, -0.2911016643047333, 0.4650194048881531, 0.6929823756217957, 1.068175196647644, 5.565637366089504e-06, -0.11153385043144226, -0.9937606453895569, -1.0, 0.00015139819879550487, -2.259262510051485e-05], "children": [{"id": 7, "label": "back_single_surface", "box": [0.0021494959946721792, 0.12813140451908112, -0.2911016643047333, 0.4650194048881531, 0.6929823756217957, 1.068175196647644, 5.565637366089504e-06, -0.11153385043144226, -0.9937606453895569, -1.0, 0.00015139819879550487, -2.259262510051485e-05]}]}]}, {"id": 8, "label": "chair_arm", "box": [0.39991793036460876, -0.016945919021964073, -0.03272367641329765, 0.26419582962989807, 0.747467041015625, 0.8889380097389221, -1.0, 4.163192352280021e-05, -8.091130439424887e-05, -4.163192352280021e-05, -1.0, 2.0176922355119586e-09], "children": [{"id": 9, "label": "arm_sofa_style", "box": [0.39991793036460876, -0.016945919021964073, -0.03272367641329765, 0.26419582962989807, 0.747467041015625, 0.8889380097389221, -1.0, 4.163192352280021e-05, -8.091130439424887e-05, -4.163192352280021e-05, -1.0, 2.0176922355119586e-09]}]}, {"id": 10, "label": "chair_arm", "box": [-0.4349709153175354, -0.051783159375190735, 0.0012982087209820747, 0.2899624705314636, 0.6873335242271423, 0.969119668006897, 0.9986275434494019, 0.0010092827724292874, 0.052364155650138855, -0.0015828378964215517, 0.9999392032623291, 0.010912884958088398], "children": [{"id": 11, "label": "arm_sofa_style", "box": [-0.4349709153175354, -0.051783159375190735, 0.0012982087209820747, 0.2899624705314636, 0.6873335242271423, 0.969119668006897, 0.9986275434494019, 0.0010092827724292874, 0.052364155650138855, -0.0015828378964215517, 0.9999392032623291, 0.010912884958088398]}]}, {"id": 12, "label": "chair_seat", "box": [0.010029064491391182, -0.014171318151056767, 0.19238243997097015, 0.25511157512664795, 0.5950326323509216, 0.7657918930053711, 0.0017407963750883937, -0.9998946189880371, -0.014411071315407753, -2.361316653320955e-08, -0.01441109273582697, 0.9998961687088013], "children": [{"id": 13, "label": "seat_surface", "box": [0.00995556078851223, 0.08531219512224197, 0.19832083582878113, 0.1313193142414093, 0.5919656157493591, 0.7657299637794495, -0.0003482913598418236, -0.9633805751800537, -0.2681376039981842, -3.3559683598231795e-17, -0.2681376338005066, 0.9633806347846985], "children": [{"id": 14, "label": "seat_single_surface", "box": [0.00995556078851223, 0.08531219512224197, 0.19832083582878113, 0.1313193142414093, 0.5919656157493591, 0.7657299637794495, -0.0003482913598418236, -0.9633805751800537, -0.2681376039981842, -3.3559683598231795e-17, -0.2681376338005066, 0.9633806347846985]}]}, {"id": 15, "label": "seat_support", "box": [-7.82134520704858e-05, -0.11483065038919449, 0.16131691634655, 0.105931356549263, 0.4895015358924866, 0.6824508905410767, 0.000498826673720032, 0.994462788105011, -0.10508814454078674, -3.2113873658090597e-06, -0.10508815944194794, -0.9944629073143005]}], "edges": [{"type": "ADJ", "part_b": 0, "part_a": 1, "dist": 0.006746149021129639}]}], "edges": [{"type": "ADJ", "part_b": 1, "part_a": 2, "dist": 0.019539118543143073}, {"type": "ADJ", "part_b": 1, "part_a": 3, "dist": 0.010535312222476834}, {"type": "ADJ", "part_b": 1, "part_a": 4, "dist": 0.011568012510397532}, {"type": "ADJ", "part_b": 2, "part_a": 4, "dist": 0.011541164470222619}, {"type": "ADJ", "part_b": 3, "part_a": 4, "dist": 0.008205343263443653}, {"type": "REF_SYM", "part_b": 2, "params": [0.0008129477500915527, -0.07235788553953171, -0.007167076226323843, 0.9998731017112732, 0.0033718543127179146, -0.015570827759802341], "part_a": 3, "dist": 0.03843171125918184}]}