{"id": 0, "label": "chair", "box": [-0.009521499276161194, 0.07783651351928711, 0.14258699119091034, 0.9135730266571045, 0.9135739803314209, 1.5787010192871094, -1.0, 6.123234262925839e-17, -1.2246468525851679e-16, 1.2246468525851679e-16, 6.123234262925839e-17, -1.0], "children": [{"id": 1, "label": "chair_back", "box": [-0.009520221501588821, 0.3167981207370758, -0.2416161447763443, 0.14541447162628174, 0.9135843515396118, 1.1007940769195557, -7.485285741423416e-17, 0.00023157952819019556, 1.0, 1.0, -1.3967409358883742e-05, 3.2345661704624717e-09], "children": [{"id": 2, "label": "back_surface", "box": [-0.009520221501588821, 0.3167981207370758, -0.2416161447763443, 0.14541447162628174, 0.9135843515396118, 1.1007940769195557, -7.485285741423416e-17, 0.00023157952819019556, 1.0, 1.0, -1.3967409358883742e-05, 3.2345661704624717e-09], "children": [{"id": 3, "label": "back_single_surface", "box": [-0.009520221501588821, 0.3167981207370758, -0.2416161447763443, 0.14541447162628174, 0.9135843515396118, 1.1007940769195557, -7.485285741423416e-17, 0.00023157952819019556, 1.0, 1.0, -1.3967409358883742e-05, 3.2345661704624717e-09]}]}]}, {"id": 4, "label": "chair_seat", "box": [-0.009521499276161194, -0.17734800279140472, 0.2033509910106659, 0.14642998576164246, 0.7920460104942322, 0.9135730266571045, 0.0, 1.0, 0.0, 0.0, 0.0, 1.0], "children": [{"id": 5, "label": "seat_surface", "box": [-0.009521499276161194, -0.17734800279140472, 0.2033509910106659, 0.14642998576164246, 0.7920460104942322, 0.9135730266571045, 0.0, 1.0, 0.0, 0.0, 0.0, 1.0], "children": [{"id": 6, "label": "seat_single_surface", "box": [-0.009521499276161194, -0.17734800279140472, 0.2033509910106659, 0.14642998576164246, 0.7920460104942322, 0.9135730266571045, 0.0, 1.0, 0.0, 0.0, 0.0, 1.0]}]}]}, {"id": 7, "label": "chair_base", "box": [-0.009521489962935448, -0.4629245102405548, 0.14258697628974915, 0.4971790015697479, 0.9137163758277893, 0.9137173891067505, -2.4492937051703357e-16, -1.0, -2.1145625126650787e-20, -1.0, 2.4492937051703357e-16, -0.00017266713257413357], "children": [{"id": 8, "label": "regular_leg_base", "box": [-0.009521489962935448, -0.4629245102405548, 0.14258697628974915, 0.4971790015697479, 0.9137163758277893, 0.9137173891067505, -2.4492937051703357e-16, -1.0, -2.1145625126650787e-20, -1.0, 2.4492937051703357e-16, -0.00017266713257413357], "children": [{"id": 9, "label": "leg", "box": [0.3905152678489685, -0.4637814164161682, -0.2576664686203003, 0.11375871300697327, 0.11378200352191925, 0.4956240653991699, -1.757518111844547e-05, -0.0013943077065050602, 0.9999990463256836, 0.9999991655349731, 0.001287767430767417, 1.9370729205547832e-05]}, {"id": 10, "label": "leg", "box": [0.39080217480659485, -0.46295642852783203, 0.546636164188385, 0.10549613833427429, 0.1129390075802803, 0.49711519479751587, 0.0005236688884906471, -6.060684398789817e-09, -0.9999998807907104, 0.9999998807907104, 3.077019073316478e-06, 0.0005236688884906471]}, {"id": 11, "label": "leg", "box": [-0.41042232513427734, -0.4621356725692749, 0.5466145277023315, 0.10617918521165848, 0.11242535710334778, 0.49244555830955505, -0.011379367671906948, -0.00011621970770647749, -0.9999352693557739, 0.9999352693557739, -1.2458654055080842e-05, -0.011379366740584373]}, {"id": 12, "label": "leg", "box": [-0.40956923365592957, -0.46364423632621765, -0.26172322034835815, 0.11348118633031845, 0.11400115489959717, 0.49668318033218384, -1.0, 2.1918856418778887e-06, -0.00011981705029029399, -0.00011983709555352107, -0.01829054392874241, 0.9998326897621155]}], "edges": [{"dist": 0.023470844118541893, "params": [0.39516228437423706, -0.47528740763664246, 0.14248566329479218, 0.0006576800951734185, 0.006775143090635538, -0.9999768137931824], "part_b": 0, "part_a": 1, "type": "REF_SYM"}, {"dist": 0.022699315772471453, "params": [0.0005324482917785645, 0.005485057830810547, -0.8095667362213135], "part_b": 0, "part_a": 1, "type": "TRANS_SYM"}, {"dist": 0.03459673368870658, "params": [1.0081942081451416, -0.4844587743282318, 0.14285734295845032, -0.007104009389877319, -0.9999682307243347, -0.0036211805418133736, 1.1671022176742554], "part_b": 0, "part_a": 1, "type": "ROT_SYM"}, {"dist": 0.023243734057514228, "params": [-0.009498223662376404, -0.47520583868026733, 0.1425165981054306, 0.7071973085403442, 0.004647345282137394, -0.7070009708404541], "part_b": 0, "part_a": 2, "type": "REF_SYM"}, {"dist": 0.023609528338071985, "params": [0.8098534345626831, 0.00532194972038269, -0.8096286058425903], "part_b": 0, "part_a": 2, "type": "TRANS_SYM"}, {"dist": 0.04107064970679986, "params": [-0.9176903963088989, 0.5104719400405884, -0.7604349255561829, -0.011165168136358261, 0.9999270439147949, -0.004606117028743029, 0.8473570942878723], "part_b": 0, "part_a": 2, "type": "ROT_SYM"}, {"dist": 0.02205357928067995, "params": [-0.009764447808265686, -0.4779483675956726, 0.5472999811172485, 0.9999999403953552, -0.0002015369536820799, -7.644631841685623e-05], "part_b": 1, "part_a": 2, "type": "REF_SYM"}, {"dist": 0.02201705588600579, "params": [0.8093210458755493, -0.00016310811042785645, -6.186962127685547e-05], "part_b": 1, "part_a": 2, "type": "TRANS_SYM"}, {"dist": 0.0360352038151525, "params": [-0.012044650502502918, 0.5137942433357239, 1.202846646308899, -0.00018229539273306727, -0.9999194145202637, -0.012690229341387749, 1.1235356330871582], "part_b": 1, "part_a": 2, "type": "ROT_SYM"}, {"dist": 0.022614534120767374, "params": [-0.009173989295959473, -0.47453606128692627, -0.2623196244239807, 0.9999878406524658, 0.004921270534396172, 5.417500506155193e-05], "part_b": 0, "part_a": 3, "type": "REF_SYM"}, {"dist": 0.02208447053629022, "params": [0.8092049956321716, 0.003982365131378174, 4.3839216232299805e-05], "part_b": 0, "part_a": 3, "type": "TRANS_SYM"}, {"dist": 0.03631993052189907, "params": [-0.007218528538942337, 0.5289722084999084, -0.6176350712776184, -0.004897032864391804, 0.9999389052391052, 0.009916245006024837, 1.67279851436615], "part_b": 0, "part_a": 3, "type": "ROT_SYM"}, {"dist": 0.022199453035777878, "params": [-0.009440213441848755, -0.47727859020233154, 0.14246374368667603, 0.7066962122917175, -0.0013131981249898672, 0.7075159549713135], "part_b": 1, "part_a": 3, "type": "REF_SYM"}, {"dist": 0.022729973659710297, "params": [0.8086725473403931, -0.001502692699432373, 0.8096106052398682], "part_b": 1, "part_a": 3, "type": "TRANS_SYM"}, {"dist": 0.03237040598614117, "params": [-2.826934576034546, 0.5304798483848572, 2.9347939491271973, -0.0023343029897660017, -0.9999971389770508, 0.0004304953326936811, 0.28635236620903015], "part_b": 1, "part_a": 3, "type": "ROT_SYM"}, {"dist": 0.021944198661736226, "params": [-0.414100706577301, -0.4771970510482788, 0.14249467849731445, -0.0008009011507965624, -0.0016544742975383997, 0.9999983310699463], "part_b": 2, "part_a": 3, "type": "REF_SYM"}, {"dist": 0.022867322343237566, "params": [-0.0006484687328338623, -0.0013395845890045166, 0.809672474861145], "part_b": 2, "part_a": 3, "type": "TRANS_SYM"}, {"dist": 0.0404597180553549, "params": [-0.5942487716674805, 0.5224609971046448, 0.14488302171230316, 0.0017835856415331364, -0.9999970197677612, -0.0016530512366443872, 2.3115999698638916], "part_b": 2, "part_a": 3, "type": "ROT_SYM"}]}]}], "edges": [{"dist": 0.008857015764868675, "part_b": 0, "part_a": 1, "type": "ADJ"}, {"dist": 0.009964197221820516, "part_b": 0, "part_a": 2, "type": "ADJ"}, {"dist": 0.01817482479289758, "part_b": 1, "part_a": 2, "type": "ADJ"}]}