{"id": 0, "label": "chair", "box": [-0.005894881207495928, 0.03689343109726906, 0.13707023859024048, 0.9143704175949097, 1.5466760396957397, 0.9093385338783264, 0.9999855160713196, 0.001308273058384657, 0.005217603873461485, -0.001242149854078889, 0.9999191164970398, -0.012656263075768948], "children": [{"id": 1, "label": "chair_back", "box": [0.0002549458295106888, 0.36037373542785645, -0.25136780738830566, 0.933559775352478, 0.9066805243492126, 0.1839563399553299, 0.9999932050704956, 0.00367468548938632, -0.00028085531084798276, -0.0036801083479076624, 0.9997363090515137, -0.022668637335300446], "children": [{"id": 2, "label": "back_surface", "box": [-0.0002223048359155655, 0.35717418789863586, -0.24500028789043427, 0.9416893124580383, 0.9504929780960083, 0.18898215889930725, 0.9999824166297913, -0.0026798925828188658, -0.005297710653394461, 0.002584290923550725, 0.999835193157196, -0.017971007153391838], "children": [{"id": 3, "label": "back_single_surface", "box": [-0.0019483336945995688, 0.3712735176086426, -0.2359163463115692, 0.8901464343070984, 0.9178024530410767, 0.17106327414512634, 0.9999663233757019, -0.007490671705454588, -0.0033488955814391375, 0.007382527459412813, 0.999485433101654, -0.031215891242027283]}]}]}, {"id": 4, "label": "chair_seat", "box": [0.004579865839332342, -0.11718592047691345, 0.1421530395746231, 0.9542266130447388, 0.1848057210445404, 0.8945509791374207, 0.9999261498451233, 0.003920352086424828, -0.011506473645567894, -0.0038219888228923082, 0.9999560713768005, 0.008558074943721294], "children": [{"id": 5, "label": "seat_surface", "box": [0.0016979186329990625, -0.1254587471485138, 0.1512955278158188, 0.9002887606620789, 0.1866728961467743, 0.8996528387069702, 0.9999973177909851, 0.002029326744377613, -0.001142001710832119, -0.0020177143160253763, 0.999947190284729, 0.01007944904267788], "children": [{"id": 6, "label": "seat_single_surface", "box": [-0.0019847650546580553, -0.13053400814533234, 0.1461896449327469, 0.902862548828125, 0.19490306079387665, 0.9034936428070068, 0.9999791979789734, -0.0002585548209026456, -0.00644717738032341, 0.0003162853536196053, 0.9999598860740662, 0.008954973891377449]}]}]}, {"id": 7, "label": "chair_base", "box": [0.00023553334176540375, -0.4700419008731842, 0.14127056300640106, 0.9007390737533569, 0.5348460078239441, 0.9030106067657471, 0.9999979734420776, -0.00011712824925780296, 0.002025880618020892, 0.00011877524229930714, 0.9999997019767761, -0.0008128734771162271], "children": [{"id": 8, "label": "regular_leg_base", "box": [-0.0032806743402034044, -0.46912574768066406, 0.14830856025218964, 0.8964709043502808, 0.5416966080665588, 0.887525200843811, 0.9999820590019226, 0.0055402712896466255, 0.0022847766522318125, -0.005526676774024963, 0.9999672770500183, -0.005914237350225449], "children": [{"id": 12, "label": "leg", "box": [-0.3674135208129883, -0.48143357038497925, -0.22705216705799103, 0.11119547486305237, 0.547742486000061, 0.11936360597610474, 0.9996023178100586, -0.01158862467855215, 0.025709303095936775, 0.010683764703571796, 0.9993281364440918, 0.03505825251340866]}, {"id": 11, "label": "leg", "box": [-0.38389715552330017, -0.47402939200401306, 0.502920389175415, 0.10566793382167816, 0.5555053353309631, 0.11163568496704102, 0.999961256980896, -0.007201734464615583, 0.0050604017451405525, 0.00714027788490057, 0.9999018311500549, 0.012059524655342102]}, {"id": 9, "label": "leg", "box": [0.38246122002601624, -0.4624098241329193, -0.2360185831785202, 0.10899870842695236, 0.5602882504463196, 0.13633953034877777, 0.9999485015869141, 0.0008339626365341246, 0.010114982724189758, -0.0010256298119202256, 0.9998197555541992, 0.018958481028676033]}, {"id": 10, "label": "leg", "box": [0.3798191249370575, -0.47132718563079834, 0.49946120381355286, 0.10315247625112534, 0.5496094226837158, 0.11509305238723755, 0.9999806880950928, 0.005561319645494223, -0.0027709638234227896, -0.005559683311730623, 0.9999843835830688, 0.0005979244597256184]}], "edges": [{"part_a": 0, "part_b": 1, "type": "ROT_SYM"}, {"part_a": 0, "part_b": 1, "type": "TRANS_SYM"}, {"part_a": 0, "part_b": 1, "type": "REF_SYM"}, {"part_a": 0, "part_b": 2, "type": "ROT_SYM"}, {"part_a": 0, "part_b": 2, "type": "TRANS_SYM"}, {"part_a": 0, "part_b": 2, "type": "REF_SYM"}, {"part_a": 0, "part_b": 3, "type": "ROT_SYM"}, {"part_a": 0, "part_b": 3, "type": "TRANS_SYM"}, {"part_a": 0, "part_b": 3, "type": "REF_SYM"}, {"part_a": 1, "part_b": 0, "type": "ROT_SYM"}, {"part_a": 1, "part_b": 0, "type": "TRANS_SYM"}, {"part_a": 1, "part_b": 0, "type": "REF_SYM"}, {"part_a": 1, "part_b": 2, "type": "ROT_SYM"}, {"part_a": 1, "part_b": 2, "type": "TRANS_SYM"}, {"part_a": 1, "part_b": 2, "type": "REF_SYM"}, {"part_a": 1, "part_b": 3, "type": "ROT_SYM"}, {"part_a": 1, "part_b": 3, "type": "TRANS_SYM"}, {"part_a": 1, "part_b": 3, "type": "REF_SYM"}, {"part_a": 2, "part_b": 0, "type": "ROT_SYM"}, {"part_a": 2, "part_b": 0, "type": "TRANS_SYM"}, {"part_a": 2, "part_b": 0, "type": "REF_SYM"}, {"part_a": 2, "part_b": 1, "type": "ROT_SYM"}, {"part_a": 2, "part_b": 1, "type": "TRANS_SYM"}, {"part_a": 2, "part_b": 1, "type": "REF_SYM"}, {"part_a": 2, "part_b": 3, "type": "ROT_SYM"}, {"part_a": 2, "part_b": 3, "type": "TRANS_SYM"}, {"part_a": 2, "part_b": 3, "type": "REF_SYM"}, {"part_a": 3, "part_b": 0, "type": "ROT_SYM"}, {"part_a": 3, "part_b": 0, "type": "TRANS_SYM"}, {"part_a": 3, "part_b": 0, "type": "REF_SYM"}, {"part_a": 3, "part_b": 1, "type": "ROT_SYM"}, {"part_a": 3, "part_b": 1, "type": "TRANS_SYM"}, {"part_a": 3, "part_b": 1, "type": "REF_SYM"}, {"part_a": 3, "part_b": 2, "type": "ROT_SYM"}, {"part_a": 3, "part_b": 2, "type": "TRANS_SYM"}, {"part_a": 3, "part_b": 2, "type": "REF_SYM"}]}]}], "edges": [{"part_a": 0, "part_b": 1, "type": "ADJ"}, {"part_a": 1, "part_b": 0, "type": "ADJ"}, {"part_a": 1, "part_b": 2, "type": "ADJ"}, {"part_a": 2, "part_b": 1, "type": "ADJ"}]}