{"id": 0, "label": "chair", "box": [-0.00665226811543107, 0.16427841782569885, 0.07004916667938232, 0.8051804304122925, 1.5210920572280884, 0.8796577453613281, 0.9999850392341614, 0.0001407028903486207, -0.0054677072912454605, -0.00021614678553305566, 0.9999047517776489, -0.013799946755170822], "children": [{"id": 1, "label": "chair_back", "box": [-0.011463549919426441, 0.5014920830726624, -0.27231213450431824, 0.8320205807685852, 0.8797734379768372, 0.1764143705368042, 0.9999920129776001, 0.003992295358330011, -0.00026078609516844153, -0.004000562243163586, 0.9970892071723938, -0.07613904774188995], "children": [{"id": 2, "label": "back_surface", "box": [-0.012362401932477951, 0.4767078757286072, -0.2592039108276367, 0.8529155850410461, 0.876625657081604, 0.1942170262336731, 0.9999794960021973, 0.002180458977818489, 0.006020536180585623, -0.0018515679985284805, 0.9985336661338806, -0.05410344526171684], "children": [{"id": 3, "label": "back_single_surface", "box": [0.0038084203843027353, 0.4786856472492218, -0.2575777769088745, 0.855507493019104, 0.8333536386489868, 0.1819804459810257, 0.9999935626983643, 0.003512481227517128, 0.0007701339200139046, -0.0034652913454920053, 0.9985078573226929, -0.05449875816702843]}]}]}, {"id": 4, "label": "chair_seat", "box": [-0.0019091102294623852, 0.07449396699666977, 0.11808296293020248, 0.736531138420105, 0.11381983011960983, 0.73465895652771, 0.9999297261238098, -0.009329117834568024, 0.007315763738006353, 0.009016184136271477, 0.9990894794464111, 0.04170076176524162], "children": [{"id": 5, "label": "seat_surface", "box": [-0.0023514733184129, 0.06293466687202454, 0.11268817633390427, 0.7560750842094421, 0.117453932762146, 0.7554959654808044, 0.9999818801879883, -0.004169006831943989, 0.004343356937170029, 0.004025696311146021, 0.9994637370109558, 0.032497305423021317], "children": [{"id": 6, "label": "seat_single_surface", "box": [0.0067989458329975605, 0.04936707392334938, 0.08990952372550964, 0.7622849941253662, 0.13761700689792633, 0.7212099432945251, 0.9999905228614807, 0.0026071779429912567, -0.003489334136247635, -0.002496124245226383, 0.9995018839836121, 0.0314612053334713]}]}]}, {"id": 7, "label": "chair_base", "box": [-0.004634537268429995, -0.28732582926750183, 0.08738987147808075, 0.829474151134491, 0.6168133020401001, 0.847372829914093, 0.9995254874229431, -0.012086150236427784, 0.028332959860563278, 0.014890129677951336, 0.9947808384895325, -0.10094227641820908]}], "edges": [{"part_a": 0, "part_b": 1, "type": "ADJ"}, {"part_a": 1, "part_b": 0, "type": "ADJ"}, {"part_a": 1, "part_b": 2, "type": "ADJ"}, {"part_a": 2, "part_b": 1, "type": "ADJ"}]}