{"id": 0, "label": "chair", "box": [0.041447997093200684, 0.16400708258152008, 0.03931673988699913, 0.8707600235939026, 0.8856327533721924, 1.3728049993515015, -1.0, 6.123234262925839e-17, -1.9256384814813044e-34, 1.0652620112047246e-18, 0.017397049814462662, 0.9998486638069153], "children": [{"id": 1, "label": "chair_back", "box": [0.04144848883152008, 0.42352601885795593, -0.35643649101257324, 0.07135872542858124, 0.7272629737854004, 0.8433867692947388, 6.113869916647249e-17, -0.05528354272246361, -0.9984707236289978, 1.0, 0.0, 6.123234262925839e-17], "children": [{"id": 2, "label": "back_surface", "box": [0.04144848883152008, 0.42352601885795593, -0.35643649101257324, 0.07135872542858124, 0.7272629737854004, 0.8433867692947388, 6.113869916647249e-17, -0.05528354272246361, -0.9984707236289978, 1.0, 0.0, 6.123234262925839e-17], "children": [{"id": 3, "label": "back_single_surface", "box": [0.04144848883152008, 0.42352601885795593, -0.35643649101257324, 0.07135872542858124, 0.7272629737854004, 0.8433867692947388, 6.113869916647249e-17, -0.05528354272246361, -0.9984707236289978, 1.0, 0.0, 6.123234262925839e-17]}]}]}, {"id": 4, "label": "chair_arm", "box": [0.4409539997577667, 0.20806299149990082, 0.04870149493217468, 0.07174801826477051, 0.40722599625587463, 0.8353350162506104, -1.0, -6.123234262925839e-17, 0.0, -6.123234262925839e-17, 1.0, 0.0], "children": [{"id": 5, "label": "arm_sofa_style", "box": [0.4409539997577667, 0.20806299149990082, 0.04870149493217468, 0.07174801826477051, 0.40722599625587463, 0.8353350162506104, -1.0, -6.123234262925839e-17, 0.0, -6.123234262925839e-17, 1.0, 0.0]}]}, {"id": 6, "label": "chair_arm", "box": [-0.35805749893188477, 0.20806299149990082, 0.04870149493217468, 0.0717490017414093, 0.40722599625587463, 0.8353350162506104, 1.0, -6.123234262925839e-17, 0.0, -6.123234262925839e-17, -1.0, 0.0], "children": [{"id": 7, "label": "arm_sofa_style", "box": [-0.35805749893188477, 0.20806299149990082, 0.04870149493217468, 0.0717490017414093, 0.40722599625587463, 0.8353350162506104, 1.0, -6.123234262925839e-17, 0.0, -6.123234262925839e-17, -1.0, 0.0]}]}, {"id": 8, "label": "chair_seat", "box": [0.03356550633907318, -0.17608648538589478, 0.04866500198841095, 0.4995110034942627, 0.8390209674835205, 0.881816029548645, 1.2246468525851679e-16, 1.0, 0.0, 1.0, -1.2246468525851679e-16, 0.0], "children": [{"id": 9, "label": "seat_surface", "box": [0.03978899121284485, 0.03905950114130974, 0.08590450882911682, 0.06921900063753128, 0.7239440083503723, 0.7957350015640259, 1.2246468525851679e-16, 1.0, 0.0, 1.0, -1.2246468525851679e-16, 0.0], "children": [{"id": 10, "label": "seat_single_surface", "box": [0.03978899121284485, 0.03905950114130974, 0.08590450882911682, 0.06921900063753128, 0.7239440083503723, 0.7957350015640259, 1.2246468525851679e-16, 1.0, 0.0, 1.0, -1.2246468525851679e-16, 0.0]}]}, {"id": 11, "label": "seat_support", "box": [0.03356550633907318, -0.2106959968805313, 0.04866500198841095, 0.4302919805049896, 0.8390209674835205, 0.881816029548645, 1.2246468525851679e-16, 1.0, 0.0, 1.0, -1.2246468525851679e-16, 0.0]}], "edges": [{"dist": 0.0010966885499092943, "part_a": 1, "type": "ADJ", "part_b": 0}]}, {"id": 12, "label": "chair_base", "box": [0.03449949622154236, -0.47025349736213684, 0.048907503485679626, 0.08882302045822144, 0.8339778184890747, 0.8826935887336731, -6.123234262925839e-17, -1.0, -6.123234262925839e-17, -0.9999985694885254, 6.112889873057496e-17, 0.0016879464965313673], "children": [{"id": 13, "label": "foot_base", "box": [0.03449949622154236, -0.47025349736213684, 0.048907503485679626, 0.08882302045822144, 0.8339778184890747, 0.8826935887336731, -6.123234262925839e-17, -1.0, -6.123234262925839e-17, -0.9999985694885254, 6.112889873057496e-17, 0.0016879464965313673], "children": [{"id": 14, "label": "foot", "box": [0.43849000334739685, -0.47025349736213684, 0.4790149927139282, 0.021008385345339775, 0.027310077100992203, 0.08882302045822144, -0.10083840787410736, -5.4745655131344104e-17, 0.9949027895927429, -0.9949027895927429, 6.709479662354831e-17, -0.10083840787410736]}, {"id": 15, "label": "foot", "box": [0.43703797459602356, -0.47025349736213684, -0.38119998574256897, 0.02100837416946888, 0.027310101315379143, 0.08882302045822144, -0.10083014518022537, 0.0, -0.9949036836624146, -0.9949036836624146, 1.8369701465288538e-16, 0.10083014518022537]}, {"id": 16, "label": "foot", "box": [-0.36949101090431213, -0.47025349736213684, -0.38120004534721375, 0.021008474752306938, 0.027310103178024292, 0.08882302045822144, -0.10082931071519852, 0.0, -0.9949037432670593, -0.9949037432670593, 1.8369701465288538e-16, 0.10082931071519852]}, {"id": 17, "label": "foot", "box": [-0.36803901195526123, -0.47025349736213684, 0.479015052318573, 0.0210084430873394, 0.027310103178024292, 0.08882302045822144, 0.10082931071519852, 5.4746270553719843e-17, -0.9949037432670593, 0.9949037432670593, -6.709430031518078e-17, 0.10082931071519852]}], "edges": [{"params": [0.43786200881004333, -0.4702247381210327, 0.048977166414260864, 0.0018013766966760159, 0.0006958399899303913, 0.999998152256012], "dist": 0.024483106343830184, "part_a": 1, "type": "REF_SYM", "part_b": 0}, {"params": [0.0015498995780944824, 0.0005986988544464111, 0.8603956699371338], "dist": 0.02436389246630514, "part_a": 1, "type": "TRANS_SYM", "part_b": 0}, {"params": [104.42977142333984, 34.571678161621094, -0.2114209532737732, -0.31661584973335266, 0.9485527873039246, -0.0014197721611708403, 0.007842978462576866], "dist": 0.027971746941437774, "part_a": 1, "type": "ROT_SYM", "part_b": 0}, {"params": [0.03458985686302185, -0.47012859582901, 0.04902118444442749, 0.6846422553062439, 0.0003443014284130186, 0.7288790941238403], "dist": 0.048181057028990434, "part_a": 2, "type": "REF_SYM", "part_b": 0}, {"params": [0.8080942034721375, 0.0004063844680786133, 0.8603076338768005], "dist": 0.024465491861162432, "part_a": 2, "type": "TRANS_SYM", "part_b": 0}, {"params": [0.02930082008242607, -0.466691255569458, 0.05398275703191757, -0.0016851658001542091, -0.9999939203262329, 0.003070657141506672, 3.116981029510498], "dist": 0.02638387571469917, "part_a": 2, "type": "ROT_SYM", "part_b": 0}, {"params": [0.03381490707397461, -0.470427930355072, -0.3811766505241394, 0.9999999403953552, -0.00023844241513870656, -0.00010915216262219474], "dist": 0.024522413710999134, "part_a": 2, "type": "REF_SYM", "part_b": 1}, {"params": [0.806544303894043, -0.00019231438636779785, -8.803606033325195e-05], "dist": 0.024019414132387833, "part_a": 2, "type": "TRANS_SYM", "part_b": 1}, {"params": [0.033817749470472336, -0.4664352536201477, -0.3777211606502533, -0.0005212005926296115, -0.9999982118606567, 0.0017970016924664378, 3.124415636062622], "dist": 0.024292513883528412, "part_a": 2, "type": "ROT_SYM", "part_b": 1}, {"params": [0.03529749810695648, -0.47006240487098694, 0.4790616035461426, 0.9999999403953552, 0.0003396674001123756, 0.0002811104350257665], "dist": 0.025193835964274772, "part_a": 3, "type": "REF_SYM", "part_b": 0}, {"params": [0.8066788911819458, 0.0002740025520324707, 0.00022676587104797363], "dist": 0.02432261580014604, "part_a": 3, "type": "TRANS_SYM", "part_b": 0}, {"params": [0.03528674691915512, -0.46792104840278625, 0.4857744574546814, 0.006954112555831671, -0.9999711513519287, 0.0030502709560096264, 3.108276844024658], "dist": 0.0363882371799244, "part_a": 3, "type": "ROT_SYM", "part_b": 0}, {"params": [0.03452254831790924, -0.47036176919937134, 0.04886378347873688, 0.6833629608154297, -0.0002755899040494114, -0.7300787568092346], "dist": 0.04723690759280086, "part_a": 3, "type": "REF_SYM", "part_b": 1}, {"params": [0.8051290512084961, -0.00032469630241394043, -0.8601689338684082], "dist": 0.02467860826663277, "part_a": 3, "type": "TRANS_SYM", "part_b": 1}, {"params": [-31.52130126953125, -5.756909370422363, -29.4484806060791, -0.08720002323389053, 0.9928186535835266, -0.08189744502305984, 0.027072928845882416], "dist": 0.026757243642758183, "part_a": 3, "type": "ROT_SYM",