{"id": 0, "label": "chair", "box": [0.001567742438055575, 0.04775792360305786, 0.05608341470360756, 1.0402710437774658, 1.383431077003479, 1.0457872152328491, 0.9998475313186646, -0.0007321555749513209, 0.01744704879820347, 0.0016979847569018602, 0.9984623789787292, -0.05540742352604866], "children": [{"id": 1, "label": "chair_back", "box": [-0.006701093632727861, 0.2073611319065094, -0.30516234040260315, 0.9880430698394775, 0.9571170210838318, 0.296053409576416, 0.9998660087585449, -0.006196129135787487, 0.015151971019804478, 0.007841084152460098, 0.9937855005264282, -0.11103571951389313], "children": [{"id": 2, "label": "back_surface", "box": [-0.0116070955991745, 0.2150053083896637, -0.32786718010902405, 0.9445192813873291, 0.8756476044654846, 0.2658848464488983, 0.999931275844574, 0.011697054840624332, -0.0007880989578552544, -0.011701502837240696, 0.9916679859161377, -0.12828750908374786], "children": [{"id": 3, "label": "back_single_surface", "box": [0.0018422899302095175, 0.18277402222156525, -0.3199334144592285, 0.9099293947219849, 0.9173995852470398, 0.24634723365306854, 0.9999967813491821, 0.00032948513398878276, 0.0025192105676978827, -1.646936834731605e-05, 0.9923751354217529, -0.12325429916381836]}]}]}, {"id": 6, "label": "chair_arm", "box": [-0.41055116057395935, 0.03335477039217949, 0.15305741131305695, 0.26582029461860657, 0.6116820573806763, 0.7390627861022949, 0.9921746850013733, 0.1120588406920433, 0.05506600812077522, -0.11148279160261154, 0.9936755895614624, -0.013433519750833511], "children": [{"id": 7, "label": "arm_sofa_style", "box": [-0.3979875445365906, 0.0012128109810873866, 0.13483062386512756, 0.21633099019527435, 0.5684637427330017, 0.7005789875984192, 0.984489381313324, 0.16767704486846924, 0.0516250878572464, -0.1672772616147995, 0.9858368635177612, -0.012000171467661858]}]}, {"id": 4, "label": "chair_arm", "box": [0.4036519229412079, 0.012618900276720524, 0.1484319567680359, 0.21793805062770844, 0.5484124422073364, 0.719440221786499, 0.9890740513801575, -0.13755901157855988, -0.053010012954473495, 0.13649676740169525, 0.9903692603111267, -0.023180702701210976], "children": [{"id": 5, "label": "arm_sofa_style", "box": [0.3903210759162903, -0.024507611989974976, 0.1465557962656021, 0.19231261312961578, 0.5094720125198364, 0.6796084046363831, 0.9778838157653809, -0.20306700468063354, -0.05007052794098854, 0.19990694522857666, 0.9778722524642944, -0.06166956201195717]}]}, {"id": 8, "label": "chair_seat", "box": [0.0003348495811223984, -0.15668775141239166, 0.11662031710147858, 0.9225413799285889, 0.44521719217300415, 0.9167867302894592, 0.9999789595603943, 0.0007890338893048465, -0.006436822470277548, -0.0006176088936626911, 0.9996462464332581, 0.026590578258037567], "children": [{"id": 11, "label": "seat_support", "box": [-0.0021386914886534214, -0.2682020664215088, 0.11281704902648926, 0.9497687220573425, 0.36197414994239807, 0.9475100636482239, 0.9999116659164429, 0.001053784741088748, -0.01324993185698986, -0.0013158437795937061, 0.9998034238815308, -0.019785000011324883]}, {"id": 9, "label": "seat_surface", "box": [-0.0017024076078087091, -0.03090163879096508, 0.16604532301425934, 0.8610123991966248, 0.24272480607032776, 0.8725858330726624, 0.9999943971633911, -0.0030384135898202658, -0.0014333471190184355, 0.0030755256302654743, 0.9996403455734253, 0.02664235606789589], "children": [{"id": 10, "label": "seat_single_surface", "box": [0.0015538620064035058, -0.0391310378909111, 0.17540670931339264, 0.8760372996330261, 0.20014981925487518, 0.825821578502655, 0.9999355673789978, 0.004407075233757496, -0.01046342495828867, -0.00426664762198925, 0.9999010562896729, 0.013405432924628258]}]}], "edges": [{"part_a": 0, "part_b": 1, "type": "ADJ"}, {"part_a": 1, "part_b": 0, "type": "ADJ"}]}, {"id": 12, "label": "chair_base", "box": [-0.0030801440589129925, -0.4479252099990845, 0.09130089730024338, 0.9688792824745178, 0.3257690370082855, 0.8878570199012756, 0.9999400973320007, -0.008569481782615185, 0.0068074604496359825, 0.008514149114489555, 0.9999308586120605, 0.008116248063743114], "children": [{"id": 13, "label": "foot_base", "box": [-0.0032533237244933844, -0.4871847927570343, 0.11480606347322464, 0.9904808402061462, 0.26392942667007446, 0.9061329960823059, 0.9999577403068542, 6.506073987111449e-05, 0.00919621717184782, 2.8108250262448564e-05, 0.9999486804008484, -0.010130737908184528], "children": [{"id": 16, "label": "foot", "box": [-0.3464840352535248, -0.5182978510856628, -0.28497612476348877, 0.1327279806137085, 0.21211807429790497, 0.15733331441879272, 0.9995179176330566, -0.016608750447630882, 0.026231005787849426, 0.01382051594555378, 0.9945735931396484, 0.10311346501111984]}, {"id": 17, "label": "foot", "box": [-0.399740993976593, -0.464712530374527, 0.4762697219848633, 0.1160597950220108, 0.23700429499149323, 0.1525404006242752, 0.9990387558937073, -0.028077004477381706, 0.03366296738386154, 0.02953421324491501, 0.9986123442649841, -0.043602291494607925]}, {"id": 15, "label": "foot", "box": [0.3608950078487396, -0.48096197843551636, -0.28526070713996887, 0.12449055910110474, 0.21855881810188293, 0.1576656699180603, 0.9978220462799072, 0.05562535673379898, -0.03545405715703964, -0.05091031268239021, 0.9911876320838928, 0.12229155749082565]}, {"id": 14, "label": "foot", "box": [0.4636360704898834, -0.5242210626602173, 0.4676303565502167, 0.11640524119138718, 0.21347859501838684, 0.15068386495113373, 0.9982888698577881, 0.030885759741067886, 0.04965315759181976, -0.03001035377383232, 0.9993824362754822, -0.018280474469065666]}]}]}], "edges": [{"part_a": 0, "part_b": 1, "type": "ADJ"}, {"part_a": 0, "part_b": 2, "type": "ADJ"}, {"part_a": 0, "part_b": 3, "type": "ADJ"}, {"part_a": 0, "part_b": 4, "type": "ADJ"}, {"part_a": 1, "part_b": 0, "type": "ADJ"}, {"part_a": 1, "part_b": 2, "type": "ROT_SYM"}, {"part_a": 1, "part_b": 2, "type": "TRANS_SYM"}, {"part_a": 1, "part_b": 2, "type": "REF_SYM"}, {"part_a": 1, "part_b": 3, "type": "ADJ"}, {"part_a": 2, "part_b": 0, "type": "ADJ"}, {"part_a": 2, "part_b": 1, "type": "ROT_SYM"}, {"part_a": 2, "part_b": 1, "type": "TRANS_SYM"}, {"part_a": 2, "part_b": 1, "type": "REF_SYM"}, {"part_a": 2, "part_b": 3, "type": "ADJ"}, {"part_a": 2, "part_b": 4, "type": "ADJ"}, {"part_a": 3, "part_b": 0, "type": "ADJ"}, {"part_a": 3, "part_b": 1, "type": "ADJ"}, {"part_a": 3, "part_b": 2, "type": "ADJ"}, {"part_a": 3, "part_b": 4, "type": "ADJ"}, {"part_a": 4, "part_b": 1, "type": "ADJ"}, {"part_a": 4, "part_b": 3, "type": "ADJ"}]}