{"id": 0, "label": "chair", "box": [-0.00618488946929574, -0.030169116333127022, 0.08330349624156952, 0.7270115613937378, 0.9033817648887634, 1.5714526176452637, 1.0, 7.294385432032868e-05, 1.4997771131675108e-06, 1.2587140172794652e-18, -0.020556360483169556, 0.9997887015342712], "children": [{"id": 1, "label": "chair_back", "box": [-0.014372395351529121, 0.3602834939956665, -0.22871173918247223, 0.15481822192668915, 0.6286128759384155, 0.8286386132240295, -7.311310468013303e-18, -0.11940276622772217, -0.992845892906189, -0.999963641166687, -0.00846957415342331, 0.0010185776045545936], "children": [{"id": 2, "label": "back_surface", "box": [-0.014372395351529121, 0.3602834939956665, -0.22871173918247223, 0.15481822192668915, 0.6286128759384155, 0.8286386132240295, -7.311310468013303e-18, -0.11940276622772217, -0.992845892906189, -0.999963641166687, -0.00846957415342331, 0.0010185776045545936], "children": [{"id": 3, "label": "back_single_surface", "box": [-0.014372395351529121, 0.3602834939956665, -0.22871173918247223, 0.15481822192668915, 0.6286128759384155, 0.8286386132240295, -7.311310468013303e-18, -0.11940276622772217, -0.992845892906189, -0.999963641166687, -0.00846957415342331, 0.0010185776045545936]}]}]}, {"id": 4, "label": "chair_seat", "box": [-0.006179004907608032, -0.11791849881410599, 0.1369590014219284, 0.1879109889268875, 0.7270100116729736, 0.7899760007858276, 0.0, -1.0, 0.0, -1.0, 0.0, 0.0], "children": [{"id": 5, "label": "seat_surface", "box": [-0.006179004907608032, -0.11791849881410599, 0.1369590014219284, 0.1879109889268875, 0.7270100116729736, 0.7899760007858276, 0.0, -1.0, 0.0, -1.0, 0.0, 0.0], "children": [{"id": 6, "label": "seat_single_surface", "box": [-0.006179004907608032, -0.11791849881410599, 0.1369590014219284, 0.1879109889268875, 0.7270100116729736, 0.7899760007858276, 0.0, -1.0, 0.0, -1.0, 0.0, 0.0]}]}]}, {"id": 7, "label": "chair_base", "box": [-0.006129994988441467, -0.5078499913215637, 0.06441798806190491, 0.5972260236740112, 0.6930960416793823, 0.8977239727973938, 1.2246468525851679e-16, 1.0, 0.0, 1.0, -1.2246468525851679e-16, 0.0], "children": [{"id": 8, "label": "regular_leg_base", "box": [-0.006129994988441467, -0.5078499913215637, 0.06441798806190491, 0.5972260236740112, 0.6930960416793823, 0.8977239727973938, 1.2246468525851679e-16, 1.0, 0.0, 1.0, -1.2246468525851679e-16, 0.0], "children": [{"id": 9, "label": "leg", "box": [0.277646005153656, -0.5106702446937561, -0.2705633044242859, 0.05390799045562744, 0.07855913788080215, 0.6275814771652222, -1.0, 5.780798694685627e-17, 2.875758912245115e-17, 1.4378794561225575e-17, -0.23482352495193481, 0.9720380306243896]}, {"id": 10, "label": "leg", "box": [-0.28980398178100586, -0.5106702446937561, -0.27257731556892395, 0.05390802025794983, 0.07855915278196335, 0.6275814771652222, -1.0, 0.0, -6.123234262925839e-17, -5.952016478805733e-17, -0.23482352495193481, 0.9720380306243896]}, {"id": 11, "label": "leg", "box": [-0.3257240056991577, -0.5078499913215637, 0.48522648215293884, 0.05390799045562744, 0.05610698461532593, 0.5972260236740112, 1.0, -1.8369701465288538e-16, 0.0, 0.0, 0.0, 1.0]}, {"id": 12, "label": "leg", "box": [0.31346452236175537, -0.5078499913215637, 0.48522648215293884, 0.05390700697898865, 0.05610698461532593, 0.5972260236740112, -1.0, 6.123234262925839e-17, -1.2246468525851679e-16, 1.2246468525851679e-16, 6.123234262925839e-17, -1.0]}], "edges": [{"type": "REF_SYM", "part_b": 0, "dist": 0.014808859119889323, "params": [-0.0058860182762146, -0.5164121389389038, -0.2689783275127411, 0.9999939203262329, -0.001380078960210085, 0.003194652497768402], "part_a": 1}, {"type": "TRANS_SYM", "part_b": 0, "dist": 0.014880480984849998, "params": [0.5680654048919678, -0.0007839798927307129, 0.0018147826194763184], "part_a": 1}, {"type": "ROT_SYM", "part_b": 0, "dist": 0.016076645882773962, "params": [-0.019842788577079773, -1.602759599685669, 3.6255099773406982, -0.0006311032338999212, -0.9646655917167664, -0.2634766399860382, 0.1402721107006073], "part_a": 1}, {"type": "ROT_SYM", "part_b": 0, "dist": 0.02892428549362849, "params": [1.1495155096054077, 2.0526015758514404, 0.06995870918035507, 0.8788280487060547, -0.47621846199035645, -0.029617812484502792, 0.2810913622379303], "part_a": 3}, {"type": "REF_SYM", "part_b": 2, "dist": 0.015738110020301444, "params": [-0.005882918834686279, -0.5130267143249512, 0.48544779419898987, -0.9999902248382568, 0.004413533955812454, 0.0004892213037237525], "part_a": 3}, {"type": "TRANS_SYM", "part_b": 2, "dist": 0.015147848171057713, "params": [-0.6389003992080688, 0.002819836139678955, 0.00031256675720214844], "part_a": 3}, {"type": "ROT_SYM", "part_b": 2, "dist": 0.016053616898442265, "params": [-0.005942286923527718, -0.9724178314208984, 7.8167643547058105, 0.00785217434167862, 0.9984666109085083, 0.05479834973812103, 0.08692427724599838], "part_a": 3}]}]}], "edges": [{"type": "ADJ", "part_b": 0, "dist": 0.01007913994234362, "part_a": 1}, {"type": "ADJ", "part_b": 1, "dist": 0.008829379546853193, "part_a": 2}]}