{"id": 0, "label": "chair", "box": [-0.003685474395751953, -0.01655454933643341, 0.10229723155498505, 0.8085392713546753, 1.526818037033081, 0.8303871750831604, 0.9999927282333374, -0.001976883038878441, -0.0032681250013411045, 0.001961327623575926, 0.9999867677688599, -0.004756101872771978], "children": [{"id": 1, "label": "chair_back", "box": [0.0020594995003193617, 0.30628663301467896, -0.2295336127281189, 0.7705182433128357, 0.8357369899749756, 0.17596791684627533, 0.9999949336051941, 0.0031847425270825624, 0.0002128658670699224, -0.003166105831041932, 0.9981744289398193, -0.06031416729092598], "children": [{"id": 2, "label": "back_surface", "box": [-0.004501586314290762, 0.3271256685256958, -0.22773107886314392, 0.7760879993438721, 0.837581992149353, 0.16515958309173584, 0.9999808669090271, -0.002304498106241226, -0.005742369685322046, 0.0019844984635710716, 0.9984776973724365, -0.055121783167123795], "children": [{"id": 3, "label": "back_single_surface", "box": [0.002846512710675597, 0.32610493898391724, -0.21603406965732574, 0.7700641751289368, 0.8220887184143066, 0.15249747037887573, 0.9999879598617554, -0.0030537969432771206, -0.003851757850497961, 0.0028100176714360714, 0.9980857968330383, -0.061781495809555054]}]}]}, {"id": 4, "label": "chair_seat", "box": [0.008705881424248219, -0.07190192490816116, 0.13969220221042633, 0.7911036014556885, 0.16620707511901855, 0.7688964605331421, 0.9999954700469971, 0.0026606651954352856, -0.0014373963931575418, -0.0026422739028930664, 0.9999165534973145, 0.012648732401430607], "children": [{"id": 5, "label": "seat_surface", "box": [0.0004560053057502955, -0.09178822487592697, 0.14096641540527344, 0.7786873579025269, 0.16038836538791656, 0.7763596773147583, 0.9999995827674866, -0.0006459594005718827, -0.0007110735168680549, 0.0006566712399944663, 0.9998847246170044, 0.015168719924986362], "children": [{"id": 6, "label": "seat_single_surface", "box": [-0.003179060760885477, -0.07889260351657867, 0.14966516196727753, 0.779123067855835, 0.14734701812267303, 0.7847033143043518, 0.9999955296516418, 0.0011398761998862028, 0.0027716057375073433, -0.0011858897050842643, 0.9998605847358704, 0.016657179221510887]}]}]}, {"id": 7, "label": "chair_base", "box": [-0.003474191762506962, -0.4285483956336975, 0.10426337271928787, 0.7903427481651306, 0.6633588671684265, 0.8399810194969177, 0.9999906420707703, 0.0021074116230010986, 0.0037819365970790386, -0.002109807450324297, 0.999997615814209, 0.0006295680068433285], "children": [{"id": 8, "label": "regular_leg_base", "box": [-0.00015459023416042328, -0.4357932209968567, 0.10670405626296997, 0.7906362414360046, 0.6675347685813904, 0.8237037658691406, 0.9999990463256836, -0.0013730769278481603, -6.742365076206625e-05, 0.0013732064981013536, 0.9999971389770508, 0.001960845896974206], "children": [{"id": 10, "label": "leg", "box": [-0.33151859045028687, -0.44347670674324036, -0.2275625467300415, 0.10753019899129868, 0.6686408519744873, 0.12476947158575058, 0.9993744492530823, -0.022514037787914276, -0.02727363258600235, 0.025728264823555946, 0.9919615387916565, 0.12389665096998215]}, {"id": 11, "label": "leg", "box": [-0.3447497487068176, -0.43722307682037354, 0.452558308839798, 0.10772529244422913, 0.6748461127281189, 0.11555114388465881, 0.9992840886116028, -0.015543476678431034, 0.034492477774620056, 0.016626115888357162, 0.9993709325790405, -0.03132610395550728]}, {"id": 9, "label": "leg", "box": [0.3234001398086548, -0.44782379269599915, -0.2316201627254486, 0.11285308003425598, 0.6842691898345947, 0.12083610892295837, 0.9979652762413025, 0.015405254438519478, 0.06187113747000694, -0.022661536931991577, 0.9927133917808533, 0.1183495819568634]}, {"id": 12, "label": "leg", "box": [0.34888124465942383, -0.44228845834732056, 0.45597270131111145, 0.09965581446886063, 0.6803197264671326, 0.11560231447219849, 0.9993844032287598, 0.02017713338136673, -0.028701210394501686, -0.021611511707305908, 0.998486340045929, -0.05057688057422638]}], "edges": [{"part_a": 0, "part_b": 1, "type": "ROT_SYM"}, {"part_a": 0, "part_b": 1, "type": "TRANS_SYM"}, {"part_a": 0, "part_b": 1, "type": "REF_SYM"}, {"part_a": 0, "part_b": 2, "type": "ROT_SYM"}, {"part_a": 0, "part_b": 2, "type": "TRANS_SYM"}, {"part_a": 0, "part_b": 2, "type": "REF_SYM"}, {"part_a": 0, "part_b": 3, "type": "ROT_SYM"}, {"part_a": 1, "part_b": 0, "type": "ROT_SYM"}, {"part_a": 1, "part_b": 0, "type": "TRANS_SYM"}, {"part_a": 1, "part_b": 0, "type": "REF_SYM"}, {"part_a": 1, "part_b": 2, "type": "ROT_SYM"}, {"part_a": 1, "part_b": 2, "type": "TRANS_SYM"}, {"part_a": 1, "part_b": 3, "type": "ROT_SYM"}, {"part_a": 1, "part_b": 3, "type": "TRANS_SYM"}, {"part_a": 1, "part_b": 3, "type": "REF_SYM"}, {"part_a": 2, "part_b": 0, "type": "ROT_SYM"}, {"part_a": 2, "part_b": 0, "type": "TRANS_SYM"}, {"part_a": 2, "part_b": 0, "type": "REF_SYM"}, {"part_a": 2, "part_b": 1, "type": "ROT_SYM"}, {"part_a": 2, "part_b": 1, "type": "REF_SYM"}, {"part_a": 2, "part_b": 3, "type": "ROT_SYM"}, {"part_a": 2, "part_b": 3, "type": "TRANS_SYM"}, {"part_a": 2, "part_b": 3, "type": "REF_SYM"}, {"part_a": 3, "part_b": 0, "type": "ROT_SYM"}, {"part_a": 3, "part_b": 1, "type": "ROT_SYM"}, {"part_a": 3, "part_b": 1, "type": "TRANS_SYM"}, {"part_a": 3, "part_b": 1, "type": "REF_SYM"}, {"part_a": 3, "part_b": 2, "type": "ROT_SYM"}, {"part_a": 3, "part_b": 2, "type": "REF_SYM"}]}]}], "edges": [{"part_a": 0, "part_b": 1, "type": "ADJ"}, {"part_a": 1, "part_b": 0, "type": "ADJ"}, {"part_a": 1, "part_b": 2, "type": "ADJ"}, {"part_a": 2, "part_b": 1, "type": "ADJ"}]}