{"id": 0, "label": "chair", "box": [0.011658504605293274, 0.025908710435032845, 0.027964554727077484, 0.8929150104522705, 1.0672801733016968, 1.6194658279418945, -1.0, 6.120324572403123e-17, 2.6692063711805198e-18, 1.3346031855902599e-18, -0.02179572358727455, 0.9997624158859253], "children": [{"id": 1, "label": "chair_back", "box": [0.01160432118922472, 0.4029363989830017, -0.22878454625606537, 0.03205854445695877, 0.8926089406013489, 1.0186023712158203, -0.0003475020930636674, -0.49673426151275635, -0.8679026365280151, -0.9999999403953552, 0.00020752591080963612, 0.00028161780210211873], "children": [{"id": 2, "label": "back_surface", "box": [0.0013133377069607377, 0.6660946011543274, -0.3773890435695648, 0.03337075561285019, 0.34528955817222595, 0.85142582654953, -0.0030460876878350973, -0.46464985609054565, -0.885489284992218, 0.0009779173415154219, 0.8854915499687195, -0.46465441584587097], "children": [{"id": 3, "label": "back_single_surface", "box": [0.0013133377069607377, 0.6660946011543274, -0.3773890435695648, 0.03337075561285019, 0.34528955817222595, 0.85142582654953, -0.0030460876878350973, -0.46464985609054565, -0.885489284992218, 0.0009779173415154219, 0.8854915499687195, -0.46465441584587097]}]}, {"id": 4, "label": "back_frame", "box": [0.01404563058167696, 0.40065130591392517, -0.2274913489818573, 0.03535209596157074, 0.9153050184249878, 1.0378365516662598, -0.004386382643133402, -0.49643388390541077, -0.8680634498596191, 0.9995603561401367, -0.0276322141289711, 0.010751647874712944], "children": [{"id": 5, "label": "back_holistic_frame", "box": [0.01404563058167696, 0.40065130591392517, -0.2274913489818573, 0.03535209596157074, 0.9153050184249878, 1.0378365516662598, -0.004386382643133402, -0.49643388390541077, -0.8680634498596191, 0.9995603561401367, -0.0276322141289711, 0.010751647874712944]}]}], "edges": [{"part_b": 0, "dist": 0.0037725442667118697, "part_a": 1, "type": "ADJ"}]}, {"id": 6, "label": "chair_seat", "box": [0.011655494570732117, -0.0260624997317791, 0.13134850561618805, 0.042879000306129456, 0.8575650453567505, 0.8575650453567505, 1.2246468525851679e-16, 1.0, 0.0, 1.0, -1.2246468525851679e-16, 0.0], "children": [{"id": 7, "label": "seat_surface", "box": [0.011655494570732117, -0.0260624997317791, 0.13134850561618805, 0.042879000306129456, 0.8575650453567505, 0.8575650453567505, 1.2246468525851679e-16, 1.0, 0.0, 1.0, -1.2246468525851679e-16, 0.0], "children": [{"id": 8, "label": "seat_single_surface", "box": [0.011655494570732117, -0.0260624997317791, 0.13134850561618805, 0.042879000306129456, 0.8575650453567505, 0.8575650453567505, 1.2246468525851679e-16, 1.0, 0.0, 1.0, -1.2246468525851679e-16, 0.0]}]}]}, {"id": 9, "label": "chair_base", "box": [0.011667214334011078, -0.537212610244751, 0.0829375684261322, 0.856744110584259, 0.8929149508476257, 0.9677789807319641, -6.441174035378151e-17, 0.47842714190483093, -0.8781272172927856, 1.0, 2.2699006876791827e-05, 1.2367024282866623e-05], "children": [{"id": 10, "label": "regular_leg_base", "box": [0.011667214334011078, -0.537212610244751, 0.0829375684261322, 0.856744110584259, 0.8929149508476257, 0.9677789807319641, -6.441174035378151e-17, 0.47842714190483093, -0.8781272172927856, 1.0, 2.2699006876791827e-05, 1.2367024282866623e-05], "children": [{"id": 11, "label": "leg", "box": [0.4407963156700134, -0.38637128472328186, 0.22265270352363586, 0.03156617283821106, 0.034575868397951126, 0.8760765194892883, 0.023188136518001556, 0.4964386820793152, 0.86776202917099, -0.9997311234474182, 0.011530397459864616, 0.020118148997426033]}, {"id": 12, "label": "leg", "box": [-0.41760027408599854, -0.3904975354671478, 0.22495277225971222, 0.031500980257987976, 0.03461620956659317, 0.8666393160820007, -0.12854981422424316, -0.49245551228523254, -0.860791802406311, 0.9917030334472656, -0.06384066492319107, -0.11157698184251785]}, {"id": 13, "label": "leg", "box": [0.44043850898742676, -0.34047165513038635, -0.27817007899284363, 0.029923707246780396, 0.034075576812028885, 0.9677566289901733, -0.11496245115995407, 0.47525447607040405, -0.8723054528236389, -0.9933698177337646, -0.05500108748674393, 0.10095170140266418]}, {"id": 14, "label": "leg", "box": [-0.41712698340415955, -0.34047165513038635, -0.27817007899284363, 0.02992359548807144, 0.03407459706068039, 0.9677566289901733, -0.11496245115995407, 0.47525447607040405, -0.8723054528236389, -0.9933698177337646, -0.05500108748674393, 0.10095170140266418]}, {"id": 15, "label": "bar_stretcher", "box": [0.011655494570732117, -0.06351760774850845, 0.03797825053334236, 0.034008923918008804, 0.03400946035981178, 0.8575650453567505, -2.3430410319989192e-17, -0.9238943457603455, 0.38264763355255127, -5.657221219892655e-17, 0.38264763355255127, 0.9238943457603455]}, {"id": 16, "label": "bar_stretcher", "box": [0.011655494570732117, -0.49549001455307007, -0.3626300096511841, 0.03400896117091179, 0.03400896489620209, 0.8575650453567505, -6.070920052265536e-17, -0.13043780624866486, 0.9914565086364746, -7.987011976531332e-18, 0.9914565086364746, 0.13043780624866486]}, {"id": 17, "label": "bar_stretcher", "box": [0.011655494570732117, -0.49549001455307007, 0.2851234972476959, 0.034009259194135666, 0.03400947153568268, 0.8575650453567505, 4.857585721737643e-17, -0.6088258028030396, -0.7933039665222168, -3.727982914151553e-17, -0.7933039665222168, 0.6088258028030396]}], "edges": [{"part_b": 0, "dist": 0.0032692633363933434, "part_a": 4, "type": "ADJ"}, {"part_b": 1, "dist": 0.004414588903847845, "part_a": 4, "type": "ADJ"}, {"part_b": 2, "dist": 0.0030844689891091673, "part_a": 5, "type": "ADJ"}, {"part_b": 3, "dist": 0.004371981194553074, "part_a": 5, "type": "ADJ"}, {"part_b": 0, "dist": 0.002329254773089102, "part_a": 6, "type": "ADJ"}, {"part_b": 1, "dist": 0.004130208582453497, "part_a": 6, "type": "ADJ"}, {"part_b": 0, "dist": 0.010925189397179756, "part_a": 1, "params": [0.011614218354225159, -0.3944357633590698, 0.22728390991687775, 0.9999630451202393, 0.007361014373600483, -0.004434141796082258], "type": "REF_SYM"}, {"part_b": 0, "dist": 0.008975859425171573, "part_a": 1, "params": [0.8580111265182495, 0.006316065788269043, -0.0038046836853027344], "type": "TRANS_SYM"}, {"part_b": 0, "dist": 0.009122961190312381, "part_a": 1, "params": [-0.00646961759775877, -7.27839469909668, -14.443522453308105, -0.011371850967407227, 0.9050617814064026, -0.42512813210487366, 0.052933480590581894], "type": "ROT_SYM"}, {"part_b": 0, "dist": 0.012207678280247117, "part_a": 2, "params": [-0.553810715675354, 0.09632488340139389, 0.01513705961406231, -0.9999485015869141, 0.01009639073163271, 0.0010446751257404685, 1.0163177251815796], "type": "ROT_SYM"}, {"part_b": 1, "dist": 0.02995864369876409, "part_a": 3, "params": [-0.4518015384674072, -0.5129424333572388, -0.0423741415143013, 0.9990704655647278, 0.011469176039099693, 0.04155275970697403, 2.1203091144561768], "type": "ROT_SYM"}, {"part_b": 2, "dist": 0.008295636693752677, "part_a": 3, "params": [0.011691555380821228, -0.343360036611557, -0.2797324061393738, 0.9999991059303284, -0.0011759883491322398, -0.0006681167287752032], "type": "REF_SYM"}, {"part_b": 2, "dist": 0.008298237414550002, "part_a": 3, "params": [0.8577368259429932, -0.0010086894035339355, -0.0005730688571929932], "type": "TRANS_SYM"}, {"part_b": 2, "dist": 0.008340544592495905, "part_a": 3, "params": [0.02201412059366703, -9.17409610748291, 18.231264114379883, -0.001350028091110289, -0.8804906010627747, -0.4740615785121918, 0.04186587780714035], "type": "ROT_SYM"}, {"part_b": 4, "dist": 0.009951132658178565, "part_a": 5, "params": [0.014801530167460442, -0.2793627679347992, -0.16236788034439087, -0.0052182842046022415, 0.7330045104026794, 0.6802037358283997], "type": "REF_SYM"}, {"part_b": 4, "dist": 0.009160881933783284, "part_a": 5, "params": [-0.0030744122341275215, 0.4318580627441406, 0.4007498621940613], "type": "TRANS_SYM"}, {"part_b": 4, "dist": 0.00940776695457638, "part_a": 5,