{"id": 0, "label": "chair", "box": [-0.007568386383354664, -0.045813608914613724, 0.06964047998189926, 0.8408776521682739, 1.5478261709213257, 0.9037708640098572, 0.9998947381973267, -0.0016057753236964345, 0.01442193053662777, 0.002005321905016899, 0.999613344669342, -0.02773251198232174], "children": [{"id": 1, "label": "chair_back", "box": [-0.0036369103472679853, 0.31249967217445374, -0.26670047640800476, 0.792720377445221, 0.7858391404151917, 0.1759716272354126, 0.9999858140945435, 0.0017317320453003049, 0.005038391798734665, -0.0007220515399239957, 0.9810254573822021, -0.193877711892128], "children": [{"id": 2, "label": "back_surface", "box": [0.0021966213826090097, 0.3527510166168213, -0.2759561836719513, 0.868134617805481, 0.6297956109046936, 0.1866615116596222, 0.9999810457229614, -0.0043113213032484055, 0.004401002544909716, 0.005235027987509966, 0.9712426662445068, -0.23803426325321198], "children": [{"id": 3, "label": "back_single_surface", "box": [0.008380986750125885, 0.3463464379310608, -0.2727414667606354, 0.8985036611557007, 0.6179994344711304, 0.18787440657615662, 0.9999823570251465, -0.004695228300988674, -0.003650414291769266, 0.0037950335536152124, 0.97634357213974, -0.2161916345357895]}]}, {"id": 0, "label": "back_surface", "box": [-0.02671835757791996, 0.33231425285339355, -0.3149225413799286, 0.6746899485588074, 0.6783140301704407, 0.1028752475976944, 0.9999516010284424, -0.003784462809562683, 0.009085080586373806, 0.006010538898408413, 0.9657936096191406, -0.2592424154281616], "children": [{"id": 0, "label": "back_single_surface", "box": [0.008775049820542336, 0.31107431650161743, -0.29867666959762573, 0.7690410017967224, 0.7321202158927917, 0.1207897737622261, 0.9998704195022583, 0.004731394816190004, 0.015388092957437038, -0.000890173192601651, 0.9706243872642517, -0.24059832096099854]}]}], "edges": [{"part_a": 1, "part_b": 0, "type": "ADJ"}]}, {"id": 6, "label": "chair_seat", "box": [-0.0017185156466439366, -0.016391100361943245, 0.1324934959411621, 0.8494790196418762, 0.14665208756923676, 0.7650913000106812, 0.9999904036521912, 0.004179042764008045, -0.0013093206798657775, -0.004175086971372366, 0.9999867677688599, 0.0030094676185399294], "children": [{"id": 7, "label": "seat_surface", "box": [-0.003558272495865822, -0.023715246468782425, 0.12451690435409546, 0.8199478983879089, 0.13882367312908173, 0.7850523591041565, 0.9999953508377075, -0.0008842121460475028, -0.0029145001899451017, 0.0009148589451797307, 0.9999441504478455, 0.010530775412917137], "children": [{"id": 8, "label": "seat_single_surface", "box": [0.0061849369667470455, -0.02054637297987938, 0.1288253515958786, 0.7919031381607056, 0.12615418434143066, 0.7827073931694031, 0.9999982118606567, 0.0014360868372023106, -0.001241653342731297, -0.0014279873576015234, 0.9999778866767883, 0.006499569863080978]}]}]}, {"id": 9, "label": "chair_base", "box": [-0.00381527841091156, -0.3860389292240143, 0.07381424307823181, 0.7823936343193054, 0.7771324515342712, 0.8280563354492188, 0.9999474287033081, 0.004269660450518131, -0.00932377576828003, -0.00418351124972105, 0.9999485611915588, 0.00923975557088852], "children": [{"id": 10, "label": "regular_leg_base", "box": [-0.002305086236447096, -0.3986228108406067, 0.08789023756980896, 0.8021023869514465, 0.7563236355781555, 0.8191260695457458, 0.9999857544898987, 0.0017414510948583484, -0.00505339540541172, -0.0017309525283053517, 0.9999963641166687, 0.002081126905977726], "children": [{"id": 16, "label": "bar_stretcher", "box": [0.32348284125328064, -0.5319045782089233, 0.07558618485927582, 0.10557929426431656, 0.13633598387241364, 0.6637821793556213, 0.9999075531959534, 0.004748901352286339, -0.0127418152987957, -0.004646618384867907, 0.9999568462371826, 0.008045002818107605]}, {"id": 14, "label": "leg", "box": [-0.3370264768600464, -0.41390594840049744, -0.2358722686767578, 0.09163066744804382, 0.7201229929924011, 0.1152346283197403, 0.9993733763694763, -0.02058805711567402, -0.028791246935725212, 0.023051153868436813, 0.9958524703979492, 0.08801437169313431]}, {"id": 12, "label": "leg", "box": [-0.3352358639240265, -0.40189799666404724, 0.4196971356868744, 0.09620635956525803, 0.7193997502326965, 0.11514996737241745, 0.9995129108428955, -0.018281126394867897, 0.025293545797467232, 0.01909465715289116, 0.9992956519126892, -0.032304901629686356]}, {"id": 17, "label": "bar_stretcher", "box": [-0.33382946252822876, -0.5764464139938354, 0.0806984230875969, 0.12071379274129868, 0.13122040033340454, 0.6846631765365601, 0.999323308467865, 0.033474575728178024, 0.01524496078491211, -0.0336291566491127, 0.9993844032287598, 0.009998612105846405]}, {"id": 13, "label": "leg", "box": [0.3262893259525299, -0.40956252813339233, -0.24574634432792664, 0.09429401159286499, 0.7091156244277954, 0.11113300174474716, 0.9986602067947388, 0.02201037108898163, 0.04683324694633484, -0.02640346623957157, 0.9950932264328003, 0.09535360336303711]}, {"id": 11, "label": "leg", "box": [0.34265315532684326, -0.40916746854782104, 0.41984236240386963, 0.09492846578359604, 0.7227781414985657, 0.10441187769174576, 0.9996786117553711, 0.020007381215691566, 0.015570716932415962, -0.019477328285574913, 0.9992496371269226, -0.03347942978143692]}], "edges": [{"part_a": 0, "part_b": 3, "type": "ROT_SYM"}, {"part_a": 0, "part_b": 3, "type": "TRANS_SYM"}, {"part_a": 0, "part_b": 3, "type": "REF_SYM"}, {"part_a": 0, "part_b": 4, "type": "ADJ"}, {"part_a": 0, "part_b": 5, "type": "ADJ"}, {"part_a": 1, "part_b": 2, "type": "ROT_SYM"}, {"part_a": 1, "part_b": 2, "type": "TRANS_SYM"}, {"part_a": 1, "part_b": 2, "type": "REF_SYM"}, {"part_a": 1, "part_b": 3, "type": "ADJ"}, {"part_a": 1, "part_b": 4, "type": "ROT_SYM"}, {"part_a": 1, "part_b": 4, "type": "TRANS_SYM"}, {"part_a": 1, "part_b": 4, "type": "REF_SYM"}, {"part_a": 1, "part_b": 5, "type": "ROT_SYM"}, {"part_a": 1, "part_b": 5, "type": "TRANS_SYM"}, {"part_a": 1, "part_b": 5, "type": "REF_SYM"}, {"part_a": 2, "part_b": 1, "type": "ROT_SYM"}, {"part_a": 2, "part_b": 1, "type": "TRANS_SYM"}, {"part_a": 2, "part_b": 1, "type": "REF_SYM"}, {"part_a": 2, "part_b": 3, "type": "ADJ"}, {"part_a": 2, "part_b": 4, "type": "ROT_SYM"}, {"part_a": 2, "part_b": 4, "type": "TRANS_SYM"}, {"part_a": 2, "part_b": 4, "type": "REF_SYM"}, {"part_a": 2, "part_b": 5, "type": "ROT_SYM"}, {"part_a": 2, "part_b": 5, "type": "TRANS_SYM"}, {"part_a": 2, "part_b": 5, "type": "REF_SYM"}, {"part_a": 3, "part_b": 0, "type": "ROT_SYM"}, {"part_a": 3, "part_b": 0, "type": "TRANS_SYM"}, {"part_a": 3, "part_b": 0, "type": "REF_SYM"}, {"part_a": 3, "part_b": 1, "type": "ADJ"}, {"part_a": 3, "part_b": 2, "type": "ADJ"}, {"part_a": 4, "part_b": 0, "type": "ADJ"}, {"part_a": 4, "part_b": 1, "type": "ROT_SYM"}, {"part_a": 4, "part_b": 1, "type": "TRANS_SYM"}, {"part_a": 4, "part_b": 1, "type": "REF_SYM"}, {"part_a": 4, "part_b": 2, "type": "ROT_SYM"}, {"part_a": 4, "part_b": 2, "type": "TRANS_SYM"}, {"part_a": 4, "part_b": 2, "type": "REF_SYM"}, {"part_a": 4, "part_b": 5, "type": "ROT_SYM"}, {"part_a": 4, "part_b": 5, "type": "TRANS_SYM"}, {"part_a": 4, "part_b": 5, "type": "REF_SYM"}, {"part_a": 5, "part_b": 0, "type": "ADJ"}, {"part_a": 5, "part_b": 1, "type": "ROT_SYM"}, {"part_a": 5, "part_b": 1, "type": "TRANS_SYM"}, {"part_a": 5, "part_b": 1, "type": "REF_SYM"}, {"part_a": 5, "part_b": 2, "type": "ROT_SYM"}, {"part_a": 5, "part_b": 2, "type": "TRANS_SYM"}, {"part_a": 5, "part_b": 2, "type": "REF_SYM"}, {"part_a": 5, "part_b": 4, "type": "ROT_SYM"}, {"part_a": 5, "part_b": 4, "type": "TRANS_SYM"}, {"part_a": 5, "part_b": 4, "type": "REF_SYM"}]}]}], "edges": [{"part_a": 0, "part_b": 1, "type": "ADJ"}, {"part_a": 1, "part_b": 0, "type": "ADJ"}, {"part_a": 1, "part_b": 2, "type": "ADJ"}, {"part_a": 2, "part_b": 1, "type": "ADJ"}]}