{"id": 0, "label": "chair", "box": [0.0006658247439190745, 0.0668589398264885, 0.07997766137123108, 0.8895014524459839, 1.3606172800064087, 1.1489980220794678, 0.9996544122695923, 0.021050594747066498, -0.015744248405098915, -0.021403107792139053, 0.9995161890983582, -0.022567030042409897], "children": [{"id": 1, "label": "chair_back", "box": [0.03902098163962364, 0.2891700565814972, -0.3046622574329376, 0.8215787410736084, 0.9011023044586182, 0.27146854996681213, 0.9983274936676025, 0.04975314438343048, 0.02944209799170494, -0.017283106222748756, 0.7428348660469055, -0.669251561164856], "children": [{"id": 2, "label": "back_surface", "box": [0.00842562597244978, 0.28803205490112305, -0.25150904059410095, 0.8137750625610352, 0.8623961210250854, 0.23780670762062073, 0.9997068047523499, -0.022489959374070168, -0.008978619240224361, 0.007522320840507746, 0.6408392190933228, -0.7676382660865784], "children": [{"id": 3, "label": "back_single_surface", "box": [0.013809085823595524, 0.21486219763755798, -0.2876903712749481, 0.8047089576721191, 0.8836870789527893, 0.24853235483169556, 0.9997056722640991, -0.024225659668445587, -0.0013361013261601329, 0.013912993483245373, 0.6175130009651184, -0.7864376306533813]}]}]}, {"id": 4, "label": "chair_seat", "box": [0.004707288462668657, -0.03755789250135422, 0.16719213128089905, 0.9160143136978149, 0.29370394349098206, 0.808466374874115, 0.9999321103096008, -0.011072457768023014, -0.0036326153203845024, 0.011167761869728565, 0.9995633363723755, 0.02735789120197296], "children": [{"id": 7, "label": "seat_support", "box": [0.007560225669294596, -0.07607697695493698, 0.17612963914871216, 0.8419223427772522, 0.2018280178308487, 0.8290442824363708, 0.9999314546585083, 0.0050129760056734085, -0.010582443326711655, -0.005175445228815079, 0.9998683333396912, -0.015381545759737492]}, {"id": 5, "label": "seat_surface", "box": [0.0064184716902673244, 0.04456181451678276, 0.19732144474983215, 0.9055109024047852, 0.14762447774410248, 0.820726752281189, 0.9998857378959656, -0.009447923861443996, -0.011801579967141151, 0.009466130286455154, 0.999954104423523, 0.00148775742854923], "children": [{"id": 6, "label": "seat_single_surface", "box": [0.005004781298339367, 0.017984922975301743, 0.19003137946128845, 0.870938777923584, 0.12281528115272522, 0.8263384699821472, 0.9999476075172424, -0.0005002166726626456, -0.010227728635072708, 0.0006639525527134538, 0.9998716115951538, 0.01601189561188221]}]}], "edges": [{"part_a": 0, "part_b": 1, "type": "ADJ"}, {"part_a": 1, "part_b": 0, "type": "ADJ"}]}, {"id": 8, "label": "chair_base", "box": [0.0054303561337292194, -0.37397414445877075, 0.10650467127561569, 0.7524067759513855, 0.3784404695034027, 0.7737340331077576, 0.9993403553962708, -0.007401871960610151, 0.03555421903729439, 0.008646694011986256, 0.999350368976593, -0.03498675674200058], "children": [{"id": 9, "label": "pedestal_base", "box": [-0.027218319475650787, -0.3788931965827942, 0.09953174740076065, 0.8209888339042664, 0.3711707890033722, 0.7926802039146423, 0.9996953010559082, 0.024268804118037224, -0.0045037767849862576, -0.0243215374648571, 0.9996315836906433, -0.012048915959894657], "children": [{"id": 10, "label": "pedestal", "box": [-0.011876322329044342, -0.49820369482040405, 0.10419663041830063, 0.7000179886817932, 0.22459882497787476, 0.7961481213569641, 0.9785571098327637, -0.012471439316868782, 0.20559777319431305, 0.011875178664922714, 0.9999209642410278, 0.00413386058062315]}]}]}], "edges": [{"part_a": 0, "part_b": 1, "type": "ADJ"}, {"part_a": 1, "part_b": 0, "type": "ADJ"}, {"part_a": 1, "part_b": 2, "type": "ADJ"}, {"part_a": 2, "part_b": 1, "type": "ADJ"}]}