{"id": 0, "label": "chair", "box": [-0.007235512137413025, -0.019833724945783615, 0.1127162054181099, 0.9042949676513672, 1.1620838642120361, 1.2139015197753906, 1.0, -6.122240984446286e-17, -1.5593892068588155e-18, -6.123730571293371e-17, -0.9999189376831055, -0.012733379378914833], "children": [{"id": 1, "label": "chair_back", "box": [-0.0072284722700715065, 0.1281457096338272, -0.31118354201316833, 0.32191795110702515, 0.8781436681747437, 0.9043917655944824, -0.0003965528740081936, -0.03940342739224434, -0.9992232918739319, 2.3923697881400585e-05, 0.9992234110832214, -0.03940344229340553], "children": [{"id": 2, "label": "back_surface", "box": [-0.004449338186532259, 0.29587098956108093, -0.29215312004089355, 0.07179727405309677, 0.5419619679450989, 0.7008236050605774, 0.0036171467509120703, -4.429727439113748e-19, -0.9999934434890747, -2.449285499538659e-16, -1.0, -4.429727439113748e-19], "children": [{"id": 3, "label": "back_single_surface", "box": [-0.004449338186532259, 0.29587098956108093, -0.29215312004089355, 0.07179727405309677, 0.5419619679450989, 0.7008236050605774, 0.0036171467509120703, -4.429727439113748e-19, -0.9999934434890747, -2.449285499538659e-16, -1.0, -4.429727439113748e-19]}]}, {"id": 4, "label": "back_support", "box": [-0.007236524019390345, 0.11767538636922836, -0.31078362464904785, 0.32188868522644043, 0.857193648815155, 0.9043757915496826, -0.00033688003895804286, -0.039463117718696594, -0.9992209672927856, -5.583328844901048e-17, 0.9992210268974304, -0.03946312144398689]}], "edges": [{"part_a": 1, "part_b": 0, "dist": 0.008447148100743635, "type": "ADJ"}]}, {"id": 5, "label": "chair_arm", "box": [0.3773655593395233, -0.07699477672576904, 0.23075483739376068, 0.14375099539756775, 0.4540310800075531, 0.9702299237251282, -0.9999556541442871, 0.0003231276641599834, -0.00941331684589386, -0.00034569043782539666, -0.999997079372406, 0.002395370975136757], "children": [{"id": 6, "label": "arm_sofa_style", "box": [0.3773655593395233, -0.07699477672576904, 0.23075483739376068, 0.14375099539756775, 0.4540310800075531, 0.9702299237251282, -0.9999556541442871, 0.0003231276641599834, -0.00941331684589386, -0.00034569043782539666, -0.999997079372406, 0.002395370975136757]}]}, {"id": 7, "label": "chair_arm", "box": [-0.3771064877510071, -0.07838650792837143, 0.21620501577854156, 0.16455301642417908, 0.4545289874076843, 0.9986920356750488, 1.0, -6.123234262925839e-17, 0.0, -6.123234262925839e-17, -1.0, 0.0], "children": [{"id": 8, "label": "arm_sofa_style", "box": [-0.3771064877510071, -0.07838650792837143, 0.21620501577854156, 0.16455301642417908, 0.4545289874076843, 0.9986920356750488, 1.0, -6.123234262925839e-17, 0.0, -6.123234262925839e-17, -1.0, 0.0]}]}, {"id": 9, "label": "chair_seat", "box": [0.013771341182291508, -0.13855208456516266, 0.20367926359176636, 0.3637113571166992, 0.6649069786071777, 1.0260519981384277, 0.03810384124517441, -0.9991965293884277, -0.012427318841218948, -0.9992737770080566, -0.038100894540548325, -0.0004738727293442935], "children": [{"id": 10, "label": "seat_surface", "box": [0.013771341182291508, -0.13855208456516266, 0.20367926359176636, 0.3637113571166992, 0.6649069786071777, 1.0260519981384277, 0.03810384124517441, -0.9991965293884277, -0.012427318841218948, -0.9992737770080566, -0.038100894540548325, -0.0004738727293442935], "children": [{"id": 11, "label": "seat_single_surface", "box": [0.013771341182291508, -0.13855208456516266, 0.20367926359176636, 0.3637113571166992, 0.6649069786071777, 1.0260519981384277, 0.03810384124517441, -0.9991965293884277, -0.012427318841218948, -0.9992737770080566, -0.038100894540548325, -0.0004738727293442935]}]}]}, {"id": 12, "label": "chair_base", "box": [-0.007235497236251831, -0.4351140260696411, 0.10541599988937378, 0.3159720003604889, 0.8647670149803162, 1.2139999866485596, 0.0, -1.0, 0.0, -1.0, 0.0, 0.0], "children": [{"id": 13, "label": "regular_leg_base", "box": [-0.007235497236251831, -0.4351140260696411, 0.10541599988937378, 0.3159720003604889, 0.8647670149803162, 1.2139999866485596, 0.0, -1.0, 0.0, -1.0, 0.0, 0.0], "children": [{"id": 14, "label": "leg", "box": [-0.41467398405075073, -0.4471889138221741, -0.4588112533092499, 0.04989001154899597, 0.06379999220371246, 0.3041017949581146, 1.0, -1.1384219425793343e-16, -5.167446586583272e-17, 1.733387248415289e-17, -0.28308361768722534, 0.9590952396392822]}, {"id": 15, "label": "leg", "box": [0.40020298957824707, -0.4471889138221741, -0.4588112533092499, 0.04989001154899597, 0.06379999220371246, 0.3041017949581146, -1.0, 5.622295007452706e-17, 3.466774496830578e-17, 1.733387248415289e-17, -0.28308361768722534, 0.9590952396392822]}, {"id": 16, "label": "leg", "box": [0.39188751578330994, -0.43569761514663696, 0.6919916272163391, 0.049890369176864624, 0.06652101874351501, 0.3158430755138397, -5.948338502930077e-17, -0.02856258861720562, -0.9995920062065125, -1.0, -5.948338502930077e-17, 6.120735515731439e-17]}, {"id": 17, "label": "leg", "box": [-0.4063584804534912, -0.43569761514663696, 0.6919916272163391, 0.049890369176864624, 0.06652101874351501, 0.3158430755138397, 1.8194806367037266e-16, 0.02856258861720562, 0.9995920062065125, 1.0, 5.598547644683043e-17, -1.8362207870683297e-16]}], "edges": [{"part_a": 1, "params": [-0.010730758309364319, -0.4388289749622345, -0.4483623504638672, -0.9999872446060181, -0.004784519784152508, -0.0015978029696270823], "part_b": 0, "dist": 0.028437370088655416, "type": "REF_SYM"}, {"part_a": 1, "params": [-0.8146930932998657, -0.0038979649543762207, -0.0013017356395721436], "part_b": 0, "dist": 0.018748927848067948, "type": "TRANS_SYM"}, {"part_a": 1, "params": [-0.0166685301810503, -3.5263988971710205, 10.045101165771484, 0.0042142365127801895, 0.9603002667427063, 0.27893680334091187, 0.07444445043802261], "part_b": 0, "dist": 0.019805413922168422, "type": "ROT_SYM"}, {"part_a": 3, "params": [-0.00556473433971405, -0.42351067066192627, 0.6920976638793945, 0.9999944567680359, -0.0032959741074591875, -0.0003692679456435144], "part_b": 2, "dist": 0.02227962574740378, "type": "REF_SYM"}, {"part_a": 3, "params": [0.7983442544937134, -0.0026313364505767822, -0.00029480457305908203], "part_b": 2, "dist": 0.018128648435271635, "type": "TRANS_SYM"}, {"part_a": 3, "params": [-0.029906632378697395, -2.408054828643799, -11.391267776489258, 0.010794897563755512, 0.9872567057609558, -0.15876933932304382, 0.0651710107922554], "part_b": 2, "dist": 0.019830661320234286, "type": "ROT_SYM"}]}]}], "edges": [{"part_a": 1, "part_b": 0, "dist": 0.005013447861179738, "type": "ADJ"}, {"part_a": 2, "part_b": 0, "dist": 0.010174839006610177, "type": "ADJ"}, {"part_a": 3, "part_b": 0, "dist": 0.008758342400377412, "type": "ADJ"}, {"part_a": 3, "part_b": 1, "dist": 0.00431452435940738, "type": "ADJ"}, {"part_a": 3, "part_b": 2, "dist": 0.005817022133516869, "type": "ADJ"}, {"part_a": 4, "part_b": 0, "dist": 0.010633824758576563, "type": "ADJ"}, {"part_a": 4, "part_b": 1, "dist": 0.0035274777723926193, "type": "ADJ"}, {"part_a": 4, "part_b": 2, "dist": 0.008863870526455354, "type": "ADJ"}, {"part_a": 2, "params": [-0.005303695797920227, -0.06782695651054382, 0.29552310705184937, 0.9999481439590454, 0.005520005710422993, 0.008563583716750145], "part_b": 1, "dist": 0.022900543103850472, "type": "REF_SYM"}, {"part_a": 2, "params": [-0.005078697577118874, -0.0816209614276886, 0.2905105650424957, -0.01862991228699684, 0.999674916267395, 0.017409194260835648, 3.118328094482422], "part_b": 1, "dist": 0.03797384687014794, "type": "ROT_SYM"}]}