{"id": 0, "label": "chair", "box": [-0.008844895288348198, 0.024293746799230576, 0.05785472318530083, 1.0776110887527466, 1.3208956718444824, 1.0555225610733032, 0.9999750256538391, 0.005730536300688982, -0.004130112938582897, -0.005843574646860361, 0.9995936751365662, -0.027897704392671585], "children": [{"id": 1, "label": "chair_back", "box": [-0.004825841635465622, 0.2000492662191391, -0.3113068640232086, 1.0867058038711548, 0.9550355076789856, 0.34747838973999023, 0.9999935626983643, 0.0011686539510264993, -0.003396173007786274, -0.0019040715415030718, 0.9742656350135803, -0.2253948450088501], "children": [{"id": 2, "label": "back_surface", "box": [-0.0027243036311119795, 0.16032180190086365, -0.3223312199115753, 1.0829010009765625, 0.9127050042152405, 0.3193834722042084, 0.9999424815177917, -0.001838763477280736, 0.01056853961199522, 0.004096902906894684, 0.9759796857833862, -0.21782304346561432], "children": [{"id": 3, "label": "back_single_surface", "box": [0.008448953740298748, 0.19834329187870026, -0.324219673871994, 1.0238553285598755, 0.9609958529472351, 0.33782556653022766, 0.9999268651008606, 0.0066914246417582035, 0.01007470116019249, -0.004568854346871376, 0.980269730091095, -0.19761192798614502]}]}]}, {"id": 4, "label": "chair_seat", "box": [-0.006833717226982117, -0.1467341035604477, 0.17801466584205627, 0.9978035092353821, 0.36926111578941345, 0.9730385541915894, 0.9999431371688843, 0.0057362401857972145, -0.008990981616079807, -0.005668978672474623, 0.9999558925628662, 0.007488743402063847], "children": [{"id": 7, "label": "seat_support", "box": [0.0007137357024475932, -0.2465141862630844, 0.13400109112262726, 0.9890486001968384, 0.22839082777500153, 0.9633723497390747, 0.9999552965164185, 0.001151206553913653, -0.009386439807713032, -0.0012877521803602576, 0.9998932480812073, -0.014554066583514214]}, {"id": 5, "label": "seat_surface", "box": [0.008859910070896149, -0.050197165459394455, 0.19088321924209595, 0.9967060685157776, 0.18591615557670593, 0.9039256572723389, 0.9999383687973022, 0.002596698934212327, -0.010795860551297665, -0.0026136788073927164, 0.9999954104423523, -0.0015589772956445813], "children": [{"id": 6, "label": "seat_single_surface", "box": [0.0017675254493951797, -0.0662757158279419, 0.1935587227344513, 1.0133717060089111, 0.18773938715457916, 0.8916623592376709, 0.9999341368675232, -0.002068188041448593, -0.011289019137620926, 0.0019926088862121105, 0.9999755620956421, -0.006702067330479622]}]}], "edges": [{"part_a": 0, "part_b": 1, "type": "ADJ"}, {"part_a": 1, "part_b": 0, "type": "ADJ"}]}, {"id": 8, "label": "chair_base", "box": [-0.003153876168653369, -0.43061110377311707, 0.1282186210155487, 1.0525903701782227, 0.36859622597694397, 0.9503893852233887, 0.9999378323554993, -0.005277265328913927, 0.009825970977544785, 0.005337003618478775, 0.9999673962593079, -0.006063423119485378], "children": [{"id": 9, "label": "regular_leg_base", "box": [-0.0013267408357933164, -0.4723607897758484, 0.13862624764442444, 0.9491273760795593, 0.44134950637817383, 0.8815815448760986, 0.9999526143074036, 0.009704552590847015, -0.0008252343395724893, -0.009713142178952694, 0.9998908638954163, -0.011135108768939972], "children": [{"id": 12, "label": "leg", "box": [-0.4303883910179138, -0.4517625868320465, 0.5413542985916138, 0.08684426546096802, 0.40429410338401794, 0.0786362886428833, 0.997966468334198, -0.06080647185444832, 0.019119033589959145, 0.06324074417352676, 0.9820581674575806, -0.17765797674655914]}, {"id": 10, "label": "leg", "box": [0.43655386567115784, -0.42479780316352844, -0.15799111127853394, 0.10902512818574905, 0.4490119218826294, 0.13823477923870087, 0.9947460293769836, 0.08054470270872116, 0.06318920105695724, -0.09815844148397446, 0.9257070422172546, 0.36528274416923523]}, {"id": 11, "label": "leg", "box": [0.4332432150840759, -0.46819356083869934, 0.585768461227417, 0.1114092692732811, 0.3237887918949127, 0.09645874053239822, 0.9966073036193848, 0.04943867772817612, 0.0658009871840477, -0.04132857546210289, 0.9919899702072144, -0.1193646490573883]}, {"id": 13, "label": "leg", "box": [-0.4203871190547943, -0.4530152380466461, -0.15519338846206665, 0.12115828692913055, 0.5029374957084656, 0.15830743312835693, 0.9986854195594788, -0.051206231117248535, 0.0023168930783867836, 0.048801250755786896, 0.9636633396148682, 0.26262402534484863]}], "edges": [{"part_a": 1, "part_b": 3, "type": "ROT_SYM"}, {"part_a": 1, "part_b": 3, "type": "REF_SYM"}, {"part_a": 3, "part_b": 1, "type": "ROT_SYM"}, {"part_a": 3, "part_b": 1, "type": "REF_SYM"}]}]}], "edges": [{"part_a": 0, "part_b": 1, "type": "ADJ"}, {"part_a": 1, "part_b": 0, "type": "ADJ"}, {"part_a": 1, "part_b": 2, "type": "ADJ"}, {"part_a": 2, "part_b": 0, "type": "ADJ"}, {"part_a": 2, "part_b": 1, "type": "ADJ"}]}