{"id": 0, "label": "chair", "box": [-0.0033402207773178816, -0.07039649039506912, 0.10970307141542435, 0.6873849034309387, 1.6043199300765991, 0.7604057788848877, 0.9999828934669495, -0.0031224272679537535, -0.004945439752191305, 0.003029888728633523, 0.999822199344635, -0.018610112369060516], "children": [{"id": 1, "label": "chair_back", "box": [-0.00011314451694488525, 0.3319413959980011, -0.23473913967609406, 0.6409167051315308, 0.8323209285736084, 0.09886714071035385, 0.9999958276748657, 0.001654026797041297, 0.0023839569184929132, -0.0015018843114376068, 0.9980459809303284, -0.062466152012348175], "children": [{"id": 2, "label": "back_surface", "box": [-0.002292677527293563, 0.3034669756889343, -0.20670221745967865, 0.6310632824897766, 0.7710034847259521, 0.1072736382484436, 0.9999709725379944, -0.004285138566046953, -0.0063010891899466515, 0.003947057295590639, 0.9986014366149902, -0.05272150784730911], "children": [{"id": 3, "label": "back_single_surface", "box": [-0.007236160803586245, 0.3251332938671112, -0.21123002469539642, 0.6478254199028015, 0.7813361287117004, 0.10512842983007431, 0.9998679757118225, -0.00614396296441555, -0.015044759958982468, 0.005247555673122406, 0.9982492923736572, -0.05891377851366997]}]}]}, {"id": 4, "label": "chair_seat", "box": [-0.0016622900729998946, -0.09274844825267792, 0.13628117740154266, 0.7188783288002014, 0.14124448597431183, 0.6932490468025208, 0.9999892115592957, 0.0012819991679862142, 0.0044643389992415905, -0.0013494867598637938, 0.9998843669891357, 0.015146967023611069], "children": [{"id": 5, "label": "seat_surface", "box": [0.0039788964204490185, -0.10193268954753876, 0.1401202529668808, 0.6934323906898499, 0.13982389867305756, 0.6890584230422974, 0.9999934434890747, -0.001774400006979704, -0.0031558831688016653, 0.0017942031845450401, 0.9999786615371704, 0.006283306051045656], "children": [{"id": 6, "label": "seat_single_surface", "box": [-0.0012124677887186408, -0.10406192392110825, 0.13669994473457336, 0.7010199427604675, 0.13092613220214844, 0.698468029499054, 0.9999708533287048, 0.0008515429217368364, 0.00758594973012805, -0.0009525642963126302, 0.999910831451416, 0.013323256745934486]}]}]}, {"id": 7, "label": "chair_base", "box": [0.001102506648749113, -0.4798949658870697, 0.10750012844800949, 0.6908097267150879, 0.6796469688415527, 0.747150182723999, 0.9999915361404419, 0.0005287562380544841, 0.004088610876351595, -0.0005304159712977707, 0.9999998211860657, 0.00040486021316610277], "children": [{"id": 8, "label": "regular_leg_base", "box": [-0.002216324210166931, -0.4787418842315674, 0.10518893599510193, 0.6953424215316772, 0.6993395090103149, 0.7308157086372375, 0.9999920129776001, 0.0007009980618022382, 0.0039418903179466724, -0.0007056515896692872, 0.9999990463256836, 0.0011792732402682304], "children": [{"id": 11, "label": "leg", "box": [-0.2999287247657776, -0.48603755235671997, -0.21095098555088043, 0.09005806595087051, 0.7200701236724854, 0.0851086676120758, 0.9992946982383728, -0.014100369065999985, -0.0348040796816349, 0.01593399979174137, 0.9984683394432068, 0.052981968969106674]}, {"id": 12, "label": "leg", "box": [-0.3126862049102783, -0.4886417090892792, 0.42541390657424927, 0.09368563443422318, 0.709255576133728, 0.0918184220790863, 0.9996283650398254, -0.010310494340956211, 0.02523561753332615, 0.010409190319478512, 0.9999386668205261, -0.0037827405612915754]}, {"id": 10, "label": "leg", "box": [0.2779451906681061, -0.48395466804504395, -0.20891718566417694, 0.0912858098745346, 0.707004189491272, 0.08843711018562317, 0.9980777502059937, 0.008608612231910229, 0.061373885720968246, -0.011620411649346352, 0.9987367391586304, 0.04888620972633362]}, {"id": 9, "label": "leg", "box": [0.31208840012550354, -0.48395004868507385, 0.4250839650630951, 0.08908139914274216, 0.7205033898353577, 0.08465920388698578, 0.9994037747383118, 0.011991409584879875, -0.0323786623775959, -0.012195168063044548, 0.9999070167541504, -0.006102864630520344]}], "edges": [{"part_a": 0, "part_b": 1, "type": "ROT_SYM"}, {"part_a": 0, "part_b": 1, "type": "TRANS_SYM"}, {"part_a": 0, "part_b": 1, "type": "REF_SYM"}, {"part_a": 0, "part_b": 2, "type": "ROT_SYM"}, {"part_a": 0, "part_b": 2, "type": "TRANS_SYM"}, {"part_a": 0, "part_b": 2, "type": "REF_SYM"}, {"part_a": 0, "part_b": 3, "type": "ROT_SYM"}, {"part_a": 0, "part_b": 3, "type": "TRANS_SYM"}, {"part_a": 0, "part_b": 3, "type": "REF_SYM"}, {"part_a": 1, "part_b": 0, "type": "ROT_SYM"}, {"part_a": 1, "part_b": 0, "type": "TRANS_SYM"}, {"part_a": 1, "part_b": 0, "type": "REF_SYM"}, {"part_a": 1, "part_b": 2, "type": "ROT_SYM"}, {"part_a": 1, "part_b": 2, "type": "TRANS_SYM"}, {"part_a": 1, "part_b": 2, "type": "REF_SYM"}, {"part_a": 1, "part_b": 3, "type": "ROT_SYM"}, {"part_a": 1, "part_b": 3, "type": "TRANS_SYM"}, {"part_a": 1, "part_b": 3, "type": "REF_SYM"}, {"part_a": 2, "part_b": 0, "type": "ROT_SYM"}, {"part_a": 2, "part_b": 0, "type": "TRANS_SYM"}, {"part_a": 2, "part_b": 0, "type": "REF_SYM"}, {"part_a": 2, "part_b": 1, "type": "ROT_SYM"}, {"part_a": 2, "part_b": 1, "type": "TRANS_SYM"}, {"part_a": 2, "part_b": 1, "type": "REF_SYM"}, {"part_a": 2, "part_b": 3, "type": "ROT_SYM"}, {"part_a": 2, "part_b": 3, "type": "TRANS_SYM"}, {"part_a": 2, "part_b": 3, "type": "REF_SYM"}, {"part_a": 3, "part_b": 0, "type": "ROT_SYM"}, {"part_a": 3, "part_b": 0, "type": "TRANS_SYM"}, {"part_a": 3, "part_b": 0, "type": "REF_SYM"}, {"part_a": 3, "part_b": 1, "type": "ROT_SYM"}, {"part_a": 3, "part_b": 1, "type": "TRANS_SYM"}, {"part_a": 3, "part_b": 1, "type": "REF_SYM"}, {"part_a": 3, "part_b": 2, "type": "ROT_SYM"}, {"part_a": 3, "part_b": 2, "type": "TRANS_SYM"}, {"part_a": 3, "part_b": 2, "type": "REF_SYM"}]}]}], "edges": [{"part_a": 0, "part_b": 1, "type": "ADJ"}, {"part_a": 1, "part_b": 0, "type": "ADJ"}, {"part_a": 1, "part_b": 2, "type": "ADJ"}, {"part_a": 2, "part_b": 1, "type": "ADJ"}]}