{"id": 0, "label": "chair", "box": [-0.005977885331958532, 0.03450118005275726, 0.05956350639462471, 0.9602972865104675, 1.2124950885772705, 1.6138097047805786, -2.403066901024431e-07, 0.04059767723083496, -0.9991755485534668, 0.9999999403953552, -0.00040856676059775054, -1.684105154708959e-05], "children": [{"id": 1, "label": "chair_back", "box": [-0.004400272853672504, 0.23782287538051605, 0.06766363233327866, 0.897322952747345, 1.2159099578857422, 1.2611809968948364, -0.0017683060141280293, -0.0213539507240057, -0.9997704029083252, 0.9999751448631287, -0.00685704592615366, -0.001622209558263421], "children": [{"id": 2, "label": "back_surface", "box": [-0.004400272853672504, 0.23782287538051605, 0.06766363233327866, 0.897322952747345, 1.2159099578857422, 1.2611809968948364, -0.0017683060141280293, -0.0213539507240057, -0.9997704029083252, 0.9999751448631287, -0.00685704592615366, -0.001622209558263421], "children": [{"id": 3, "label": "back_single_surface", "box": [-0.004400272853672504, 0.23782287538051605, 0.06766363233327866, 0.897322952747345, 1.2159099578857422, 1.2611809968948364, -0.0017683060141280293, -0.0213539507240057, -0.9997704029083252, 0.9999751448631287, -0.00685704592615366, -0.001622209558263421]}]}]}, {"id": 4, "label": "chair_arm", "box": [0.5412886738777161, 0.19021643698215485, 0.0856679230928421, 0.1451122909784317, 0.9183465838432312, 1.1057409048080444, 0.999404788017273, -0.0009531696559861302, -0.03448463976383209, 0.03440411016345024, -0.04608790948987007, 0.9983447790145874], "children": [{"id": 5, "label": "arm_near_vertical_bar", "box": [0.5466982126235962, 0.0411527194082737, 0.45342376828193665, 0.10953894257545471, 0.17178811132907867, 0.8416059613227844, -0.9996511340141296, 0.005258070770651102, -0.025883318856358528, 0.0260870810598135, 0.04331933706998825, -0.998720645904541]}, {"id": 6, "label": "arm_horizontal_bar", "box": [0.5629085302352905, 0.5345175266265869, 0.0738399550318718, 0.0751383826136589, 0.22556482255458832, 0.9224956631660461, 0.9999943375587463, -0.002886018482968211, -0.0017409161664545536, -0.003358159912750125, -0.89720618724823, -0.4415991008281708]}, {"id": 7, "label": "arm_sofa_style", "box": [0.5285400152206421, 0.19687168300151825, 0.07949069142341614, 0.14549076557159424, 0.7958396673202515, 1.0122791528701782, 0.9999966025352478, 0.00013924525410402566, -0.002614099532365799, 0.002616390585899353, -0.020335538312792778, 0.9997897744178772]}], "edges": [{"part_a": 1, "dist": 0.013318609753211362, "part_b": 0, "type": "ADJ"}, {"part_a": 2, "dist": 0.00538041983829279, "part_b": 0, "type": "ADJ"}, {"part_a": 2, "dist": 0.006761384634707519, "part_b": 1, "type": "ADJ"}]}, {"id": 8, "label": "chair_arm", "box": [-0.5567021369934082, 0.19276496767997742, 0.09951265156269073, 0.11129026114940643, 0.8907341957092285, 1.0988531112670898, -0.9999978542327881, -0.0017749052494764328, -0.0010893517173826694, 0.0010053659789264202, 0.046651117503643036, -0.9989107251167297], "children": [{"id": 9, "label": "arm_near_vertical_bar", "box": [-0.5570807456970215, 0.04446309059858322, 0.4546152949333191, 0.11145270615816116, 0.16729985177516937, 0.835446298122406, -0.9999034404754639, -0.002908216556534171, -0.013589452020823956, 0.013434386812150478, 0.047965265810489655, -0.9987586736679077]}, {"id": 10, "label": "arm_horizontal_bar", "box": [-0.5745840072631836, 0.5197100639343262, 0.04226911813020706, 0.07514988631010056, 0.2728055715560913, 0.8438354134559631, 0.9999975562095642, -0.0018973546102643013, -0.00111292430665344, -0.002196549903601408, -0.8882821202278137, -0.4592929780483246]}, {"id": 11, "label": "arm_sofa_style", "box": [-0.5568135976791382, 0.2080913484096527, 0.05304063856601715, 0.1102224811911583, 0.7401978969573975, 0.9430885314941406, 0.9999998807907104, -0.00045924936421215534, -0.00028705730801448226, 0.00029363579233177006, 0.014389092102646828, 0.9998964071273804]}], "edges": [{"part_a": 1, "dist": 0.010981952119971827, "part_b": 0, "type": "ADJ"}, {"part_a": 2, "dist": 0.00889452535843838, "part_b": 0, "type": "ADJ"}, {"part_a": 2, "dist": 0.004969666029395399, "part_b": 1, "type": "ADJ"}]}, {"id": 12, "label": "chair_seat", "box": [-0.00528906611725688, -0.18873369693756104, 0.07793135195970535, 0.5760762095451355, 0.9150907397270203, 1.2113150358200073, 0.0013468285324051976, 0.9999884963035583, -0.004607247654348612, -3.16572368319612e-06, -0.004607247654348612, -0.99998939037323], "children": [{"id": 13, "label": "seat_surface", "box": [-0.02186412923038006, 0.02110293321311474, 0.13680098950862885, 0.26433953642845154, 0.8528756499290466, 1.0953190326690674, -0.0016924976371228695, -0.9510444402694702, -0.3090496063232422, 0.0011677088914439082, -0.3090517222881317, 0.951044499874115], "children": [{"id": 14, "label": "seat_single_surface", "box": [-0.02186412923038006, 0.02110293321311474, 0.13680098950862885, 0.26433953642845154, 0.8528756499290466, 1.0953190326690674, -0.0016924976371228695, -0.9510444402694702, -0.3090496063232422, 0.0011677088914439082, -0.3090517222881317, 0.951044499874115]}]}, {"id": 15, "label": "seat_support", "box": [-0.005450444761663675, -0.30223748087882996, 0.07792284339666367, 0.22977623343467712, 0.8983311057090759, 1.2107746601104736, -0.008794045075774193, 0.9994800686836243, -0.03102104738354683, 0.0008524529403075576, 0.031029729172587395, 0.999518096446991]}, {"id": 16, "label": "seat_frame", "box": [-0.005515603814274073, -0.40299883484840393, 0.05213482677936554, 0.2097737044095993, 0.8644376397132874, 1.2116438150405884, -0.020526405423879623, -0.9981394410133362, -0.057413727045059204, 4.536762571660802e-05, 0.05742489546537399, -0.9983498454093933], "children": [{"id": 17, "label": "seat_frame_bar", "box": [-0.5724549293518066, -0.38552549481391907, 0.05637847259640694, 0.139689639210701, 0.14829379320144653, 0.8651402592658997, 0.6820239424705505, 0.7311745882034302, -0.01506938599050045, 0.7307910323143005, -0.6821675300598145, -0.024329032748937607]}, {"id": 18, "label": "seat_frame_bar", "box": [0.5493596196174622, -0.4166262447834015, 0.052696216851472855, 0.1313951164484024, 0.18898168206214905, 0.8602880239486694, -0.17590077221393585, 0.9843964576721191, -0.004752054810523987, -0.979163646697998, -0.17545928061008453, -0.10223821550607681]}, {"id": 19, "label": "seat_frame_bar", "box": [-0.002154459711164236, -0.3425210416316986, -0.3394770920276642, 0.07693545520305634, 0.13538600504398346, 1.2065958976745605, -5.687575708179793e-07, 0.025203010067343712, -0.9996823668479919, 0.02105189859867096, 0.9994608163833618, 0.025197412818670273]}, {"id": 20, "label": "seat_frame_bar", "box": [-0.017649659886956215, -0.395143985748291, 0.4127928912639618, 0.10873080790042877, 0.14925001561641693, 1.018335223197937, 6.57613327348372e-06, 0.9798181056976318, -0.19989129900932312, 0.011342196725308895, 0.19987836480140686, 0.9797550439834595]}], "edges": [{"part_a": 2, "dist": 0.012253892458949266, "part_b": 0, "type": "ADJ"}, {"part_a": 2, "dist": 0.003765688425296604, "part_b": 1, "type": "ADJ"}, {"part_a": 3, "dist": 0.007911323927681655, "part_b": 0, "type": "ADJ"}, {"part_a": 3, "dist": 0.011824007488855988, "part_b": 1, "type": "ADJ"}, {"part_a": 1, "dist": 0.03872539850028704, "part_b": 0, "type": "REF_SYM", "params": [-0.0077117085456848145, -0.40636616945266724, 0.06572554260492325, -0.9994020462036133, 0.005788425449281931, -0.03408873453736305]}, {"part_a": 1, "dist": 0.037732848910579465, "part_b": 0, "type": "TRANS_SYM", "params": [-1.1027791500091553, 0.006387174129486084, -0.037614837288856506]}, {"part_a": 1, "dist": 0.04548130901750845, "part_b": 0, "type": "ROT_SYM", "params": [-0.016498517245054245, -2.442753553390503, -0.8410397171974182, -0.03311463072896004, 0.04593590274453163, 0.9983953833580017, 0.5400898456573486]}, {"part_a": 3, "dist": 0.049839715540602667, "part_b": 0, "type": "ROT_SYM",