{"id": 0, "label": "chair", "box": [0.0012862191069871187, -0.026005543768405914, 0.1086663007736206, 0.6446455121040344, 1.705965518951416, 0.6884114742279053, 0.9999961853027344, -0.0010691280476748943, -0.002548299031332135, 0.001022816402837634, 0.9998355507850647, -0.018106089904904366], "children": [{"id": 1, "label": "chair_back", "box": [-0.0014924041461199522, 0.35073724389076233, -0.19713780283927917, 0.6090112328529358, 0.991976797580719, 0.11279254406690598, 0.9999904036521912, 0.003335363697260618, 0.0028417145367711782, -0.003218933939933777, 0.9991930723190308, -0.0400354377925396], "children": [{"id": 2, "label": "back_surface", "box": [-0.0028366537299007177, 0.3403104841709137, -0.16538503766059875, 0.6152227520942688, 0.9866378307342529, 0.11603415012359619, 0.9999930262565613, -0.002299258951097727, -0.0029479756485670805, 0.002165347570553422, 0.9990003108978271, -0.04465031623840332], "children": [{"id": 3, "label": "back_single_surface", "box": [-0.005414123646914959, 0.3445674180984497, -0.18796813488006592, 0.6199252009391785, 0.9297758936882019, 0.10968207567930222, 0.9999361634254456, -0.007383374962955713, -0.008557903580367565, 0.007063005119562149, 0.9992947578430176, -0.036879800260066986]}]}]}, {"id": 4, "label": "chair_seat", "box": [0.0038147217128425837, -0.14358380436897278, 0.13787135481834412, 0.6464737057685852, 0.17699144780635834, 0.6403398513793945, 0.9999971389770508, -0.0019004634814336896, -0.0014440648956224322, 0.0019021424232050776, 0.9999975562095642, 0.0011620688019320369], "children": [{"id": 5, "label": "seat_surface", "box": [0.00047785413335077465, -0.13715334236621857, 0.14648523926734924, 0.6939907670021057, 0.16452643275260925, 0.6188315153121948, 0.9999529123306274, 0.003132383804768324, -0.009189003147184849, -0.0030797303188592196, 0.99997878074646, 0.005738588981330395], "children": [{"id": 6, "label": "seat_single_surface", "box": [-0.0008222850156016648, -0.15038102865219116, 0.14160075783729553, 0.6568779349327087, 0.15473727881908417, 0.6442432999610901, 0.999980628490448, -0.000739788927603513, 0.006183277815580368, 0.0006073617259971797, 0.999770998954773, 0.0213914904743433]}]}]}, {"id": 7, "label": "chair_base", "box": [0.002589465817436576, -0.5168116092681885, 0.11382361501455307, 0.6383105516433716, 0.648985743522644, 0.6484320759773254, 0.9999937415122986, 0.0021938192658126354, 0.0027856584638357162, -0.0021994290873408318, 0.9999955892562866, 0.0020122744608670473], "children": [{"id": 8, "label": "regular_leg_base", "box": [-0.001785367727279663, -0.5282589197158813, 0.12001840770244598, 0.6399547457695007, 0.6704401969909668, 0.6457486152648926, 0.9999909996986389, 0.00176433811429888, 0.003869827836751938, -0.001777398050762713, 0.9999927282333374, 0.0033739947248250246], "children": [{"id": 9, "label": "leg", "box": [-0.2873978614807129, -0.536403238773346, -0.1701316088438034, 0.0854780450463295, 0.6806859374046326, 0.07647116482257843, 0.9997537136077881, -0.005073783453553915, -0.021606341004371643, 0.005573198664933443, 0.9997172355651855, 0.023117180913686752]}, {"id": 10, "label": "leg", "box": [-0.2892889976501465, -0.5276132822036743, 0.3957461416721344, 0.09199950098991394, 0.6832101941108704, 0.09104292839765549, 0.9996312260627747, -0.007581432815641165, 0.02607751078903675, 0.0076896511018276215, 0.9999622106552124, -0.004052107222378254]}, {"id": 12, "label": "leg", "box": [0.2600754201412201, -0.5325102806091309, -0.17156605422496796, 0.08669059723615646, 0.6597575545310974, 0.08421588689088821, 0.9990883469581604, 0.004167759325355291, 0.04248664900660515, -0.004963290877640247, 0.9998140335083008, 0.018636010587215424]}, {"id": 11, "label": "leg", "box": [0.293946772813797, -0.5301566123962402, 0.3821380138397217, 0.09286423772573471, 0.6756141185760498, 0.08248957991600037, 0.999603807926178, 0.007863948121666908, -0.027026163414120674, -0.007873940281569958, 0.9999690055847168, -0.0002632682444527745]}], "edges": [{"part_a": 0, "part_b": 1, "type": "ROT_SYM"}, {"part_a": 0, "part_b": 1, "type": "TRANS_SYM"}, {"part_a": 0, "part_b": 1, "type": "REF_SYM"}, {"part_a": 0, "part_b": 2, "type": "ROT_SYM"}, {"part_a": 0, "part_b": 2, "type": "TRANS_SYM"}, {"part_a": 0, "part_b": 2, "type": "REF_SYM"}, {"part_a": 0, "part_b": 3, "type": "ROT_SYM"}, {"part_a": 0, "part_b": 3, "type": "TRANS_SYM"}, {"part_a": 0, "part_b": 3, "type": "REF_SYM"}, {"part_a": 1, "part_b": 0, "type": "ROT_SYM"}, {"part_a": 1, "part_b": 0, "type": "TRANS_SYM"}, {"part_a": 1, "part_b": 0, "type": "REF_SYM"}, {"part_a": 1, "part_b": 2, "type": "ROT_SYM"}, {"part_a": 1, "part_b": 2, "type": "TRANS_SYM"}, {"part_a": 1, "part_b": 2, "type": "REF_SYM"}, {"part_a": 1, "part_b": 3, "type": "ROT_SYM"}, {"part_a": 1, "part_b": 3, "type": "TRANS_SYM"}, {"part_a": 1, "part_b": 3, "type": "REF_SYM"}, {"part_a": 2, "part_b": 0, "type": "ROT_SYM"}, {"part_a": 2, "part_b": 0, "type": "TRANS_SYM"}, {"part_a": 2, "part_b": 0, "type": "REF_SYM"}, {"part_a": 2, "part_b": 1, "type": "ROT_SYM"}, {"part_a": 2, "part_b": 1, "type": "TRANS_SYM"}, {"part_a": 2, "part_b": 1, "type": "REF_SYM"}, {"part_a": 2, "part_b": 3, "type": "ROT_SYM"}, {"part_a": 2, "part_b": 3, "type": "TRANS_SYM"}, {"part_a": 2, "part_b": 3, "type": "REF_SYM"}, {"part_a": 3, "part_b": 0, "type": "ROT_SYM"}, {"part_a": 3, "part_b": 0, "type": "TRANS_SYM"}, {"part_a": 3, "part_b": 0, "type": "REF_SYM"}, {"part_a": 3, "part_b": 1, "type": "ROT_SYM"}, {"part_a": 3, "part_b": 1, "type": "TRANS_SYM"}, {"part_a": 3, "part_b": 1, "type": "REF_SYM"}, {"part_a": 3, "part_b": 2, "type": "ROT_SYM"}, {"part_a": 3, "part_b": 2, "type": "TRANS_SYM"}, {"part_a": 3, "part_b": 2, "type": "REF_SYM"}]}]}], "edges": [{"part_a": 0, "part_b": 1, "type": "ADJ"}, {"part_a": 0, "part_b": 2, "type": "ADJ"}, {"part_a": 1, "part_b": 0, "type": "ADJ"}, {"part_a": 1, "part_b": 2, "type": "ADJ"}, {"part_a": 2, "part_b": 1, "type": "ADJ"}]}