{"id": 0, "label": "chair", "box": [0.010721289552748203, 0.05966990813612938, 0.11712619662284851, 0.7191588282585144, 1.7382115125656128, 0.7090174555778503, 0.9999968409538269, 0.00037409583455882967, -0.0024798819795250893, -0.00036769549478776753, 0.9999966025352478, 0.002580865751951933], "children": [{"id": 1, "label": "chair_back", "box": [-0.0008956731762737036, 0.4466788172721863, -0.18935395777225494, 0.6767131090164185, 1.080843448638916, 0.12210167944431305, 0.9999671578407288, 0.001593441003933549, 0.007945328950881958, -0.0015577049925923347, 0.9999886751174927, -0.0045018987730145454], "children": [{"id": 2, "label": "back_surface", "box": [-0.0014615942491218448, 0.42650002241134644, -0.17139972746372223, 0.6973223686218262, 1.0710755586624146, 0.11690463125705719, 0.9999836683273315, -0.004853423219174147, -0.0030247813556343317, 0.0048076254315674305, 0.9998764395713806, -0.014968689531087875], "children": [{"id": 3, "label": "back_single_surface", "box": [-0.003132772631943226, 0.4341326355934143, -0.18460863828659058, 0.7163520455360413, 1.0303727388381958, 0.12719006836414337, 0.9999901056289673, -0.004172499757260084, -0.0015569753013551235, 0.004163052886724472, 0.9999732375144958, -0.006022447254508734]}]}]}, {"id": 4, "label": "chair_seat", "box": [-0.010340716689825058, -0.15084198117256165, 0.12061083316802979, 0.7454307675361633, 0.23398318886756897, 0.7047229409217834, 0.9999935626983643, -3.0309573048725724e-05, -0.003597307950258255, 2.9001352231716737e-05, 0.9999999403953552, -0.0003637177578639239], "children": [{"id": 5, "label": "seat_surface", "box": [0.0018397753592580557, -0.15867407619953156, 0.12219315022230148, 0.7461627721786499, 0.21383732557296753, 0.6898696422576904, 0.9999213814735413, 0.005607327446341515, -0.011217663064599037, -0.0055452026426792145, 0.9999691843986511, 0.005561557598412037], "children": [{"id": 6, "label": "seat_single_surface", "box": [0.004592144396156073, -0.15370069444179535, 0.1316031813621521, 0.7148926854133606, 0.19419404864311218, 0.7134669423103333, 0.9999827742576599, -0.0034552353899925947, -0.004751488566398621, 0.0035444162786006927, 0.9998152852058411, 0.01889055222272873]}]}]}, {"id": 7, "label": "chair_base", "box": [0.006338510662317276, -0.5263089537620544, 0.12266010046005249, 0.6913802623748779, 0.5920766592025757, 0.6717087626457214, 0.9999854564666748, 0.0023576722014695406, 0.004854841157793999, -0.00237795221619308, 0.9999884963035583, 0.0041757067665457726], "children": [{"id": 8, "label": "regular_leg_base", "box": [-0.0007975584012456238, -0.5196322202682495, 0.12219847738742828, 0.6939888596534729, 0.602106511592865, 0.6891135573387146, 0.9999954700469971, 0.00015857636753935367, -0.0030098995193839073, -0.0001575213100295514, 0.9999999403953552, 0.00035076303174719214], "children": [{"id": 9, "label": "leg", "box": [-0.2956651449203491, -0.5272215008735657, -0.16744624078273773, 0.10326129198074341, 0.6143858432769775, 0.09493277966976166, 0.9999035596847534, -0.0056264083832502365, -0.012700199149549007, 0.0058533139526844025, 0.9998226165771484, 0.01790047623217106]}, {"id": 11, "label": "leg", "box": [-0.2994091510772705, -0.5184091329574585, 0.4309203624725342, 0.10028035193681717, 0.6183620691299438, 0.10065819323062897, 0.9997554421424866, -0.0048939078114926815, 0.02156768925487995, 0.004956744611263275, 0.9999836087226868, -0.0028610043227672577]}, {"id": 10, "label": "leg", "box": [0.27627766132354736, -0.5214282870292664, -0.16163840889930725, 0.10545878857374191, 0.617465615272522, 0.10218177735805511, 0.9999163150787354, 0.004460934083908796, 0.01214438397437334, -0.004705275408923626, 0.9997856020927429, 0.02016601338982582]}, {"id": 12, "label": "leg", "box": [0.3048259913921356, -0.5199493765830994, 0.4111778438091278, 0.106128990650177, 0.619224488735199, 0.09716835618019104, 0.9997107982635498, 0.009663301520049572, -0.022021595388650894, -0.009653028100728989, 0.9999532699584961, 0.000572770950384438]}], "edges": [{"part_a": 0, "part_b": 1, "type": "ROT_SYM"}, {"part_a": 0, "part_b": 1, "type": "TRANS_SYM"}, {"part_a": 0, "part_b": 1, "type": "REF_SYM"}, {"part_a": 0, "part_b": 2, "type": "ROT_SYM"}, {"part_a": 0, "part_b": 2, "type": "TRANS_SYM"}, {"part_a": 0, "part_b": 2, "type": "REF_SYM"}, {"part_a": 0, "part_b": 3, "type": "ROT_SYM"}, {"part_a": 0, "part_b": 3, "type": "TRANS_SYM"}, {"part_a": 0, "part_b": 3, "type": "REF_SYM"}, {"part_a": 1, "part_b": 0, "type": "ROT_SYM"}, {"part_a": 1, "part_b": 0, "type": "TRANS_SYM"}, {"part_a": 1, "part_b": 0, "type": "REF_SYM"}, {"part_a": 1, "part_b": 2, "type": "ROT_SYM"}, {"part_a": 1, "part_b": 2, "type": "TRANS_SYM"}, {"part_a": 1, "part_b": 2, "type": "REF_SYM"}, {"part_a": 1, "part_b": 3, "type": "ROT_SYM"}, {"part_a": 1, "part_b": 3, "type": "TRANS_SYM"}, {"part_a": 1, "part_b": 3, "type": "REF_SYM"}, {"part_a": 2, "part_b": 0, "type": "ROT_SYM"}, {"part_a": 2, "part_b": 0, "type": "TRANS_SYM"}, {"part_a": 2, "part_b": 0, "type": "REF_SYM"}, {"part_a": 2, "part_b": 1, "type": "ROT_SYM"}, {"part_a": 2, "part_b": 1, "type": "TRANS_SYM"}, {"part_a": 2, "part_b": 1, "type": "REF_SYM"}, {"part_a": 2, "part_b": 3, "type": "ROT_SYM"}, {"part_a": 2, "part_b": 3, "type": "TRANS_SYM"}, {"part_a": 2, "part_b": 3, "type": "REF_SYM"}, {"part_a": 3, "part_b": 0, "type": "ROT_SYM"}, {"part_a": 3, "part_b": 0, "type": "TRANS_SYM"}, {"part_a": 3, "part_b": 0, "type": "REF_SYM"}, {"part_a": 3, "part_b": 1, "type": "ROT_SYM"}, {"part_a": 3, "part_b": 1, "type": "TRANS_SYM"}, {"part_a": 3, "part_b": 1, "type": "REF_SYM"}, {"part_a": 3, "part_b": 2, "type": "ROT_SYM"}, {"part_a": 3, "part_b": 2, "type": "TRANS_SYM"}, {"part_a": 3, "part_b": 2, "type": "REF_SYM"}]}]}], "edges": [{"part_a": 0, "part_b": 1, "type": "ADJ"}, {"part_a": 1, "part_b": 0, "type": "ADJ"}, {"part_a": 1, "part_b": 2, "type": "ADJ"}, {"part_a": 2, "part_b": 1, "type": "ADJ"}]}