{"id": 0, "label": "chair", "box": [-0.0076945023611187935, -0.08462624251842499, 0.059415776282548904, 0.9079169631004333, 1.3514562845230103, 0.924670398235321, 0.9999005198478699, 0.0047804564237594604, 0.013270230032503605, -0.004670402500778437, 0.9999545216560364, -0.00831191148608923], "children": [{"id": 1, "label": "chair_back", "box": [0.0028497891034930944, 0.2675301730632782, -0.26293230056762695, 0.8126677870750427, 0.7517049908638, 0.14488817751407623, 0.9999198317527771, -0.0021131648682057858, 0.012483682483434677, 0.002954460447654128, 0.997697114944458, -0.06776246428489685], "children": [{"id": 2, "label": "back_surface", "box": [-0.006540684029459953, 0.29119089245796204, -0.2714707851409912, 0.8071444034576416, 0.7978081703186035, 0.13479356467723846, 0.9999785423278809, -0.004001642111688852, -0.00519326189532876, 0.003514730604365468, 0.9958812594413757, -0.09059908241033554], "children": [{"id": 3, "label": "back_single_surface", "box": [0.0008432788890786469, 0.29025542736053467, -0.2590343654155731, 0.8181953430175781, 0.787696897983551, 0.14015106856822968, 0.9999874234199524, -0.004039816092699766, 0.002978326752781868, 0.004305054899305105, 0.9954476356506348, -0.09521301090717316]}]}]}, {"id": 6, "label": "chair_arm", "box": [-0.3679506480693817, 0.09384768456220627, 0.12131822109222412, 0.13798877596855164, 0.4104782044887543, 0.7335813045501709, 0.9976159334182739, 0.06171509996056557, 0.030882904306054115, -0.0631634071469307, 0.9968311786651611, 0.04835322126746178], "children": [{"id": 7, "label": "arm_sofa_style", "box": [-0.39394626021385193, 0.1065673977136612, 0.12058421224355698, 0.1124785840511322, 0.3521150052547455, 0.6414082646369934, 0.9974371790885925, 0.0529172420501709, 0.04815427586436272, -0.055810678750276566, 0.9965841770172119, 0.06087026372551918]}]}, {"id": 4, "label": "chair_arm", "box": [0.38359296321868896, 0.10170162469148636, 0.11255168914794922, 0.12686152756214142, 0.41551879048347473, 0.7498604655265808, 0.9994856119155884, -0.030638620257377625, -0.009480230510234833, 0.03106110543012619, 0.9983547925949097, 0.04819663241505623], "children": [{"id": 5, "label": "arm_sofa_style", "box": [0.3723050057888031, 0.10569871217012405, 0.10718021541833878, 0.13217756152153015, 0.37489446997642517, 0.6373170614242554, 0.9984568953514099, -0.05376686900854111, -0.01389036700129509, 0.05426068976521492, 0.9978023171424866, 0.03803018108010292]}]}, {"id": 8, "label": "chair_seat", "box": [0.009814182296395302, -0.0843222364783287, 0.1099817082285881, 0.8365038633346558, 0.18729330599308014, 0.8123549818992615, 0.9998086094856262, -0.01873060129582882, -0.005651405081152916, 0.018900034949183464, 0.9993222951889038, 0.03158684819936752], "children": [{"id": 9, "label": "seat_surface", "box": [-0.002493536565452814, -0.08585945516824722, 0.10560828447341919, 0.8134407997131348, 0.1933964341878891, 0.7863675355911255, 0.9999927878379822, -0.0025864255148917437, -0.002789202146232128, 0.0026505517307668924, 0.9997264742851257, 0.023237641900777817], "children": [{"id": 10, "label": "seat_single_surface", "box": [0.0007135606138035655, -0.08387572318315506, 0.12167258560657501, 0.788657546043396, 0.19998912513256073, 0.7882429957389832, 0.999995768070221, 0.002113026799634099, 0.0020072252955287695, -0.00213638786226511, 0.9999291896820068, 0.011708507314324379]}]}]}, {"id": 11, "label": "chair_base", "box": [0.0018493772950023413, -0.4500437378883362, 0.0695502832531929, 0.8721631169319153, 0.6300883293151855, 0.9030643105506897, 0.9999957084655762, -0.0026341809425503016, 0.0012759785167872906, 0.0026343916542828083, 0.999996542930603, -0.00016343517927452922], "children": [{"id": 12, "label": "regular_leg_base", "box": [0.0009274703334085643, -0.44806599617004395, 0.07438530772924423, 0.8927533626556396, 0.6446384787559509, 0.9122527241706848, 0.9999909996986389, -0.0027307323180139065, 0.003259440418332815, 0.0027191354893147945, 0.9999899864196777, 0.0035569530446082354], "children": [{"id": 15, "label": "leg", "box": [-0.3841012120246887, -0.4554692506790161, -0.29768234491348267, 0.08645402640104294, 0.6591230034828186, 0.09984193742275238, 0.999248206615448, -0.02122602052986622, -0.03244227170944214, 0.025451648980379105, 0.990388810634613, 0.13594917953014374]}, {"id": 16, "label": "leg", "box": [-0.39356693625450134, -0.4469926953315735, 0.46934014558792114, 0.08911816775798798, 0.651742696762085, 0.10279105603694916, 0.9993528127670288, -0.01563822291791439, 0.03239579126238823, 0.016400661319494247, 0.9995915293693542, -0.023404719308018684]}, {"id": 14, "label": "leg", "box": [0.3758000433444977, -0.4543111324310303, -0.2945230305194855, 0.08846459537744522, 0.6411793828010559, 0.09425465017557144, 0.9979287981987, 0.00843012798577547, 0.06377318501472473, -0.015987500548362732, 0.9927727580070496, 0.11894001066684723]}, {"id": 13, "label": "leg", "box": [0.3918059766292572, -0.44809389114379883, 0.4676589071750641, 0.07976465672254562, 0.640596866607666, 0.10488677769899368, 0.9991583228111267, 0.010891487821936607, -0.039547741413116455, -0.01219241414219141, 0.9993874430656433, -0.032804299145936966]}], "edges": [{"part_a": 0, "part_b": 1, "type": "ROT_SYM"}, {"part_a": 0, "part_b": 1, "type": "TRANS_SYM"}, {"part_a": 0, "part_b": 1, "type": "REF_SYM"}, {"part_a": 0, "part_b": 2, "type": "ROT_SYM"}, {"part_a": 0, "part_b": 2, "type": "TRANS_SYM"}, {"part_a": 0, "part_b": 2, "type": "REF_SYM"}, {"part_a": 0, "part_b": 3, "type": "ROT_SYM"}, {"part_a": 0, "part_b": 3, "type": "TRANS_SYM"}, {"part_a": 0, "part_b": 3, "type": "REF_SYM"}, {"part_a": 1, "part_b": 0, "type": "ROT_SYM"}, {"part_a": 1, "part_b": 0, "type": "TRANS_SYM"}, {"part_a": 1, "part_b": 0, "type": "REF_SYM"}, {"part_a": 1, "part_b": 2, "type": "ROT_SYM"}, {"part_a": 1, "part_b": 2, "type": "TRANS_SYM"}, {"part_a": 1, "part_b": 2, "type": "REF_SYM"}, {"part_a": 1, "part_b": 3, "type": "ROT_SYM"}, {"part_a": 1, "part_b": 3, "type": "TRANS_SYM"}, {"part_a": 1, "part_b": 3, "type": "REF_SYM"}, {"part_a": 2, "part_b": 0, "type": "ROT_SYM"}, {"part_a": 2, "part_b": 0, "type": "TRANS_SYM"}, {"part_a": 2, "part_b": 0, "type": "REF_SYM"}, {"part_a": 2, "part_b": 1, "type": "ROT_SYM"}, {"part_a": 2, "part_b": 1, "type": "TRANS_SYM"}, {"part_a": 2, "part_b": 1, "type": "REF_SYM"}, {"part_a": 2, "part_b": 3, "type": "ROT_SYM"}, {"part_a": 2, "part_b": 3, "type": "TRANS_SYM"}, {"part_a": 2, "part_b": 3, "type": "REF_SYM"}, {"part_a": 3, "part_b": 0, "type": "ROT_SYM"}, {"part_a": 3, "part_b": 0, "type": "TRANS_SYM"}, {"part_a": 3, "part_b": 0, "type": "REF_SYM"}, {"part_a": 3, "part_b": 1, "type": "ROT_SYM"}, {"part_a": 3, "part_b": 1, "type": "TRANS_SYM"}, {"part_a": 3, "part_b": 1, "type": "REF_SYM"}, {"part_a": 3, "part_b": 2, "type": "ROT_SYM"}, {"part_a": 3, "part_b": 2, "type": "TRANS_SYM"}, {"part_a": 3, "part_b": 2, "type": "REF_SYM"}]}]}], "edges": [{"part_a": 0, "part_b": 1, "type": "ADJ"}, {"part_a": 0, "part_b": 2, "type": "ADJ"}, {"part_a": 0, "part_b": 3, "type": "ADJ"}, {"part_a": 1, "part_b": 0, "type": "ADJ"}, {"part_a": 1, "part_b": 2, "type": "ROT_SYM"}, {"part_a": 1, "part_b": 2, "type": "TRANS_SYM"}, {"part_a": 1, "part_b": 2, "type": "REF_SYM"}, {"part_a": 1, "part_b": 3, "type": "ADJ"}, {"part_a": 2, "part_b": 0, "type": "ADJ"}, {"part_a": 2, "part_b": 1, "type": "ROT_SYM"}, {"part_a": 2, "part_b": 1, "type": "TRANS_SYM"}, {"part_a": 2, "part_b": 1, "type": "REF_SYM"}, {"part_a": 2, "part_b": 3, "type": "ADJ"}, {"part_a": 3, "part_b": 0, "type": "ADJ"}, {"part_a": 3, "part_b": 1, "type": "ADJ"}, {"part_a": 3, "part_b": 2, "type": "ADJ"}, {"part_a": 3, "part_b": 4, "type": "ADJ"}, {"part_a": 4, "part_b": 3, "type": "ADJ"}]}