{"id": 0, "label": "chair", "box": [0.0013554752804338932, 0.044949181377887726, 0.16052043437957764, 0.8596053123474121, 1.0498950481414795, 1.324046015739441, 1.0, 5.8520228662928275e-08, 1.1090029147453606e-05, -1.1090030056948308e-05, 1.1201113011338748e-05, 1.0], "children": [{"id": 1, "label": "chair_back", "box": [0.0013527334667742252, 0.21040654182434082, -0.24065108597278595, 0.31828659772872925, 0.8596409559249878, 1.0077145099639893, 3.176056998199783e-05, -0.0869375467300415, -0.9962137341499329, -1.0, -4.954818359692581e-05, -2.7557311113923788e-05], "children": [{"id": 2, "label": "back_surface", "box": [0.0013527334667742252, 0.21040654182434082, -0.24065108597278595, 0.31828659772872925, 0.8596409559249878, 1.0077145099639893, 3.176056998199783e-05, -0.0869375467300415, -0.9962137341499329, -1.0, -4.954818359692581e-05, -2.7557311113923788e-05], "children": [{"id": 3, "label": "back_single_surface", "box": [0.0013527334667742252, 0.21040654182434082, -0.24065108597278595, 0.31828659772872925, 0.8596409559249878, 1.0077145099639893, 3.176056998199783e-05, -0.0869375467300415, -0.9962137341499329, -1.0, -4.954818359692581e-05, -2.7557311113923788e-05]}]}]}, {"id": 4, "label": "chair_seat", "box": [0.0012231908040121198, -0.16599024832248688, 0.26221275329589844, 0.22277845442295074, 0.8555333614349365, 0.865600049495697, 2.3222803065436892e-05, 0.9995783567428589, 0.029036404564976692, 0.008634380996227264, -0.029035521671175957, 0.9995411038398743], "children": [{"id": 5, "label": "seat_surface", "box": [0.0012231908040121198, -0.16599024832248688, 0.26221275329589844, 0.22277845442295074, 0.8555333614349365, 0.865600049495697, 2.3222803065436892e-05, 0.9995783567428589, 0.029036404564976692, 0.008634380996227264, -0.029035521671175957, 0.9995411038398743], "children": [{"id": 6, "label": "seat_single_surface", "box": [0.0012231908040121198, -0.16599024832248688, 0.26221275329589844, 0.22277845442295074, 0.8555333614349365, 0.865600049495697, 2.3222803065436892e-05, 0.9995783567428589, 0.029036404564976692, 0.008634380996227264, -0.029035521671175957, 0.9995411038398743]}]}]}, {"id": 7, "label": "chair_base", "box": [0.0013559481594711542, -0.43200817704200745, 0.16600097715854645, 0.3700326085090637, 0.8596053123474121, 1.0378551483154297, 3.547086816979572e-05, -1.0, -7.00201781000942e-05, 1.0, 3.547086816979572e-05, -1.5268625253028745e-10], "children": [{"id": 8, "label": "regular_leg_base", "box": [0.0013559481594711542, -0.43200817704200745, 0.16600097715854645, 0.3700326085090637, 0.8596053123474121, 1.0378551483154297, 3.547086816979572e-05, -1.0, -7.00201781000942e-05, 1.0, 3.547086816979572e-05, -1.5268625253028745e-10], "children": [{"id": 9, "label": "leg", "box": [0.41260668635368347, -0.4346475899219513, -0.20556724071502686, 0.08142175525426865, 0.28695133328437805, 0.36423659324645996, 0.9901620149612427, 0.13992178440093994, -0.0010347653878852725, -0.0016471755225211382, 0.01905026286840439, 0.9998171925544739]}, {"id": 10, "label": "leg", "box": [0.4157545566558838, -0.43770143389701843, 0.5975497961044312, 0.032147105783224106, 0.15397758781909943, 0.34024038910865784, 0.9997594952583313, -7.569392437289935e-06, -0.021929791197180748, 0.02192963846027851, -0.0033927648328244686, 0.9997537732124329]}, {"id": 11, "label": "leg", "box": [-0.4211527705192566, -0.4308274984359741, -0.22265319526195526, 0.045451510697603226, 0.27033308148384094, 0.3569658696651459, -0.9953570365905762, 0.05990680307149887, -0.07533590495586395, 0.0761333554983139, 0.01113910973072052, -0.9970354437828064]}, {"id": 12, "label": "leg", "box": [-0.40826576948165894, -0.4402049779891968, 0.6016737222671509, 0.08515410125255585, 0.16597136855125427, 0.35011476278305054, -0.9908565282821655, 0.13474108278751373, -0.0069383280351758, 0.007155331317335367, 0.0011263139313086867, -0.9999737739562988]}]}]}], "edges": [{"part_a": 1, "type": "ADJ", "dist": 0.014266406921234768, "part_b": 0}, {"part_a": 2, "type": "ADJ", "dist": 0.005267643421312967, "part_b": 0}, {"part_a": 2, "type": "ADJ", "dist": 0.0125229996219204, "part_b": 1}]}