{"id": 0, "label": "chair", "box": [-0.016683001071214676, -0.01067015714943409, -0.026273488998413086, 0.9598745107650757, 1.0756909847259521, 1.5741373300552368, -0.0009427502518519759, 0.9999995827674866, 0.0, 0.0, 0.0, 1.0], "children": [{"id": 1, "label": "chair_back", "box": [-0.0089486725628376, 0.004453952424228191, -0.27440229058265686, 0.38615500926971436, 0.9993221759796143, 1.5314663648605347, 0.0003509650123305619, -0.2507377862930298, -0.9680549502372742, 2.17704291571863e-06, 0.968055009841919, -0.2507378160953522], "children": [{"id": 2, "label": "back_surface", "box": [-0.0089486725628376, 0.004453952424228191, -0.27440229058265686, 0.38615500926971436, 0.9993221759796143, 1.5314663648605347, 0.0003509650123305619, -0.2507377862930298, -0.9680549502372742, 2.17704291571863e-06, 0.968055009841919, -0.2507378160953522], "children": [{"id": 3, "label": "back_single_surface", "box": [-0.0089486725628376, 0.004453952424228191, -0.27440229058265686, 0.38615500926971436, 0.9993221759796143, 1.5314663648605347, 0.0003509650123305619, -0.2507377862930298, -0.9680549502372742, 2.17704291571863e-06, 0.968055009841919, -0.2507378160953522]}]}]}, {"id": 4, "label": "chair_arm", "box": [0.4895842671394348, 0.0026403425727039576, -0.026214510202407837, 0.3675488531589508, 0.9999016523361206, 1.0755729675292969, -0.9681094288825989, 0.2505277693271637, 0.0, 0.2505277693271637, 0.9681094288825989, 0.0], "children": [{"id": 5, "label": "arm_sofa_style", "box": [0.4895842671394348, 0.0026403425727039576, -0.026214510202407837, 0.3675488531589508, 0.9999016523361206, 1.0755729675292969, -0.9681094288825989, 0.2505277693271637, 0.0, 0.2505277693271637, 0.9681094288825989, 0.0]}]}, {"id": 6, "label": "chair_arm", "box": [-0.5292263031005859, 0.0018655973253771663, -0.026043280959129333, 0.3565661311149597, 0.9986413717269897, 1.0752410888671875, -0.9681543707847595, -0.2503539025783539, -2.8402711905073375e-05, -0.2503539025783539, 0.9681543707847595, -7.328812444029609e-06], "children": [{"id": 7, "label": "arm_sofa_style", "box": [-0.5292263031005859, 0.0018655973253771663, -0.026043280959129333, 0.3565661311149597, 0.9986413717269897, 1.0752410888671875, -0.9681543707847595, -0.2503539025783539, -2.8402711905073375e-05, -0.2503539025783539, 0.9681543707847595, -7.328812444029609e-06]}]}, {"id": 8, "label": "chair_seat", "box": [-0.017042502760887146, -0.16007548570632935, 0.17313098907470703, 0.5184530019760132, 0.6689720153808594, 0.7693170309066772, -1.2246468525851679e-16, -1.0, 0.0, 0.0, 0.0, 1.0], "children": [{"id": 9, "label": "seat_surface", "box": [-0.017042502760887146, -0.16007548570632935, 0.17313098907470703, 0.5184530019760132, 0.6689720153808594, 0.7693170309066772, -1.2246468525851679e-16, -1.0, 0.0, 0.0, 0.0, 1.0], "children": [{"id": 10, "label": "seat_single_surface", "box": [-0.017042502760887146, -0.16007548570632935, 0.17313098907470703, 0.5184530019760132, 0.6689720153808594, 0.7693170309066772, -1.2246468525851679e-16, -1.0, 0.0, 0.0, 0.0, 1.0]}]}]}], "edges": [{"dist": 0.0036996120734593303, "part_a": 1, "type": "ADJ", "part_b": 0}, {"dist": 0.005132382024686793, "part_a": 2, "type": "ADJ", "part_b": 0}, {"dist": 0.005487807988332363, "part_a": 3, "type": "ADJ", "part_b": 0}, {"dist": 0.006209285435793816, "part_a": 3, "type": "ADJ", "part_b": 1}, {"dist": 0.0047151119975770515, "part_a": 3, "type": "ADJ", "part_b": 2}, {"params": [-0.021186649799346924, 0.03461781516671181, 0.12171559035778046, 0.999957799911499, -0.008037813939154148, 0.004452916327863932], "dist": 0.026921615998762, "part_a": 2, "type": "REF_SYM", "part_b": 1}]}