{"id": 0, "label": "chair", "box": [0.0006359267863444984, 0.11460068076848984, 0.09565124660730362, 0.7813490629196167, 0.8154651522636414, 1.6255439519882202, -1.0, 7.901498065621126e-06, 1.5932337191770785e-05, 1.6402065739384852e-05, 0.06351989507675171, 0.9979805946350098], "children": [{"id": 1, "label": "chair_back", "box": [0.0006353303324431181, 0.44157278537750244, -0.24026094377040863, 0.13494913280010223, 0.7813412547111511, 0.9379236698150635, -1.4540810298058204e-05, -0.12013155221939087, -0.9927579760551453, 1.0, -6.947508381927037e-07, -1.4562813703378197e-05], "children": [{"id": 2, "label": "back_surface", "box": [0.0006353303324431181, 0.44157278537750244, -0.24026094377040863, 0.13494913280010223, 0.7813412547111511, 0.9379236698150635, -1.4540810298058204e-05, -0.12013155221939087, -0.9927579760551453, 1.0, -6.947508381927037e-07, -1.4562813703378197e-05], "children": [{"id": 3, "label": "back_single_surface", "box": [0.0006353303324431181, 0.44157278537750244, -0.24026094377040863, 0.13494913280010223, 0.7813412547111511, 0.9379236698150635, -1.4540810298058204e-05, -0.12013155221939087, -0.9927579760551453, 1.0, -6.947508381927037e-07, -1.4562813703378197e-05]}]}]}, {"id": 4, "label": "chair_seat", "box": [0.0006290387827903032, 0.23712553083896637, -0.09244877099990845, 0.5474242568016052, 0.781341016292572, 1.2196755409240723, 1.6352360034943558e-05, -0.6897536516189575, -0.724044144153595, -1.0, -2.370753645664081e-05, 6.123234262925839e-17], "children": [{"id": 5, "label": "seat_surface", "box": [0.0006355047225952148, -0.011360500007867813, 0.19714900851249695, 0.04201100021600723, 0.5406500101089478, 0.6156589984893799, -1.2246468525851679e-16, -1.0, 0.0, 0.0, 0.0, 1.0], "children": [{"id": 6, "label": "seat_single_surface", "box": [0.0006355047225952148, -0.011360500007867813, 0.19714900851249695, 0.04201100021600723, 0.5406500101089478, 0.6156589984893799, -1.2246468525851679e-16, -1.0, 0.0, 0.0, 0.0, 1.0]}]}, {"id": 7, "label": "seat_support", "box": [0.0006290387827903032, 0.23712553083896637, -0.09244877099990845, 0.5474242568016052, 0.781341016292572, 1.2196755409240723, 1.6352360034943558e-05, -0.6897536516189575, -0.724044144153595, -1.0, -2.370753645664081e-05, 6.123234262925839e-17]}], "edges": [{"type": "ADJ", "part_b": 0, "part_a": 1, "dist": 0.01046423319524423}]}, {"id": 8, "label": "chair_base", "box": [0.0006354969809763134, -0.3725069761276245, 0.1252715140581131, 0.6014519929885864, 0.7694271802902222, 0.7694271802902222, -6.123234262925839e-17, -1.0, -6.123234262925839e-17, -0.9238780736923218, 3.313839720353609e-17, 0.3826870024204254], "children": [{"id": 9, "label": "pedestal_base", "box": [0.0006354969809763134, -0.3725069761276245, 0.1252715140581131, 0.6014519929885864, 0.7694271802902222, 0.7694271802902222, -6.123234262925839e-17, -1.0, -6.123234262925839e-17, -0.9238780736923218, 3.313839720353609e-17, 0.3826870024204254], "children": [{"id": 10, "label": "central_support", "box": [0.0006354969809763134, -0.3725069761276245, 0.1252715140581131, 0.6014519929885864, 0.7694271802902222, 0.7694271802902222, -6.123234262925839e-17, -1.0, -6.123234262925839e-17, -0.9238780736923218, 3.313839720353609e-17, 0.3826870024204254]}, {"id": 11, "label": "pedestal", "box": [0.0006354969809763134, -0.3930234909057617, 0.1252715140581131, 0.560418963432312, 0.7694271802902222, 0.7694271802902222, -6.123234262925839e-17, -1.0, -6.123234262925839e-17, -0.9238780736923218, 3.313839720353609e-17, 0.3826870024204254]}], "edges": [{"type": "ADJ", "part_b": 0, "part_a": 1, "dist": 0.002248788335032166}]}]}], "edges": [{"type": "ADJ", "part_b": 0, "part_a": 1, "dist": 0.007468684471383172}, {"type": "ADJ", "part_b": 1, "part_a": 2, "dist": 0.004604710109164454}]}