{"id": 0, "label": "chair", "box": [-0.0010262683499604464, 0.1427801549434662, 0.10920299589633942, 0.9820999503135681, 1.230912208557129, 1.3131449222564697, 8.345998594450066e-07, 8.345962783096184e-07, -1.0, -1.0, -6.636286089544709e-17, -8.345998594450066e-07], "children": [{"id": 1, "label": "chair_back", "box": [-0.001109004020690918, 0.14278051257133484, -0.21758200228214264, 0.3285299837589264, 1.2307460308074951, 1.3131449222564697, 0.0, 0.0, -1.0, -1.0, -6.123234262925839e-17, 0.0], "children": [{"id": 2, "label": "back_surface", "box": [-0.001109004020690918, 0.14278051257133484, -0.21758200228214264, 0.3285299837589264, 1.2307460308074951, 1.3131449222564697, 0.0, 0.0, -1.0, -1.0, -6.123234262925839e-17, 0.0], "children": [{"id": 3, "label": "back_single_surface", "box": [-0.001109004020690918, 0.14278051257133484, -0.21758200228214264, 0.3285299837589264, 1.2307460308074951, 1.3131449222564697, 0.0, 0.0, -1.0, -1.0, -6.123234262925839e-17, 0.0]}]}]}, {"id": 4, "label": "chair_arm", "box": [0.464717298746109, -0.12783193588256836, 0.2398158460855484, 0.2991582751274109, 0.720970869064331, 0.772135853767395, -0.9999995231628418, 0.0009361383272334933, 0.00028025321080349386, 0.00028032134287059307, 7.265332533279434e-05, 0.9999999403953552], "children": [{"id": 5, "label": "arm_sofa_style", "box": [0.464717298746109, -0.12783193588256836, 0.2398158460855484, 0.2991582751274109, 0.720970869064331, 0.772135853767395, -0.9999995231628418, 0.0009361383272334933, 0.00028025321080349386, 0.00028032134287059307, 7.265332533279434e-05, 0.9999999403953552]}]}, {"id": 6, "label": "chair_arm", "box": [-0.48577702045440674, -0.1289214938879013, 0.23978447914123535, 0.26141002774238586, 0.7209349870681763, 0.7697409391403198, -1.0, 0.0, -6.123234262925839e-17, 6.123234262925839e-17, -6.123234262925839e-17, -1.0], "children": [{"id": 7, "label": "arm_sofa_style", "box": [-0.48577702045440674, -0.1289214938879013, 0.23978447914123535, 0.26141002774238586, 0.7209349870681763, 0.7697409391403198, -1.0, 0.0, -6.123234262925839e-17, 6.123234262925839e-17, -6.123234262925839e-17, -1.0]}]}, {"id": 8, "label": "chair_seat", "box": [0.013475492596626282, -0.3140474855899811, 0.23980198800563812, 0.39948898553848267, 0.7208999395370483, 0.8333829641342163, -1.2246468525851679e-16, -1.0, 0.0, 0.0, 0.0, 1.0], "children": [{"id": 9, "label": "seat_surface", "box": [0.013475492596626282, -0.3140474855899811, 0.23980198800563812, 0.39948898553848267, 0.7208999395370483, 0.8333829641342163, -1.2246468525851679e-16, -1.0, 0.0, 0.0, 0.0, 1.0], "children": [{"id": 10, "label": "seat_single_surface", "box": [0.013475492596626282, -0.3140474855899811, 0.23980198800563812, 0.39948898553848267, 0.7208999395370483, 0.8333829641342163, -1.2246468525851679e-16, -1.0, 0.0, 0.0, 0.0, 1.0]}]}]}], "edges": [{"type": "ADJ", "dist": 0.009147540021941444, "part_b": 0, "part_a": 1}, {"type": "ADJ", "dist": 0.022970524899010362, "part_b": 0, "part_a": 2}, {"type": "ADJ", "dist": 0.01661673264913419, "part_b": 0, "part_a": 3}, {"type": "ADJ", "dist": 0.017683020819415137, "part_b": 1, "part_a": 3}, {"type": "ADJ", "dist": 0.019860043894046577, "part_b": 2, "part_a": 3}, {"type": "REF_SYM", "dist": 0.028773690610435776, "params": [-0.002600550651550293, -0.11992856860160828, 0.2821863889694214, 0.9998692274093628, 0.016148684546351433, 0.000802766066044569], "part_b": 1, "part_a": 2}]}