{"id": 0, "label": "chair", "box": [0.0033872551284730434, -0.03138001635670662, 0.09798116981983185, 1.0170077085494995, 1.241268277168274, 1.2738633155822754, 0.9999996423721313, 0.0007748828502371907, -0.00026652775704860687, 0.0002801950031425804, -0.01769155263900757, 0.9998434782028198], "children": [{"id": 1, "label": "chair_back", "box": [0.0013732700608670712, 0.22353233397006989, -0.3290218412876129, 0.13091105222702026, 0.8348482251167297, 0.9329226016998291, -0.0032141259871423244, -0.3041253089904785, -0.9526265859603882, -0.004468186292797327, 0.9526264071464539, -0.30411016941070557], "children": [{"id": 2, "label": "back_surface", "box": [-0.005759000778198242, 0.2586378753185272, -0.3460425138473511, 0.11249727755784988, 0.7548136711120605, 0.8501060009002686, -1.90440965247471e-17, -0.31101369857788086, -0.9504054188728333, -1.026167180708784e-16, 0.9504054188728333, -0.31101369857788086], "children": [{"id": 3, "label": "back_single_surface", "box": [-0.005759000778198242, 0.2586378753185272, -0.3460425138473511, 0.11249727755784988, 0.7548136711120605, 0.8501060009002686, -1.90440965247471e-17, -0.31101369857788086, -0.9504054188728333, -1.026167180708784e-16, 0.9504054188728333, -0.31101369857788086]}]}, {"id": 4, "label": "back_frame", "box": [0.0015319534577429295, 0.2136182188987732, -0.31819817423820496, 0.13092140853405, 0.8075939416885376, 0.9329220652580261, -0.0032688959036022425, -0.28649580478668213, -0.9580759406089783, -0.004196105524897575, 0.958076536655426, -0.28648167848587036], "children": [{"id": 5, "label": "back_frame_vertical_bar", "box": [0.4080914258956909, 0.20013070106506348, -0.3524045944213867, 0.053452543914318085, 0.13044017553329468, 0.808697521686554, -0.9954473376274109, -0.0865972563624382, 0.039818499237298965, 0.0048064724542200565, 0.37162521481513977, 0.9283704161643982]}, {"id": 6, "label": "back_frame_vertical_bar", "box": [-0.4018694758415222, 0.21116086840629578, -0.3178744912147522, 0.05283940210938454, 0.12621650099754333, 0.8101427555084229, 0.9950156211853027, -0.08061984181404114, 0.05868866294622421, -0.03296660631895065, 0.28950443863868713, 0.956608772277832]}], "edges": [{"part_b": 0, "part_a": 1, "params": [0.00291520357131958, 0.18469631671905518, -0.33184555172920227, 0.9999955296516418, 0.002870217664167285, -0.0008231382817029953], "dist": 0.015493385129969813, "type": "REF_SYM"}, {"part_b": 0, "part_a": 1, "params": [-0.0033909950871020555, 3.7806644439697266, -2.52931809425354, -0.0008253856794908643, 0.6938825845718384, 0.7200877070426941, 0.19750063121318817], "dist": 0.01561812246726153, "type": "ROT_SYM"}]}], "edges": [{"part_b": 0, "part_a": 1, "dist": 0.002616152155275362, "type": "ADJ"}]}, {"id": 7, "label": "chair_arm", "box": [0.45666757225990295, 0.0251889917999506, 0.18773774802684784, 0.055243413895368576, 0.48707252740859985, 0.9612564444541931, 0.9977847933769226, 0.0001166524671134539, -0.06652403622865677, 0.0024152533151209354, -0.9994027018547058, 0.03447355702519417], "children": [{"id": 8, "label": "arm_horizontal_bar", "box": [0.44871771335601807, 0.1760573536157608, 0.1774442344903946, 0.04549982398748398, 0.07296589016914368, 0.9509454369544983, 0.9968316555023193, 0.045669447630643845, -0.06512270122766495, -0.05514385923743248, 0.9868356585502625, -0.15203464031219482]}, {"id": 9, "label": "arm_near_vertical_bar", "box": [0.48225119709968567, 0.026081662625074387, 0.58234703540802, 0.056209154427051544, 0.1559687703847885, 0.46441423892974854, 0.9989825487136841, 0.003808995010331273, -0.04493732005357742, -0.04456103965640068, -0.07000163942575455, -0.9965510964393616]}], "edges": [{"part_b": 0, "part_a": 1, "dist": 0.0044153525145032525, "type": "ADJ"}]}, {"id": 10, "label": "chair_arm", "box": [-0.4473569393157959, -0.021953172981739044, 0.22026541829109192, 0.057290226221084595, 0.4744461476802826, 0.9304910898208618, 0.9972832798957825, -0.02315886877477169, 0.06992645561695099, -0.03396739065647125, -0.9869216084480286, 0.1575816124677658], "children": [{"id": 11, "label": "arm_horizontal_bar", "box": [-0.4446953237056732, 0.17930953204631805, 0.1877537965774536, 0.041424915194511414, 0.06491509079933167, 0.9307637810707092, -0.9808629751205444, 0.1746693104505539, -0.08601430803537369, -0.18602342903614044, -0.97115159034729, 0.14919744431972504]}, {"id": 12, "label": "arm_near_vertical_bar", "box": [-0.47616299986839294, 0.03690226003527641, 0.5927748680114746, 0.05554167926311493, 0.1335832178592682, 0.4757610857486725, -0.9991074204444885, 0.001531290472485125, -0.04221392050385475, -0.04200272262096405, 0.07013362646102905, 0.9966529011726379]}], "edges": [{"part_b": 0, "part_a": 1, "dist": 0.011004897095253315, "type": "ADJ"}]}, {"id": 13, "label": "chair_seat", "box": [0.003951444756239653, -0.1492166966199875, 0.17493130266666412, 0.41275739669799805, 0.9584752917289734, 1.012117624282837, -0.0038717002607882023, -0.9853091239929199, -0.17073647677898407, 1.710065407678485e-05, 0.17073768377304077, -0.9853165149688721], "children": [{"id": 14, "label": "seat_surface", "box": [0.0002164989709854126, -0.13119325041770935, 0.23994283378124237, 0.1108117401599884, 0.8322904706001282, 0.9327030181884766, -6.044563430971636e-17, 0.9871521592140198, -0.1597830206155777, -5.144845365270363e-17, -0.1597830206155777, -0.9871521592140198], "children": [{"id": 15, "label": "seat_single_surface", "box": [0.0002164989709854126, -0.13119325041770935, 0.23994283378124237, 0.1108117401599884, 0.8322904706001282, 0.9327030181884766, -6.044563430971636e-17, 0.9871521592140198, -0.1597830206155777, -5.144845365270363e-17, -0.1597830206155777, -0.9871521592140198]}]}, {"id": 16, "label": "seat_frame", "box": [0.003951444756239653, -0.1492166966199875, 0.17493130266666412, 0.41275739669799805, 0.9584752917289734, 1.012117624282837, -0.0038717002607882023, -0.9853091239929199, -0.17073647677898407, 1.710065407678485e-05, 0.17073768377304077, -0.9853165149688721], "children": [{"id": 17, "label": "seat_frame_bar", "box": [0.4628719389438629, -0.15724299848079681, 0.19264930486679077, 0.05670030787587166, 0.16614268720149994, 0.9587158560752869, 0.9987848997116089, -4.07567058573477e-05, -0.049281518906354904, 0.005706495139747858, -0.9931772947311401, 0.11647449433803558]}, {"id": 18, "label": "seat_frame_bar", "box": [-0.45338132977485657, -0.14702701568603516, 0.17471511662006378, 0.06136913597583771, 0.4138038158416748, 0.9613118171691895, -0.9956322312355042, 0.07695090770721436, -0.05286737158894539, -0.06676033139228821, -0.9826526045799255, -0.17302300035953522]}], "edges": [{"part_b": 0, "part_a": 1, "params": [0.003451988101005554, -0.1662377119064331, 0.18929973244667053, 0.9999993443489075, -0.001137730199843645, 0.0002588711795397103], "dist": 0.0156631579893886, "type": "REF_SYM"}, {"part_b": 0, "part_a": 1, "params": [0.9171358346939087, -0.0010434538125991821, 0.0002374202013015747], "dist": 0.032065538472663226, "type": "TRANS_SYM"}, {"part_b": 0, "part_a": 1, "params": [-0.05955902114510536, 0.9490433931350708, -10.2783784866333, 0.0020721766632050276, 0.9999259114265442, 0.011995648965239525, 0.08745066076517105], "dist": 0.016449387491748946, "type": "ROT_SYM"}]}, {"id": 19, "label": "seat_support", "box": [-0.004232496023178101, -0.21103249490261078, 0.049124713987112045, 0.027108551934361458, 0.0677085891366005, 0.8746349811553955, -6.036970574692889e-17, 0.9859121441841125, -0.16726402938365936, -5.0990370955639116e-17, -0.16726402938365936, -0.9859121441841125]}, {"id": 20, "label": "seat_support", "box": [0.003604501485824585, -0.14268159866333008, 0.4477241337299347, 0.02710855007171631, 0.06770972907543182, 0.8903089761734009, -6.036970574692889e-17, 0.9859121441841125, -0.16726404428482056, -7.147430768543277e-17, 0.16726404428482056, 0.9859121441841125]}], "edges": [{"part_b": 0, "part_a": 1, "dist": 0.0030391363854487697, "type": "ADJ"}, {"part_b": 0, "part_a": 2, "dist": 0.008040771129078177, "type": "ADJ"}, {"part_b": 1,