{"id": 0, "label": "chair", "box": [0.01973101496696472, 0.0946565568447113, 0.025828367099165916, 1.1262540817260742, 1.2083622217178345, 1.4771238565444946, -1.0, 0.0, -6.123234262925839e-17, 5.55923222579725e-19, -0.9999588131904602, -0.009078915230929852], "children": [{"id": 1, "label": "chair_back", "box": [0.01973050832748413, 0.10909753292798996, -0.37962716817855835, 0.31212514638900757, 0.8775230050086975, 1.202111005783081, 5.828055853953026e-17, -0.30673888325691223, -0.9517937302589417, 1.0, 0.0, 6.123234262925839e-17], "children": [{"id": 2, "label": "back_surface", "box": [0.01973050832748413, 0.10909753292798996, -0.37962716817855835, 0.31212514638900757, 0.8775230050086975, 1.202111005783081, 5.828055853953026e-17, -0.30673888325691223, -0.9517937302589417, 1.0, 0.0, 6.123234262925839e-17], "children": [{"id": 3, "label": "back_single_surface", "box": [0.01973050832748413, 0.10909753292798996, -0.37962716817855835, 0.31212514638900757, 0.8775230050086975, 1.202111005783081, 5.828055853953026e-17, -0.30673888325691223, -0.9517937302589417, 1.0, 0.0, 6.123234262925839e-17]}]}]}, {"id": 4, "label": "chair_arm", "box": [0.5197960138320923, 0.24078500270843506, -0.05201050639152527, 0.12612402439117432, 0.18365998566150665, 1.1462209224700928, 1.0, -6.123234262925839e-17, 0.0, -6.123234262925839e-17, -1.0, 0.0], "children": [{"id": 5, "label": "arm_horizontal_bar", "box": [0.5197960138320923, 0.24078500270843506, -0.05201050639152527, 0.12612402439117432, 0.18365998566150665, 1.1462209224700928, 1.0, -6.123234262925839e-17, 0.0, -6.123234262925839e-17, -1.0, 0.0]}]}, {"id": 6, "label": "chair_arm", "box": [-0.480334997177124, 0.234499990940094, -0.05201050639152527, 0.12612199783325195, 0.1962299942970276, 1.1462209224700928, -1.0, 0.0, -6.123234262925839e-17, 0.0, -1.0, 0.0], "children": [{"id": 7, "label": "arm_horizontal_bar", "box": [-0.480334997177124, 0.234499990940094, -0.05201050639152527, 0.12612199783325195, 0.1962299942970276, 1.1462209224700928, -1.0, 0.0, -6.123234262925839e-17, 0.0, -1.0, 0.0]}]}, {"id": 8, "label": "chair_seat", "box": [0.01973050832748413, -0.1647067815065384, 0.2316199094057083, 0.40888601541519165, 0.8775230050086975, 1.1033357381820679, 1.2937179226584483e-17, 0.9774255156517029, -0.21128016710281372, 1.0, 0.0, 6.123234262925839e-17], "children": [{"id": 9, "label": "seat_surface", "box": [0.01973050832748413, -0.1647067815065384, 0.2316199094057083, 0.40888601541519165, 0.8775230050086975, 1.1033357381820679, 1.2937179226584483e-17, 0.9774255156517029, -0.21128016710281372, 1.0, 0.0, 6.123234262925839e-17], "children": [{"id": 10, "label": "seat_single_surface", "box": [0.01973050832748413, -0.1647067815065384, 0.2316199094057083, 0.40888601541519165, 0.8775230050086975, 1.1033357381820679, 1.2937179226584483e-17, 0.9774255156517029, -0.21128016710281372, 1.0, 0.0, 6.123234262925839e-17]}]}]}, {"id": 11, "label": "chair_base", "box": [0.01973101496696472, -0.15036650002002716, 0.42601001262664795, 0.1901799738407135, 0.7244910001754761, 1.1262540817260742, 0.0, 0.0, -1.0, 1.2246468525851679e-16, 1.0, 0.0], "children": [{"id": 12, "label": "regular_leg_base", "box": [0.01973101496696472, -0.15036650002002716, 0.42601001262664795, 0.1901799738407135, 0.7244910001754761, 1.1262540817260742, 0.0, 0.0, -1.0, 1.2246468525851679e-16, 1.0, 0.0], "children": [{"id": 13, "label": "leg", "box": [0.5197960138320923, -0.15036648511886597, 0.42601001262664795, 0.12612402439117432, 0.1901799738407135, 0.7244910001754761, 1.0, 6.123234262925839e-17, 0.0, 0.0, 0.0, 1.0]}, {"id": 14, "label": "leg", "box": [-0.4803360402584076, -0.16922453045845032, 0.42893001437187195, 0.12616553902626038, 0.18635809421539307, 0.6871561408042908, 0.9999999403953552, -1.1126599648841868e-16, 0.0003461349697317928, -0.00034613319439813495, 0.0032140689436346292, 0.9999947547912598]}], "edges": [{"dist": 0.026404033458066883, "params": [0.020612969994544983, -0.18724074959754944, 0.4305993318557739, 0.9999025464057922, 0.013727636076509953, 0.002545767929404974], "part_b": 0, "type": "REF_SYM", "part_a": 1}, {"dist": 0.02422726531642681, "params": [0.9983948469161987, 0.013706937432289124, 0.0025419294834136963], "part_b": 0, "type": "TRANS_SYM", "part_a": 1}, {"dist": 0.024809412216049345, "params": [0.020683396607637405, -0.19263797998428345, 0.42683839797973633, -0.007177440915256739, 0.9999645352363586, 0.004411046393215656, 3.126622200012207], "part_b": 0, "type": "ROT_SYM", "part_a": 1}]}]}], "edges": [{"dist": 0.008266941341327522, "part_b": 0, "type": "ADJ", "part_a": 1}, {"dist": 0.009297304036162751, "part_b": 0, "type": "ADJ", "part_a": 2}, {"dist": 0.0029738281231984336, "part_b": 0, "type": "ADJ", "part_a": 3}, {"dist": 0.005616715874788183, "part_b": 1, "type": "ADJ", "part_a": 4}, {"dist": 0.012855424341439199, "part_b": 2, "type": "ADJ", "part_a": 4}, {"dist": 0.004863564519168915, "part_b": 3, "type": "ADJ", "part_a": 4}, {"dist": 0.026553851383575543, "params": [0.0202731192111969, 0.2518899440765381, -0.05984670668840408, 0.999722421169281, 0.002244075760245323, -0.02345547452569008], "part_b": 1, "type": "REF_SYM", "part_a": 2}, {"dist": 0.01991688909204509, "params": [1.0012667179107666, 0.002247542142868042, -0.02349170669913292], "part_b": 1, "type": "TRANS_SYM", "part_a": 2}, {"dist": 0.02007846258668893, "params": [-0.09898699820041656, 19.75510597229004, -4.923089981079102, 0.014320909976959229, 0.23120619356632233, 0.9727993607521057, 0.04981701821088791], "part_b": 1, "type": "ROT_SYM", "part_a": 2}]}