{"id": 0, "label": "chair", "box": [-0.00705081457272172, -0.07726965099573135, 0.06798315793275833, 0.8372986316680908, 0.9686919450759888, 1.5534840822219849, 0.0001302921591559425, -0.10775607079267502, -0.9941773414611816, 0.9999999403953552, -0.00024185066286008805, 0.00015726874698884785], "children": [{"id": 1, "label": "chair_back", "box": [-0.007189074996858835, 0.30441954731941223, -0.2925014793872833, 0.12100572139024734, 0.7346027493476868, 0.745894193649292, -0.014301919378340244, -0.22186237573623657, -0.9749730825424194, -0.001198907382786274, 0.9750759601593018, -0.22186818718910217], "children": [{"id": 2, "label": "back_surface", "box": [-0.007189074996858835, 0.30441954731941223, -0.2925014793872833, 0.12100572139024734, 0.7346027493476868, 0.745894193649292, -0.014301919378340244, -0.22186237573623657, -0.9749730825424194, -0.001198907382786274, 0.9750759601593018, -0.22186818718910217], "children": [{"id": 3, "label": "back_single_surface", "box": [-0.007189074996858835, 0.30441954731941223, -0.2925014793872833, 0.12100572139024734, 0.7346027493476868, 0.745894193649292, -0.014301919378340244, -0.22186237573623657, -0.9749730825424194, -0.001198907382786274, 0.9750759601593018, -0.22186818718910217]}]}]}, {"id": 4, "label": "chair_arm", "box": [0.3848862051963806, 0.13104498386383057, 0.05126049369573593, 0.09374827891588211, 0.43628865480422974, 0.5006089806556702, 0.9749301671981812, -0.22251099348068237, -6.123234262925839e-17, -0.22251099348068237, -0.9749301671981812, -1.2246468525851679e-16], "children": [{"id": 5, "label": "arm_sofa_style", "box": [0.3848862051963806, 0.13104498386383057, 0.05126049369573593, 0.09374827891588211, 0.43628865480422974, 0.5006089806556702, 0.9749301671981812, -0.22251099348068237, -6.123234262925839e-17, -0.22251099348068237, -0.9749301671981812, -1.2246468525851679e-16]}]}, {"id": 6, "label": "chair_arm", "box": [-0.3987317979335785, 0.13104508817195892, 0.0512605719268322, 0.09374832361936569, 0.43628865480422974, 0.5006089806556702, -0.9749301075935364, -0.22251133620738983, -2.0061902432644274e-06, -0.22251133620738983, 0.9749301075935364, -1.2246468525851679e-16], "children": [{"id": 7, "label": "arm_sofa_style", "box": [-0.3987317979335785, 0.13104508817195892, 0.0512605719268322, 0.09374832361936569, 0.43628865480422974, 0.5006089806556702, -0.9749301075935364, -0.22251133620738983, -2.0061902432644274e-06, -0.22251133620738983, 0.9749301075935364, -1.2246468525851679e-16]}]}, {"id": 8, "label": "chair_seat", "box": [-0.008711524307727814, -0.07677291333675385, 0.10678787529468536, 0.16989581286907196, 0.7542381882667542, 0.7568357586860657, 0.03141032159328461, -0.9990324378013611, 0.030782563611865044, -0.9995062351226807, -0.03136897459626198, 0.0018252783920615911], "children": [{"id": 9, "label": "seat_surface", "box": [-0.008711524307727814, -0.07677291333675385, 0.10678787529468536, 0.16989581286907196, 0.7542381882667542, 0.7568357586860657, 0.03141032159328461, -0.9990324378013611, 0.030782563611865044, -0.9995062351226807, -0.03136897459626198, 0.0018252783920615911], "children": [{"id": 10, "label": "seat_single_surface", "box": [-0.008711524307727814, -0.07677291333675385, 0.10678787529468536, 0.16989581286907196, 0.7542381882667542, 0.7568357586860657, 0.03141032159328461, -0.9990324378013611, 0.030782563611865044, -0.9995062351226807, -0.03136897459626198, 0.0018252783920615911]}]}]}, {"id": 11, "label": "chair_base", "box": [-0.007169677410274744, -0.4625243842601776, 0.10611777752637863, 0.7041465640068054, 0.7612565159797668, 0.7616339921951294, -0.00011245704808970913, 1.0, -5.768370101577602e-05, 8.719736069906503e-05, -5.767389666289091e-05, -1.0], "children": [{"id": 12, "label": "regular_leg_base", "box": [-0.007169677410274744, -0.4625243842601776, 0.10611777752637863, 0.7041465640068054, 0.7612565159797668, 0.7616339921951294, -0.00011245704808970913, 1.0, -5.768370101577602e-05, 8.719736069906503e-05, -5.767389666289091e-05, -1.0], "children": [{"id": 13, "label": "leg", "box": [0.35398080945014954, -0.4606785178184509, 0.4369215965270996, 0.09423138201236725, 0.09598823636770248, 0.7079211473464966, 0.18864776194095612, -0.0017054463969543576, -0.9820433259010315, 0.9794139862060547, 0.0734747126698494, 0.18801507353782654]}, {"id": 14, "label": "leg", "box": [0.3463653028011322, -0.4620074927806854, -0.22091060876846313, 0.09186477959156036, 0.09813688695430756, 0.7083650231361389, -0.03418807312846184, 0.10517340898513794, -0.9938660264015198, 0.996403694152832, 0.08073146641254425, -0.02573215588927269]}, {"id": 15, "label": "leg", "box": [-0.35998407006263733, -0.4603911340236664, -0.22344669699668884, 0.10019677132368088, 0.10066387057304382, 0.7118238806724548, 0.013984322547912598, 0.12458725273609161, -0.9921100735664368, 0.9965375661849976, -0.08306477963924408, 0.003615616587921977]}, {"id": 16, "label": "leg", "box": [-0.3642735481262207, -0.4672136902809143, 0.44645774364471436, 0.09121230244636536, 0.09287402778863907, 0.6956579089164734, -0.18626092374324799, -0.026824260130524635, -0.9821340441703796, 0.980804979801178, -0.06377501785755157, -0.18426702916622162]}], "edges": [{"dist": 0.02928460300911516, "part_b": 0, "params": [0.34046509861946106, -0.4341716766357422, 0.11534266918897629, -0.0012582745403051376, 0.020141402259469032, 0.9997963309288025], "part_a": 1, "type": "REF_SYM"}, {"dist": 0.03748587497595399, "part_b": 0, "params": [-0.0008532404899597168, 0.013657957315444946, 0.6779654622077942], "part_a": 1, "type": "TRANS_SYM"}, {"dist": 0.021057870225632533, "part_b": 0, "params": [-0.16251064836978912, -0.4137461483478546, 0.11627166718244553, -0.03319532796740532, -0.9993398785591125, -0.014757012948393822, 1.184946060180664], "part_a": 1, "type": "ROT_SYM"}, {"dist": 0.021969254211576795, "part_b": 0, "params": [-0.006888046860694885, -0.42855221033096313, 0.1156291589140892, 0.7155411839485168, 0.0024946683552116156, 0.6985661387443542], "part_a": 2, "type": "REF_SYM"}, {"dist": 0.043938228360917896, "part_b": 0, "params": [0.6938530206680298, 0.0024190545082092285, 0.6773924827575684], "part_a": 2, "type": "TRANS_SYM"}, {"dist": 0.019883647734812975, "part_b": 0, "params": [-0.03341030701994896, -0.4564795196056366, 0.14298474788665771, 0.003323653247207403, -0.9996445178985596, -0.026453955098986626, 2.982318878173828], "part_a": 2, "type": "ROT_SYM"}, {"dist": 0.01820330563161969, "part_b": 1, "params": [-0.006461426615715027, -0.4353811740875244, -0.2233535796403885, 0.9998688101768494, -0.01617579720914364, -0.0008246711804531515], "part_a": 2, "type": "REF_SYM"}, {"dist": 0.02993808369201242, "part_b": 1, "params": [0.6947063207626343, -0.011238902807235718, -0.0005729794502258301], "part_a": 2, "type": "TRANS_SYM"}, {"dist": 0.014447599669159488, "part_b": 1, "params": [-0.006720060482621193, -0.4487974941730499, 0.05211169645190239, -0.004500864073634148, -0.9986652731895447, -0.05145195871591568, 1.799537181854248], "part_a": 2, "type": "ROT_SYM"}, {"dist": 0.01589623668173614, "part_b": 0, "params": [-0.007132023572921753, -0.4315728545188904, 0.45463013648986816, 0.999925434589386, 0.012183799408376217, -0.0008777269977144897], "part_a": 3, "type": "REF_SYM"}, {"dist": 0.027656315773230505, "part_b": 0, "params": [0.6943410038948059, 0.00846034288406372, -0.0006094872951507568], "part_a": 3, "type": "TRANS_SYM"}, {"dist": 0.021534631161170954, "part_b": 0, "params": [-0.007199753075838089, -0.4300321042537689, 0.2396210879087448, -0.004242822527885437, 0.9998996257781982, -0.0135214077308774, 2.0327932834625244], "part_a": 3, "type": "ROT_SYM"}, {"dist": 0.024140196588682238, "part_b": 1, "params": [-0.0067054033279418945, -0.43840181827545166, 0.11564741283655167, 0.715598464012146, -0.005350166466087103, -0.6984913945198059], "part_a": 3, "type": "REF_SYM"}, {"dist": 0.04362255752666229, "part_b": 1, "params": [0.6951942443847656, -0.005197614431381226, -0.6785749793052673], "part_a": 3,