{"id": 0, "label": "chair", "box": [-0.005821176338940859, 0.017604688182473183, 0.09709182381629944, 0.9854764938354492, 1.0090008974075317, 1.5388790369033813, -1.0958341363220825e-06, -0.04654689133167267, -0.9989160895347595, 0.9999831318855286, 0.005806101486086845, -0.00027164624771103263], "children": [{"id": 1, "label": "chair_back", "box": [-0.006850475911051035, 0.5948724746704102, -0.37916243076324463, 0.01833604834973812, 0.34369295835494995, 0.9839721322059631, -1.583309884646323e-17, -0.25857412815093994, -0.9659914374351501, -1.2772859918186441e-05, 0.9659914374351501, -0.25857412815093994], "children": [{"id": 2, "label": "back_surface", "box": [-0.00753098726272583, 0.5953590869903564, -0.3803827166557312, 0.003387815086171031, 0.3153853416442871, 0.9642120003700256, -1.5848184966474972e-17, -0.258820503950119, -0.9659254550933838, -1.0166639342617338e-16, 0.9659254550933838, -0.258820503950119], "children": [{"id": 3, "label": "back_single_surface", "box": [-0.00753098726272583, 0.5953590869903564, -0.3803827166557312, 0.003387815086171031, 0.3153853416442871, 0.9642120003700256, -1.5848184966474972e-17, -0.258820503950119, -0.9659254550933838, -1.0166639342617338e-16, 0.9659254550933838, -0.258820503950119]}]}, {"id": 4, "label": "back_frame", "box": [-0.006850475911051035, 0.5948724746704102, -0.37916243076324463, 0.01833604834973812, 0.34369295835494995, 0.9839721322059631, -1.583309884646323e-17, -0.25857412815093994, -0.9659914374351501, -1.2772859918186441e-05, 0.9659914374351501, -0.25857412815093994], "children": [{"id": 5, "label": "back_holistic_frame", "box": [-0.006850475911051035, 0.5948724746704102, -0.37916243076324463, 0.01833604834973812, 0.34369295835494995, 0.9839721322059631, -1.583309884646323e-17, -0.25857412815093994, -0.9659914374351501, -1.2772859918186441e-05, 0.9659914374351501, -0.25857412815093994]}]}], "edges": [{"dist": 0.005435074727279669, "type": "ADJ", "part_a": 1, "part_b": 0}]}, {"id": 6, "label": "chair_seat", "box": [-0.01398092694580555, 0.06995350122451782, 0.11439503729343414, 0.043852999806404114, 0.9459249973297119, 0.9932129979133606, -6.123234262925839e-17, -1.0, -6.123234262925839e-17, -3.3496123705845093e-06, 6.12325477700503e-17, -1.0], "children": [{"id": 7, "label": "seat_surface", "box": [-0.016826003789901733, 0.08261449635028839, 0.12012399733066559, 0.0033209994435310364, 0.9187300205230713, 0.9449779987335205, -1.2246468525851679e-16, -1.0, 0.0, 0.0, 0.0, 1.0], "children": [{"id": 8, "label": "seat_single_surface", "box": [-0.016826003789901733, 0.08261449635028839, 0.12012399733066559, 0.0033209994435310364, 0.9187300205230713, 0.9449779987335205, -1.2246468525851679e-16, -1.0, 0.0, 0.0, 0.0, 1.0]}]}, {"id": 9, "label": "seat_support", "box": [-0.014157930389046669, 0.07751922309398651, 0.5661441683769226, 0.019380629062652588, 0.027177972719073296, 0.9527910947799683, -0.00018135659047402442, 0.6393885016441345, -0.7688838243484497, 0.0052932691760361195, -0.7688724398612976, -0.6393802762031555]}, {"id": 10, "label": "seat_support", "box": [0.4320305287837982, 0.06017480418086052, -0.3097608983516693, 0.024899322539567947, 0.05101838335394859, 0.09102389216423035, -0.019771074876189232, 0.999699056148529, -0.01452178880572319, 0.6818751096725464, 0.024105122312903404, 0.7310713529586792]}, {"id": 11, "label": "seat_support", "box": [-0.43504801392555237, 0.06017480418086052, -0.3097608983516693, 0.024899335578083992, 0.05101769044995308, 0.09102461487054825, 0.019771983847022057, 0.999699056148529, -0.014522954821586609, 0.6818750500679016, -0.024106593802571297, -0.7310712933540344]}, {"id": 12, "label": "seat_frame", "box": [-0.01398091297596693, 0.08271200209856033, 0.11839807033538818, 0.018335998058319092, 0.9379189014434814, 0.9932129979133606, -6.123234262925839e-17, -1.0, -6.123234262925839e-17, -3.3496123705845093e-06, 6.12325477700503e-17, -1.0], "children": [{"id": 13, "label": "seat_holistic_frame", "box": [-0.01398091297596693, 0.08271200209856033, 0.11839807033538818, 0.018335998058319092, 0.9379189014434814, 0.9932129979133606, -6.123234262925839e-17, -1.0, -6.123234262925839e-17, -3.3496123705845093e-06, 6.12325477700503e-17, -1.0]}]}], "edges": [{"dist": 0.003332304955603728, "type": "ADJ", "part_a": 1, "part_b": 0}, {"dist": 0.03636609040748849, "type": "ADJ", "part_a": 2, "part_b": 0}, {"dist": 0.03021604818437654, "type": "ADJ", "part_a": 3, "part_b": 0}, {"dist": 0.0036311784507467165, "type": "ADJ", "part_a": 4, "part_b": 0}, {"dist": 0.0006362386881763082, "type": "ADJ", "part_a": 4, "part_b": 1}, {"dist": 0.0098937796587956, "type": "ADJ", "part_a": 4, "part_b": 2}, {"dist": 0.008155447248867928, "type": "ADJ", "part_a": 4, "part_b": 3}, {"params": [-0.00137406587600708, 0.06027016043663025, -0.3108447194099426, 1.0, 0.00023511721519753337, 9.530616807751358e-05], "dist": 0.023485312016737606, "type": "REF_SYM", "part_a": 3, "part_b": 2}]}, {"id": 14, "label": "chair_base", "box": [-0.0014439438236877322, -0.1289026439189911, 0.10303450375795364, 0.9345369935035706, 1.0090179443359375, 1.2093162536621094, 1.0993825526384171e-05, -1.3463553945327854e-21, -1.0, -1.0, 3.619588096626103e-05, -1.0993825526384171e-05], "children": [{"id": 15, "label": "regular_leg_base", "box": [-0.0014439438236877322, -0.1289026439189911, 0.10303450375795364, 0.9345369935035706, 1.0090179443359375, 1.2093162536621094, 1.0993825526384171e-05, -1.3463553945327854e-21, -1.0, -1.0, 3.619588096626103e-05, -1.0993825526384171e-05], "children": [{"id": 16, "label": "leg", "box": [0.4540177285671234, -0.12024093419313431, -0.35259056091308594, 0.018562404438853264, 0.0260260421782732, 1.1916098594665527, -0.9996566772460938, 0.0004252085345797241, 0.026197167113423347, 0.026198163628578186, 0.00253952550701797, 0.9996535181999207]}, {"id": 17, "label": "leg", "box": [0.4742399752140045, -0.11969879269599915, 0.11015066504478455, 0.018859727308154106, 0.03326424956321716, 1.504418134689331, 0.9993045330047607, 0.005076071247458458, -0.036941591650247574, 0.026167094707489014, 0.61033695936203, 0.7917096018791199]}, {"id": 18, "label": "leg", "box": [-0.0012543154880404472, -0.3236318826675415, 0.2630816400051117, 0.021113963797688484, 0.03603051230311394, 1.399476408958435, -0.09595412015914917, 0.5192705392837524, -0.8492060303688049, 0.6983569860458374, 0.6430492997169495, 0.3143010437488556]}, {"id": 19, "label": "leg", "box": [-0.019240889698266983, -0.3184336721897125, 0.2663554251194, 0.019806303083896637, 0.046605054289102554, 1.3767098188400269, 0.017544325441122055, 0.5891379117965698, -0.8078420162200928, 0.7069603800773621, -0.5786582231521606, -0.4066467881202698]}, {"id": 20, "label": "leg", "box": [-0.4771307706832886, -0.11880304664373398, 0.11058402806520462, 0.01967334747314453, 0.03258984163403511, 1.50533926486969, 0.9987584948539734, -0.046834539622068405, -0.016970176249742508, 0.04197658598423004, 0.6078422665596008, 0.7929474711418152]}, {"id": 21, "label": "leg", "box": [-0.45726367831230164, -0.11945848912000656, -0.35017240047454834, 0.018899334594607353, 0.028088584542274475, 1.1870901584625244, -0.9885072112083435, 0.00021989237575326115, -0.15117336809635162, -0.1511734127998352, -0.0001691698853392154, 0.9885072708129883]}, {"id": 22, "label": "runner", "box": [-0.0006221297080628574, -0.7182987928390503, -0.03443148732185364, 0.020303545519709587, 0.027920441702008247, 0.9880288243293762, 0.002581613138318062, 0.5044700503349304, -0.8634253144264221, 0.004488671198487282, 0.8634136915206909, 0.5044766664505005]}, {"id": 23, "label": "runner", "box": [0.4742664396762848, -0.7188634872436523, 0.10762590914964676, 0.018618931993842125, 0.02935918979346752, 0.9116719961166382, 0.9990296959877014, -0.006302819587290287, -0.043588608503341675, 0.006745198275893927, 0.9999271631240845, 0.010009337216615677]}, {"id": 24, "label": "runner",