{"id": 0, "label": "chair", "box": [-0.0005692559643648565, -0.0031673102639615536, 0.12975981831550598, 0.8209748864173889, 1.5639251470565796, 0.8642546534538269, 0.999946653842926, -0.0009899047436192632, 0.010279818437993526, 0.0013407903024926782, 0.9994146823883057, -0.034182846546173096], "children": [{"id": 1, "label": "chair_back", "box": [-0.0018673684680834413, 0.2889634668827057, -0.22283442318439484, 0.7769371867179871, 0.9917653203010559, 0.17033524811267853, 0.9999967217445374, 0.0019427412189543247, 0.0016814686823636293, -0.0018656101310625672, 0.9989979267120361, -0.044717155396938324], "children": [{"id": 2, "label": "back_surface", "box": [-0.008575201034545898, 0.28137168288230896, -0.21104034781455994, 0.7355652451515198, 0.9885005950927734, 0.14687083661556244, 0.9999838471412659, -0.003049112856388092, -0.004797491244971752, 0.0028234461788088083, 0.998920738697052, -0.04636204615235329], "children": [{"id": 3, "label": "back_single_surface", "box": [-0.002145681995898485, 0.29097241163253784, -0.22751201689243317, 0.7260437607765198, 0.9456977844238281, 0.12495041638612747, 0.9999824166297913, -0.005935082212090492, -4.8759760829852894e-05, 0.005922660231590271, 0.9983577132225037, -0.056980572640895844]}]}]}, {"id": 4, "label": "chair_seat", "box": [0.002141809556633234, -0.16789132356643677, 0.16130535304546356, 0.8520193099975586, 0.2106562852859497, 0.8337438106536865, 0.9999735951423645, -0.00014333346916828305, -0.007270279806107283, 0.00011393011664040387, 0.9999918341636658, -0.00404457189142704], "children": [{"id": 5, "label": "seat_surface", "box": [-0.0030848397873342037, -0.18916836380958557, 0.1633625626564026, 0.8117706179618835, 0.16973459720611572, 0.796800434589386, 0.999996542930603, 0.0026307119987905025, 0.0002851372701115906, -0.0026334081776440144, 0.9999474287033081, 0.009909638203680515], "children": [{"id": 6, "label": "seat_single_surface", "box": [-0.0037947543896734715, -0.193903848528862, 0.15635283291339874, 0.8035576343536377, 0.18525663018226624, 0.8147532343864441, 0.9999968409538269, 0.002402259735390544, -0.0007552370079793036, -0.0023984850849956274, 0.999984860420227, 0.004960074555128813]}]}]}, {"id": 7, "label": "chair_base", "box": [-0.0006813890067860484, -0.516029417514801, 0.14398090541362762, 0.7881104946136475, 0.5360977649688721, 0.7853134274482727, 0.9999874234199524, -0.0023966559674590826, 0.004402907099574804, 0.0023817650508135557, 0.9999914765357971, 0.003384273499250412], "children": [{"id": 8, "label": "regular_leg_base", "box": [-0.006073685362935066, -0.5262681841850281, 0.15021781623363495, 0.8070495128631592, 0.5328505635261536, 0.8088811039924622, 0.9999624490737915, -0.0010241481941193342, 0.008603883907198906, 0.0010326890042051673, 0.9999989867210388, -0.0009882826125249267], "children": [{"id": 9, "label": "leg", "box": [-0.3522551953792572, -0.5222048163414001, -0.21773387491703033, 0.09321749210357666, 0.5600571632385254, 0.09036533534526825, 0.9999314546585083, -0.011683384887874126, 0.0007627105806022882, 0.011628838256001472, 0.9986140131950378, 0.051330842077732086]}, {"id": 12, "label": "leg", "box": [-0.37389883399009705, -0.5130223035812378, 0.5030444264411926, 0.08402203768491745, 0.566072404384613, 0.08487521857023239, 0.9997623562812805, -0.007299430202692747, 0.020542703568935394, 0.007187207229435444, 0.999958872795105, 0.0055314358323812485]}, {"id": 10, "label": "leg", "box": [0.34495529532432556, -0.5184979438781738, -0.22139032185077667, 0.09194086492061615, 0.5495958924293518, 0.09124352782964706, 0.9995440244674683, 0.0020563527941703796, 0.030125154182314873, -0.0032939051743596792, 0.9991500973701477, 0.0410885289311409]}, {"id": 11, "label": "leg", "box": [0.3716612160205841, -0.5135396718978882, 0.5016917586326599, 0.08343604952096939, 0.5664199590682983, 0.08578906953334808, 0.9997336864471436, 0.008002430200576782, -0.02164730243384838, -0.00811203382909298, 0.9999547004699707, -0.004980164580047131]}], "edges": [{"part_a": 0, "part_b": 1, "type": "ROT_SYM"}, {"part_a": 0, "part_b": 1, "type": "TRANS_SYM"}, {"part_a": 0, "part_b": 1, "type": "REF_SYM"}, {"part_a": 0, "part_b": 2, "type": "ROT_SYM"}, {"part_a": 0, "part_b": 2, "type": "TRANS_SYM"}, {"part_a": 0, "part_b": 2, "type": "REF_SYM"}, {"part_a": 0, "part_b": 3, "type": "ROT_SYM"}, {"part_a": 0, "part_b": 3, "type": "TRANS_SYM"}, {"part_a": 0, "part_b": 3, "type": "REF_SYM"}, {"part_a": 1, "part_b": 0, "type": "ROT_SYM"}, {"part_a": 1, "part_b": 0, "type": "TRANS_SYM"}, {"part_a": 1, "part_b": 0, "type": "REF_SYM"}, {"part_a": 1, "part_b": 2, "type": "ROT_SYM"}, {"part_a": 1, "part_b": 2, "type": "TRANS_SYM"}, {"part_a": 1, "part_b": 2, "type": "REF_SYM"}, {"part_a": 1, "part_b": 3, "type": "ROT_SYM"}, {"part_a": 1, "part_b": 3, "type": "TRANS_SYM"}, {"part_a": 1, "part_b": 3, "type": "REF_SYM"}, {"part_a": 2, "part_b": 0, "type": "ROT_SYM"}, {"part_a": 2, "part_b": 0, "type": "TRANS_SYM"}, {"part_a": 2, "part_b": 0, "type": "REF_SYM"}, {"part_a": 2, "part_b": 1, "type": "ROT_SYM"}, {"part_a": 2, "part_b": 1, "type": "TRANS_SYM"}, {"part_a": 2, "part_b": 1, "type": "REF_SYM"}, {"part_a": 2, "part_b": 3, "type": "ROT_SYM"}, {"part_a": 2, "part_b": 3, "type": "TRANS_SYM"}, {"part_a": 2, "part_b": 3, "type": "REF_SYM"}, {"part_a": 3, "part_b": 0, "type": "ROT_SYM"}, {"part_a": 3, "part_b": 0, "type": "TRANS_SYM"}, {"part_a": 3, "part_b": 0, "type": "REF_SYM"}, {"part_a": 3, "part_b": 1, "type": "ROT_SYM"}, {"part_a": 3, "part_b": 1, "type": "TRANS_SYM"}, {"part_a": 3, "part_b": 1, "type": "REF_SYM"}, {"part_a": 3, "part_b": 2, "type": "ROT_SYM"}, {"part_a": 3, "part_b": 2, "type": "TRANS_SYM"}, {"part_a": 3, "part_b": 2, "type": "REF_SYM"}]}]}], "edges": [{"part_a": 0, "part_b": 1, "type": "ADJ"}, {"part_a": 1, "part_b": 0, "type": "ADJ"}, {"part_a": 1, "part_b": 2, "type": "ADJ"}, {"part_a": 2, "part_b": 1, "type": "ADJ"}]}