{"id": 0, "label": "chair", "box": [-0.005916254594922066, -0.011766188777983189, 0.0734907016158104, 0.8790110349655151, 1.5163146257400513, 0.8904327750205994, 0.9999977350234985, 0.0007540805381722748, 0.001988723874092102, -0.0007224867586046457, 0.9998742938041687, -0.015839597210288048], "children": [{"id": 1, "label": "chair_back", "box": [0.006240764632821083, 0.3238254189491272, -0.26168274879455566, 0.8060782551765442, 0.8508841395378113, 0.12292974442243576, 0.9999842643737793, 0.0032746256329119205, 0.004555589519441128, -0.0027053013909608126, 0.9927940964698792, -0.11980234831571579], "children": [{"id": 2, "label": "back_surface", "box": [-0.003335683373734355, 0.39056381583213806, -0.26327136158943176, 0.6920536756515503, 0.5645161271095276, 0.09247125685214996, 0.9999974966049194, -0.000852924888022244, -0.002084657084196806, 0.0006227448466233909, 0.9941481947898865, -0.1080227792263031], "children": [{"id": 0, "label": "back_single_surface", "box": [-0.003061245894059539, 0.4093621075153351, -0.2729623019695282, 0.685151219367981, 0.5741769671440125, 0.083672434091568, 0.9999927282333374, -0.0032041617669165134, -0.0020551402121782303, 0.002889375202357769, 0.9903985857963562, -0.13821104168891907]}]}, {"id": 5, "label": "back_frame", "box": [-0.0043829381465911865, 0.34171271324157715, -0.27651622891426086, 0.8306018710136414, 0.8984103202819824, 0.14429573714733124, 0.9999657273292542, 0.007178375031799078, 0.004131960682570934, -0.006728945299983025, 0.9949581027030945, -0.10006582736968994], "children": [{"id": 6, "label": "back_frame_vertical_bar", "box": [0.33593207597732544, 0.32695624232292175, -0.2781336307525635, 0.09872104227542877, 0.8757494688034058, 0.11592594534158707, 0.9990159273147583, 0.003232120769098401, 0.04423598200082779, 0.001647213357500732, 0.9939497113227844, -0.10982367396354675]}, {"id": 7, "label": "back_frame_vertical_bar", "box": [-0.3431107997894287, 0.31745830178260803, -0.27014076709747314, 0.10777842998504639, 0.8719194531440735, 0.13119781017303467, 0.9973666667938232, -0.008341562002897263, -0.0720432698726654, 0.0011627022176980972, 0.9950749278068542, -0.09911874681711197]}, {"id": 0, "label": "back_frame_horizontal_bar", "box": [-0.003392871469259262, 0.6902058124542236, -0.3115048110485077, 0.6438515782356262, 0.15106886625289917, 0.12260433286428452, 0.9998071193695068, 0.0026723959017544985, -0.019455941393971443, -0.003982807043939829, 0.9977025985717773, -0.06762882322072983]}], "edges": [{"part_a": 0, "part_b": 1, "type": "ROT_SYM"}, {"part_a": 0, "part_b": 1, "type": "TRANS_SYM"}, {"part_a": 0, "part_b": 1, "type": "REF_SYM"}, {"part_a": 0, "part_b": 2, "type": "ADJ"}, {"part_a": 1, "part_b": 0, "type": "ROT_SYM"}, {"part_a": 1, "part_b": 0, "type": "TRANS_SYM"}, {"part_a": 1, "part_b": 0, "type": "REF_SYM"}, {"part_a": 1, "part_b": 2, "type": "ADJ"}, {"part_a": 2, "part_b": 0, "type": "ADJ"}, {"part_a": 2, "part_b": 1, "type": "ADJ"}]}], "edges": [{"part_a": 0, "part_b": 1, "type": "ADJ"}, {"part_a": 1, "part_b": 0, "type": "ADJ"}]}, {"id": 8, "label": "chair_seat", "box": [0.0031858705915510654, -0.04050884395837784, 0.11269232630729675, 0.8001174330711365, 0.1553245186805725, 0.8132816553115845, 0.9999829530715942, 0.005704027134925127, 0.001247934764251113, -0.005718217696994543, 0.9999154806137085, 0.011679035611450672], "children": [{"id": 11, "label": "seat_support", "box": [0.001475064898841083, -0.0713876485824585, 0.10096525400876999, 0.790635883808136, 0.13882121443748474, 0.7816213965415955, 0.999933660030365, 0.009812052361667156, 0.006035396363586187, -0.009817198850214481, 0.9999514818191528, 0.0008236782741732895]}, {"id": 9, "label": "seat_surface", "box": [0.0021245782263576984, 0.011083812452852726, 0.11836615204811096, 0.800357460975647, 0.10649442672729492, 0.7699804902076721, 0.9999997615814209, -0.0007348790531978011, 2.232724455097923e-06, 0.0007348807994276285, 0.9999993443489075, -0.0009191458811983466], "children": [{"id": 10, "label": "seat_single_surface", "box": [0.004742629826068878, 0.005184459500014782, 0.11145483702421188, 0.7991366982460022, 0.10613347589969635, 0.7662906050682068, 0.999983549118042, 0.00015188445104286075, -0.005741599015891552, -9.288470027968287e-05, 0.9999472498893738, 0.01027471199631691]}]}], "edges": [{"part_a": 0, "part_b": 1, "type": "ADJ"}, {"part_a": 1, "part_b": 0, "type": "ADJ"}]}, {"id": 12, "label": "chair_base", "box": [0.00218940363265574, -0.42386749386787415, 0.08464495092630386, 0.8152979612350464, 0.6930832266807556, 0.8573558330535889, 0.9999980330467224, 0.001661316491663456, 0.0011171356309205294, -0.0016591147286817431, 0.9999967217445374, -0.001968895783647895], "children": [{"id": 13, "label": "regular_leg_base", "box": [0.0039056509267538786, -0.4149720370769501, 0.08884364366531372, 0.8293502926826477, 0.720054566860199, 0.8795194029808044, 0.9999977350234985, -0.0013665262376889586, 0.001642168266698718, 0.0013659504475072026, 0.9999990463256836, 0.00035176085657440126], "children": [{"id": 17, "label": "leg", "box": [-0.3596925437450409, -0.4258331060409546, -0.27335676550865173, 0.08977296948432922, 0.7198175191879272, 0.11299320310354233, 0.9991572499275208, -0.0256070364266634, -0.03207880258560181, 0.030001316219568253, 0.9889775514602661, 0.14499445259571075]}, {"id": 14, "label": "leg", "box": [-0.3646453320980072, -0.4182608425617218, 0.46491539478302, 0.0982627347111702, 0.71706223487854, 0.10795287042856216, 0.9992149472236633, -0.01722714863717556, 0.035676367580890656, 0.01864054799079895, 0.9990389347076416, -0.03967113420367241]}, {"id": 16, "label": "leg", "box": [0.35238832235336304, -0.41830170154571533, -0.27367812395095825, 0.10141963511705399, 0.7259224057197571, 0.1106262356042862, 0.99723881483078, 0.014942467212677002, 0.0727430209517479, -0.024257924407720566, 0.9913590550422668, 0.128914013504982]}, {"id": 15, "label": "leg", "box": [0.3638099431991577, -0.4128594994544983, 0.45568451285362244, 0.09021827578544617, 0.7071638107299805, 0.10896596312522888, 0.9995253086090088, 0.010182525031268597, -0.029076864942908287, -0.011496203951537609, 0.9989038705825806, -0.04537570849061012]}], "edges": [{"part_a": 0, "part_b": 1, "type": "ROT_SYM"}, {"part_a": 0, "part_b": 1, "type": "TRANS_SYM"}, {"part_a": 0, "part_b": 1, "type": "REF_SYM"}, {"part_a": 0, "part_b": 2, "type": "ROT_SYM"}, {"part_a": 0, "part_b": 2, "type": "TRANS_SYM"}, {"part_a": 0, "part_b": 2, "type": "REF_SYM"}, {"part_a": 0, "part_b": 3, "type": "ROT_SYM"}, {"part_a": 1, "part_b": 0, "type": "ROT_SYM"}, {"part_a": 1, "part_b": 0, "type": "TRANS_SYM"}, {"part_a": 1, "part_b": 0, "type": "REF_SYM"}, {"part_a": 1, "part_b": 2, "type": "ROT_SYM"}, {"part_a": 1, "part_b": 2, "type": "REF_SYM"}, {"part_a": 1, "part_b": 3, "type": "ROT_SYM"}, {"part_a": 1, "part_b": 3, "type": "TRANS_SYM"}, {"part_a": 1, "part_b": 3, "type": "REF_SYM"}, {"part_a": 2, "part_b": 0, "type": "ROT_SYM"}, {"part_a": 2, "part_b": 0, "type": "TRANS_SYM"}, {"part_a": 2, "part_b": 0, "type": "REF_SYM"}, {"part_a": 2, "part_b": 1, "type": "ROT_SYM"}, {"part_a": 2, "part_b": 1, "type": "REF_SYM"}, {"part_a": 2, "part_b": 3, "type": "ROT_SYM"}, {"part_a": 2, "part_b": 3, "type": "TRANS_SYM"}, {"part_a": 2, "part_b": 3, "type": "REF_SYM"}, {"part_a": 3, "part_b": 0, "type": "ROT_SYM"}, {"part_a": 3, "part_b": 1, "type": "ROT_SYM"}, {"part_a": 3, "part_b": 1, "type": "TRANS_SYM"}, {"part_a": 3, "part_b": 1, "type": "REF_SYM"}, {"part_a": 3, "part_b": 2, "type": "ROT_SYM"}, {"part_a": 3, "part_b": 2, "type": "TRANS_SYM"}, {"part_a": 3, "part_b": 2, "type": "REF_SYM"}]}]}], "edges": [{"part_a": 0, "part_b": 1, "type": "ADJ"}, {"part_a": 0, "part_b": 2, "type": "ADJ"}, {"part_a": 1, "part_b": 0, "type": "ADJ"}, {"part_a": 1, "part_b": 2, "type": "ADJ"}, {"part_a": 2, "part_b": 1, "type": "ADJ"}]}