{"id": 0, "label": "chair", "box": [0.00022160261869430542, -0.021988488733768463, 0.08123292773962021, 0.8228040933609009, 1.574755311012268, 0.8830126523971558, 0.9999368190765381, -0.006646941881626844, 0.00906213279813528, 0.006898435764014721, 0.9995838403701782, -0.028009315952658653], "children": [{"id": 1, "label": "chair_back", "box": [0.0009822972351685166, 0.29240846633911133, -0.27022606134414673, 0.731231153011322, 0.9143255949020386, 0.14008288085460663, 0.9999271631240845, 0.00954593624919653, 0.0073846871964633465, -0.008789483457803726, 0.9952994585037231, -0.09644574671983719], "children": [{"id": 2, "label": "back_surface", "box": [-0.004531745333224535, 0.3708057999610901, -0.29178741574287415, 0.6748502254486084, 0.6156596541404724, 0.10615018010139465, 0.9999926686286926, -0.002600140171125531, -0.0028220380190759897, 0.0022598563227802515, 0.9934180974960327, -0.11452236771583557], "children": [{"id": 0, "label": "back_single_surface", "box": [0.0029213400557637215, 0.3265255093574524, -0.2520081400871277, 0.6071867346763611, 0.4621902108192444, 0.07374260574579239, 0.9999908804893494, -0.003699974389746785, 0.0021398444660007954, 0.0039347317069768906, 0.9924250245094299, -0.12278866022825241]}]}, {"id": 6, "label": "back_frame", "box": [-0.0031845555640757084, 0.3375035524368286, -0.29054006934165955, 0.8115645051002502, 0.9068590998649597, 0.11528915911912918, 0.9999906420707703, -0.0017158837290480733, -0.0039702728390693665, 0.0012467224150896072, 0.9933311939239502, -0.11528930813074112], "children": [{"id": 7, "label": "back_frame_vertical_bar", "box": [0.3354457914829254, 0.310096800327301, -0.27810293436050415, 0.1014418974518776, 0.8848540782928467, 0.12317005544900894, 0.9991385340690613, -0.004639435559511185, 0.041239503771066666, 0.008864358067512512, 0.9946559071540833, -0.10286445915699005]}, {"id": 8, "label": "back_frame_vertical_bar", "box": [-0.3406619429588318, 0.30902865529060364, -0.28340771794319153, 0.1046738252043724, 0.8771129250526428, 0.12179307639598846, 0.9993084073066711, -0.0030469587072730064, -0.037060219794511795, -2.3637474441784434e-05, 0.9965850114822388, -0.08257302641868591]}, {"id": 0, "label": "back_frame_horizontal_bar", "box": [-0.006672862451523542, 0.7234464287757874, -0.3292434811592102, 0.6895931363105774, 0.1475311517715454, 0.11012658476829529, 0.999925971031189, 0.00494407070800662, -0.011118440888822079, -0.005839612800627947, 0.9966142177581787, -0.08201234042644501]}], "edges": [{"part_a": 0, "part_b": 1, "type": "ROT_SYM"}, {"part_a": 0, "part_b": 1, "type": "TRANS_SYM"}, {"part_a": 0, "part_b": 1, "type": "REF_SYM"}, {"part_a": 0, "part_b": 2, "type": "ADJ"}, {"part_a": 1, "part_b": 0, "type": "ROT_SYM"}, {"part_a": 1, "part_b": 0, "type": "TRANS_SYM"}, {"part_a": 1, "part_b": 0, "type": "REF_SYM"}, {"part_a": 1, "part_b": 2, "type": "ADJ"}, {"part_a": 2, "part_b": 0, "type": "ADJ"}, {"part_a": 2, "part_b": 1, "type": "ADJ"}]}], "edges": [{"part_a": 0, "part_b": 1, "type": "ADJ"}, {"part_a": 1, "part_b": 0, "type": "ADJ"}]}, {"id": 9, "label": "chair_seat", "box": [-0.007669887039810419, -0.09478770941495895, 0.14529213309288025, 0.7313849925994873, 0.13571801781654358, 0.7286400198936462, 0.999966561794281, 0.007676669396460056, -0.0028294003568589687, -0.007621013559401035, 0.9997869729995728, 0.019182482734322548], "children": [{"id": 12, "label": "seat_frame", "box": [0.002398344688117504, -0.1258942186832428, 0.11911053210496902, 0.7603737711906433, 0.10479741543531418, 0.7380461692810059, 0.9999755620956421, 0.005571677349507809, 0.0042280470952391624, -0.005525223910808563, 0.9999251365661621, -0.010920164175331593], "children": [{"id": 13, "label": "seat_frame_bar", "box": [0.3531785309314728, -0.1255754828453064, 0.1248532310128212, 0.08414758741855621, 0.10095193982124329, 0.6408633589744568, 0.998534619808197, 0.02803318202495575, -0.046289876103401184, -0.02838320843875408, 0.9995731711387634, -0.006921621970832348]}, {"id": 0, "label": "seat_frame_bar", "box": [0.01031491532921791, -0.12284579873085022, -0.22806119918823242, 0.5317417979240417, 0.09394693374633789, 0.08380448073148727, 0.9996433854103088, -1.6958662172328332e-06, 0.02670484222471714, -0.0031187667045742273, 0.9931496381759644, 0.1168079823255539]}, {"id": 15, "label": "seat_frame_bar", "box": [0.000592213065829128, -0.11468954384326935, 0.4543287456035614, 0.6448891758918762, 0.1067308560013771, 0.10042455792427063, 0.999990701675415, 0.0031615474727004766, 0.002939418191090226, -0.003124140202999115, 0.9999151825904846, -0.012644724920392036]}, {"id": 14, "label": "seat_frame_bar", "box": [-0.3440849781036377, -0.11819717288017273, 0.12241064012050629, 0.10214146226644516, 0.08454582095146179, 0.6389490962028503, 0.9990224838256836, -0.025647873058915138, 0.036004334688186646, 0.025397002696990967, 0.9996500015258789, 0.0074080293998122215]}], "edges": [{"part_a": 0, "part_b": 1, "type": "ADJ"}, {"part_a": 0, "part_b": 2, "type": "ADJ"}, {"part_a": 0, "part_b": 2, "type": "ROT_SYM"}, {"part_a": 0, "part_b": 2, "type": "REF_SYM"}, {"part_a": 0, "part_b": 3, "type": "ROT_SYM"}, {"part_a": 0, "part_b": 3, "type": "TRANS_SYM"}, {"part_a": 0, "part_b": 3, "type": "REF_SYM"}, {"part_a": 2, "part_b": 0, "type": "ADJ"}, {"part_a": 2, "part_b": 0, "type": "ROT_SYM"}, {"part_a": 2, "part_b": 0, "type": "REF_SYM"}, {"part_a": 2, "part_b": 1, "type": "REF_SYM"}, {"part_a": 2, "part_b": 3, "type": "ADJ"}, {"part_a": 2, "part_b": 3, "type": "ROT_SYM"}, {"part_a": 2, "part_b": 3, "type": "REF_SYM"}, {"part_a": 3, "part_b": 0, "type": "ROT_SYM"}, {"part_a": 3, "part_b": 0, "type": "TRANS_SYM"}, {"part_a": 3, "part_b": 0, "type": "REF_SYM"}, {"part_a": 3, "part_b": 1, "type": "ADJ"}, {"part_a": 3, "part_b": 2, "type": "ADJ"}, {"part_a": 3, "part_b": 2, "type": "ROT_SYM"}, {"part_a": 3, "part_b": 2, "type": "REF_SYM"}]}, {"id": 10, "label": "seat_surface", "box": [0.004105313681066036, -0.04989795759320259, 0.1286293864250183, 0.7083659172058105, 0.04913725703954697, 0.6966099739074707, 0.9999752044677734, -0.0002303660730831325, 0.007044035475701094, 0.0001881634525489062, 0.9999820590019226, 0.005991329904645681], "children": [{"id": 11, "label": "seat_single_surface", "box": [-0.006203359458595514, -0.05678790062665939, 0.12513574957847595, 0.7263903021812439, 0.07410930842161179, 0.7107038497924805, 0.9999875426292419, 0.0009400744456797838, 0.004909389186650515, -0.0009544285712763667, 0.9999952912330627, 0.0029222911689430475]}]}], "edges": [{"part_a": 0, "part_b": 1, "type": "ADJ"}, {"part_a": 1, "part_b": 0, "type": "ADJ"}]}, {"id": 16, "label": "chair_base", "box": [-0.0032245274633169174, -0.46934378147125244, 0.08586157858371735, 0.7755864262580872, 0.6687624454498291, 0.8168358206748962, 0.9999976754188538, 0.00010650863259797916, 0.0021530152298510075, -9.735251660458744e-05, 0.9999909400939941, -0.004252349957823753], "children": [{"id": 17, "label": "regular_leg_base", "box": [-0.003191799158230424, -0.4602895975112915, 0.09497642517089844, 0.7767803072929382, 0.6890401244163513, 0.8298470973968506, 0.999997615814209, -0.0014502797275781631, 0.0016510471468791366, 0.0014490056782960892, 0.9999986886978149, 0.0007726537296548486], "children": [{"id": 21, "label": "leg", "box": [-0.35053321719169617, -0.4581204950809479, -0.26271766424179077, 0.08644533902406693, 0.7072678208351135, 0.0922924354672432, 0.9987956285476685, -0.02284708246588707, -0.04342114180326462, 0.027978377416729927, 0.9921964406967163, 0.12150505185127258]}, {"id": 20, "label": "leg", "box": [-0.36437320709228516, -0.4511612057685852, 0.47385987639427185, 0.08414723724126816, 0.7096196413040161, 0.08870332688093185, 0.9989749789237976, -0.017964648082852364, 0.041548117995262146, 0.01906445249915123, 0.9994741678237915, -0.026227645576000214]}, {"id": 18, "label": "leg",