{"id": 0, "label": "chair", "box": [0.002868219744414091, -0.02569480612874031, 0.060680657625198364, 1.0081079006195068, 1.3256683349609375, 1.106881022453308, 0.9999908804893494, -0.0011356573086231947, 0.004110409878194332, 0.001131703844293952, 0.9999988675117493, 0.000964019272942096], "children": [{"id": 1, "label": "chair_back", "box": [0.0006758234230801463, 0.27123120427131653, -0.31068578362464905, 0.9126766324043274, 0.8249725699424744, 0.2135443091392517, 0.9999165534973145, 0.008767313323915005, 0.00949118286371231, -0.0054799634963274, 0.9529827237129211, -0.302975058555603], "children": [{"id": 0, "label": "back_surface", "box": [-0.005222410894930363, 0.2770416736602783, -0.28108468651771545, 0.8840165138244629, 0.6321052312850952, 0.1899850219488144, 0.9999826550483704, 0.00011216658458579332, 0.005887477193027735, 0.0012186543317511678, 0.9742313027381897, -0.22554810345172882], "children": [{"id": 0, "label": "back_single_surface", "box": [0.003951601684093475, 0.30053645372390747, -0.2831634283065796, 0.9047436118125916, 0.6528180837631226, 0.20627188682556152, 0.9999876022338867, -0.003081869101151824, -0.003907333128154278, 0.0020841481164097786, 0.9723449945449829, -0.23353977501392365]}]}, {"id": 2, "label": "back_surface", "box": [-0.01058356836438179, 0.256897509098053, -0.3455545902252197, 0.8167758584022522, 0.7096667885780334, 0.14025218784809113, 0.9999813437461853, -0.005701254587620497, 0.002210294594988227, 0.006081783678382635, 0.9648075103759766, -0.26288676261901855], "children": [{"id": 3, "label": "back_single_surface", "box": [0.0038173124194145203, 0.25838083028793335, -0.3130424916744232, 0.9035018682479858, 0.7871125340461731, 0.19429327547550201, 0.9999598860740662, 0.004013406112790108, 0.008007184602320194, -0.001058530411683023, 0.9406778216362, -0.3392995595932007]}]}], "edges": [{"part_a": 0, "part_b": 1, "type": "ADJ"}]}, {"id": 8, "label": "chair_arm", "box": [0.4529246389865875, 0.05121615529060364, 0.07758963108062744, 0.16451120376586914, 0.42242634296417236, 0.762503981590271, 0.999306321144104, -0.019067684188485146, -0.031989358365535736, 0.018428945913910866, 0.9996272325515747, -0.020144633948802948], "children": [{"id": 9, "label": "arm_horizontal_bar", "box": [0.45103326439857483, 0.23093228042125702, 0.056745536625385284, 0.09655787795782089, 0.12233337759971619, 0.6472771763801575, 0.9997177124023438, -0.00018408108735457063, -0.023758415132761, 6.229663267731667e-05, 0.9999868869781494, -0.005126588977873325]}, {"id": 0, "label": "arm_horizontal_bar", "box": [0.44463106989860535, 0.10931923240423203, 0.10152372717857361, 0.09000179916620255, 0.22578081488609314, 0.6607706546783447, 0.9985875487327576, -0.05189187079668045, -0.011409915052354336, 0.052535150200128555, 0.996427595615387, 0.06612256169319153]}]}, {"id": 5, "label": "chair_arm", "box": [-0.4287881851196289, 0.08925428241491318, 0.06888800859451294, 0.14645233750343323, 0.4463420510292053, 0.7599523067474365, 0.9967789053916931, 0.06328495591878891, 0.04926333203911781, -0.06720741093158722, 0.9943203926086426, 0.0825238898396492], "children": [{"id": 6, "label": "arm_horizontal_bar", "box": [-0.4455077350139618, 0.22135108709335327, 0.04182325303554535, 0.08518031239509583, 0.1246374100446701, 0.4781591594219208, 0.9967703819274902, -0.020021723583340645, 0.07776834070682526, 0.016981424763798714, 0.9990729093551636, 0.039560843259096146]}, {"id": 0, "label": "arm_horizontal_bar", "box": [-0.4462811052799225, 0.25788992643356323, 0.06705331802368164, 0.09517267346382141, 0.12969762086868286, 0.5954256057739258, 0.999583899974823, 0.007850416004657745, 0.027757219970226288, -0.007751664612442255, 0.9999632835388184, -0.0036634691059589386]}]}, {"id": 11, "label": "chair_seat", "box": [0.002082108287140727, -0.11460363119840622, 0.13938425481319427, 0.9246748685836792, 0.1826854795217514, 0.8136373162269592, 0.9999540448188782, 0.0059701730497181416, -0.007501773536205292, -0.006437547504901886, 0.9979351758956909, -0.06390564888715744], "children": [{"id": 0, "label": "seat_support", "box": [0.34532302618026733, -0.08195044845342636, 0.09143126755952835, 0.1507837474346161, 0.131214439868927, 0.5096794366836548, 0.9955844283103943, 0.03683488443493843, 0.08634195476770401, -0.03594337776303291, 0.999283492565155, -0.01185776386409998]}, {"id": 0, "label": "seat_support", "box": [-0.30667969584465027, -0.15565431118011475, 0.17695526778697968, 0.12384786456823349, 0.07813107222318649, 0.4524073302745819, 0.9998306035995483, -0.013431823812425137, -0.01258575078099966, 0.012502090074121952, 0.9973805546760559, -0.07124477624893188]}, {"id": 14, "label": "seat_support", "box": [0.01562494970858097, -0.14564339816570282, -0.17356203496456146, 0.7511037588119507, 0.115761898458004, 0.17998355627059937, 0.9998094439506531, 0.002393276197835803, -0.019374212250113487, 0.0019062752835452557, 0.9757440090179443, 0.21890628337860107]}, {"id": 15, "label": "seat_support", "box": [0.001375894178636372, -0.14529216289520264, 0.4036746621131897, 0.6603332161903381, 0.11271533370018005, 0.125314399600029, 0.9995976090431213, 0.018845021724700928, 0.02120032347738743, -0.014333494938910007, 0.9805428385734558, -0.1957811862230301]}, {"id": 12, "label": "seat_surface", "box": [-0.0002471655607223511, -0.0785863921046257, 0.1633548140525818, 0.8457070589065552, 0.14798356592655182, 0.7935113906860352, 0.9999549984931946, 0.00424233078956604, -0.008486197330057621, -0.004393355455249548, 0.9998309016227722, -0.017857711762189865], "children": [{"id": 13, "label": "seat_single_surface", "box": [-0.0027582929469645023, -0.09129710495471954, 0.16430489718914032, 0.8230251669883728, 0.1228666752576828, 0.8005300760269165, 0.9999936819076538, 0.0009437719127163291, 0.0034287068992853165, -0.0009055354166775942, 0.9999375939369202, -0.011136369779706001]}]}], "edges": [{"part_a": 0, "part_b": 4, "type": "ADJ"}, {"part_a": 2, "part_b": 3, "type": "ROT_SYM"}, {"part_a": 2, "part_b": 3, "type": "TRANS_SYM"}, {"part_a": 2, "part_b": 3, "type": "REF_SYM"}, {"part_a": 2, "part_b": 4, "type": "ADJ"}, {"part_a": 3, "part_b": 2, "type": "ROT_SYM"}, {"part_a": 3, "part_b": 2, "type": "TRANS_SYM"}, {"part_a": 3, "part_b": 2, "type": "REF_SYM"}, {"part_a": 3, "part_b": 4, "type": "ADJ"}, {"part_a": 4, "part_b": 0, "type": "ADJ"}, {"part_a": 4, "part_b": 2, "type": "ADJ"}, {"part_a": 4, "part_b": 3, "type": "ADJ"}]}, {"id": 16, "label": "chair_base", "box": [-0.006395536009222269, -0.34184902906417847, 0.07415387034416199, 0.9475511908531189, 0.6511105895042419, 0.979600727558136, 0.9999865889549255, 0.002946574939414859, -0.0042608752846717834, -0.0029524907004088163, 0.999994695186615, -0.0013827442890033126], "children": [{"id": 17, "label": "regular_leg_base", "box": [0.004146226216107607, -0.379571795463562, 0.08942142128944397, 0.9294207692146301, 0.6419894695281982, 0.9874022603034973, 0.9999974370002747, 0.0011070116888731718, 0.001994579564779997, -0.001101471483707428, 0.9999955296516418, -0.002776502165943384], "children": [{"id": 25, "label": "bar_stretcher", "box": [0.4167943000793457, -0.5127540826797485, 0.08663000911474228, 0.09822064638137817, 0.16157767176628113, 0.7680537104606628, 0.9999364018440247, 0.0063346028327941895, -0.00933403056114912, -0.006555662024766207, 0.9996941685676575, -0.023846028372645378]}, {"id": 19, "label": "leg", "box": [-0.40710604190826416, -0.3895087242126465, -0.28125059604644775, 0.08653741329908371, 0.5984784364700317, 0.14048190414905548, 0.99957674741745, -0.02643458917737007, 0.012149128131568432, 0.022804129868745804, 0.9712346196174622, 0.23703031241893768]}, {"id": 21, "label": "leg", "box": [-0.427458792924881, -0.3624657392501831, 0.5106446743011475, 0.0858137309551239, 0.6352209448814392, 0.1243448480963707, 0.9989534616470337, -0.016767073422670364, 0.04255440831184387, 0.020774459466338158, 0.9952080249786377, -0.09554806351661682]}, {"id": 18, "label": "leg",