{"id": 0, "label": "chair", "box": [0.019464384764432907, -0.00687869917601347, 0.039158742874860764, 1.310133457183838, 1.466256022453308, 1.2661211490631104, 0.9999910593032837, 0.002117778407409787, 0.0036629976239055395, -0.0020786661189049482, 0.9999411106109619, -0.010648763738572598], "children": [{"id": 1, "label": "chair_back", "box": [-0.010824883356690407, 0.29927918314933777, -0.34108680486679077, 1.1315293312072754, 0.8754736185073853, 0.3288240432739258, 0.9999665021896362, 0.004368357826024294, 0.006927036680281162, -0.0030893583316355944, 0.9845765233039856, -0.174927219748497], "children": [{"id": 2, "label": "back_surface", "box": [0.0043121944181621075, 0.24685503542423248, -0.3108051121234894, 1.1896905899047852, 0.8627598285675049, 0.35699111223220825, 0.9999284148216248, -0.0047533526085317135, 0.010984551161527634, 0.006387621164321899, 0.9880655407905579, -0.15390163660049438], "children": [{"id": 3, "label": "back_single_surface", "box": [0.005718963220715523, 0.2724716067314148, -0.31990984082221985, 1.1238255500793457, 0.8396081924438477, 0.3386310935020447, 0.9999289512634277, 0.0041217501275241375, 0.011188429780304432, -0.0024896461982280016, 0.9898422956466675, -0.14214801788330078]}]}]}, {"id": 6, "label": "chair_arm", "box": [-0.4796998202800751, 0.1254379153251648, 0.12138146907091141, 0.2269551157951355, 0.6242159008979797, 0.8397077322006226, 0.9773237109184265, 0.19969673454761505, 0.07042441517114639, -0.19600547850131989, 0.9790031313896179, -0.05598824843764305], "children": [{"id": 7, "label": "arm_sofa_style", "box": [-0.4971754848957062, 0.12572439014911652, 0.14788532257080078, 0.200203076004982, 0.5904667973518372, 0.8335471749305725, 0.9782130122184753, 0.19762270152568817, 0.06359724700450897, -0.19562217593193054, 0.9800057411193848, -0.03634152561426163]}]}, {"id": 4, "label": "chair_arm", "box": [0.4759996831417084, 0.11505305767059326, 0.15216805040836334, 0.21833382546901703, 0.6271886229515076, 0.8263980746269226, 0.985388994216919, -0.16117136180400848, -0.055066950619220734, 0.1598869115114212, 0.9867656230926514, -0.027013631537556648], "children": [{"id": 5, "label": "arm_sofa_style", "box": [0.48092028498649597, 0.11094080656766891, 0.17093828320503235, 0.22033974528312683, 0.6088921427726746, 0.831018328666687, 0.9749184846878052, -0.21722979843616486, -0.04842739179730415, 0.216566264629364, 0.9760904312133789, -0.018615053966641426]}]}, {"id": 8, "label": "chair_seat", "box": [0.005351298488676548, -0.06667574495077133, 0.1375759094953537, 0.9282418489456177, 0.2904391288757324, 0.9085898995399475, 0.9999364018440247, 0.005784069653600454, -0.009681852534413338, -0.005591654218733311, 0.9997886419296265, 0.019784267991781235], "children": [{"id": 11, "label": "seat_support", "box": [0.001885326229967177, -0.09994497150182724, 0.16770456731319427, 0.9019325971603394, 0.1422760933637619, 0.8113744258880615, 0.9999578595161438, 0.004397564101964235, -0.008059270679950714, -0.004524004179984331, 0.9998659491539001, -0.01573825627565384]}, {"id": 9, "label": "seat_surface", "box": [0.0012487855274230242, 0.005452783778309822, 0.15077637135982513, 0.8879090547561646, 0.1584950089454651, 0.847090482711792, 0.9999287724494934, -0.0038903739769011736, -0.011286214925348759, 0.003984813578426838, 0.9999571442604065, 0.008357323706150055], "children": [{"id": 10, "label": "seat_single_surface", "box": [0.002356385113671422, 0.008302079513669014, 0.15524235367774963, 0.8905293345451355, 0.1560392528772354, 0.7995606064796448, 0.9999427795410156, 0.0033115611877292395, -0.010171361267566681, -0.003074794542044401, 0.9997259974479675, 0.02320585399866104]}]}], "edges": [{"part_a": 0, "part_b": 1, "type": "ADJ"}, {"part_a": 1, "part_b": 0, "type": "ADJ"}]}, {"id": 12, "label": "chair_base", "box": [-0.018855314701795578, -0.5247849225997925, 0.01266368106007576, 0.9465988874435425, 0.6339420080184937, 0.8532049655914307, 0.989032506942749, -0.05193166807293892, -0.13826711475849152, 0.04867701232433319, 0.9984544515609741, -0.02681952714920044], "children": [{"id": 13, "label": "star_leg_base", "box": [-0.021584682166576385, -0.5158017873764038, 0.046012572944164276, 0.9723701477050781, 0.5417366027832031, 0.9580822587013245, 0.997572660446167, 0.013919449411332607, -0.06822776794433594, -0.012554396875202656, 0.9997131824493408, 0.020395420491695404], "children": [{"id": 16, "label": "star_leg_set", "box": [0.00538799911737442, -0.603448748588562, 0.06968595832586288, 0.9821188449859619, 0.2367517203092575, 1.0011096000671387, 0.9978135824203491, 0.011002816259860992, 0.06516934931278229, -0.011958921328186989, 0.9998262524604797, 0.014299195259809494], "children": [{"id": 17, "label": "leg", "box": [0.18673527240753174, -0.6162692308425903, 0.29377132654190063, 0.2060800939798355, 0.1744900643825531, 0.49895551800727844, 0.7651183009147644, 0.03899434208869934, -0.642707884311676, 0.10801167041063309, 0.9762475490570068, 0.18781445920467377]}, {"id": 19, "label": "leg", "box": [-0.18754979968070984, -0.6865592002868652, -0.18624471127986908, 0.39195516705513, 0.12404576689004898, 0.20448391139507294, 0.6435023546218872, 0.09391459822654724, 0.7596609592437744, -0.06347788870334625, 0.9955736994743347, -0.06930819153785706]}, {"id": 18, "label": "leg", "box": [0.28380417823791504, -0.6076032519340515, -0.016736239194869995, 0.3354957103729248, 0.2123183012008667, 0.2977917194366455, 0.922938883304596, -0.20440548658370972, -0.32619354128837585, 0.20196083188056946, 0.978503942489624, -0.0417361781001091]}, {"id": 20, "label": "leg", "box": [-0.20746645331382751, -0.5934138298034668, 0.2422633022069931, 0.5005652904510498, 0.16507676243782043, 0.2461223006248474, 0.6799634695053101, 0.2555924654006958, -0.6872569918632507, -0.11357391625642776, 0.962680995464325, 0.24565468728542328]}], "edges": [{"part_a": 0, "part_b": 1, "type": "REF_SYM"}, {"part_a": 0, "part_b": 3, "type": "ROT_SYM"}, {"part_a": 0, "part_b": 3, "type": "REF_SYM"}, {"part_a": 1, "part_b": 0, "type": "REF_SYM"}, {"part_a": 2, "part_b": 0, "type": "REF_SYM"}, {"part_a": 3, "part_b": 0, "type": "ADJ"}, {"part_a": 3, "part_b": 0, "type": "ROT_SYM"}, {"part_a": 3, "part_b": 0, "type": "REF_SYM"}]}, {"id": 14, "label": "central_support", "box": [-0.02787552773952484, -0.4510799050331116, 0.07154446095228195, 0.12283103913068771, 0.38360849022865295, 0.14034338295459747, 0.9971120357513428, -0.021496398374438286, -0.07283932715654373, 0.024859223514795303, 0.9986513257026672, 0.04558013752102852]}], "edges": [{"part_a": 0, "part_b": 1, "type": "ADJ"}, {"part_a": 1, "part_b": 0, "type": "ADJ"}]}]}], "edges": [{"part_a": 0, "part_b": 1, "type": "ADJ"}, {"part_a": 0, "part_b": 2, "type": "ADJ"}, {"part_a": 0, "part_b": 3, "type": "ADJ"}, {"part_a": 1, "part_b": 0, "type": "ADJ"}, {"part_a": 1, "part_b": 2, "type": "ROT_SYM"}, {"part_a": 1, "part_b": 2, "type": "REF_SYM"}, {"part_a": 1, "part_b": 3, "type": "ADJ"}, {"part_a": 2, "part_b": 0, "type": "ADJ"}, {"part_a": 2, "part_b": 1, "type": "ROT_SYM"}, {"part_a": 2, "part_b": 1, "type": "REF_SYM"}, {"part_a": 2, "part_b": 3, "type": "ADJ"}, {"part_a": 3, "part_b": 0, "type": "ADJ"}, {"part_a": 3, "part_b": 1, "type": "ADJ"}, {"part_a": 3, "part_b": 2, "type": "ADJ"}, {"part_a": 3, "part_b": 4, "type": "ADJ"}, {"part_a": 4, "part_b": 3, "type": "ADJ"}]}