{"id": 0, "label": "chair", "box": [0.0013250104384496808, 0.12633277475833893, 0.11039967089891434, 0.8700772523880005, 1.7104907035827637, 0.8133417367935181, 0.9999867081642151, 0.0007721988949924707, 0.005100439768284559, -0.0007850185502320528, 0.999996542930603, 0.002511917846277356], "children": [{"id": 1, "label": "chair_back", "box": [-0.008086214773356915, 0.50658118724823, -0.211957648396492, 0.8653334379196167, 0.9430729150772095, 0.166849747300148, 0.9999988079071045, -0.0008062217384576797, -0.0013071289286017418, 0.000822128145955503, 0.9999250769615173, 0.0122144790366292], "children": [{"id": 2, "label": "back_surface", "box": [-0.008220457471907139, 0.4972866475582123, -0.21179889142513275, 0.8459254503250122, 0.9151309132575989, 0.1586788296699524, 0.9999758005142212, -0.005754911340773106, -0.003911679144948721, 0.005772776436060667, 0.9999728798866272, 0.004571288824081421], "children": [{"id": 3, "label": "back_single_surface", "box": [-0.009791487827897072, 0.5021353960037231, -0.2173268347978592, 0.8207876086235046, 0.9625614881515503, 0.16001760959625244, 0.9999833703041077, 0.0016333251260221004, 0.0055284202098846436, -0.00165789935272187, 0.9999887943267822, 0.0044434042647480965]}]}]}, {"id": 4, "label": "chair_seat", "box": [-0.009793668985366821, -0.031086647883057594, 0.0851275846362114, 0.8481258749961853, 0.30500051379203796, 0.8281130790710449, 0.9999657869338989, 0.0015818054089322686, -0.008124271407723427, -0.0014098371611908078, 0.999775767326355, 0.021129479631781578], "children": [{"id": 5, "label": "seat_surface", "box": [0.003968014847487211, -0.008013127371668816, 0.09067637473344803, 0.8673029541969299, 0.2818776071071625, 0.8605132699012756, 0.9999914765357971, -0.0024823592975735664, -0.0033003196585923433, 0.0025416964199393988, 0.9998329877853394, 0.018098274245858192], "children": [{"id": 6, "label": "seat_single_surface", "box": [-0.000521959678735584, -0.01409097108989954, 0.09719303995370865, 0.8388128876686096, 0.23046758770942688, 0.8025669455528259, 0.9999677538871765, -0.003294143592938781, -0.007327074650675058, 0.003493180498480797, 0.9996206760406494, 0.02731972560286522]}]}]}, {"id": 7, "label": "chair_base", "box": [0.008390170522034168, -0.4273470938205719, 0.10451225936412811, 0.8341879844665527, 0.6519907116889954, 0.8350740671157837, 0.9999911189079285, 0.0009946345817297697, -0.0041022407822310925, -0.0009778918465599418, 0.9999911785125732, 0.004081340041011572], "children": [{"id": 8, "label": "regular_leg_base", "box": [0.0015608040848746896, -0.42880779504776, 0.12062370032072067, 0.8200833797454834, 0.6243119835853577, 0.8201661109924316, 0.9999927878379822, 0.002443853998556733, -0.002918561687693, -0.002447019796818495, 0.9999964237213135, -0.0010816676076501608], "children": [{"id": 12, "label": "leg", "box": [-0.32635852694511414, -0.4422663152217865, -0.19994747638702393, 0.1320497989654541, 0.598027229309082, 0.15705882012844086, 0.9997974634170532, -0.014645393937826157, 0.013805991038680077, 0.01422219630330801, 0.9994406700134277, 0.030268469825387]}, {"id": 11, "label": "leg", "box": [-0.3187282979488373, -0.4360342025756836, 0.43931838870048523, 0.1370381861925125, 0.6248416900634766, 0.14504648745059967, 0.9999676942825317, -0.008038961328566074, -3.425479735597037e-05, 0.008037733845412731, 0.9998735189437866, -0.013727204874157906]}, {"id": 9, "label": "leg", "box": [0.3245094418525696, -0.4376189708709717, -0.1965501457452774, 0.14696767926216125, 0.6269323229789734, 0.174875408411026, 0.9998829364776611, 0.014488804154098034, 0.0049235583283007145, -0.01460148673504591, 0.9996129870414734, 0.023677924647927284]}, {"id": 10, "label": "leg", "box": [0.322175532579422, -0.44357675313949585, 0.45112642645835876, 0.13928113877773285, 0.6169261932373047, 0.1516266018152237, 0.9996160268783569, 0.018867429345846176, 0.020295465365052223, -0.01857239566743374, 0.9997205138206482, -0.014628477394580841]}], "edges": [{"part_a": 0, "part_b": 1, "type": "ROT_SYM"}, {"part_a": 0, "part_b": 1, "type": "TRANS_SYM"}, {"part_a": 0, "part_b": 1, "type": "REF_SYM"}, {"part_a": 0, "part_b": 2, "type": "ROT_SYM"}, {"part_a": 0, "part_b": 2, "type": "TRANS_SYM"}, {"part_a": 0, "part_b": 2, "type": "REF_SYM"}, {"part_a": 0, "part_b": 3, "type": "ROT_SYM"}, {"part_a": 0, "part_b": 3, "type": "TRANS_SYM"}, {"part_a": 0, "part_b": 3, "type": "REF_SYM"}, {"part_a": 1, "part_b": 0, "type": "ROT_SYM"}, {"part_a": 1, "part_b": 0, "type": "TRANS_SYM"}, {"part_a": 1, "part_b": 0, "type": "REF_SYM"}, {"part_a": 1, "part_b": 2, "type": "ROT_SYM"}, {"part_a": 1, "part_b": 2, "type": "TRANS_SYM"}, {"part_a": 1, "part_b": 2, "type": "REF_SYM"}, {"part_a": 1, "part_b": 3, "type": "ROT_SYM"}, {"part_a": 1, "part_b": 3, "type": "TRANS_SYM"}, {"part_a": 1, "part_b": 3, "type": "REF_SYM"}, {"part_a": 2, "part_b": 0, "type": "ROT_SYM"}, {"part_a": 2, "part_b": 0, "type": "TRANS_SYM"}, {"part_a": 2, "part_b": 0, "type": "REF_SYM"}, {"part_a": 2, "part_b": 1, "type": "ROT_SYM"}, {"part_a": 2, "part_b": 1, "type": "TRANS_SYM"}, {"part_a": 2, "part_b": 1, "type": "REF_SYM"}, {"part_a": 2, "part_b": 3, "type": "ROT_SYM"}, {"part_a": 2, "part_b": 3, "type": "TRANS_SYM"}, {"part_a": 2, "part_b": 3, "type": "REF_SYM"}, {"part_a": 3, "part_b": 0, "type": "ROT_SYM"}, {"part_a": 3, "part_b": 0, "type": "TRANS_SYM"}, {"part_a": 3, "part_b": 0, "type": "REF_SYM"}, {"part_a": 3, "part_b": 1, "type": "ROT_SYM"}, {"part_a": 3, "part_b": 1, "type": "TRANS_SYM"}, {"part_a": 3, "part_b": 1, "type": "REF_SYM"}, {"part_a": 3, "part_b": 2, "type": "ROT_SYM"}, {"part_a": 3, "part_b": 2, "type": "TRANS_SYM"}, {"part_a": 3, "part_b": 2, "type": "REF_SYM"}]}]}], "edges": [{"part_a": 0, "part_b": 1, "type": "ADJ"}, {"part_a": 1, "part_b": 0, "type": "ADJ"}, {"part_a": 1, "part_b": 2, "type": "ADJ"}, {"part_a": 2, "part_b": 1, "type": "ADJ"}]}