{"id": 0, "label": "chair", "box": [-0.013719335198402405, -0.024437647312879562, 0.14434392750263214, 0.7168391942977905, 0.7172835469245911, 1.6271170377731323, -3.677911445265636e-05, -0.000216849657590501, -1.0, -1.0, 0.00016659958055242896, 3.674298568512313e-05], "children": [{"id": 1, "label": "chair_back", "box": [-0.013707690872251987, 0.34108853340148926, -0.1642443835735321, 0.10285336524248123, 0.7169604897499084, 0.8960824012756348, 0.003541550599038601, -0.0020894689951092005, -0.9999915361404419, 0.9999936819076538, 0.00037850867374800146, 0.0035407671239227057], "children": [{"id": 2, "label": "back_surface", "box": [-0.01648278348147869, 0.35604211688041687, -0.18027302622795105, 0.04134244844317436, 0.5587573051452637, 0.7262832522392273, 0.0012611867859959602, -0.0019237140659242868, -0.9999973773956299, -0.9999992251396179, -0.00010554405889706686, -0.0012609860859811306], "children": [{"id": 3, "label": "back_single_surface", "box": [-0.01648278348147869, 0.35604211688041687, -0.18027302622795105, 0.04134244844317436, 0.5587573051452637, 0.7262832522392273, 0.0012611867859959602, -0.0019237140659242868, -0.9999973773956299, -0.9999992251396179, -0.00010554405889706686, -0.0012609860859811306]}]}, {"id": 4, "label": "back_frame", "box": [-0.013707690872251987, 0.34108853340148926, -0.1642443835735321, 0.10285336524248123, 0.7169604897499084, 0.8960824012756348, 0.003541550599038601, -0.0020894689951092005, -0.9999915361404419, 0.9999936819076538, 0.00037850867374800146, 0.0035407671239227057], "children": [{"id": 5, "label": "back_frame_vertical_bar", "box": [0.2834288775920868, 0.3413528501987457, -0.17270240187644958, 0.09375803917646408, 0.13273757696151733, 0.8960112929344177, 0.26646941900253296, 0.0013095936737954617, -0.9638424515724182, -0.9637496471405029, -0.013582832179963589, -0.2664622366428375]}, {"id": 6, "label": "back_frame_vertical_bar", "box": [-0.31746166944503784, 0.34365585446357727, -0.17237256467342377, 0.09531034529209137, 0.11109458655118942, 0.8907512426376343, -0.04081185534596443, -0.01366367470473051, -0.9990734457969666, -0.9991645812988281, 0.002679800381883979, 0.040778931230306625]}, {"id": 7, "label": "back_frame_horizontal_bar", "box": [-0.019600884988904, 0.7392522692680359, -0.1762382835149765, 0.08413058519363403, 0.10216870158910751, 0.570905864238739, -0.003793647512793541, 0.35666269063949585, -0.9342254996299744, -0.0013707351172342896, 0.9342294931411743, 0.3566697835922241]}], "edges": [{"part_b": 0, "type": "ADJ", "part_a": 2, "dist": 0.01166124965693418}, {"part_b": 1, "type": "ADJ", "part_a": 2, "dist": 0.0037755326177819886}, {"part_b": 0, "type": "REF_SYM", "part_a": 1, "dist": 0.01761920696008895, "params": [-0.016530662775039673, 0.36326736211776733, -0.17258653044700623, 0.9999967813491821, 0.0025215339846909046, 0.00023683150357101113]}, {"part_b": 0, "type": "TRANS_SYM", "part_a": 1, "dist": 0.01977740429994021, "params": [0.6298154592514038, 0.0015881061553955078, 0.00014916062355041504]}, {"part_b": 0, "type": "ROT_SYM", "part_a": 1, "dist": 0.019905688083641387, "params": [-0.01701352745294571, 0.3779654800891876, 0.9751933813095093, 0.009859919548034668, -0.9998798966407776, 0.0119541110470891, 0.5354930758476257]}]}], "edges": [{"part_b": 0, "type": "ADJ", "part_a": 1, "dist": 0.005615695463776916}]}, {"id": 8, "label": "chair_seat", "box": [-0.013825538568198681, -0.044518157839775085, 0.1447243094444275, 0.12800435721874237, 0.7169659733772278, 0.7176032662391663, 0.01783674582839012, -0.9996598362922668, -0.019027024507522583, 0.9998409152030945, 0.017833974212408066, 0.0003152817953377962], "children": [{"id": 9, "label": "seat_surface", "box": [-0.013716960325837135, -0.04861599951982498, 0.1718117892742157, 0.023329999297857285, 0.5389477014541626, 0.5838370323181152, -6.123234262925839e-17, -1.0, -6.123234262925839e-17, 0.9999998211860657, -6.126727612088773e-17, 0.0005706626689061522], "children": [{"id": 10, "label": "seat_single_surface", "box": [-0.013716960325837135, -0.04861599951982498, 0.1718117892742157, 0.023329999297857285, 0.5389477014541626, 0.5838370323181152, -6.123234262925839e-17, -1.0, -6.123234262925839e-17, 0.9999998211860657, -6.126727612088773e-17, 0.0005706626689061522]}]}, {"id": 11, "label": "seat_frame", "box": [-0.013825538568198681, -0.044518157839775085, 0.1447243094444275, 0.12800435721874237, 0.7169659733772278, 0.7176032662391663, 0.01783674582839012, -0.9996598362922668, -0.019027024507522583, 0.9998409152030945, 0.017833974212408066, 0.0003152817953377962], "children": [{"id": 12, "label": "seat_frame_bar", "box": [-0.3244149684906006, -0.04610732942819595, 0.18060022592544556, 0.09911651909351349, 0.10572953522205353, 0.6440489292144775, 0.7327253818511963, -0.6804825663566589, -0.007553706876933575, 0.6805205941200256, 0.7327135801315308, 0.004747722763568163]}, {"id": 13, "label": "seat_frame_bar", "box": [0.30029773712158203, -0.05087734013795853, 0.1859317272901535, 0.10649298131465912, 0.10748598724603653, 0.6346222758293152, 0.9730701446533203, 0.22933384776115417, -0.023247836157679558, -0.2288724184036255, 0.973231852054596, 0.02090900018811226]}, {"id": 14, "label": "seat_frame_bar", "box": [-0.012491174973547459, -0.034107744693756104, -0.14531664550304413, 0.11885198950767517, 0.14874181151390076, 0.5896939039230347, 0.0007735658437013626, 0.7930378317832947, -0.6091719269752502, -0.007560562342405319, -0.6091500520706177, -0.7930189371109009]}], "edges": [{"part_b": 0, "type": "ADJ", "part_a": 2, "dist": 0.011832487766810167}, {"part_b": 1, "type": "ADJ", "part_a": 2, "dist": 0.01607554882689436}, {"part_b": 0, "type": "REF_SYM", "part_a": 1, "dist": 0.017118027987129587, "params": [-0.013598605990409851, -0.042818643152713776, 0.18857979774475098, -0.9999920129776001, 0.0018268226413056254, -0.003557823598384857]}, {"part_b": 0, "type": "TRANS_SYM", "part_a": 1, "dist": 0.019931903722583005, "params": [-0.6339287757873535, 0.0011580847203731537, -0.0022554248571395874]}, {"part_b": 0, "type": "ROT_SYM", "part_a": 1, "dist": 0.022343883522613045, "params": [-0.013406979851424694, 0.06089179217815399, 0.1883242428302765, -0.0024701959919184446, -0.004512254614382982, -0.9999867677688599, 2.509146213531494]}, {"part_b": 0, "type": "REF_SYM", "part_a": 2, "dist": 0.044907847248660863, "params": [-0.1717112809419632, -0.043360184878110886, 0.010559514164924622, -0.6681398153305054, 0.004713236354291439, 0.7440208196640015]}, {"part_b": 0, "type": "ROT_SYM", "part_a": 2, "dist": 0.034874520746202904, "params": [-0.32398366928100586, -0.23498965799808502, -0.12252883613109589, 0.1478249430656433, -0.9772913455963135, 0.15182068943977356, 1.5690126419067383]}, {"part_b": 1, "type": "REF_SYM", "part_a": 2, "dist": 0.045246102710270124, "params": [0.14525309205055237, -0.04393922537565231, 0.011687226593494415, 0.6640627384185791, 0.00227443128824234, 0.7476733922958374]}, {"part_b": 1, "type": "ROT_SYM", "part_a": 2, "dist": 0.039662103601067415, "params": [0.4301869869232178, 0.8778772950172424, -0.2547588050365448, 0.12701381742954254, 0.9835407137870789, -0.12851157784461975, 1.6617203950881958]}]}], "edges": [{"part_b": 0, "type": "ADJ", "part_a": 1, "dist": 0.004726230886571337}]}, {"id": 15, "label": "chair_base", "box": [-0.01384300459176302, -0.4478727877140045, 0.14438408613204956, 0.7168417572975159, 0.7168681621551514, 0.7802525162696838, -9.586889973434154e-06, -0.0003923076146747917, -0.9999999403953552, -1.0, -9.689707702875694e-09, 9.586894520907663e-06], "children": [{"id": 16, "label": "regular_leg_base", "box": [-0.01384300459176302, -0.4478727877140045, 0.14438408613204956, 0.7168417572975159, 0.7168681621551514, 0.7802525162696838, -9.586889973434154e-06, -0.0003923076146747917, -0.9999999403953552, -1.0, -9.689707702875694e-09, 9.586894520907663e-06], "children": [{"id": 17, "label": "leg",