{"id": 0, "label": "chair", "box": [0.00417277030646801, -0.018007947131991386, 0.0794076919555664, 0.7598218321800232, 1.6426242589950562, 0.833915114402771, 0.999983549118042, -0.005702329333871603, 0.0006062581669539213, 0.0057158637791872025, 0.999662458896637, -0.02534457854926586], "children": [{"id": 1, "label": "chair_back", "box": [-0.0037084424402564764, 0.33177250623703003, -0.24925056099891663, 0.6763318777084351, 0.8941817879676819, 0.11254941672086716, 0.9999136328697205, 0.013107187114655972, -0.0009923995239660144, -0.013143950141966343, 0.9978112578392029, -0.06480748951435089], "children": [{"id": 2, "label": "back_surface", "box": [-0.002737373812124133, 0.4111577868461609, -0.26389941573143005, 0.603050708770752, 0.5443705916404724, 0.08186522871255875, 0.9999600648880005, -0.00881583709269762, 0.0014626651536673307, 0.008905500173568726, 0.9966579079627991, -0.08120176941156387], "children": [{"id": 3, "label": "back_single_surface", "box": [0.0015613517025485635, 0.4034450650215149, -0.24962830543518066, 0.5643905997276306, 0.5410890579223633, 0.07688719779253006, 0.9999973177909851, 0.0001347476354567334, -0.0023269038647413254, -0.0003375146188773215, 0.9961766600608826, -0.08736128360033035]}]}, {"id": 4, "label": "back_frame", "box": [-0.0005246661021374166, 0.384273886680603, -0.2575465142726898, 0.7912522554397583, 0.9357727766036987, 0.13880008459091187, 0.9999846816062927, 0.005513322539627552, 0.0005200037849135697, -0.005455088336020708, 0.99686598777771, -0.07892066240310669], "children": [{"id": 5, "label": "back_frame_vertical_bar", "box": [0.30334189534187317, 0.3628084361553192, -0.2592426538467407, 0.12074849009513855, 0.8897132277488708, 0.11546381562948227, 0.9993069767951965, 0.0013266747118905187, 0.03720066696405411, 0.0014559334376826882, 0.99720698595047, -0.07467322796583176]}, {"id": 6, "label": "back_frame_vertical_bar", "box": [-0.3162344694137573, 0.3587101101875305, -0.25921839475631714, 0.10866101831197739, 0.8990005850791931, 0.12026502937078476, 0.9990596771240234, -0.0033305115066468716, -0.04322843253612518, 0.0009538510348647833, 0.9984923005104065, -0.0548836924135685]}, {"id": 7, "label": "back_frame_horizontal_bar", "box": [0.0027925914619117975, 0.74519282579422, -0.26518329977989197, 0.6592696905136108, 0.1889418661594391, 0.13358494639396667, 0.999948263168335, 0.0037776054814457893, -0.009445668198168278, -0.004116710741072893, 0.9993382096290588, -0.03614269942045212]}], "edges": [{"part_a": 0, "part_b": 1, "type": "ROT_SYM"}, {"part_a": 0, "part_b": 1, "type": "TRANS_SYM"}, {"part_a": 0, "part_b": 1, "type": "REF_SYM"}, {"part_a": 0, "part_b": 2, "type": "ADJ"}, {"part_a": 1, "part_b": 0, "type": "ROT_SYM"}, {"part_a": 1, "part_b": 0, "type": "TRANS_SYM"}, {"part_a": 1, "part_b": 0, "type": "REF_SYM"}, {"part_a": 1, "part_b": 2, "type": "ADJ"}, {"part_a": 2, "part_b": 0, "type": "ADJ"}, {"part_a": 2, "part_b": 1, "type": "ADJ"}]}], "edges": [{"part_a": 0, "part_b": 1, "type": "ADJ"}, {"part_a": 1, "part_b": 0, "type": "ADJ"}]}, {"id": 8, "label": "chair_seat", "box": [0.0006084422930143774, -0.08078046888113022, 0.13251346349716187, 0.7291815280914307, 0.18292222917079926, 0.7254189252853394, 0.9999765157699585, 0.005478255450725555, 0.004119556862860918, -0.005591863300651312, 0.999589741230011, 0.028091436251997948], "children": [{"id": 11, "label": "seat_frame", "box": [0.011610648594796658, -0.12466424703598022, 0.12885130941867828, 0.7469587922096252, 0.09686701744794846, 0.6924328207969666, 0.9999586939811707, -0.003794233314692974, 0.008261159062385559, 0.003790227696299553, 0.9999927282333374, 0.0005004882696084678], "children": [{"id": 13, "label": "seat_frame_bar", "box": [0.3161972761154175, -0.11282538622617722, 0.12517358362674713, 0.08461590856313705, 0.08450121432542801, 0.6015087962150574, 0.9989935755729675, 0.033760033547878265, -0.029532503336668015, -0.033493805676698685, 0.9993941187858582, 0.009463532827794552]}, {"id": 12, "label": "seat_frame_bar", "box": [-0.30380985140800476, -0.08491136878728867, 0.1286054104566574, 0.09375766664743423, 0.0703410804271698, 0.5842331647872925, 0.9997743368148804, -0.020549943670630455, 0.005382319446653128, 0.020441735163331032, 0.9996020197868347, 0.01944173313677311]}], "edges": [{"part_a": 0, "part_b": 1, "type": "ROT_SYM"}, {"part_a": 0, "part_b": 1, "type": "TRANS_SYM"}, {"part_a": 0, "part_b": 1, "type": "REF_SYM"}, {"part_a": 1, "part_b": 0, "type": "ROT_SYM"}, {"part_a": 1, "part_b": 0, "type": "TRANS_SYM"}, {"part_a": 1, "part_b": 0, "type": "REF_SYM"}]}, {"id": 9, "label": "seat_surface", "box": [0.006442895624786615, -0.039263490587472916, 0.11227162927389145, 0.6773738265037537, 0.05260959640145302, 0.6722187399864197, 0.9999837875366211, -1.308218770645908e-06, 0.0056954072788357735, -5.157574560143985e-05, 0.9999569058418274, 0.009285212494432926], "children": [{"id": 10, "label": "seat_single_surface", "box": [-0.0070315259508788586, -0.05543114244937897, 0.12253962457180023, 0.6995401382446289, 0.07306857407093048, 0.6751945614814758, 0.9999938011169434, 0.0023171668872237206, 0.0026531072799116373, -0.002328490139916539, 0.9999881982803345, 0.00427278783172369]}]}], "edges": [{"part_a": 0, "part_b": 1, "type": "ADJ"}, {"part_a": 1, "part_b": 0, "type": "ADJ"}]}, {"id": 15, "label": "chair_base", "box": [0.0019163894467055798, -0.46914708614349365, 0.08893875032663345, 0.7232055068016052, 0.7215362787246704, 0.7529259920120239, 0.9999996423721313, 7.494635792681947e-05, 0.0008546496974304318, -7.093685417203233e-05, 0.9999890327453613, -0.004690477158874273], "children": [{"id": 16, "label": "regular_leg_base", "box": [-0.005343446042388678, -0.46543535590171814, 0.09492969512939453, 0.7191619277000427, 0.7321339845657349, 0.7619152665138245, 0.9999955892562866, -0.0010476919123902917, 0.002790742553770542, 0.0010404519271105528, 0.9999961256980896, 0.0025944472290575504], "children": [{"id": 20, "label": "leg", "box": [-0.31683409214019775, -0.46402445435523987, -0.23963548243045807, 0.08737987279891968, 0.7583796381950378, 0.08671555668115616, 0.9992266893386841, -0.02164451964199543, -0.032826874405145645, 0.02361741103231907, 0.9978611469268799, 0.06095387041568756]}, {"id": 19, "label": "leg", "box": [-0.32899731397628784, -0.4678679406642914, 0.43748119473457336, 0.08629873394966125, 0.750251293182373, 0.08674083650112152, 0.9995589256286621, -0.01175329927355051, 0.027273939922451973, 0.01189397368580103, 0.9999167919158936, -0.005001312121748924]}, {"id": 17, "label": "leg", "box": [0.3009069859981537, -0.46452295780181885, -0.23628748953342438, 0.08978626132011414, 0.7462916374206543, 0.08191128075122833, 0.9984495639801025, 0.011713194660842419, 0.05441766232252121, -0.014231208711862564, 0.9988346695899963, 0.04611737281084061]}, {"id": 18, "label": "leg", "box": [0.3304218053817749, -0.46091893315315247, 0.4383494257926941, 0.08185329288244247, 0.7512452602386475, 0.08448885381221771, 0.9993430972099304, 0.01136047299951315, -0.034414373338222504, -0.011708442121744156, 0.9998822212219238, -0.00992653239518404]}], "edges": [{"part_a": 0, "part_b": 1, "type": "ROT_SYM"}, {"part_a": 0, "part_b": 1, "type": "TRANS_SYM"}, {"part_a": 0, "part_b": 1, "type": "REF_SYM"}, {"part_a": 0, "part_b": 2, "type": "ROT_SYM"}, {"part_a": 0, "part_b": 2, "type": "TRANS_SYM"}, {"part_a": 0, "part_b": 2, "type": "REF_SYM"}, {"part_a": 0, "part_b": 3, "type": "ROT_SYM"}, {"part_a": 0, "part_b": 3, "type": "TRANS_SYM"}, {"part_a": 0, "part_b": 3, "type": "REF_SYM"}, {"part_a": 1, "part_b": 0, "type": "ROT_SYM"}, {"part_a": 1, "part_b": 0, "type": "TRANS_SYM"}, {"part_a": 1, "part_b": 0, "type": "REF_SYM"}, {"part_a": 1, "part_b": 2, "type": "ROT_SYM"}, {"part_a": 1, "part_b": 2, "type": "TRANS_SYM"}, {"part_a": 1, "part_b": 2, "type": "REF_SYM"}, {"part_a": 1, "part_b": 3, "type": "ROT_SYM"}, {"part_a": 1, "part_b": 3, "type": "TRANS_SYM"}, {"part_a": 1, "part_b": 3, "type": "REF_SYM"}, {"part_a": 2, "part_b": 0,