{"id": 0, "label": "chair", "box": [0.01776900887489319, 0.1750679910182953, 0.14741501212120056, 1.1355600357055664, 1.3121519088745117, 1.5210719108581543, 0.0, 1.0, 0.0, 1.0, 0.0, 6.123234262925839e-17], "children": [{"id": 1, "label": "chair_back", "box": [0.018193498253822327, 0.2533908486366272, -0.365486741065979, 0.3776673972606659, 0.815263032913208, 1.0508519411087036, 5.935493380633864e-17, -0.2457248866558075, -0.9693396091461182, 1.0, 0.0, 6.123234262925839e-17], "children": [{"id": 2, "label": "back_surface", "box": [0.018193498253822327, 0.2533908486366272, -0.365486741065979, 0.3776673972606659, 0.815263032913208, 1.0508519411087036, 5.935493380633864e-17, -0.2457248866558075, -0.9693396091461182, 1.0, 0.0, 6.123234262925839e-17], "children": [{"id": 3, "label": "back_single_surface", "box": [0.018193498253822327, 0.2533908486366272, -0.365486741065979, 0.3776673972606659, 0.815263032913208, 1.0508519411087036, 5.935493380633864e-17, -0.2457248866558075, -0.9693396091461182, 1.0, 0.0, 6.123234262925839e-17]}]}]}, {"id": 4, "label": "chair_arm", "box": [0.5506060123443604, -0.07717149704694748, 0.04407699406147003, 0.24647799134254456, 0.6141669750213623, 0.9425380229949951, -1.0, 1.8369701465288538e-16, 0.0, 1.8369701465288538e-16, 1.0, 0.0], "children": [{"id": 5, "label": "arm_sofa_style", "box": [0.5506060123443604, -0.07717149704694748, 0.04407699406147003, 0.24647799134254456, 0.6141669750213623, 0.9425380229949951, -1.0, 1.8369701465288538e-16, 0.0, 1.8369701465288538e-16, 1.0, 0.0]}]}, {"id": 6, "label": "chair_arm", "box": [-0.515067994594574, -0.07717149704694748, 0.07179899513721466, 0.24647796154022217, 0.6141669750213623, 0.9979820251464844, -1.0, 1.8369701465288538e-16, 0.0, 1.8369701465288538e-16, 1.0, 0.0], "children": [{"id": 7, "label": "arm_sofa_style", "box": [-0.515067994594574, -0.07717149704694748, 0.07179899513721466, 0.24647796154022217, 0.6141669750213623, 0.9979820251464844, -1.0, 1.8369701465288538e-16, 0.0, 1.8369701465288538e-16, 1.0, 0.0]}]}, {"id": 8, "label": "chair_seat", "box": [0.018200088292360306, -0.1503281146287918, -0.005485603120177984, 0.4851650893688202, 0.8152677416801453, 0.9812843799591064, 6.828658749569172e-10, 0.9999998807907104, -0.000510181300342083, 1.0, -1.2746726341106296e-08, -2.3646220142836682e-05], "children": [{"id": 9, "label": "seat_surface", "box": [0.018567493185400963, -0.08411413431167603, 0.15908348560333252, 0.3179091811180115, 0.6461648941040039, 0.8155864477157593, -0.0024997717700898647, -0.998182475566864, -0.0602119080722332, -0.001572685199789703, 0.06021594628691673, -0.9981841444969177], "children": [{"id": 10, "label": "seat_single_surface", "box": [0.018567493185400963, -0.08411413431167603, 0.15908348560333252, 0.3179091811180115, 0.6461648941040039, 0.8155864477157593, -0.0024997717700898647, -0.998182475566864, -0.0602119080722332, -0.001572685199789703, 0.06021594628691673, -0.9981841444969177]}]}, {"id": 11, "label": "seat_support", "box": [0.01851852424442768, -0.30922067165374756, -0.01598229818046093, 0.17621150612831116, 0.8155725598335266, 0.9576418399810791, -0.0003665047697722912, -0.9999468326568604, -0.010306864976882935, 0.9999992251396179, -0.000354280520696193, -0.0011878323275595903]}], "edges": [{"part_b": 0, "type": "ADJ", "part_a": 1, "dist": 0.010259360922896622}]}, {"id": 12, "label": "footrest", "box": [0.01644020527601242, -0.1404021680355072, 0.6843804717063904, 0.2543242275714874, 0.44561225175857544, 0.7935463786125183, -5.810443326481618e-06, -0.9998990297317505, -0.014212273061275482, 9.543475607642904e-05, -0.014212273992598057, 0.9998989701271057], "children": [{"id": 13, "label": "chair_seat", "box": [0.01644020527601242, -0.1404021680355072, 0.6843804717063904, 0.2543242275714874, 0.44561225175857544, 0.7935463786125183, -5.810443326481618e-06, -0.9998990297317505, -0.014212273061275482, 9.543475607642904e-05, -0.014212273992598057, 0.9998989701271057], "children": [{"id": 14, "label": "seat_surface", "box": [0.01644020527601242, -0.1404021680355072, 0.6843804717063904, 0.2543242275714874, 0.44561225175857544, 0.7935463786125183, -5.810443326481618e-06, -0.9998990297317505, -0.014212273061275482, 9.543475607642904e-05, -0.014212273992598057, 0.9998989701271057]}]}]}, {"id": 15, "label": "chair_head", "box": [0.022726397961378098, 0.6569350361824036, -0.3176009953022003, 0.07011622190475464, 0.17128047347068787, 0.799220621585846, -3.113611091976054e-05, -0.12539179623126984, -0.9921072721481323, -0.0011918916134163737, -0.9921066164970398, 0.12539175152778625]}], "edges": [{"part_b": 0, "type": "ADJ", "part_a": 1, "dist": 0.0031613956469585605}, {"part_b": 0, "type": "ADJ", "part_a": 2, "dist": 0.006131875583398305}, {"part_b": 0, "type": "ADJ", "part_a": 3, "dist": 0.016840600098514732}, {"part_b": 1, "type": "ADJ", "part_a": 3, "dist": 0.0035201129018970372}, {"part_b": 2, "type": "ADJ", "part_a": 3, "dist": 0.005559789890077465}, {"part_b": 1, "type": "ADJ", "part_a": 4, "dist": 0.03893877407956007}, {"part_b": 2, "type": "ADJ", "part_a": 4, "dist": 0.032341645403052885}, {"part_b": 3, "type": "ADJ", "part_a": 4, "dist": 0.005317244283528792}, {"part_b": 0, "type": "ADJ", "part_a": 5, "dist": 0.005195293679495788}, {"part_b": 1, "type": "REF_SYM", "part_a": 2, "params": [0.017923623323440552, -0.08684079349040985, 0.04946599900722504, 0.9999736547470093, -0.0049260566011071205, -0.00534027861431241], "dist": 0.03156364991376366}, {"part_b": 1, "type": "TRANS_SYM", "part_a": 2, "params": [1.0623602867126465, -0.005233384668827057, -0.005673449486494064], "dist": 0.03149211257830644}, {"part_b": 1, "type": "ROT_SYM", "part_a": 2, "params": [0.017867224290966988, -0.08084531873464584, 0.04908507689833641, -0.004240448586642742, 0.9999386072158813, -0.010236764326691628, 3.1404476165771484], "dist": 0.03196586381330174}]}