{"id": 0, "label": "chair", "box": [-0.00755211291834712, -0.048461150377988815, 0.11474309116601944, 0.702907383441925, 0.7421709895133972, 1.5504564046859741, 0.00013429969840217382, -1.4437554227697547e-06, 1.0, -0.9999999403953552, 0.00021412728528957814, 0.0001343000039923936], "children": [{"id": 1, "label": "chair_back", "box": [-0.0076314955949783325, 0.2963799834251404, -0.21270449459552765, 0.04792100191116333, 0.7421209812164307, 0.8607460260391235, 0.0, 0.0, -1.0, 1.0, -6.123234262925839e-17, 0.0], "children": [{"id": 2, "label": "back_surface", "box": [0.0012586158700287342, 0.32016390562057495, -0.22129076719284058, 0.009152742102742195, 0.5954616069793701, 0.6980969309806824, 0.0034571588039398193, -0.00011832916061393917, -0.9999940395355225, -0.9999940395355225, -1.9799825167865492e-05, -0.0034571567084640265]}, {"id": 3, "label": "back_frame", "box": [-0.0076314955949783325, 0.2963799834251404, -0.21270398795604706, 0.04792102426290512, 0.7421210408210754, 0.8607460260391235, -3.5030897294063834e-08, 1.399319330630533e-06, -1.0, 1.0, 4.864771102229201e-14, -3.5030897294063834e-08], "children": [{"id": 4, "label": "back_holistic_frame", "box": [-0.0076314955949783325, 0.2963799834251404, -0.21270398795604706, 0.04792102426290512, 0.7421210408210754, 0.8607460260391235, -3.5030897294063834e-08, 1.399319330630533e-06, -1.0, 1.0, 4.864771102229201e-14, -3.5030897294063834e-08]}]}], "edges": [{"part_b": 0, "dist": 0.007470909027707259, "part_a": 1, "type": "ADJ"}]}, {"id": 5, "label": "chair_seat", "box": [-0.007616317830979824, -0.1020590290427208, 0.12876242399215698, 0.07870594412088394, 0.6745914816856384, 0.7422142624855042, 0.009367522783577442, 0.999759316444397, 0.019837601110339165, 5.093295840197243e-05, -0.01983894780278206, 0.9998031854629517], "children": [{"id": 6, "label": "seat_surface", "box": [-0.007616317830979824, -0.1020590290427208, 0.12876242399215698, 0.07870594412088394, 0.6745914816856384, 0.7422142624855042, 0.009367522783577442, 0.999759316444397, 0.019837601110339165, 5.093295840197243e-05, -0.01983894780278206, 0.9998031854629517], "children": [{"id": 7, "label": "seat_single_surface", "box": [-0.007616317830979824, -0.1020590290427208, 0.12876242399215698, 0.07870594412088394, 0.6745914816856384, 0.7422142624855042, 0.009367522783577442, 0.999759316444397, 0.019837601110339165, 5.093295840197243e-05, -0.01983894780278206, 0.9998031854629517]}]}]}, {"id": 8, "label": "chair_base", "box": [-0.007645447738468647, -0.46496811509132385, 0.11494678258895874, 0.702180802822113, 0.717401921749115, 0.7421618700027466, -0.00022052352142054588, 0.0, -1.0, -0.00027252885047346354, -0.9999999403953552, 6.009902620007779e-08], "children": [{"id": 9, "label": "regular_leg_base", "box": [-0.007645447738468647, -0.46496811509132385, 0.11494678258895874, 0.702180802822113, 0.717401921749115, 0.7421618700027466, -0.00022052352142054588, 0.0, -1.0, -0.00027252885047346354, -0.9999999403953552, 6.009902620007779e-08], "children": [{"id": 10, "label": "leg", "box": [-0.3649211823940277, -0.46442994475364685, 0.4420526623725891, 0.0454978309571743, 0.04716189578175545, 0.7179980874061584, -0.11581961065530777, 0.0029408717527985573, -0.9932659268379211, 0.9929420351982117, -0.025361889973282814, -0.11585693806409836]}, {"id": 11, "label": "leg", "box": [0.34762030839920044, -0.46850159764289856, -0.22282183170318604, 0.030897000804543495, 0.03381388261914253, 0.7097201943397522, -0.31019115447998047, 0.008274481631815434, -0.9506381750106812, -0.9506706595420837, -0.0054351165890693665, 0.31015443801879883]}, {"id": 12, "label": "leg", "box": [0.33852818608283997, -0.4683820605278015, 0.4477313756942749, 0.03930267319083214, 0.052475668489933014, 0.7107852101325989, -0.20019711554050446, 0.0001130553282564506, -0.9797556400299072, 0.9797549843788147, 0.0011702459305524826, -0.20019684731960297]}, {"id": 13, "label": "leg", "box": [-0.3636038303375244, -0.4681914746761322, -0.222946435213089, 0.028825951740145683, 0.03153977170586586, 0.7104811072349548, 0.9780051708221436, 0.0002518539549782872, -0.20858050882816315, 0.20857512950897217, -0.0084664486348629, 0.9779697060585022]}], "edges": [{"part_b": 0, "dist": 0.011878117293106881, "part_a": 1, "type": "REF_SYM", "params": [-0.008724883198738098, -0.4667719304561615, 0.11167584359645844, -0.7284528017044067, 0.004577276762574911, 0.6850806474685669]}, {"part_b": 0, "dist": 0.012646320341681372, "part_a": 1, "type": "TRANS_SYM", "params": [-0.7122039794921875, 0.0044751763343811035, 0.6697993278503418]}, {"part_b": 0, "dist": 0.015005616448683605, "part_a": 1, "type": "ROT_SYM", "params": [0.41240063309669495, -0.44302302598953247, 0.5599920749664307, -0.02264019288122654, 0.999739408493042, -0.002918940270319581, 1.3423848152160645]}, {"part_b": 0, "dist": 0.02018618944181858, "part_a": 2, "type": "REF_SYM", "params": [-0.01181696355342865, -0.4695510268211365, 0.44695010781288147, -0.9998984336853027, 0.014209769666194916, -0.0010610951576381922]}, {"part_b": 0, "dist": 0.019821703653175763, "part_a": 2, "type": "TRANS_SYM", "params": [-0.7060198783874512, 0.010033398866653442, -0.0007492303848266602]}, {"part_b": 0, "dist": 0.02194036646153701, "part_a": 2, "type": "ROT_SYM", "params": [-0.011638950556516647, -0.4625362753868103, 0.16857559978961945, 0.0172702819108963, -0.9998493194580078, 0.0017320457845926285, 1.805782675743103]}, {"part_b": 1, "dist": 0.02468742237637306, "part_a": 2, "type": "REF_SYM", "params": [0.3442850410938263, -0.4717886447906494, 0.11205045878887177, 0.009221830405294895, 0.008288430981338024, -0.9999231100082397]}, {"part_b": 1, "dist": 0.02444828548796284, "part_a": 2, "type": "TRANS_SYM", "params": [0.0061841607093811035, 0.005558222532272339, -0.6705485582351685]}, {"part_b": 1, "dist": 0.024538059535366124, "part_a": 2, "type": "ROT_SYM", "params": [93.59139251708984, 17.452016830444336, 1.073817253112793, 0.1868613213300705, -0.9823786616325378, -0.003863829653710127, 0.007042106706649065]}, {"part_b": 0, "dist": 0.013627038273159498, "part_a": 3, "type": "REF_SYM", "params": [-0.36466360092163086, -0.46606123447418213, 0.11194989085197449, -0.0004879638727288693, 0.004562894348055124, 0.9999895095825195]}, {"part_b": 0, "dist": 0.013623052690108188, "part_a": 3, "type": "TRANS_SYM", "params": [-0.00032657384872436523, 0.0030537545680999756, 0.6692512035369873]}, {"part_b": 0, "dist": 0.0134201537788563, "part_a": 3, "type": "ROT_SYM", "params": [-0.6808295249938965, -0.4638056755065918, 0.11179200559854507, -0.0031481084879487753, -0.9999945163726807, 0.0010107955895364285, 1.627497673034668]}, {"part_b": 1, "dist": 0.009650941333165132, "part_a": 3, "type": "REF_SYM", "params": [-0.008561596274375916, -0.4682987928390503, -0.22294975817203522, 0.9999976754188538, -0.001996717881411314, -0.0007699263514950871]}, {"part_b": 1, "dist": 0.00964887203285062, "part_a": 3, "type": "TRANS_SYM", "params": [0.7118774652481079, -0.001421421766281128, -0.0005480945110321045]}, {"part_b": 1, "dist": 0.009865941198752124, "part_a": 3, "type": "ROT_SYM", "params": [-0.008538108319044113, -0.4687940180301666, -0.1923128068447113, 0.0008720376063138247, -0.9999988675117493, 0.0011948189930990338, 2.9698708057403564]}, {"part_b": 2, "dist": 0.02690033242751195, "part_a": 3, "type": "REF_SYM", "params": [-0.011653676629066467, -0.47107791900634766, 0.11232450604438782, 0.7251901626586914, -0.0071724783629179, 0.6885112524032593]}, {"part_b": 2, "dist": 0.027024431965880086, "part_a": 3, "type": "TRANS_SYM", "params": [0.705693244934082, -0.006979644298553467, 0.670000433921814]}, {"part_b": 2, "dist": 0.02697531014677635, "part_a": 3, "type": "ROT_SYM", "params": [3.7358200550079346, -1.5388712882995605, -3.854743719100952, 0.013759159483015537, 0.9998969435691833, -0.004086629953235388, 0.17743098735809326]}]}]}], "edges": [{"part_b": 0, "dist": 0.004724282871613299, "part_a": 1, "type": "ADJ"}, {"part_b": 0, "dist": 0.01695431602622049, "part_a": 2,