{"id": 0, "label": "chair", "box": [-0.0013207854935899377, -0.10524445027112961, 0.058407239615917206, 0.9205120801925659, 1.066807746887207, 1.388180136680603, 0.0004232535429764539, -0.08039307594299316, 0.9967631697654724, -0.9999998211860657, -0.0005145230679772794, 0.00038312948890961707], "children": [{"id": 1, "label": "chair_back", "box": [0.0019568216521292925, 0.25850972533226013, -0.28351783752441406, 0.21241594851016998, 0.699373722076416, 1.0577178001403809, -0.000632692186627537, -0.1530795693397522, -0.9882136583328247, -0.0013603667030110955, 0.988213062286377, -0.1530786156654358], "children": [{"id": 2, "label": "back_surface", "box": [-0.0017934286734089255, 0.3552260100841522, -0.25189799070358276, 0.049661967903375626, 0.46899598836898804, 1.0162959098815918, -0.00040369536145590246, 0.0, -0.9999999403953552, 1.2246467202362698e-16, 1.0, -4.943842032553505e-20], "children": [{"id": 3, "label": "back_single_surface", "box": [-0.0017934286734089255, 0.3552260100841522, -0.25189799070358276, 0.049661967903375626, 0.46899598836898804, 1.0162959098815918, -0.00040369536145590246, 0.0, -0.9999999403953552, 1.2246467202362698e-16, 1.0, -4.943842032553505e-20]}]}, {"id": 4, "label": "back_support", "box": [0.0023952231276780367, 0.1882973313331604, -0.34033310413360596, 0.03271612897515297, 0.08748817443847656, 1.057957649230957, 0.00040912427357397974, -0.9999748468399048, -0.0070838285610079765, -0.01112970057874918, -0.007087943609803915, 0.9999129176139832]}, {"id": 5, "label": "back_frame", "box": [-0.0016325116157531738, 0.3636009991168976, -0.2520035207271576, 0.031921982765197754, 0.5034139752388, 0.9989809989929199, -1.0168882909056265e-06, 0.0, -1.0, 1.2246468525851679e-16, 1.0, -1.245328894031036e-22], "children": [{"id": 6, "label": "back_frame_vertical_bar", "box": [-0.4851666986942291, 0.3636009991168976, -0.2520042955875397, 0.031722310930490494, 0.03174282982945442, 0.5034139752388, 0.11112301796674728, -1.3608644743185628e-17, -0.9938066601753235, -0.9938066601753235, -3.9106052028130503e-17, -0.11112301796674728]}, {"id": 7, "label": "back_frame_vertical_bar", "box": [0.481890469789505, 0.3657905161380768, -0.2520034909248352, 0.03172368183732033, 0.03174570947885513, 0.4984830319881439, 0.11185073107481003, -1.3697764355201479e-17, -0.9937250018119812, -0.9937250018119812, -3.9116047678652594e-17, -0.11185073107481003]}], "edges": [{"dist": 0.011778112794911937, "params": [-0.001687571406364441, 0.369975745677948, -0.25204789638519287, -0.9999960064888, -0.002827670890837908, 0.0001800062891561538], "type": "REF_SYM", "part_a": 1, "part_b": 0}, {"dist": 0.011538303315486269, "params": [-0.9668821096420288, -0.0027340352535247803, 0.00017404556274414062], "type": "TRANS_SYM", "part_a": 1, "part_b": 0}, {"dist": 0.011488363599298421, "params": [-0.001704031485132873, 0.3706621825695038, -0.33794137835502625, 0.0012388627510517836, -0.9999974966049194, -0.0018630872946232557, 2.789916753768921], "type": "ROT_SYM", "part_a": 1, "part_b": 0}]}, {"id": 8, "label": "back_connector", "box": [-0.48516249656677246, 0.007227242924273014, -0.22140038013458252, 0.03192099928855896, 0.09426497668027878, 0.23325899243354797, -1.0, 0.0, -6.123234262925839e-17, 5.0567648575400016e-17, -0.5639156699180603, -0.8258323669433594]}, {"id": 9, "label": "back_connector", "box": [0.4818747043609619, 0.01339641585946083, -0.22386574745178223, 0.031925611197948456, 0.0958840548992157, 0.23548762500286102, -0.9999996423721313, -2.654294621606823e-05, -0.0008339947089552879, 0.0007140159723348916, -0.5444199442863464, -0.838812530040741]}], "edges": [{"dist": 0.0492326103967898, "type": "ADJ", "part_a": 1, "part_b": 0}, {"dist": 0.0028405603671816564, "type": "ADJ", "part_a": 2, "part_b": 0}, {"dist": 0.020901939727600957, "type": "ADJ", "part_a": 3, "part_b": 0}, {"dist": 0.0062656736710429385, "type": "ADJ", "part_a": 3, "part_b": 2}, {"dist": 0.010489755506695425, "type": "ADJ", "part_a": 4, "part_b": 0}, {"dist": 0.008311857722724568, "type": "ADJ", "part_a": 4, "part_b": 2}, {"dist": 0.01946687630094261, "params": [-0.0015671998262405396, 0.004177730530500412, -0.224659726023674, -0.9999959468841553, -0.0025040479376912117, 0.0013805166818201542], "type": "REF_SYM", "part_a": 4, "part_b": 3}, {"dist": 0.019491286860148036, "params": [-0.9667626619338989, -0.0024208298418670893, 0.0013346374034881592], "type": "TRANS_SYM", "part_a": 4, "part_b": 3}]}, {"id": 10, "label": "chair_arm", "box": [0.5165423154830933, -0.09961863607168198, 0.2764703631401062, 0.033125121146440506, 0.6048708558082581, 1.1761928796768188, 0.9999973177909851, 0.00013774869148619473, -0.0022998920176178217, 0.001753721502609551, 0.6018977761268616, 0.7985712289810181], "children": [{"id": 11, "label": "arm_near_vertical_bar", "box": [0.5158588290214539, -0.2734512686729431, 0.4294721484184265, 0.03144489601254463, 0.08832424879074097, 0.9456047415733337, 0.9999662041664124, -2.3666598281124607e-05, -0.008219526149332523, -0.00821950938552618, 0.0006150545086711645, -0.999966025352478]}, {"id": 12, "label": "arm_horizontal_bar", "box": [0.5159784555435181, 0.18791209161281586, 0.0514388382434845, 0.0329965315759182, 0.03300044313073158, 0.7184818983078003, -0.12293333560228348, -0.9924147129058838, -0.000623125524725765, 0.9924114346504211, -0.12293121963739395, -0.0027251665014773607]}], "edges": [{"dist": 0.0027529544664926684, "type": "ADJ", "part_a": 1, "part_b": 0}]}, {"id": 13, "label": "chair_arm", "box": [-0.5179173350334167, 0.1647311896085739, 0.11386037617921829, 0.035557959228754044, 0.2526332139968872, 0.8363492488861084, -0.9999842047691345, 0.0005820837104693055, -0.005590881686657667, -0.0012319424422457814, 0.9477478861808777, 0.3190179467201233], "children": [{"id": 14, "label": "arm_near_vertical_bar", "box": [-0.5178017020225525, 0.06356509774923325, 0.4492344260215759, 0.03144747391343117, 0.06837058067321777, 0.289019376039505, 0.9999998211860657, 3.095792271778919e-05, -0.0005597130511887372, 0.0005436535575427115, 0.18986934423446655, 0.9818091988563538]}, {"id": 15, "label": "arm_horizontal_bar", "box": [-0.5178775191307068, 0.18818052113056183, 0.041067011654376984, 0.03350115939974785, 0.03550952300429344, 0.7217128872871399, -0.2156391590833664, 0.976472020149231, 0.0014708226080983877, 0.9764546155929565, 0.2156255543231964, 0.006481163203716278]}], "edges": [{"dist": 0.009487914727695789, "type": "ADJ", "part_a": 1, "part_b": 0}]}, {"id": 16, "label": "chair_seat", "box": [-0.0018132729455828667, -0.1067265048623085, 0.1838350147008896, 0.14797501266002655, 0.6566439867019653, 1.0162959098815918, -0.0004036876489408314, -0.9999999403953552, -6.123234262925839e-17, -1.8372172419214356e-16, -6.115818092425934e-17, 1.0], "children": [{"id": 17, "label": "seat_frame", "box": [-0.00163249671459198, -0.05656550079584122, 0.1838350147008896, 0.03172700107097626, 0.6566439867019653, 0.9987969398498535, 0.0, 1.0, 0.0, 0.0, 0.0, 1.0], "children": [{"id": 18, "label": "seat_frame_bar", "box": [0.4819754660129547, -0.056717611849308014, 0.18598367273807526, 0.031512074172496796, 0.03178498521447182, 0.652347981929779, 0.18361148238182068, 0.9829989075660706, -0.00010086038673762232, -0.9829989075660706, 0.18361148238182068, 6.123234262925839e-17]}, {"id": 19, "label": "seat_frame_bar", "box": [-0.48509085178375244, -0.05672551319003105, 0.1838350147008896, 0.031442996114492416, 0.0317898690700531, 0.6566439867019653, 0.18868933618068695, 0.982036828994751, 0.0, 0.982036828994751, -0.18868933618068695, 0.0]}], "edges": [{"dist": 0.010781868811879371, "params": [-0.0017666667699813843, -0.05663248896598816, 0.18884462118148804, 0.9999881386756897, 2.888169365178328e-05, -0.004861060995608568], "type": "REF_SYM", "part_a": 1, "part_b": 0}, {"dist": 0.010044432163324426, "params": [0.9671142101287842, 2.793222665786743e-05, -0.00470125675201416], "type": "TRANS_SYM", "part_a": 1, "part_b": 0}, {"dist": 0.012591707849100731,