{"id": 0, "label": "chair", "box": [-0.0026982733979821205, -0.057612013071775436, -0.03583744540810585, 0.6723540425300598, 0.8574175238609314, 1.893210768699646, -0.019679445773363113, 0.9783063530921936, 0.20622670650482178, 0.9998048543930054, 0.018902063369750977, 0.00573930237442255], "children": [{"id": 1, "label": "chair_back", "box": [0.019936474040150642, 0.17349079251289368, -0.760016918182373, 0.17575274407863617, 0.5815309882164001, 0.6014341711997986, 1.2996264737739145e-16, 0.2248057872056961, 0.9744036197662354, 1.0, 0.0001400309120072052, -3.2306696084560826e-05], "children": [{"id": 2, "label": "back_surface", "box": [0.025539949536323547, 0.20287814736366272, -0.7281258702278137, 0.11024920642375946, 0.49786514043807983, 0.5757859349250793, 0.02669922448694706, -0.22815082967281342, -0.9732596278190613, 0.00841265358030796, 0.973623514175415, -0.22800534963607788], "children": [{"id": 3, "label": "back_single_surface", "box": [0.025539949536323547, 0.20287814736366272, -0.7281258702278137, 0.11024920642375946, 0.49786514043807983, 0.5757859349250793, 0.02669922448694706, -0.22815082967281342, -0.9732596278190613, 0.00841265358030796, 0.973623514175415, -0.22800534963607788]}]}, {"id": 4, "label": "back_support", "box": [0.01834140345454216, 0.16548804938793182, -0.7939683198928833, 0.11014434695243835, 0.5788077116012573, 0.6015537977218628, 0.016474226489663124, -0.21520119905471802, -0.9764307737350464, 0.9998642802238464, 0.0034897015430033207, 0.016100479289889336]}], "edges": [{"part_b": 0, "type": "ADJ", "part_a": 1, "dist": 0.008948206932562635}]}, {"id": 5, "label": "chair_arm", "box": [0.38023099303245544, 0.047607168555259705, -0.3741457760334015, 0.09891180694103241, 0.388206422328949, 0.5943595170974731, 0.9927592277526855, -0.11983774602413177, -0.008245967328548431, 0.11984176933765411, 0.9927930235862732, -5.572874215431511e-06], "children": [{"id": 6, "label": "arm_sofa_style", "box": [0.38023099303245544, 0.047607168555259705, -0.3741457760334015, 0.09891180694103241, 0.388206422328949, 0.5943595170974731, 0.9927592277526855, -0.11983774602413177, -0.008245967328548431, 0.11984176933765411, 0.9927930235862732, -5.572874215431511e-06]}]}, {"id": 7, "label": "chair_arm", "box": [-0.3447895646095276, 0.05776425451040268, -0.36911335587501526, 0.09217388182878494, 0.36753758788108826, 0.5835111737251282, 0.9948938488960266, 0.10090542584657669, -0.002083480590954423, -0.10090336203575134, 0.9948956370353699, 0.0010728600900620222], "children": [{"id": 8, "label": "arm_sofa_style", "box": [-0.3447895646095276, 0.05776425451040268, -0.36911335587501526, 0.09217388182878494, 0.36753758788108826, 0.5835111737251282, 0.9948938488960266, 0.10090542584657669, -0.002083480590954423, -0.10090336203575134, 0.9948956370353699, 0.0010728600900620222]}]}, {"id": 9, "label": "chair_seat", "box": [-0.056358691304922104, 0.002651300746947527, -0.45059922337532043, 0.5085765719413757, 0.7661269307136536, 0.7746275663375854, -0.5951557159423828, -0.803596019744873, -0.004803562071174383, -0.8035532236099243, 0.5950314998626709, 0.015482784248888493], "children": [{"id": 10, "label": "seat_surface", "box": [0.019092053174972534, 0.013102365657687187, -0.36031562089920044, 0.12324545532464981, 0.5891635417938232, 0.6289138793945312, 6.810414924984798e-05, -0.9992342591285706, -0.0391271747648716, -4.249785433785291e-06, -0.0391271747648716, 0.9992342591285706], "children": [{"id": 11, "label": "seat_single_surface", "box": [0.019092053174972534, 0.013102365657687187, -0.36031562089920044, 0.12324545532464981, 0.5891635417938232, 0.6289138793945312, 6.810414924984798e-05, -0.9992342591285706, -0.0391271747648716, -4.249785433785291e-06, -0.0391271747648716, 0.9992342591285706]}]}, {"id": 12, "label": "seat_support", "box": [-0.05753326043486595, 0.000327378191286698, -0.4558877646923065, 0.5066695809364319, 0.7658124566078186, 0.7701498866081238, -0.5930658578872681, -0.8049724102020264, -0.01709630712866783, -0.8051502108573914, 0.5928646326065063, 0.01564096286892891]}], "edges": [{"part_b": 0, "type": "ADJ", "part_a": 1, "dist": 0.009078113034445308}]}, {"id": 13, "label": "chair_base", "box": [0.026525814086198807, -0.20825590193271637, -0.40056928992271423, 0.14156360924243927, 0.5015588998794556, 0.5707554221153259, -0.018873704597353935, 0.9997976422309875, -0.006959937512874603, -0.00019360547594260424, 0.006957523059099913, 0.9999758005142212]}, {"id": 14, "label": "footrest", "box": [-0.008013243786990643, -0.08212578296661377, 0.5248447060585022, 0.406426340341568, 0.8544555902481079, 0.8545571565628052, -7.620072040026571e-08, -0.9999989867210388, -0.0014280880568549037, 0.11779210716485977, 0.0014181372243911028, -0.9930372834205627], "children": [{"id": 15, "label": "chair_seat", "box": [-0.008062366396188736, 0.06360672414302826, 0.5250880122184753, 0.11671456694602966, 0.8567708134651184, 0.8568066358566284, 0.0009057208662852645, -0.9998739957809448, -0.015848686918616295, -0.9885547161102295, -0.003286180552095175, 0.15082712471485138], "children": [{"id": 16, "label": "seat_surface", "box": [-0.008062366396188736, 0.06360672414302826, 0.5250880122184753, 0.11671456694602966, 0.8567708134651184, 0.8568066358566284, 0.0009057208662852645, -0.9998739957809448, -0.015848686918616295, -0.9885547161102295, -0.003286180552095175, 0.15082712471485138]}]}, {"id": 17, "label": "chair_base", "box": [-0.001429997500963509, -0.12930917739868164, 0.5161707997322083, 0.32053980231285095, 0.7875675559043884, 0.809865415096283, 0.011528604663908482, -0.9998200535774231, -0.015063779428601265, -0.9992406964302063, -0.010958598926663399, -0.03738927096128464]}], "edges": [{"part_b": 0, "type": "ADJ", "part_a": 1, "dist": 0.007231979017562997}]}], "edges": [{"part_b": 0, "type": "ADJ", "part_a": 3, "dist": 0.015515154556896255}, {"part_b": 1, "type": "ADJ", "part_a": 3, "dist": 0.0065191370950849915}, {"part_b": 2, "type": "ADJ", "part_a": 3, "dist": 0.010465693568286501}, {"part_b": 1, "type": "ADJ", "part_a": 4, "dist": 0.028147347686149668}, {"part_b": 3, "type": "ADJ", "part_a": 4, "dist": 0.01880502725798208}, {"part_b": 1, "type": "REF_SYM", "part_a": 2, "params": [0.016952499747276306, 0.07213885337114334, -0.3660449981689453, 0.9999145865440369, -0.01197246927767992, -0.005244201514869928], "dist": 0.02768932312222812}, {"part_b": 1, "type": "TRANS_SYM", "part_a": 2, "params": [0.7324814796447754, -0.008770361542701721, -0.003841608762741089], "dist": 0.0411908895151613}, {"part_b": 1, "type": "ROT_SYM", "part_a": 2, "params": [0.01796397753059864, 0.10945290327072144, -0.365487277507782, 0.03567623347043991, 0.9992558360099792, -0.014661891385912895, 3.135572671890259], "dist": 0.03441552884485832}]}