{"id": 0, "label": "chair", "box": [0.016643786802887917, 0.04248363524675369, 0.03438873216509819, 0.9972467422485352, 1.3695404529571533, 1.1338295936584473, 0.9998072385787964, 0.0017970192711800337, 0.019551748409867287, -0.001509388443082571, 0.9998905658721924, -0.01471608504652977], "children": [{"id": 6, "label": "chair_back", "box": [0.003916999790817499, 0.2565898597240448, -0.3268404006958008, 0.889576256275177, 0.9076685905456543, 0.26447564363479614, 0.9997079372406006, 0.0043581691570580006, 0.023773087188601494, 0.005242300219833851, 0.9210928082466125, -0.38930779695510864], "children": [{"id": 7, "label": "back_surface", "box": [-0.006864633411169052, 0.22415472567081451, -0.3101584315299988, 0.8724476099014282, 0.8492553234100342, 0.20121915638446808, 0.9998201131820679, -0.009316586889326572, -0.01652255840599537, 0.0013149699661880732, 0.9030132293701172, -0.4296107292175293], "children": [{"id": 8, "label": "back_single_surface", "box": [0.003936653956770897, 0.2308780401945114, -0.3173898160457611, 0.9082314372062683, 0.8511776924133301, 0.22098352015018463, 0.9999580383300781, -0.0038001304492354393, -0.008338382467627525, -0.00046037594438530505, 0.8879737257957458, -0.459894061088562]}]}]}, {"id": 0, "label": "chair_head", "box": [-0.006276366766542196, 0.5674192309379578, -0.31803664565086365, 0.6526170372962952, 0.4733511507511139, 0.11249013245105743, 0.9998825788497925, 0.013528901152312756, 0.00719934469088912, -0.012617497704923153, 0.9933628439903259, -0.1143287643790245], "children": [{"id": 0, "label": "headrest", "box": [-0.004563828930258751, 0.5942589640617371, -0.36727064847946167, 0.855239748954773, 0.39082908630371094, 0.18867264688014984, 0.9996441006660461, -0.014067523181438446, -0.022667406126856804, 0.011274542659521103, 0.992836594581604, -0.11894708126783371]}]}, {"id": 12, "label": "chair_arm", "box": [-0.3748132586479187, 0.04117050766944885, 0.1147410199046135, 0.2505819797515869, 0.49831801652908325, 0.770051121711731, 0.9796615839004517, 0.19029411673545837, 0.06365028023719788, -0.18424378335475922, 0.9787223935127258, -0.09031470119953156], "children": [{"id": 0, "label": "arm_sofa_style", "box": [-0.3800990581512451, 0.029768355190753937, 0.08867177367210388, 0.19935795664787292, 0.41587430238723755, 0.7116658687591553, 0.9791737794876099, 0.19036774337291718, 0.07056120038032532, -0.18355993926525116, 0.9786052703857422, -0.09293796867132187]}]}, {"id": 10, "label": "chair_arm", "box": [0.3958495557308197, 0.061436429619789124, 0.08810753375291824, 0.20719203352928162, 0.45978546142578125, 0.8157629370689392, 0.9861744046211243, -0.16047103703022003, -0.04134146496653557, 0.15955042839050293, 0.9868806600570679, -0.02470194362103939], "children": [{"id": 11, "label": "arm_sofa_style", "box": [0.38008859753608704, 0.04363154247403145, 0.09048768132925034, 0.1962706297636032, 0.46161356568336487, 0.7519011497497559, 0.9847060441970825, -0.16609443724155426, -0.05259890481829643, 0.16368161141872406, 0.9853788614273071, -0.047295186668634415]}]}, {"id": 1, "label": "chair_seat", "box": [0.013973449356853962, -0.05595461651682854, 0.16457624733448029, 0.7992478609085083, 0.2616129219532013, 0.8276128768920898, 0.9998734593391418, 0.007452238351106644, -0.014054995030164719, -0.006917697377502918, 0.9992650151252747, 0.03770469129085541], "children": [{"id": 4, "label": "seat_support", "box": [-0.0241849385201931, -0.09596475213766098, 0.49128931760787964, 0.7110958695411682, 0.180492103099823, 0.15902060270309448, 0.9995157718658447, 0.013647900894284248, -0.027963323518633842, -0.016624702140688896, 0.9938862919807434, -0.10914979130029678]}, {"id": 2, "label": "seat_surface", "box": [0.00707868579775095, -0.014177246019244194, 0.16109032928943634, 0.8276808857917786, 0.1702750027179718, 0.8192467093467712, 0.9999731183052063, -0.00719822570681572, -0.0014242836041375995, 0.00719711696729064, 0.9999738335609436, -0.0007821136387065053], "children": [{"id": 3, "label": "seat_single_surface", "box": [0.0017067904118448496, -0.040147632360458374, 0.1624453067779541, 0.7662277817726135, 0.13517345488071442, 0.7786996960639954, 0.9999988079071045, 0.0008122213184833527, -0.0013272518990561366, -0.0008068111492320895, 0.9999914169311523, 0.0040717232041060925]}]}], "edges": [{"part_a": 0, "part_b": 1, "type": "ADJ"}, {"part_a": 1, "part_b": 0, "type": "ADJ"}]}, {"id": 5, "label": "chair_base", "box": [0.005101344082504511, -0.3576580584049225, 0.07716697454452515, 0.9726635217666626, 0.5513700842857361, 0.9374136328697205, 0.9997379183769226, 0.0036872169002890587, -0.022594207897782326, -0.004596245009452105, 0.9991765022277832, -0.04031386226415634]}], "edges": [{"part_a": 0, "part_b": 2, "type": "ADJ"}, {"part_a": 0, "part_b": 3, "type": "ADJ"}, {"part_a": 0, "part_b": 4, "type": "ADJ"}, {"part_a": 2, "part_b": 0, "type": "ADJ"}, {"part_a": 2, "part_b": 3, "type": "ROT_SYM"}, {"part_a": 2, "part_b": 3, "type": "TRANS_SYM"}, {"part_a": 2, "part_b": 3, "type": "REF_SYM"}, {"part_a": 2, "part_b": 4, "type": "ADJ"}, {"part_a": 2, "part_b": 5, "type": "ADJ"}, {"part_a": 3, "part_b": 0, "type": "ADJ"}, {"part_a": 3, "part_b": 2, "type": "ROT_SYM"}, {"part_a": 3, "part_b": 2, "type": "TRANS_SYM"}, {"part_a": 3, "part_b": 2, "type": "REF_SYM"}, {"part_a": 3, "part_b": 4, "type": "ADJ"}, {"part_a": 3, "part_b": 5, "type": "ADJ"}, {"part_a": 4, "part_b": 0, "type": "ADJ"}, {"part_a": 4, "part_b": 2, "type": "ADJ"}, {"part_a": 4, "part_b": 3, "type": "ADJ"}, {"part_a": 4, "part_b": 5, "type": "ADJ"}, {"part_a": 5, "part_b": 4, "type": "ADJ"}]}