{"id": 0, "label": "chair", "box": [-0.014967529103159904, -0.1000874936580658, 0.05881696194410324, 0.9268351793289185, 1.061909794807434, 1.4595731496810913, -4.861837802317441e-19, -0.00793998409062624, -0.9999684691429138, -1.0, -1.819785757106729e-05, 1.444952459905835e-07], "children": [{"id": 1, "label": "chair_back", "box": [-0.015230005607008934, 0.2829897701740265, -0.32565537095069885, 0.12308895587921143, 0.6901416182518005, 0.8737744688987732, 5.110555139253847e-05, 0.10046006739139557, 0.9949411153793335, -0.0018414348596706986, -0.994939386844635, 0.100459985435009], "children": [{"id": 2, "label": "back_surface", "box": [-0.01871839538216591, 0.3727145493030548, -0.30940672755241394, 0.07227619737386703, 0.5080753564834595, 0.8512057065963745, -8.144606545101851e-05, -0.10399165749549866, -0.9945781826972961, -0.008356924168765545, -0.9945433735847473, 0.10398870706558228], "children": [{"id": 3, "label": "back_single_surface", "box": [-0.01871839538216591, 0.3727145493030548, -0.30940672755241394, 0.07227619737386703, 0.5080753564834595, 0.8512057065963745, -8.144606545101851e-05, -0.10399165749549866, -0.9945781826972961, -0.008356924168765545, -0.9945433735847473, 0.10398870706558228]}]}, {"id": 4, "label": "back_frame", "box": [-0.015067055821418762, 0.3726569712162018, -0.3304101228713989, 0.11394799500703812, 0.5101300477981567, 0.87362140417099, -9.73093556240201e-05, 0.10594700276851654, 0.994371771812439, -0.0002433278423268348, -0.994371771812439, 0.10594698041677475], "children": [{"id": 5, "label": "back_holistic_frame", "box": [-0.015067055821418762, 0.3726569712162018, -0.3304101228713989, 0.11394799500703812, 0.5101300477981567, 0.87362140417099, -9.73093556240201e-05, 0.10594700276851654, 0.994371771812439, -0.0002433278423268348, -0.994371771812439, 0.10594698041677475]}]}, {"id": 6, "label": "back_connector", "box": [0.3024613559246063, 0.16988985240459442, -0.34420719742774963, 0.07411055266857147, 0.1376587152481079, 0.45844781398773193, 0.3956776261329651, -0.1961607187986374, -0.8971957564353943, 0.8806762099266052, -0.19603602588176727, 0.4312531054019928]}, {"id": 7, "label": "back_connector", "box": [-0.3270512521266937, 0.17644481360912323, -0.34933504462242126, 0.0609406903386116, 0.11083684861660004, 0.44339194893836975, 0.25992900133132935, 0.14879210293293, 0.9540953040122986, -0.944968581199646, -0.16409337520599365, 0.2830331027507782]}], "edges": [{"type": "ADJ", "part_a": 1, "dist": 0.004233528839027287, "part_b": 0}, {"type": "ADJ", "part_a": 2, "dist": 0.0064996586694353875, "part_b": 1}, {"type": "ADJ", "part_a": 3, "dist": 0.00880126312479725, "part_b": 1}, {"type": "REF_SYM", "part_a": 3, "dist": 0.020178033365057614, "params": [-0.013863444328308105, 0.1830649971961975, -0.34957993030548096, 0.9999727010726929, -0.005739741958677769, 0.004647119902074337], "part_b": 2}, {"type": "ROT_SYM", "part_a": 3, "dist": 0.026474500526900493, "params": [-0.014586230739951134, 0.03831910714507103, -0.38946232199668884, 0.0066878655925393105, 0.9924593567848206, -0.12239157408475876, 2.776296854019165], "part_b": 2}]}, {"id": 8, "label": "chair_arm", "box": [0.47292912006378174, 0.3764307200908661, -0.019272342324256897, 0.11150455474853516, 0.1379544883966446, 0.7457550764083862, -0.05386238917708397, -0.9973778128623962, -0.04833546280860901, 0.9910358786582947, -0.04746795818209648, -0.12487869709730148], "children": [{"id": 9, "label": "arm_horizontal_bar", "box": [0.4824451208114624, 0.39289769530296326, 0.0570862777531147, 0.06684146821498871, 0.07919906079769135, 0.5915213823318481, -0.9999999403953552, -4.2087340261787176e-05, -0.0003844165476039052, 7.425271905958652e-05, -0.9964606165885925, -0.08406072109937668]}, {"id": 10, "label": "arm_horizontal_bar", "box": [0.4703870415687561, 0.3585239350795746, -0.03199058398604393, 0.07542279362678528, 0.11889034509658813, 0.7225261330604553, 0.31782737374305725, -0.9462117552757263, -0.06057264283299446, -0.9401085376739502, -0.32279056310653687, 0.10955436527729034]}], "edges": [{"type": "ADJ", "part_a": 1, "dist": 0.0016912499213851155, "part_b": 0}, {"type": "TRANS_SYM", "part_a": 1, "dist": 0.039711822758571644, "params": [0.00648266077041626, 0.0330488383769989, 0.09747390449047089], "part_b": 0}, {"type": "ROT_SYM", "part_a": 1, "dist": 0.0410518698623519, "params": [0.5232312083244324, 0.38046470284461975, 0.013792269863188267, -0.9977324604988098, -0.06566248834133148, 0.014776417054235935, 3.1153652667999268], "part_b": 0}]}, {"id": 11, "label": "chair_arm", "box": [-0.5011373162269592, 0.36801546812057495, -0.016607210040092468, 0.12010400742292404, 0.12167823314666748, 0.7404016852378845, 0.2870166599750519, -0.9579256176948547, -2.9207978514023125e-05, 0.9532762765884399, 0.28562062978744507, 0.09841349720954895], "children": [{"id": 12, "label": "arm_horizontal_bar", "box": [-0.5124309659004211, 0.39289769530296326, 0.05708622559905052, 0.06684073060750961, 0.07919911295175552, 0.5915213823318481, -0.9999999403953552, -4.077351695741527e-05, -0.0003860739234369248, 7.308284693863243e-05, -0.9964606165885925, -0.08406069129705429]}, {"id": 13, "label": "arm_horizontal_bar", "box": [-0.5057092905044556, 0.3547181189060211, -0.030039146542549133, 0.07751405239105225, 0.1189424991607666, 0.7183600068092346, 0.08927523344755173, -0.9954663515090942, -0.03281211107969284, 0.9867931604385376, 0.08393071591854095, 0.13854578137397766]}], "edges": [{"type": "ADJ", "part_a": 1, "dist": 0.0020991166934343224, "part_b": 0}, {"type": "TRANS_SYM", "part_a": 1, "dist": 0.04216288006119385, "params": [-0.008350014686584473, 0.03296077251434326, 0.10020892322063446], "part_b": 0}, {"type": "ROT_SYM", "part_a": 1, "dist": 0.04323959828625992, "params": [-0.5861161947250366, 0.3800455629825592, 0.009949938394129276, -0.9992466568946838, 0.033009517937898636, -0.0204071793705225, 3.1088271141052246], "part_b": 0}]}, {"id": 14, "label": "chair_seat", "box": [-0.00942249596118927, -0.0608069971203804, 0.0984400063753128, 0.12809599936008453, 0.8461400270462036, 0.872169017791748, -6.123234262925839e-17, -1.0, -6.123234262925839e-17, 6.123234262925839e-17, -6.123234262925839e-17, 1.0], "children": [{"id": 15, "label": "seat_surface", "box": [-0.009421050548553467, -0.01911783404648304, 0.1288810670375824, 0.050294000655412674, 0.7850520014762878, 0.8721689581871033, -6.283904804149643e-05, 0.999971330165863, 0.007570222020149231, 1.15987312199195e-07, 0.007570222020149231, -0.999971330165863], "children": [{"id": 16, "label": "seat_single_surface", "box": [-0.009421050548553467, -0.01911783404648304, 0.1288810670375824, 0.050294000655412674, 0.7850520014762878, 0.8721689581871033, -6.283904804149643e-05, 0.999971330165863, 0.007570222020149231, 1.15987312199195e-07, 0.007570222020149231, -0.999971330165863]}]}, {"id": 17, "label": "seat_frame", "box": [-0.02585173211991787, -0.06157778203487396, 0.07531199604272842, 0.08047381043434143, 0.8147832751274109, 0.8483079075813293, -0.013725106604397297, -0.9988963007926941, -0.04491947218775749, -0.025266878306865692, 0.04525583237409592, -0.9986558556556702], "children": [{"id": 18, "label": "seat_frame_bar", "box": [0.33740246295928955, -0.06258939206600189, 0.07964849472045898, 0.04735201597213745, 0.07850555330514908, 0.7899409532546997, -0.9885479807853699, -0.07283743470907211, 0.1321650594472885, -0.06457830220460892, 0.9957447648048401, 0.0657416358590126]}, {"id": 19, "label": "seat_frame_bar", "box": [-0.3681039810180664, -0.0627940222620964, 0.08303997665643692, 0.04647450894117355, 0.06936855614185333, 0.8259645700454712, -0.9901264905929565, -0.034254442900419235, -0.13592703640460968, -0.03966473415493965, 0.9985167980194092, 0.037295516580343246]}], "edges": [{"type": "REF_SYM", "part_a": 1, "dist": 0.011943083487460114, "params": [-0.015095546841621399, -0.06253104656934738, 0.08336732536554337, 0.9999908804893494, -0.0002513265353627503, 0.004260514862835407], "part_b": 0}, {"type": "ROT_SYM",