{"id": 0, "label": "chair", "box": [-0.00048575361142866313, 0.003279655473306775, 0.11621265113353729, 0.8031256198883057, 1.5639843940734863, 0.8245471715927124, 0.9999986886978149, -0.0009465908515267074, -0.0013212957419455051, 0.0009375042864121497, 0.9999760389328003, -0.006860753521323204], "children": [{"id": 1, "label": "chair_back", "box": [0.0033584297634661198, 0.3264480233192444, -0.2289438396692276, 0.7482025623321533, 0.8766548037528992, 0.15033936500549316, 0.999990701675415, 0.003283757483586669, 0.002799426903948188, -0.003202873980626464, 0.9995908737182617, -0.028423665091395378], "children": [{"id": 2, "label": "back_surface", "box": [-0.005699304398149252, 0.32691508531570435, -0.22187526524066925, 0.7108709812164307, 0.8482112884521484, 0.12071887403726578, 0.9999480247497559, -0.0057193199172616005, -0.008440938778221607, 0.005351916886866093, 0.9990639686584473, -0.04292503371834755], "children": [{"id": 3, "label": "back_single_surface", "box": [-0.00969376228749752, 0.34370651841163635, -0.2223491221666336, 0.7155191898345947, 0.840210497379303, 0.11689351499080658, 0.9999179244041443, -0.007207159884274006, -0.010594948194921017, 0.006708539556711912, 0.9989019632339478, -0.04636711627244949]}]}]}, {"id": 4, "label": "chair_seat", "box": [0.0063118357211351395, -0.11280882358551025, 0.13916878402233124, 0.8306772708892822, 0.1883520931005478, 0.8169110417366028, 0.9999877214431763, 4.152572000748478e-05, -0.004953834693878889, -2.4625282094348222e-05, 0.9999942183494568, 0.0034115996677428484], "children": [{"id": 5, "label": "seat_surface", "box": [0.0015445767203345895, -0.13555222749710083, 0.14351266622543335, 0.8052045106887817, 0.1678307056427002, 0.7974159121513367, 0.9999987483024597, 9.069167572306469e-05, -0.0015843067085370421, -7.436505984514952e-05, 0.9999469518661499, 0.010302229784429073], "children": [{"id": 6, "label": "seat_single_surface", "box": [4.795379936695099e-05, -0.12964174151420593, 0.1495685875415802, 0.804269015789032, 0.1692330241203308, 0.8286122679710388, 0.9999958872795105, 0.002821786794811487, -0.0005126819596625865, -0.0028162982780486345, 0.999941885471344, 0.01040814071893692]}]}]}, {"id": 7, "label": "chair_base", "box": [-0.0016254023648798466, -0.46974992752075195, 0.12199146300554276, 0.786832869052887, 0.6021125316619873, 0.8204999566078186, 0.9999935626983643, 0.001368009252473712, 0.0033198795281350613, -0.0013735727407038212, 0.9999976754188538, 0.001674116705544293], "children": [{"id": 8, "label": "regular_leg_base", "box": [-0.0029545414727181196, -0.4751385748386383, 0.12318234145641327, 0.789637565612793, 0.6123470664024353, 0.8101934194564819, 0.9999960660934448, -0.0017728842794895172, 0.0021693971939384937, 0.0017703778576105833, 0.9999977946281433, 0.0011567575857043266], "children": [{"id": 12, "label": "leg", "box": [-0.3422035872936249, -0.47776103019714355, -0.22770695388317108, 0.10200490057468414, 0.6212422847747803, 0.10516956448554993, 0.999825656414032, -0.014424222521483898, -0.011855999007821083, 0.015208681114017963, 0.9975020289421082, 0.06898096948862076]}, {"id": 9, "label": "leg", "box": [-0.3521648347377777, -0.47091248631477356, 0.47622793912887573, 0.09744460135698318, 0.6265328526496887, 0.09810896962881088, 0.9997543096542358, -0.010149565525352955, 0.01970711722970009, 0.010310406796634197, 0.9999142289161682, -0.008077261038124561]}, {"id": 11, "label": "leg", "box": [0.32970520853996277, -0.4789135456085205, -0.22332510352134705, 0.1032438576221466, 0.6249161958694458, 0.10578795522451401, 0.9991628527641296, 0.007485031150281429, 0.04021993279457092, -0.010109697468578815, 0.9978042244911194, 0.0654560774564743]}, {"id": 10, "label": "leg", "box": [0.3552418053150177, -0.47198888659477234, 0.4769749641418457, 0.09356508404016495, 0.636185884475708, 0.10134001821279526, 0.9997507929801941, 0.011843803338706493, -0.01892518810927868, -0.012166573666036129, 0.9997809529304504, -0.017031926661729813]}], "edges": [{"part_a": 0, "part_b": 1, "type": "ROT_SYM"}, {"part_a": 0, "part_b": 1, "type": "TRANS_SYM"}, {"part_a": 0, "part_b": 1, "type": "REF_SYM"}, {"part_a": 0, "part_b": 2, "type": "ROT_SYM"}, {"part_a": 0, "part_b": 2, "type": "TRANS_SYM"}, {"part_a": 0, "part_b": 2, "type": "REF_SYM"}, {"part_a": 0, "part_b": 3, "type": "ROT_SYM"}, {"part_a": 0, "part_b": 3, "type": "TRANS_SYM"}, {"part_a": 0, "part_b": 3, "type": "REF_SYM"}, {"part_a": 1, "part_b": 0, "type": "ROT_SYM"}, {"part_a": 1, "part_b": 0, "type": "TRANS_SYM"}, {"part_a": 1, "part_b": 0, "type": "REF_SYM"}, {"part_a": 1, "part_b": 2, "type": "ROT_SYM"}, {"part_a": 1, "part_b": 2, "type": "TRANS_SYM"}, {"part_a": 1, "part_b": 2, "type": "REF_SYM"}, {"part_a": 1, "part_b": 3, "type": "ROT_SYM"}, {"part_a": 1, "part_b": 3, "type": "TRANS_SYM"}, {"part_a": 1, "part_b": 3, "type": "REF_SYM"}, {"part_a": 2, "part_b": 0, "type": "ROT_SYM"}, {"part_a": 2, "part_b": 0, "type": "TRANS_SYM"}, {"part_a": 2, "part_b": 0, "type": "REF_SYM"}, {"part_a": 2, "part_b": 1, "type": "ROT_SYM"}, {"part_a": 2, "part_b": 1, "type": "TRANS_SYM"}, {"part_a": 2, "part_b": 1, "type": "REF_SYM"}, {"part_a": 2, "part_b": 3, "type": "ROT_SYM"}, {"part_a": 2, "part_b": 3, "type": "TRANS_SYM"}, {"part_a": 2, "part_b": 3, "type": "REF_SYM"}, {"part_a": 3, "part_b": 0, "type": "ROT_SYM"}, {"part_a": 3, "part_b": 0, "type": "TRANS_SYM"}, {"part_a": 3, "part_b": 0, "type": "REF_SYM"}, {"part_a": 3, "part_b": 1, "type": "ROT_SYM"}, {"part_a": 3, "part_b": 1, "type": "TRANS_SYM"}, {"part_a": 3, "part_b": 1, "type": "REF_SYM"}, {"part_a": 3, "part_b": 2, "type": "ROT_SYM"}, {"part_a": 3, "part_b": 2, "type": "TRANS_SYM"}, {"part_a": 3, "part_b": 2, "type": "REF_SYM"}]}]}], "edges": [{"part_a": 0, "part_b": 1, "type": "ADJ"}, {"part_a": 1, "part_b": 0, "type": "ADJ"}, {"part_a": 1, "part_b": 2, "type": "ADJ"}, {"part_a": 2, "part_b": 1, "type": "ADJ"}]}