{"id": 0, "label": "chair", "box": [0.00065641850233078, 0.012196632102131844, 0.11327663064002991, 0.8212775588035583, 0.8815013766288757, 1.6181740760803223, -1.0, 2.6401441248210205e-17, -5.731233977712691e-05, -5.731233977712691e-05, -5.739004336646758e-05, 1.0], "children": [{"id": 1, "label": "chair_back", "box": [0.0004730424552690238, 0.44061484932899475, -0.2113143503665924, 0.23224201798439026, 0.7613741159439087, 0.8214597702026367, 5.727330062654801e-05, 1.9359109870720204e-08, -1.0, -0.0012344286078587174, -0.9999992251396179, -9.005889722857319e-08], "children": [{"id": 2, "label": "back_surface", "box": [0.0004730424552690238, 0.44061484932899475, -0.2113143503665924, 0.23224201798439026, 0.7613741159439087, 0.8214597702026367, 5.727330062654801e-05, 1.9359109870720204e-08, -1.0, -0.0012344286078587174, -0.9999992251396179, -9.005889722857319e-08], "children": [{"id": 3, "label": "back_single_surface", "box": [0.0004730424552690238, 0.44061484932899475, -0.2113143503665924, 0.23224201798439026, 0.7613741159439087, 0.8214597702026367, 5.727330062654801e-05, 1.9359109870720204e-08, -1.0, -0.0012344286078587174, -0.9999992251396179, -9.005889722857319e-08]}]}]}, {"id": 4, "label": "chair_seat", "box": [0.0004942297819070518, -0.0064405230805277824, 0.11322798579931259, 0.21242623031139374, 0.8224097490310669, 0.8836691975593567, -0.00869612768292427, 0.9999011754989624, 0.01104672346264124, 0.9999622106552124, 0.00869648065418005, 1.6093837984954007e-05], "children": [{"id": 5, "label": "seat_surface", "box": [0.0004942297819070518, -0.0064405230805277824, 0.11322798579931259, 0.21242623031139374, 0.8224097490310669, 0.8836691975593567, -0.00869612768292427, 0.9999011754989624, 0.01104672346264124, 0.9999622106552124, 0.00869648065418005, 1.6093837984954007e-05], "children": [{"id": 6, "label": "seat_single_surface", "box": [0.0004942297819070518, -0.0064405230805277824, 0.11322798579931259, 0.21242623031139374, 0.8224097490310669, 0.8836691975593567, -0.00869612768292427, 0.9999011754989624, 0.01104672346264124, 0.9999622106552124, 0.00869648065418005, 1.6093837984954007e-05]}]}]}, {"id": 7, "label": "chair_base", "box": [0.0005780011415481567, -0.4253537356853485, 0.1132311224937439, 0.7431185245513916, 0.8210760354995728, 0.8813650012016296, -3.8908034864749042e-25, -1.0, -0.00011273122072452679, -1.0, -3.8908034864749042e-25, 6.902796362360874e-21], "children": [{"id": 8, "label": "regular_leg_base", "box": [0.0005780011415481567, -0.4253537356853485, 0.1132311224937439, 0.7431185245513916, 0.8210760354995728, 0.8813650012016296, -3.8908034864749042e-25, -1.0, -0.00011273122072452679, -1.0, -3.8908034864749042e-25, 6.902796362360874e-21], "children": [{"id": 9, "label": "leg", "box": [-0.32740548253059387, -0.4373936355113983, -0.21274049580097198, 0.18131716549396515, 0.2293718457221985, 0.7216686606407166, -0.999721348285675, 0.023605845868587494, -0.00021648654364980757, -0.0002164765610359609, 2.9780158001813106e-06, 1.0]}, {"id": 10, "label": "leg", "box": [0.338289350271225, -0.42531099915504456, -0.21269762516021729, 0.14558809995651245, 0.22943414747714996, 0.7431120276451111, 1.0, -6.123003314098814e-17, -3.770839248318225e-05, 3.770839248318225e-05, -6.123465211752864e-17, 1.0]}, {"id": 11, "label": "leg", "box": [-0.32949206233024597, -0.4364760220050812, 0.4678426682949066, 0.16131891310214996, 0.17176072299480438, 0.7207822203636169, 0.9999933838844299, -6.278335185072592e-09, 0.0036380146630108356, -0.0036380146630108356, -1.7323491192655638e-06, 0.9999933838844299]}, {"id": 12, "label": "leg", "box": [0.3395671248435974, -0.4302479326725006, 0.46781662106513977, 0.1430339217185974, 0.1714554876089096, 0.7287744879722595, -0.9999998807907104, -0.0004585075657814741, 0.0001693404046818614, 0.00016928908007685095, 0.00011196954437764362, 1.0]}], "edges": [{"type": "REF_SYM", "part_b": 0, "dist": 0.03915184435806951, "params": [0.008930817246437073, -0.4556758403778076, -0.22007626295089722, -0.999925971031189, -0.012050148099660873, 0.001705441507510841], "part_a": 1}, {"type": "TRANS_SYM", "part_b": 0, "dist": 0.040098142587083836, "params": [-0.6764098405838013, -0.008151441812515259, 0.0011536628007888794], "part_a": 1}, {"type": "ROT_SYM", "part_b": 0, "dist": 0.040166567728898574, "params": [0.1670531928539276, -13.689617156982422, 23.771400451660156, -0.006823040544986725, 0.8666431307792664, 0.4988817870616913, 0.024691442027688026], "part_a": 1}, {"type": "REF_SYM", "part_b": 0, "dist": 0.04384084507915903, "params": [-0.3322508931159973, -0.46064162254333496, 0.12372700124979019, 0.008672564290463924, 0.0025930257979780436, -0.9999589920043945], "part_a": 2}, {"type": "TRANS_SYM", "part_b": 0, "dist": 0.04349850814788209, "params": [0.005953550338745117, 0.0017800629138946533, -0.6864528656005859], "part_a": 2}, {"type": "ROT_SYM", "part_b": 0, "dist": 0.0440574809814984, "params": [11.65487289428711, -0.15666091442108154, 0.22923575341701508, 0.02498987503349781, -0.9996750950813293, -0.005016759503632784, 0.05723158270120621], "part_a": 2}, {"type": "TRANS_SYM", "part_b": 1, "dist": 0.04045593350525334, "params": [0.6823633909225464, 0.009931504726409912, -0.6876065135002136], "part_a": 2}, {"type": "ROT_SYM", "part_b": 1, "dist": 0.04045161559598099, "params": [8.722794532775879, -1.1417361497879028, 8.768264770507812, -0.03856869414448738, -0.9982156753540039, -0.0455845482647419, 0.07874727249145508], "part_a": 2}, {"type": "REF_SYM", "part_b": 1, "dist": 0.03682369661947796, "params": [0.34589338302612305, -0.45705080032348633, 0.12396812438964844, 0.003604597644880414, 0.01581435836851597, -0.9998683929443359], "part_a": 3}, {"type": "TRANS_SYM", "part_b": 1, "dist": 0.03710539533133414, "params": [0.0024847686290740967, 0.01090136170387268, -0.689242422580719], "part_a": 3}, {"type": "ROT_SYM", "part_b": 1, "dist": 0.03754311237942816, "params": [-21.23456573486328, 4.504377365112305, 0.06475932151079178, 0.18042314052581787, 0.9834475517272949, 0.01668574847280979, 0.031159574165940285], "part_a": 3}, {"type": "REF_SYM", "part_b": 2, "dist": 0.028298391942081533, "params": [0.004711657762527466, -0.46201658248901367, 0.46777138113975525, -0.9999961256980896, 0.0014265093486756086, -0.0024061687290668488], "part_a": 3}, {"type": "TRANS_SYM", "part_b": 2, "dist": 0.0282996627701828, "params": [-0.6798786520957947, 0.0009698569774627686, -0.001635909080505371], "part_a": 3}, {"type": "ROT_SYM", "part_b": 2, "dist": 0.02976210199953162, "params": [-0.014648303389549255, -1.1551162004470825, 6.726686954498291, 0.005840532016009092, 0.9954854249954224, 0.09473487734794617, 0.1078723818063736], "part_a": 3}]}]}], "edges": [{"type": "ADJ", "part_b": 0, "dist": 0.014513543721932138, "part_a": 1}, {"type": "ADJ", "part_b": 1, "dist": 0.018042095029694064, "part_a": 2}]}