{"id": 0, "label": "chair", "box": [0.0008185504120774567, 0.059871092438697815, 0.10747017711400986, 0.85850590467453, 1.6290192604064941, 0.8582900762557983, 0.9999992251396179, 0.0009933317778632045, -0.0007706307806074619, -0.0009880962315946817, 0.999976634979248, 0.006764613091945648], "children": [{"id": 1, "label": "chair_back", "box": [-0.001164893968962133, 0.44842925667762756, -0.23076824843883514, 0.8349234461784363, 0.8336023688316345, 0.1592835634946823, 0.9999825358390808, 0.0015764008276164532, -0.005700207315385342, -0.0015599803300574422, 0.9999946355819702, 0.0028839861042797565], "children": [{"id": 2, "label": "back_surface", "box": [-0.00578195508569479, 0.4498235285282135, -0.23246529698371887, 0.8435224294662476, 0.8367827534675598, 0.1577780544757843, 0.999935507774353, -0.004164888523519039, -0.010565686970949173, 0.004093201365321875, 0.9999685287475586, -0.006797483190894127], "children": [{"id": 3, "label": "back_single_surface", "box": [-0.00259212008677423, 0.44965773820877075, -0.2292507439851761, 0.8225962519645691, 0.87629634141922, 0.15567299723625183, 0.9999915957450867, 0.0008848760044202209, 0.00400516577064991, -0.0008552988292649388, 0.999972403049469, -0.007380455732345581]}]}]}, {"id": 4, "label": "chair_seat", "box": [-0.005500089842826128, -0.0028858832083642483, 0.09746856242418289, 0.8396149277687073, 0.2249535471200943, 0.846676230430603, 0.999986469745636, -0.0007472829893231392, -0.005154709797352552, 0.0008513337816111743, 0.9997953176498413, 0.020213022828102112], "children": [{"id": 5, "label": "seat_surface", "box": [0.0033236469607800245, -0.00672760559245944, 0.09534280747175217, 0.8434901237487793, 0.1991719752550125, 0.8456709980964661, 0.9999948740005493, -0.0031595826148986816, -0.0004998529911972582, 0.0031682574190199375, 0.9998251795768738, 0.018427057191729546], "children": [{"id": 6, "label": "seat_single_surface", "box": [-0.0004849452234338969, -0.004702985752373934, 0.10076168924570084, 0.8301656246185303, 0.1716090589761734, 0.7993541359901428, 0.99998539686203, -0.0018893391825258732, -0.0050718896090984344, 0.0020282964687794447, 0.9996188282966614, 0.027533691376447678]}]}]}, {"id": 7, "label": "chair_base", "box": [0.0072560724802315235, -0.4037480056285858, 0.09547922760248184, 0.8426980376243591, 0.7024945616722107, 0.8572354912757874, 0.9999964833259583, 0.0024816924706101418, -0.0009557922021485865, -0.002481579314917326, 0.9999969005584717, 0.00011951036140089855], "children": [{"id": 8, "label": "regular_leg_base", "box": [0.0033743216190487146, -0.4039062261581421, 0.09774909913539886, 0.8243761658668518, 0.7019603848457336, 0.8415940403938293, 0.9999973177909851, 0.00013828111696057022, -0.0023136658128350973, -0.00013830098032485694, 1.0, -8.428974069829565e-06], "children": [{"id": 9, "label": "leg", "box": [-0.335693359375, -0.41781067848205566, -0.243739515542984, 0.11286450177431107, 0.6837447285652161, 0.12778078019618988, 0.9998636841773987, -0.01650162786245346, -0.0006108550587669015, 0.016512513160705566, 0.9988917112350464, 0.04407611861824989]}, {"id": 11, "label": "leg", "box": [-0.32866695523262024, -0.4139285981655121, 0.43741342425346375, 0.12369964271783829, 0.6974546313285828, 0.1320924460887909, 0.9998927712440491, -0.010400285013020039, 0.010311529040336609, 0.010613100603222847, 0.9997272491455078, -0.02080329693853855]}, {"id": 10, "label": "leg", "box": [0.33588048815727234, -0.4212134778499603, -0.23800066113471985, 0.12393661588430405, 0.6904969215393066, 0.1440807431936264, 0.9993348717689514, 0.014524721540510654, 0.03345020115375519, -0.016042092815041542, 0.9988332390785217, 0.045549727976322174]}, {"id": 12, "label": "leg", "box": [0.3370414674282074, -0.42016443610191345, 0.4374895393848419, 0.1152339056134224, 0.6949910521507263, 0.1386863738298416, 0.9999464154243469, 0.010350432246923447, -0.00019997904018964618, -0.010352362878620625, 0.9997502565383911, -0.01980680413544178]}], "edges": [{"part_a": 0, "part_b": 1, "type": "ROT_SYM"}, {"part_a": 0, "part_b": 1, "type": "TRANS_SYM"}, {"part_a": 0, "part_b": 1, "type": "REF_SYM"}, {"part_a": 0, "part_b": 2, "type": "ROT_SYM"}, {"part_a": 0, "part_b": 2, "type": "TRANS_SYM"}, {"part_a": 0, "part_b": 2, "type": "REF_SYM"}, {"part_a": 0, "part_b": 3, "type": "ROT_SYM"}, {"part_a": 0, "part_b": 3, "type": "TRANS_SYM"}, {"part_a": 0, "part_b": 3, "type": "REF_SYM"}, {"part_a": 1, "part_b": 0, "type": "ROT_SYM"}, {"part_a": 1, "part_b": 0, "type": "TRANS_SYM"}, {"part_a": 1, "part_b": 0, "type": "REF_SYM"}, {"part_a": 1, "part_b": 2, "type": "ROT_SYM"}, {"part_a": 1, "part_b": 2, "type": "TRANS_SYM"}, {"part_a": 1, "part_b": 2, "type": "REF_SYM"}, {"part_a": 1, "part_b": 3, "type": "ROT_SYM"}, {"part_a": 1, "part_b": 3, "type": "TRANS_SYM"}, {"part_a": 1, "part_b": 3, "type": "REF_SYM"}, {"part_a": 2, "part_b": 0, "type": "ROT_SYM"}, {"part_a": 2, "part_b": 0, "type": "TRANS_SYM"}, {"part_a": 2, "part_b": 0, "type": "REF_SYM"}, {"part_a": 2, "part_b": 1, "type": "ROT_SYM"}, {"part_a": 2, "part_b": 1, "type": "TRANS_SYM"}, {"part_a": 2, "part_b": 1, "type": "REF_SYM"}, {"part_a": 2, "part_b": 3, "type": "ROT_SYM"}, {"part_a": 2, "part_b": 3, "type": "TRANS_SYM"}, {"part_a": 2, "part_b": 3, "type": "REF_SYM"}, {"part_a": 3, "part_b": 0, "type": "ROT_SYM"}, {"part_a": 3, "part_b": 0, "type": "TRANS_SYM"}, {"part_a": 3, "part_b": 0, "type": "REF_SYM"}, {"part_a": 3, "part_b": 1, "type": "ROT_SYM"}, {"part_a": 3, "part_b": 1, "type": "TRANS_SYM"}, {"part_a": 3, "part_b": 1, "type": "REF_SYM"}, {"part_a": 3, "part_b": 2, "type": "ROT_SYM"}, {"part_a": 3, "part_b": 2, "type": "TRANS_SYM"}, {"part_a": 3, "part_b": 2, "type": "REF_SYM"}]}]}], "edges": [{"part_a": 0, "part_b": 1, "type": "ADJ"}, {"part_a": 1, "part_b": 0, "type": "ADJ"}, {"part_a": 1, "part_b": 2, "type": "ADJ"}, {"part_a": 2, "part_b": 1, "type": "ADJ"}]}